Pair,Half_Life,1D_Pearson,1D_ADF,Net_PnL
SCHNEIDER-VTL,285.2,0.9471054818685871,0.06650280276871774,18290.93
CPPLUS-CUMMINSIND,590.58,0.9105522567376705,0.16201556103111459,14550.69
CPPLUS-STARHEALTH,525.0,0.8978459808674824,0.015527441140265092,14301.25
BERGEPAINT-FIVESTAR,467.21,0.9208583323763824,0.10373137722459391,14183.31
CANFINHOME-TITAGARH,535.31,0.7672556718385136,0.14276459702759264,13435.91
ATUL-HFCL,424.35,0.8199695901896245,0.07855554068938292,13331.93
BEML-MOTILALOFS,551.86,0.8392879166294999,0.05218640420331132,13238.5
PAYTM-RPOWER,449.07,0.9475376701772765,0.0001677314835797093,12615.2
ATUL-CPPLUS,378.04,0.8081461420879831,0.09655745835290247,12128.13
ATUL-MOTHERSON,316.74,0.6995064314235554,0.15098296105195919,11885.81
ADANIPORTS-NAM-INDIA,572.45,0.9003324510786185,0.03267927990763698,11862.81
GRSE-STARHEALTH,526.39,0.7849593957272356,0.017142634672987846,11509.55
INDIAMART-TEGA,498.72,0.7011024040315754,0.06712422309215053,11296.57
CANFINHOME-SOBHA,424.76,0.7895673953704188,0.02731855434625174,11262.72
BAJAJ-AUTO-CRAFTSMAN,410.38,0.9129113823745393,0.00012279540388602047,11241.31
ATUL-TATASTEEL,336.28,0.8663565088408146,0.1591492510101028,11181.16
BEML-VIJAYA,394.99,0.7204409530517308,0.10425946557127519,11144.87
EIHOTEL-SIGNATURE,482.81,0.8770245322160948,0.008985902478624625,11059.77
GRAPHITE-JSWSTEEL,522.32,0.8878454257731836,0.008398853556955339,10949.3
CANFINHOME-INDIAMART,371.59,0.7564324653164398,0.0045732367123499955,10890.78
ATUL-SCHNEIDER,328.24,0.8642645812485269,0.017876553716315528,10880.55
ATUL-NYKAA,247.04,0.6545910954950046,0.1642469703935981,10862.32
COROMANDEL-INDIGO,385.05,0.8664244933317471,0.04877784046091524,10835.9
ATUL-SYRMA,320.86,0.8830085968228789,0.002222189805179491,10707.97
CPPLUS-WELCORP,608.92,0.9649591007271906,0.04293092208100018,10545.91
POWERINDIA-SCHNEIDER,325.12,0.9813816044986916,0.0006342869078882606,10528.1
ASTERDM-SAILIFE,452.87,0.9156634171086274,0.00045724737525383786,10514.59
ACE-TTML,382.28,0.8329310807878553,0.011196803161241721,10400.15
MSUMI-UNOMINDA,555.91,0.9126270074830842,0.00840571765363884,10345.84
BIKAJI-INOXWIND,269.39,0.9036306285942183,0.026264215904374517,10286.88
GODREJIND-NEULANDLAB,599.8,0.7076376089827864,0.18008106203916413,10238.21
CHENNPETRO-PREMIERENE,562.39,0.7126148341919245,0.13539350760144847,10237.64
CANFINHOME-LEMONTREE,378.62,0.7698931612257209,0.014486889321757667,10144.94
JPPOWER-SUZLON,596.42,0.8896867743035545,0.06714992690428044,10123.59
ATUL-JBCHEPHARM,584.93,0.7619742810520868,0.1530505305712116,10059.28
DATAPATTNS-SCHNEIDER,493.91,0.9666103435637119,0.009091227146366124,10023.6
CANFINHOME-RAILTEL,443.17,0.8119316145674976,0.035493021758377846,9979.67
IDFCFIRSTB-SWANCORP,353.29,0.9252606271324818,0.18579017591946378,9976.2
STARHEALTH-SYRMA,294.42,0.9255845808212931,0.00045792070568945507,9877.31
CRISIL-INDIACEM,552.48,0.8561577155435185,0.03143666988930837,9870.74
CANFINHOME-CHOLAFIN,602.3,0.7553321831564652,0.05944777686192751,9855.53
BAJAJHFL-TTML,216.42,0.9581998633659786,0.09356800974144674,9832.56
EMMVEE-SONACOMS,442.27,0.7978069482857038,0.0816296394638994,9819.35
CANFINHOME-IKS,563.19,0.6943668467161536,0.11057572300802748,9748.54
NBCC-UNOMINDA,585.56,0.9111515898893082,0.07572154806624139,9593.36
EIHOTEL-PCBL,520.32,0.7122357774842745,0.13314620534608268,9527.19
ATUL-BELRISE,440.23,0.8638958685212541,0.016963992253966425,9494.23
CANFINHOME-NBCC,484.5,0.8087050963491169,0.020013803125116858,9469.44
JUBLINGREA-USHAMART,542.12,0.8518053766512084,0.01742977765084385,9462.75
KPIL-USHAMART,335.54,0.8311202933541247,0.011887641390991674,9435.31
OBEROIRLTY-USHAMART,444.65,0.8192828586149072,0.04518657261317303,9386.53
BEML-CAMS,573.87,0.8539957341034823,0.08848013254342452,9316.11
NEULANDLAB-SUMICHEM,416.97,0.9177352980467741,0.00589670240771744,9282.23
ATUL-KIRLOSENG,450.22,0.8710959904105428,0.06285909712346593,9258.21
INDIACEM-PINELABS,514.21,0.7345524909738453,0.05664318774937245,9183.87
BATAINDIA-SONATSOFTW,423.86,0.9490093292855609,0.14730828085377778,9111.63
GRAPHITE-ICICIAMC,599.84,0.7520024003183264,0.05846794586239324,9039.28
LALPATHLAB-SUMICHEM,492.05,0.7805081692230685,0.09915905207623327,8961.62
AFCONS-INOXWIND,497.63,0.9632133074785442,0.011658603850456634,8933.01
APOLLOHOSP-KIMS,498.87,0.8242088373965709,0.02919515121002607,8896.28
LT-PCBL,608.1,0.8439735697720763,0.009882598712896486,8889.63
CCL-VTL,494.89,0.9011760460514779,0.0034332468927797725,8871.59
CAMS-JUBLINGREA,476.61,0.9092775183130569,0.009359206567997531,8808.58
ABLBL-TBOTEK,356.89,0.927826740129078,0.0009803902981366714,8761.95
DLF-RHIM,519.43,0.9163048463142257,0.0246886564223957,8690.55
GODREJIND-PIDILITIND,507.54,0.7945241809027228,0.09478101941032196,8669.65
HINDPETRO-MSUMI,459.4,0.9212096310468545,0.0303710325439025,8631.64
CANFINHOME-LTM,589.25,0.8009024826568027,0.008681786969075136,8624.54
EIHOTEL-LTF,564.08,0.8329924861597715,0.020543785051158097,8598.85
PRESTIGE-SOBHA,408.47,0.8956148694884111,0.037436979724966075,8578.82
AEGISLOG-KPRMILL,495.4,0.7141046991323678,0.05844413182997778,8564.39
CANFINHOME-CONCOR,481.32,0.7071393077425542,0.1770238993156114,8486.4
CUB-MARUTI,606.14,0.7613680140245285,0.1332435133860091,8472.68
AUROPHARMA-HONASA,541.71,0.8342326848122156,0.17579150162433477,8434.48
CCL-NAVINFLUOR,484.49,0.6817326461016949,0.15330866162660067,8382.13
CUB-KOTAKBANK,546.15,0.7874777566152843,0.08079992134052666,8362.63
ATUL-ELGIEQUIP,419.8,0.7766845003194663,0.010816791956579377,8332.23
BAJAJFINSV-BALKRISIND,458.78,0.81916716541929,0.15563180277301053,8304.77
CANFINHOME-DALBHARAT,382.25,0.8063759915262416,0.007931890476704383,8288.29
3MINDIA-SAPPHIRE,572.12,0.7779053452751082,0.05906238308395492,8258.22
ATUL-JSWSTEEL,339.6,0.8068317923540088,0.0754558831752663,8248.5
CHENNPETRO-VTL,594.59,0.8481892464245018,0.003432519630196337,8199.23
CANFINHOME-EMAMILTD,420.16,0.8609016398548454,0.0005837518083865579,8195.78
ITI-SUMICHEM,396.35,0.8220530773136288,0.028853049798467395,8154.36
GMRAIRPORT-NUVAMA,554.9,0.7070624723456173,0.07359572480514341,8134.44
CAMS-NIVABUPA,437.12,0.7319252759437054,0.009576028361860198,8126.57
IOB-SHREECEM,476.06,0.7238298610525862,0.006805640122426901,8061.55
GVT&D-SONACOMS,570.71,0.9079155831603376,0.011283386984378354,8049.97
ATUL-FINCABLES,446.79,0.8576670962827895,0.028820595009086406,8048.3
CANFINHOME-IREDA,278.79,0.7748806696092633,0.12367227205740533,8046.54
ATUL-SAIL,341.28,0.9048940515382841,0.02529639043860095,8027.45
CUB-SOBHA,568.25,0.7543765669320487,0.14460327150437363,8019.94
PPLPHARMA-USHAMART,611.35,0.7031680780840979,0.03844489116999891,8005.45
CCL-GMDCLTD,555.16,0.6552998619042303,0.13405453834522207,7965.28
BALRAMCHIN-DATAPATTNS,561.17,0.9401130103797256,0.0005154441124126224,7936.95
ATUL-WELCORP,487.07,0.7956153693392093,0.07949533173854684,7894.42
LTFOODS-SPLPETRO,606.09,0.6699318856744666,0.019129480081023043,7772.29
GVT&D-SCHNEIDER,422.1,0.948233001292904,0.01730448948843003,7763.76
CHOLAFIN-MSUMI,381.21,0.8560959836271256,0.009495063399597468,7733.19
BHARTIHEXA-PATANJALI,465.97,0.9161017379503493,0.005363485459292287,7704.28
RKFORGE-VTL,423.3,0.6790147185376738,0.06310557279512569,7701.43
IGIL-POWERGRID,583.28,0.6722004120008128,0.04097901730937159,7671.85
BAJAJHFL-DLF,406.28,0.9500964541234085,0.029666133908960782,7654.63
CHOLAFIN-SOBHA,519.08,0.8532742929452887,0.0016988228483436946,7626.16
ANURAS-NYKAA,393.59,0.6618123061299797,0.021511958703834214,7602.64
COROMANDEL-LTM,455.59,0.8721904811327567,0.05469625347919164,7594.58
KFINTECH-SWANCORP,616.8,0.9085717235850961,0.021570190837098175,7591.51
EIHOTEL-NEWGEN,582.03,0.8675869537922816,0.0317088230795198,7543.63
MSUMI-POONAWALLA,504.6,0.7896268121672145,0.07166679875348186,7530.99
EIHOTEL-GAIL,595.66,0.761913491011312,0.0270491388878707,7521.35
DLF-TTML,416.54,0.928320706096882,0.01312422771198845,7510.44
NIVABUPA-TATACONSUM,372.49,0.7468832111575754,0.09730917813712242,7494.54
CANFINHOME-INOXWIND,359.21,0.841873042068599,0.004316586561049153,7493.9
MRF-POONAWALLA,595.65,0.8112713026522375,0.07897771030252648,7476.37
HBLENGINE-JUBLINGREA,424.93,0.8436127214466477,0.15964169647361576,7474.82
ITCHOTELS-POONAWALLA,531.43,0.7868146632988235,0.14044381191397787,7463.6
CCL-ENGINERSIN,522.98,0.7057669098773713,0.1830489072568402,7457.5
CUB-GILLETTE,539.47,0.720121028153578,0.04953428951224498,7456.88
HINDALCO-MCX,590.75,0.9225766636366749,0.018908555126678366,7449.29
EIDPARRY-IRCTC,442.48,0.9525786716181563,0.0630243810921091,7445.69
HONASA-JSWCEMENT,489.94,0.7258171131155708,0.07087124077724681,7438.97
360ONE-IIFL,541.76,0.7648308322131058,0.17533722925098155,7413.79
ERIS-INOXWIND,524.27,0.8564892955198561,0.010112553998336823,7401.67
EIHOTEL-JUBLFOOD,478.09,0.8514713677412477,0.095698530826266,7399.09
ITI-TTML,357.88,0.8719758679244758,0.004195926154940169,7381.6
BBTC-LODHA,219.02,0.939901500163002,0.10981785701598251,7372.41
CANFINHOME-DLF,354.99,0.8495964600643763,0.003470293644160675,7342.76
CANFINHOME-JSL,539.62,0.7715518406000808,0.0068039668530893785,7337.63
ATHERENERG-PREMIERENE,565.07,0.815173392709682,0.07702763965412907,7320.85
DOMS-TECHM,372.15,0.7065671261960458,0.14615626924783953,7294.13
EIHOTEL-SBFC,610.54,0.8802309423999692,0.00221876123203009,7282.17
ABFRL-UNOMINDA,433.03,0.9322817322225216,0.00011106862044125286,7271.3
ATUL-CROMPTON,337.0,0.6847349932937241,0.10004832014017978,7242.44
360ONE-LODHA,488.27,0.889039634592008,0.03457957632662655,7221.77
CANFINHOME-RECLTD,319.95,0.6968681331618257,0.1341276792752148,7198.48
BAJAJHLDNG-DLF,440.27,0.895256279960381,0.14090536870014997,7197.39
360ONE-IRFC,543.41,0.8436989901747741,0.08935285456655018,7166.37
EIHOTEL-PIIND,533.44,0.8271955162301246,0.007441778645685452,7149.0
ATUL-TECHNOE,439.67,0.7309958039648382,0.03992081984542164,7138.07
INDIAMART-TBOTEK,288.28,0.8249347895421117,0.03930449989099571,7126.49
BAJAJFINSV-RHIM,580.1,0.9171412683030506,0.008905988321660804,7103.78
JSL-PHOENIXLTD,580.29,0.690638594345583,0.03416020321704444,7097.6
BBTC-UTIAMC,407.12,0.8936289138741154,0.05347920765261733,7093.98
CANFINHOME-INDHOTEL,545.69,0.7978974686952297,0.03138361644247434,7078.23
REDINGTON-SWANCORP,446.69,0.941955974126286,0.03062244133218215,7075.22
BLS-CDSL,547.42,0.9112894281414528,0.00212244186036928,7064.24
IIFL-SBILIFE,469.29,0.8141321470995266,0.14754268575809448,7062.31
CIEINDIA-VTL,585.96,0.8546265251838732,0.04353018904345646,7061.33
NAVINFLUOR-SHYAMMETL,604.53,0.6882389972750832,0.06598342158957264,7058.09
ABLBL-INOXWIND,489.07,0.9311487163231905,0.0018985051874491773,7057.63
HDBFS-ITCHOTELS,500.85,0.927744032644641,0.014552510957850526,7043.64
CARTRADE-MPHASIS,567.02,0.9529360381705616,0.013999318862067291,7038.93
BAJAJHLDNG-SONATSOFTW,578.03,0.8155606329208316,0.1808718099499359,7037.44
360ONE-IRCTC,578.46,0.8152652622364538,0.11691529194829137,7032.37
MOTILALOFS-SUMICHEM,311.41,0.9265770093656578,0.0003494830173808341,7028.95
GAIL-RHIM,522.71,0.8612941083804032,0.1204792451157336,7024.64
IGL-KEC,529.98,0.935585008873424,0.049019191078729964,7013.2
CDSL-COROMANDEL,573.17,0.8247448676467332,0.10313473206250823,7009.08
ITCHOTELS-RHIM,310.3,0.9128865523966911,0.057883502819825655,7001.92
SOBHA-ZEEL,390.64,0.8699693883114648,0.025576671723560554,6971.0
CHOLAHLDNG-MSUMI,517.47,0.8781655719446289,0.04027912837910225,6944.15
ABLBL-AEGISVOPAK,591.15,0.8840464594157805,0.0045434214770045415,6938.54
CANFINHOME-UCOBANK,517.99,0.8170703760157108,0.01450057506211209,6929.09
AEGISLOG-CONCOR,611.83,0.8237778689756895,0.019171350554609348,6920.38
BIKAJI-PARADEEP,354.43,0.9431359604409151,7.716305209142214e-05,6919.6
GVT&D-POWERINDIA,460.0,0.9614811389064414,0.001104185065439275,6918.31
AFCONS-BRIGADE,488.42,0.9353035844530961,0.05033295783792896,6909.45
ABSLAMC-BHARATFORG,550.32,0.9164123471203216,0.08360620656338724,6905.66
HUDCO-USHAMART,594.83,0.7240617927802758,0.11486921862569477,6897.33
INDGN-KPIL,606.44,0.6651745860959445,0.15793328892825065,6885.87
CANFINHOME-ETERNAL,382.65,0.8346666772992016,0.0003058194810432808,6875.81
GMRAIRPORT-TATAINVEST,522.55,0.7705751083685105,0.0343631329185588,6849.45
JUBLPHARMA-NUVAMA,549.41,0.8715635391560939,0.013683833165286766,6823.71
CUB-KPITTECH,589.71,0.6889944051832354,0.16070999975156536,6799.17
NAVA-NETWEB,598.83,0.8831536099994272,0.00031117155156496157,6788.32
CANFINHOME-CYIENT,597.32,0.833621009983469,0.006457682343544709,6784.13
EIHOTEL-POONAWALLA,539.27,0.7357537520504703,0.11269102205021336,6783.9
EXIDEIND-USHAMART,592.79,0.6968327658392908,0.08339886361004384,6778.3
CANFINHOME-IRCON,392.95,0.8482110070763398,0.005987162033676277,6771.57
JUBLINGREA-SUMICHEM,341.19,0.9289566755861001,0.009131148068778482,6752.51
SUMICHEM-VIJAYA,417.07,0.7410574357161859,0.1018301888471943,6743.09
AEGISLOG-TATACONSUM,551.53,0.7065457467208549,0.0015157460049080018,6732.78
NLCINDIA-SAIL,539.77,0.9069787073060857,0.07260776489194135,6729.21
360ONE-HYUNDAI,507.29,0.7663288719443557,0.15373810915492525,6711.61
EIHOTEL-MSUMI,555.37,0.8137666555592326,0.016120840719740567,6681.26
ACC-UNOMINDA,516.63,0.8748458662091186,0.1400568170436408,6672.58
BEML-USHAMART,440.45,0.7600627633086867,0.14062083650548546,6672.38
CANFINHOME-PARADEEP,392.59,0.7450236668035031,0.05962822975485822,6664.26
CANHLIFE-SHRIRAMFIN,290.7,0.8188290136303692,0.007858113489250628,6663.67
KOTAKBANK-SAPPHIRE,312.94,0.9203333559541,0.020990502212703287,6651.09
ANANDRATHI-NATCOPHARM,488.44,0.8893214617924464,0.09999549170285471,6639.37
EIHOTEL-GRAVITA,450.06,0.860416341347178,0.019191352185698757,6634.69
IGIL-TECHNOE,546.13,0.8366195730985189,0.0007027317364203506,6616.98
BEML-GRASIM,527.85,0.7423768526198662,0.11651678906132634,6612.25
KPIL-LICHSGFIN,375.58,0.8505893935601584,0.003591624577516237,6599.95
ANURAS-HSCL,486.97,0.7043907466866165,0.0059087142019483,6592.23
ABFRL-ZEEL,367.96,0.8253237157863395,0.171885824992222,6573.02
NYKAA-WOCKPHARMA,525.45,0.6936160838622459,0.0967961717285129,6571.8
JSWENERGY-TARIL,541.87,0.7962321348672106,0.08257582991609669,6569.53
ATUL-EMCURE,560.13,0.6982050394109599,0.09621866595985307,6560.84
BEML-CONCOR,244.84,0.9215633257023024,0.08353289785036044,6547.8
SJVN-SOBHA,477.24,0.6940591690809342,0.05245348062954713,6542.85
LICHSGFIN-NAVA,569.76,0.7060975082735366,0.007591480388543206,6539.38
MMTC-NHPC,592.14,0.6589233197099572,0.01858658502932993,6535.91
ABCAPITAL-AEGISVOPAK,457.02,0.6714794648937289,0.1171212950896699,6509.64
360ONE-ABLBL,619.18,0.7668617684691463,0.05945125073036831,6469.1
HAL-LALPATHLAB,580.44,0.6660464431340921,0.16654781421083287,6465.82
ACE-UNOMINDA,493.46,0.7217889859798242,0.036300295943077085,6450.16
PIIND-UCOBANK,578.65,0.8575192123873598,0.006526819370032991,6446.14
ATUL-KEI,381.12,0.8616813303701696,0.03359074324677302,6443.52
MEDANTA-VIJAYA,420.14,0.7491622969290995,0.09746338268758797,6419.9
ABCAPITAL-CHOLAHLDNG,420.51,0.7990809759366334,0.04435291090231579,6364.55
ITI-TATACOMM,569.67,0.7253996329030983,0.11523931245528163,6351.9
BEML-NEULANDLAB,605.62,0.6953905320335976,0.1232102067386503,6344.52
ERIS-PAYTM,529.39,0.8493707036279319,0.0037194489912889426,6339.36
JUBLINGREA-OBEROIRLTY,519.79,0.8562054530464112,0.06414570389696493,6333.73
AEGISLOG-RITES,503.16,0.8360746592793,0.07993045670062482,6327.84
BHARTIHEXA-MRF,549.48,0.8731507109418716,0.02316983356275402,6326.66
JBMA-JUBLINGREA,413.69,0.8293619383045387,0.005339920665692998,6300.3
360ONE-ITCHOTELS,522.73,0.8269716944464903,0.10773395983825196,6253.08
AMBUJACEM-INDIGO,558.43,0.9023203848078081,0.0026317229567023085,6246.76
CANFINHOME-ESCORTS,421.91,0.8426828499203234,0.004705260741882303,6243.79
BATAINDIA-HINDPETRO,612.26,0.9276259520465145,0.08231631806800199,6231.8
AADHARHFC-HBLENGINE,303.38,0.7241656467228701,2.7045997023834606e-05,6231.23
CCL-JINDALSTEL,514.43,0.7487528567437909,0.07310215823937119,6190.3
LENSKART-SUPREMEIND,595.79,0.7299115582763471,0.1750428939046053,6180.77
DEVYANI-SAPPHIRE,236.84,0.9659915464282859,0.0015567478983731916,6178.88
EIHOTEL-ZEEL,493.42,0.7842732830433867,0.1280870915730699,6175.26
LUPIN-SCHNEIDER,556.44,0.7165959306277536,0.1337674662721265,6171.03
ASAHIINDIA-DLF,511.97,0.8999455553913605,0.06318306525031883,6141.33
AFCONS-LEMONTREE,541.4,0.9325771787206032,0.09936441077664465,6136.16
GODIGIT-MRF,376.49,0.7684052470108174,0.08487545078068487,6131.99
GAIL-GODREJIND,575.11,0.7729795310903378,0.13027566279892866,6130.65
CARTRADE-ECLERX,525.3,0.9736756755302787,0.005441038519446214,6129.01
NMDC-SCHNEIDER,499.7,0.6761464359847775,0.10464133790740193,6125.29
CANFINHOME-EIHOTEL,384.19,0.7449161012808948,0.04595196864744465,6116.43
360ONE-CRISIL,532.64,0.7418832889436083,0.15527390551764514,6092.58
ABFRL-LICI,562.63,0.820344389779583,0.15742944065951692,6070.1
CCL-SONACOMS,563.4,0.7888430520674218,0.06197990953393937,6055.92
GODREJIND-WOCKPHARMA,572.37,0.8596744700611127,0.007903129904658933,6054.01
CGCL-OLAELEC,605.33,0.8094525726581246,0.015226684583652244,6053.11
CIEINDIA-ICICIAMC,482.69,0.8001861663982143,0.08039787527588732,6029.44
ATUL-GESHIP,433.69,0.8565979293620977,0.09168029075554829,6025.6
AADHARHFC-COCHINSHIP,362.49,0.7757773970444706,1.331943731861716e-07,6023.85
ASAHIINDIA-MINDACORP,488.59,0.8437452029433352,0.02708735667624141,6022.08
AADHARHFC-COHANCE,465.91,0.6607588366088656,1.85900632159287e-05,6009.43
ASAHIINDIA-MPHASIS,598.43,0.8923713936062383,0.045827878035244296,6005.82
LENSKART-VTL,615.52,0.7806425460792188,0.11942538843704237,6003.35
CANFINHOME-KEC,334.26,0.8092349740570959,0.013608761854341336,5997.96
SBIN-TMCV,549.94,0.8651733631682343,0.06928698474445685,5997.12
AEGISLOG-UNOMINDA,597.65,0.7749200829790092,0.060593886298950086,5993.1
CANFINHOME-HDFCBANK,502.08,0.7643345308240268,0.031406225893702074,5992.23
BALRAMCHIN-ENRIN,540.72,0.78788525354651,0.037651819147697496,5965.9
AEGISLOG-SUMICHEM,606.4,0.7612248893257919,0.10035756404970553,5943.0
AEGISLOG-HDFCAMC,536.84,0.6727251444433406,0.0584389969349935,5941.3
CANFINHOME-RPOWER,299.08,0.7725540160245317,0.0265327860558193,5930.69
BAJAJHFL-CANFINHOME,511.14,0.8650844074557108,0.0017093131246629064,5926.19
EMCURE-EMMVEE,511.59,0.830512288225843,1.099272152758797e-05,5925.05
CARTRADE-HEXT,338.44,0.9796125010919463,0.0003744529842973894,5920.76
ATUL-BAJAJ-AUTO,325.6,0.79834162839898,0.044316356157721754,5919.67
BALKRISIND-HINDPETRO,461.97,0.761251171189466,0.12824503974478424,5919.32
LATENTVIEW-SWANCORP,552.51,0.9542270284033832,0.09576961732473033,5918.78
BAJAJHLDNG-ULTRACEMCO,458.98,0.689832165547838,0.17314424088783364,5913.02
ABFRL-ACE,480.83,0.7685731825573612,0.14895264082042758,5905.26
KFINTECH-NAUKRI,453.07,0.9047497911148917,0.13412418171168206,5899.61
GICRE-STARHEALTH,462.35,0.7517821925542855,0.012179114891449181,5878.49
COCHINSHIP-HUDCO,596.17,0.8866548336458783,0.029826107556171474,5852.43
CANFINHOME-GRAVITA,551.68,0.6923308473597125,0.17321114187499637,5837.43
NCC-USHAMART,572.92,0.6763897922312491,0.08285739348023469,5834.52
CHALET-LATENTVIEW,503.09,0.9365310947076416,0.0012630253068684765,5833.21
JSL-KOTAKBANK,588.22,0.6671120923249116,0.008523959114735774,5831.7
GROWW-STARHEALTH,608.49,0.7797708729318641,0.039667392344785224,5821.47
ABLBL-DLF,337.23,0.9415086154956348,0.0006897973242858429,5819.29
SIEMENS-TARIL,567.51,0.6708105497789494,0.11815219372300079,5818.98
GAIL-SOBHA,525.28,0.8628943331673102,0.022350601073841958,5817.18
360ONE-BAJAJFINSV,600.77,0.8127877158705653,0.16899892607655925,5816.49
BBTC-KOTAKBANK,442.39,0.9697530910769371,5.574546875919908e-06,5804.05
ANURAS-MEDANTA,362.96,0.6703112243772963,0.0013067502797123544,5798.46
ANURAS-MANAPPURAM,380.78,0.6673998741217444,0.023751520111431015,5785.2
MOTILALOFS-USHAMART,539.01,0.7559786888626393,0.0038325103846316697,5779.43
ACC-ITCHOTELS,314.92,0.9737429885904259,0.01136590471076275,5766.77
CANHLIFE-HINDCOPPER,411.7,0.7707338891453436,0.02663119349233757,5761.88
CCL-GALLANTT,550.43,0.7319848611411646,0.0587119820058688,5759.36
BIKAJI-FIVESTAR,490.22,0.897976447014196,0.004457140043739067,5755.54
SCHAEFFLER-TIINDIA,534.97,0.7824036332359865,0.020620851168080535,5739.72
HINDPETRO-SOBHA,612.77,0.8400196722874136,0.06115934586789083,5738.0
360ONE-HINDPETRO,591.14,0.8756797531189264,0.009474200461435095,5736.83
EIHOTEL-HDBFS,563.04,0.8615840383453014,0.01644122086684968,5734.08
MSUMI-PIIND,529.58,0.8359269074994541,0.005395675076823454,5731.76
BIKAJI-TBOTEK,425.86,0.8293504670679172,0.17333306782720875,5710.34
ANANTRAJ-UNOMINDA,585.45,0.8594310321541401,0.005118420228134823,5695.37
BIKAJI-PWL,514.88,0.8734328123069236,0.032069743046661124,5691.11
DEVYANI-ZEEL,519.17,0.8096580579713574,0.07774238486309266,5687.27
CHENNPETRO-NTPC,548.01,0.7198755904794912,0.05575429987384306,5662.01
JPPOWER-USHAMART,566.5,0.7891734953060461,0.014621216293362467,5653.88
MSUMI-UCOBANK,490.69,0.8831877700250752,0.047397279766671546,5650.28
FLUOROCHEM-HSCL,582.49,0.6970639247346637,0.10840735679766395,5648.95
CANHLIFE-FORCEMOT,408.77,0.7074473330542482,0.01645470273375972,5647.88
JSWCEMENT-MARICO,605.62,0.6711167702859342,0.0071123413801655,5645.21
INDGN-SUMICHEM,446.21,0.8931807035046201,0.0013249441719525557,5643.74
EIDPARRY-KEC,529.29,0.941028064306695,0.005586236670702706,5628.21
AMBUJACEM-MAPMYINDIA,528.53,0.9141214701076351,0.15017816172509496,5605.37
CCL-TENNIND,447.16,0.7157524654501718,0.11607040658530676,5589.02
HSCL-KPIL,559.52,0.8347491646362427,0.012392794142769566,5575.24
AFCONS-ITI,543.6,0.8562888205884278,0.022600599200712144,5567.57
USHAMART-VBL,481.59,0.7913759075731885,0.08170051828550862,5567.17
AADHARHFC-TITAGARH,403.95,0.6617914195076074,0.0003287002542014179,5536.48
ATUL-TORNTPHARM,594.2,0.77009207749958,0.1212412124786274,5526.06
DEEPAKNTR-VIJAYA,437.79,0.8368685248987412,0.14475008909962367,5522.21
ATUL-SAILIFE,462.53,0.800231292516677,0.10761243218006311,5519.62
ABLBL-DIXON,429.89,0.8638880001228056,0.04406044348546287,5514.8
CANFINHOME-GAIL,584.96,0.7606293690278398,0.09973611879448502,5505.67
JYOTICNC-PIIND,529.3,0.7766949151059418,0.06175578771239056,5503.25
ABFRL-ITCHOTELS,498.88,0.9084402972932398,0.037718326168345334,5496.85
EIDPARRY-MUTHOOTFIN,580.79,0.7986596723148174,0.0700343878320442,5496.01
BHARTIHEXA-MINDACORP,544.26,0.804798761008827,0.08340173573575033,5484.55
GICRE-HONASA,453.34,0.6992373929359286,0.049682984886881026,5481.81
ATUL-JINDALSAW,607.65,0.8085168971236228,0.053775047807431677,5476.04
NAVINFLUOR-TENNIND,613.14,0.8115459845698888,0.03967684157076279,5475.9
360ONE-RAILTEL,545.59,0.8702182757681355,0.02827725680968705,5462.16
INDIAMART-RAMCOCEM,312.13,0.7506385895482696,0.005889609217894517,5460.56
CUB-RVNL,474.38,0.8814386954602236,0.016098684109834234,5447.11
IOB-JSL,485.52,0.6551358430986465,0.0014524489929156734,5441.32
GVT&D-STARHEALTH,590.57,0.8130136185820974,0.07025410692100525,5422.46
WELSPUNLIV-ZFCVINDIA,596.27,0.734506297303424,0.002008666337717221,5398.04
GRASIM-LALPATHLAB,449.93,0.7708642471675774,0.02059544726990471,5394.24
ERIS-UNOMINDA,545.72,0.7931058604805369,0.007927352964372818,5390.29
CHOLAHLDNG-POONAWALLA,496.54,0.7977734946624339,0.15929621589043685,5377.85
BIKAJI-RPOWER,328.74,0.9283316816295237,9.24633122877003e-05,5367.05
CHOLAFIN-KOTAKBANK,596.66,0.8639076037647374,0.005061532885326142,5359.11
EIHOTEL-ENDURANCE,602.12,0.6553302004091244,0.10656372215986876,5340.7
EIHOTEL-TBOTEK,394.83,0.8931171247655284,0.009481426458706414,5318.48
EIHOTEL-HINDPETRO,493.0,0.7808517451819368,0.03671465729721389,5302.75
AEGISLOG-GODREJPROP,616.55,0.8043135171055252,0.08481726251793903,5297.06
ATUL-NLCINDIA,528.12,0.8459073196354059,0.12222845557017825,5250.74
DEEPAKNTR-ELECON,533.86,0.7800676828285225,0.05207346441687496,5243.59
LTFOODS-SCHNEIDER,382.38,0.6537567195726794,0.04290517220089598,5243.12
ATUL-SHYAMMETL,291.63,0.7240034871922176,0.18273621825778158,5237.14
JSL-RHIM,600.25,0.7339015864921282,0.0016445806195196531,5218.46
INDIGO-UTIAMC,483.88,0.8977655782752583,0.00018948200662860892,5217.61
AFCONS-RITES,561.76,0.8724046617584597,0.07586976006094905,5216.21
BEML-EXIDEIND,511.46,0.7837736139483178,0.10548047278459127,5215.39
CHOLAFIN-SBFC,559.17,0.7436613076733084,0.02922349911448577,5213.04
SOBHA-UNOMINDA,592.96,0.8370427059063104,0.06642944300195955,5210.7
DELHIVERY-GVT&D,598.44,0.8837535073276921,0.021466566339523416,5208.55
ANANTRAJ-MARUTI,512.95,0.7969106300438601,0.016814570726505208,5207.17
ATUL-RBLBANK,473.31,0.7671179856830574,0.011539185339674567,5193.75
CANFINHOME-LODHA,599.35,0.8038964578946357,0.024451935230425735,5180.79
GMRAIRPORT-RITES,515.21,0.8352741012143438,0.011812917372126714,5172.05
ABLBL-TITAGARH,614.81,0.7399657628271996,0.08455587035031864,5162.29
STARHEALTH-TIMKEN,556.11,0.7769087398899612,0.05763988714144348,5153.23
ABFRL-SAPPHIRE,384.41,0.9569859625702621,5.079394493455339e-06,5150.88
USHAMART-WOCKPHARMA,322.8,0.8192653806535483,0.018724942982014034,5149.53
BHARTIARTL-BHARTIHEXA,449.08,0.9250101525494192,0.02233921212966871,5140.61
BEML-GAIL,471.21,0.8205576941826722,0.12590295645580124,5140.15
MINDACORP-TRIDENT,599.98,0.7692166193097076,0.13580968572331403,5119.75
HAVELLS-PGEL,603.53,0.8359065813418768,0.08510680966040879,5118.11
KPIL-TECHNOE,390.97,0.7888354851538871,0.14329087885125147,5107.96
RAILTEL-SOBHA,611.42,0.8412022374547206,0.021986854758574797,5104.47
HDBFS-LODHA,388.14,0.9504524529174424,0.0364636444934576,5102.66
DLF-IGL,608.18,0.945119715500862,0.006799487835809987,5097.83
360ONE-HONAUT,586.17,0.8133358087669077,0.011392380779540355,5096.34
KEI-POLYCAB,355.28,0.9550021133727736,0.02531794505710735,5093.78
NAM-INDIA-NIVABUPA,456.58,0.7292212523457448,0.09290603411429499,5073.65
ABLBL-TTML,311.53,0.9263417831623595,0.0017269705737819833,5060.96
JIOFIN-TBOTEK,611.41,0.9506353542835,0.0075566422447745805,5034.69
SOBHA-TATACONSUM,491.28,0.7187488328453036,0.01740898200154288,5033.33
BEML-PPLPHARMA,612.24,0.8116584447021383,0.05097759821398076,5025.96
CANFINHOME-HINDUNILVR,474.72,0.766928575256365,0.008824811902715259,5025.87
360ONE-DLF,588.42,0.859695540605791,0.08490511974496151,5025.55
GVT&D-SIEMENS,433.8,0.8190676448061123,0.11271400322267772,4992.47
EIHOTEL-ESCORTS,482.97,0.7908047921529867,0.147575481931204,4978.75
CUB-LTF,610.48,0.7333991533556056,0.14500454821944614,4978.64
BELRISE-IGIL,577.19,0.7847132479054294,0.022147598445254105,4972.47
CHALET-SOBHA,331.85,0.8521148985044017,0.06099923288279611,4970.56
ACE-WELSPUNLIV,511.02,0.6882847497332141,0.015302571333114221,4968.08
DOMS-HCLTECH,409.38,0.7016210582155233,0.17095053248089886,4966.31
BIKAJI-CANFINHOME,612.5,0.7055034216396181,0.11022979925024529,4963.55
EIHOTEL-SWIGGY,443.17,0.84526038656174,0.14883073330070734,4948.97
LTF-MSUMI,492.46,0.8550235430949834,0.02110664244427098,4947.45
ABCAPITAL-TATACOMM,401.85,0.771861131966303,0.017694998480349555,4944.79
ESCORTS-ITCHOTELS,564.6,0.9450493834862521,0.0064212753948165125,4940.89
AEGISLOG-VBL,613.65,0.7839656290846815,0.07672147000330487,4930.47
INDIAMART-SWANCORP,399.3,0.8363575375018231,0.007164919644052894,4921.02
EXIDEIND-GABRIEL,592.73,0.7413669460992924,0.10441031605244283,4916.0
BLS-COROMANDEL,606.89,0.663914283995724,0.1649336017681452,4899.93
EIHOTEL-EXIDEIND,465.79,0.8350780664657687,0.16380092638719013,4895.19
CAMS-NCC,568.05,0.838641134815137,0.14199830498795202,4894.9
ABLBL-NH,525.57,0.7655552111831724,0.13697214891828846,4883.75
HDBFS-SOBHA,433.39,0.8607374177724236,0.04411199786483625,4881.99
ABLBL-UNOMINDA,545.42,0.8652925916637335,0.007017547978521406,4871.53
ANURAS-CGCL,343.31,0.6803736311197145,0.004140913360310085,4871.45
GMRAIRPORT-TATACOMM,545.82,0.764235959643596,0.0708458080518075,4871.37
CANFINHOME-UPL,561.49,0.832472284490579,0.0015307823880683848,4870.7
ANURAS-CESC,493.28,0.7077688662662915,0.001239483930940553,4870.03
FEDERALBNK-ICICIAMC,466.39,0.7996982013116057,0.04699056638264424,4868.4
INDIAMART-LTM,414.84,0.808654389516291,0.02705487673912201,4857.05
ONGC-TATASTEEL,569.95,0.8974311591048675,0.07862270220646762,4855.3
ABLBL-BRIGADE,449.98,0.9083415116640166,0.007124056226271824,4854.66
CGPOWER-CPPLUS,578.43,0.917283229163861,0.08175518698182299,4847.6
ASAHIINDIA-CANFINHOME,365.15,0.8088018418856451,0.0072783798086579945,4820.36
HDBFS-IRFC,552.21,0.8924656507385279,0.14812955513014842,4810.26
CGCL-MOTILALOFS,455.2,0.7905853698879619,0.0860924565901785,4807.92
CANFINHOME-RHIM,425.64,0.8362912986594071,0.0083777332412655,4806.06
AFCONS-DCMSHRIRAM,581.87,0.8179421027296768,0.09420418813493059,4803.8
ATUL-NAVINFLUOR,435.7,0.8718190058915498,0.0014714245516478995,4794.53
BIKAJI-ITI,414.87,0.8227905025501974,0.13207094833102095,4775.52
CANFINHOME-IRFC,306.49,0.8840546625968462,0.000659445382942115,4760.18
EIHOTEL-NUVAMA,603.91,0.6641137323149356,0.1312313336167254,4755.05
NMDC-USHAMART,476.43,0.667375057693153,0.1602048099869965,4754.93
360ONE-KOTAKBANK,501.05,0.8347918347780056,0.023277168660143854,4754.75
ERIS-FIRSTCRY,534.1,0.8258907481851175,0.0137267896989859,4744.65
FLUOROCHEM-GABRIEL,531.18,0.8711541523179815,0.0007647328523054153,4738.1
ABFRL-SOBHA,498.48,0.8479859633157403,0.03311465482952555,4734.81
HDBFS-INDHOTEL,583.4,0.9119852673467048,0.06633985410119263,4729.43
ANURAS-RADICO,529.2,0.7199036538296945,0.0002571657343716329,4727.35
ACE-CAPLIPOINT,582.96,0.6554216714608242,0.05017782719180129,4723.78
CANFINHOME-IRCTC,490.86,0.8372891593429389,0.002077589627127885,4719.1
CHALET-PRESTIGE,401.99,0.9221880838202804,0.007430238296206156,4703.01
EIHOTEL-PPLPHARMA,603.99,0.7179020478972726,0.14361168045487221,4698.68
ATUL-GMDCLTD,604.38,0.7647652105357656,0.18422540252945974,4692.9
CGCL-NIACL,559.41,0.7549831830107909,0.056534421840808376,4687.86
CCL-STARHEALTH,618.09,0.735450897372119,0.087587433653802,4684.9
HYUNDAI-M&MFIN,484.95,0.8703641622490037,0.01610735113231,4674.77
ABLBL-NBCC,393.86,0.9215328902658184,0.0050105110449171425,4672.47
ATUL-GVT&D,399.72,0.9032848996915153,0.02411371348491998,4669.69
ATUL-CIEINDIA,550.65,0.7545359377735611,0.14537331827896022,4665.55
BLUEJET-SUMICHEM,562.43,0.8368818238752239,0.1019910601767508,4662.7
360ONE-ICICIGI,495.43,0.7989535952047878,0.08880263347648998,4654.06
EIHOTEL-SAPPHIRE,528.09,0.8678688805877259,0.009159696092820854,4652.99
BAJAJHLDNG-PRESTIGE,444.65,0.9146069092412719,0.050220598044726575,4652.97
360ONE-PIIND,514.28,0.7586916741921458,0.15469791086539514,4651.94
NUVAMA-USHAMART,546.78,0.8006604233788182,0.03565466926414311,4631.98
AADHARHFC-HAL,383.29,0.7464392158797217,2.726092031903052e-05,4629.2
AIAENG-RAILTEL,406.81,0.7751841464195259,0.005379647437185058,4623.05
BAJAJFINSV-CHALET,511.02,0.9252244670919061,0.005274358408885151,4622.71
INDIACEM-INOXWIND,424.55,0.7383733261518176,0.0031047956888793126,4618.84
3MINDIA-DEVYANI,454.57,0.8061447184574305,0.05073601704558331,4618.47
ACMESOLAR-ATHERENERG,598.56,0.9405521727968246,0.0007545889807679152,4617.6
PIRAMALFIN-TORNTPHARM,482.02,0.7481534786915863,0.14351447736947237,4598.4
ITI-SOBHA,592.82,0.7205591594688664,0.06098309478120899,4587.16
AUBANK-SOBHA,505.89,0.6895429294460913,0.0337536500242341,4577.96
BIKAJI-VMM,241.77,0.8917506868628394,0.014576896060446954,4574.11
SBFC-TATAINVEST,568.9,0.7084095056474362,0.14355533683170746,4561.62
MOTILALOFS-WOCKPHARMA,397.23,0.7829373793284686,0.08523743967456665,4556.34
ASHOKLEY-RAMCOCEM,616.78,0.8692113927294548,0.029318192267501635,4550.11
HUDCO-JUBLINGREA,606.96,0.892191734388996,0.023412934218964888,4545.72
BAJAJHFL-RHIM,315.17,0.8784986448440307,0.13958609958370422,4544.4
CANFINHOME-PIIND,601.66,0.7596896205631418,0.0012755331551954783,4534.04
NAVINFLUOR-NLCINDIA,581.59,0.8088575027030377,0.036033766894863414,4533.86
SHRIRAMFIN-THELEELA,302.19,0.757224458152121,0.0011231330617441828,4533.7
ASTERDM-THERMAX,552.29,0.8627293817939606,0.0836573647204451,4525.8
GMRAIRPORT-HDBFS,555.27,0.8143128328632612,0.003495714967805872,4525.11
AUBANK-TATAINVEST,540.58,0.6944847819874506,0.028878318360898148,4523.47
NBCC-TTML,537.46,0.9254357548261527,0.030263134119977386,4508.3
LTF-TATAINVEST,595.84,0.7441569092749075,0.16925832542018643,4503.74
CANFINHOME-SYNGENE,411.52,0.6862287043469989,0.07673510058505245,4500.76
BBTC-JUBLFOOD,428.2,0.9173256100675397,0.04372685045300609,4487.79
ANURAS-NESTLEIND,515.5,0.6524342729757605,0.026005614082558158,4487.76
BBTC-IIFL,433.55,0.861041602210911,0.09118154165078984,4484.21
ATUL-POLYCAB,423.71,0.8218728061641005,0.07359486696929322,4476.72
CHALET-CHOLAHLDNG,468.31,0.8592148287357326,0.01572526823431599,4462.33
ITI-PAYTM,428.45,0.8283177899114956,0.04470544309744356,4457.55
LTF-PHOENIXLTD,496.8,0.840467854634761,0.06795005448911372,4454.11
ACE-DIXON,613.4,0.8096840902652582,0.0007932601607456041,4440.18
ADANIPOWER-STARHEALTH,473.01,0.9096142445206499,0.006099802447386762,4436.62
DIVISLAB-RRKABEL,477.01,0.8446685678981058,0.009785712251242988,4435.09
AUROPHARMA-BALRAMCHIN,608.55,0.8957465128421859,0.06265220473384173,4417.4
ABLBL-EIHOTEL,351.54,0.9487152578652894,1.927370483912812e-05,4412.18
JSWCEMENT-MOTHERSON,606.25,0.6840336876218076,0.0008386436418854351,4408.79
BIKAJI-DCMSHRIRAM,474.86,0.807817405131864,0.08659202175539449,4407.43
DALBHARAT-KEC,615.49,0.766077509194286,0.08378190255161183,4402.5
CANFINHOME-CHALET,447.52,0.8560377444837651,0.004790270687208375,4402.12
CANFINHOME-HINDPETRO,463.31,0.8258033734104163,0.018965688299505803,4401.95
EIHOTEL-INTELLECT,474.25,0.8396664063711718,0.04810623929478749,4400.03
GABRIEL-NIVABUPA,491.98,0.7336162392198494,0.05519703880374577,4388.74
CHOLAHLDNG-GODREJPROP,571.91,0.859505949024127,0.07988255558150703,4385.72
GRASIM-TRITURBINE,614.43,0.7288613495545528,0.07396050775682642,4381.78
DIXON-EIHOTEL,472.67,0.8781964218671554,0.0007432483726230486,4378.69
CAMS-MOTILALOFS,490.35,0.9102530100363792,0.006311835377253943,4376.9
EIHOTEL-EMAMILTD,415.86,0.8544233107118216,0.1270563682417526,4375.55
BEML-JUBLINGREA,544.41,0.8466586238219795,0.10232106502701227,4359.01
AARTIIND-VTL,581.77,0.9075753408942272,0.09138348494648774,4343.26
ABFRL-GODREJPROP,346.83,0.8892665818773314,0.12915965949534047,4311.74
BAJFINANCE-GMRAIRPORT,560.44,0.8458138300708385,0.008196947821423575,4307.24
ERIS-NBCC,545.6,0.8556976079173493,0.001842818638238463,4300.98
CANFINHOME-TTML,386.04,0.8058970807052075,0.011602874236369689,4299.43
CUB-SAPPHIRE,605.92,0.7361028682615404,0.09308591588935011,4295.56
CUB-INDIACEM,535.93,0.8314364293115277,0.012380080128910198,4295.41
ABLBL-INDHOTEL,418.63,0.925996817157129,0.0012407561670383486,4285.78
CEATLTD-RAMCOCEM,558.38,0.7545161174372917,0.007282863185531602,4276.84
CANFINHOME-JMFINANCIL,590.57,0.6518622367764894,0.10150189668303933,4274.3
EIDPARRY-INDIGO,544.01,0.8764042987805379,0.07186764911532828,4273.63
AMBUJACEM-RHIM,351.57,0.9173807836585135,0.07068398333380599,4265.8
KPIL-NEULANDLAB,500.65,0.766179554195775,0.05813432428167765,4261.14
TATACHEM-USHAMART,559.26,0.714101198224114,0.04930648153888503,4257.47
BIKAJI-BLUEJET,446.93,0.8982798732928918,0.005149144269200406,4254.05
LODHA-SOBHA,356.44,0.9088515948650381,0.03279898639609823,4249.04
KPIL-NAM-INDIA,401.51,0.7742926841697618,0.025972674690192113,4247.1
AIAENG-TRENT,422.79,0.7400899795401307,0.003812031941603336,4243.2
COCHINSHIP-NCC,542.1,0.851566191981351,0.021236223469381817,4241.69
AMBUJACEM-ICICIBANK,582.72,0.8590014234668173,0.12603946320259596,4238.94
JSWCEMENT-TITAN,456.14,0.7333372852398874,0.041190317576398496,4236.02
CCL-NTPCGREEN,543.79,0.733870944506125,0.06473756019873803,4235.81
ANURAS-WOCKPHARMA,324.78,0.7465974758600126,0.0008003543464583281,4231.62
GMRAIRPORT-UCOBANK,532.71,0.7590437122923354,0.10667484799350674,4228.99
NAVINFLUOR-RRKABEL,568.01,0.7833272307320204,0.08643967954431564,4222.27
BATAINDIA-CHALET,342.78,0.941220650215449,0.00927301470687085,4221.36
ANURAS-JBMA,371.54,0.695993187529139,0.0007142194136715516,4200.29
CANFINHOME-INTELLECT,507.41,0.7275797155024424,0.02430321059273597,4195.98
INDIAMART-MAPMYINDIA,452.14,0.7429431977431753,0.052168549611544476,4192.91
AADHARHFC-OLAELEC,539.09,0.6672296868942588,5.8907997217721285e-05,4192.6
HEROMOTOCO-UTIAMC,541.49,0.8292145459473571,0.034286986518431345,4191.37
NIVABUPA-NSLNISP,340.7,0.7683212849743327,0.004629230703187619,4184.68
AMBUJACEM-MSUMI,366.63,0.9116431930332367,0.058773990799767625,4183.59
CANFINHOME-FIVESTAR,413.44,0.7395116999911984,0.04421162023028105,4180.56
DMART-GICRE,612.37,0.7271297303791935,0.10571375663950233,4164.06
360ONE-RITES,521.12,0.8462563408421516,0.12958002255907497,4160.15
CHOLAFIN-CHOLAHLDNG,434.72,0.8598216004685095,0.030857456829434214,4159.84
AUBANK-EXIDEIND,494.26,0.6846786240782275,0.02983281090999193,4154.82
EMCURE-NTPC,609.52,0.7365354244420679,0.11566929389765612,4153.88
KOTAKBANK-RHIM,562.68,0.8969908972721891,0.007092859251490998,4152.98
ANANTRAJ-PRESTIGE,598.96,0.870935788690292,0.0067749740945005,4149.33
BBTC-PATANJALI,482.29,0.921300363402934,0.05698888348322306,4146.46
JSL-RAILTEL,617.95,0.7712046173947193,0.004481987253826641,4137.68
INDGN-NEULANDLAB,307.33,0.8864717450079557,0.022422249694114348,4120.04
ABLBL-ESCORTS,453.11,0.8309206149725741,0.07527800882090194,4115.52
CANFINHOME-MAPMYINDIA,556.5,0.7721666659212383,0.010698208044974808,4112.58
CUB-EMAMILTD,558.66,0.8012513185983304,0.05273906630642297,4108.43
KOTAKBANK-POONAWALLA,443.58,0.7805806122167535,0.18659646571721006,4107.03
PARADEEP-PWL,551.71,0.9139400624347711,0.030991869226444008,4097.7
NAM-INDIA-SYRMA,575.34,0.8997145372436784,0.015012191319970768,4091.81
CASTROLIND-CONCORDBIO,384.23,0.695878589580257,0.007101819482446292,4071.85
SCHNEIDER-TECHNOE,359.2,0.8522043461948795,0.1868298058227828,4067.41
AEGISLOG-NIACL,547.97,0.7808766155882411,0.0175560292408198,4063.98
BELRISE-HONASA,464.36,0.9136985252618408,0.09945327307908475,4063.83
ABFRL-DLF,459.57,0.9559660303534083,0.0019139736299452642,4058.86
ABFRL-IRCTC,603.98,0.9195178033868479,0.03604710224108095,4046.9
CCL-PREMIERENE,454.71,0.6948443642849198,0.1623354570787618,4034.6
EMAMILTD-ESCORTS,570.93,0.9424397330620572,0.0030213682712776353,4033.34
ASAHIINDIA-IDFCFIRSTB,570.55,0.902724702953834,0.0031347237560281067,4029.41
360ONE-LTF,609.2,0.8400775979373875,0.09274932335787534,4029.12
NYKAA-TRENT,489.4,0.7534845967398682,0.06501596200750331,4024.41
ABLBL-SWANCORP,529.41,0.8585819056734884,0.028569052361563034,4001.13
GRAVITA-NIACL,525.59,0.7887579335480535,0.10997392900876013,3998.33
PIIND-RAILTEL,602.58,0.7436087371701141,0.15384491290023283,3991.78
BEML-PHOENIXLTD,528.25,0.8615568221382647,0.05099547453266856,3975.37
INDGN-OBEROIRLTY,515.14,0.7805859980158109,0.06775878006194118,3964.6
NIVABUPA-NMDC,564.96,0.6671649604750034,0.04723729586868394,3964.54
BEML-ELECON,428.48,0.7495906320482615,0.10979515931771039,3958.78
ABLBL-DEVYANI,613.36,0.8415022123115828,0.007888072809269403,3954.05
JUBLPHARMA-RPOWER,470.35,0.9233047672672231,0.06471419330316927,3937.93
MOTILALOFS-PHOENIXLTD,613.84,0.8376758546316587,0.0025541136684057407,3931.97
BHARTIHEXA-INDIGO,510.77,0.8249986153460395,0.027908341556366907,3915.1
EIHOTEL-GODFRYPHLP,539.34,0.79894597193358,0.027061961538959414,3914.56
BIKAJI-HBLENGINE,505.67,0.8344192800176328,0.049615189202500985,3910.01
CHOLAHLDNG-RHIM,593.31,0.8570527870556693,0.04013803935159548,3903.25
CGPOWER-ELGIEQUIP,536.65,0.9146376030489313,0.062166087025242796,3901.65
AIAENG-CONCOR,298.65,0.7938320670444657,0.00404444171988905,3894.18
AEGISLOG-APTUS,589.66,0.8821880093134794,0.0031637027211675987,3880.79
AEGISLOG-COLPAL,550.36,0.7066845094210773,0.0591779526666795,3878.45
TIMKEN-VEDL,496.73,0.7816891341512243,0.03776251620330589,3877.72
GRASIM-WOCKPHARMA,587.24,0.8409213742168082,0.001183159254099211,3876.45
GODIGIT-UBL,361.83,0.7688811282917056,0.061531839847126894,3870.05
AUBANK-HOMEFIRST,451.3,0.76002260476624,0.011424565842128415,3869.06
ASAHIINDIA-UTIAMC,504.33,0.8499506366520249,0.06015538333726168,3859.06
CROMPTON-MEDANTA,421.64,0.766501576425951,0.1881208756609199,3855.5
ASAHIINDIA-NAUKRI,579.21,0.9040237383405669,0.08543331793481523,3855.09
ACE-SIGNATURE,600.33,0.7432193211540159,0.025151643861968748,3854.61
ANURAS-OBEROIRLTY,342.58,0.6836288370004876,0.005356848834941941,3853.75
NH-ZEEL,586.65,0.7953699724806597,0.057323041559357496,3852.98
NMDC-STARHEALTH,506.54,0.7419210486038684,0.006814327294044413,3849.42
BEML-HDFCAMC,470.53,0.7640149980483968,0.16065881975963914,3847.72
CANFINHOME-TATACAP,469.18,0.7130596748928618,0.09251996107673016,3831.48
NAVINFLUOR-SYRMA,614.18,0.8335295619247125,0.027400557159590604,3831.33
GODIGIT-KFINTECH,387.4,0.724911846792738,0.11866732536217633,3827.52
IGIL-KEI,597.89,0.730609618693522,0.0070775279587828805,3824.33
NAM-INDIA-VIJAYA,572.96,0.8118800853941897,0.03175115234797319,3821.54
BHARTIHEXA-MARUTI,613.7,0.87688229453577,0.00960374921161775,3820.43
BAJFINANCE-NH,593.45,0.7622817731803045,0.05884347419974254,3818.3
CDSL-EIDPARRY,393.9,0.9469710899160835,0.0006197739859774322,3811.08
JSWINFRA-VBL,537.92,0.7661060226740409,0.007551786124572537,3791.76
BALKRISIND-INDIGO,338.91,0.7600335975395316,0.0699352538042473,3782.84
ANURAS-TRENT,466.48,0.6547806800605198,0.005582481657752167,3778.46
AEGISLOG-SOBHA,520.56,0.8450707463927111,0.0033909533945235383,3778.35
INDIAMART-PIIND,484.58,0.7541963943315101,0.01038220563331533,3777.57
CHENNPETRO-SIEMENS,598.17,0.7426189569059897,0.06111438980436619,3776.12
CHALET-NUVOCO,516.79,0.9021351110842953,0.004954265032196448,3774.95
HSCL-USHAMART,471.32,0.782675751833969,0.1459966105755704,3772.28
CANFINHOME-UNITDSPR,572.39,0.7005642618793484,0.1262533681673661,3768.54
COROMANDEL-DALBHARAT,289.77,0.8789287048591317,0.00950565309085852,3764.26
INDIAMART-PGEL,595.44,0.6732228593379349,0.01153827822115822,3763.94
IOB-TTML,604.36,0.7235396459565735,0.02409123917046243,3763.15
PFIZER-POONAWALLA,468.98,0.6772372446767235,0.022530490024229664,3760.29
CRAFTSMAN-GLAND,490.86,0.7500378427806785,0.020686379978325568,3758.11
STARHEALTH-TECHNOE,321.11,0.8622557612967258,0.05637685478202559,3753.3
LUPIN-SARDAEN,450.95,0.6872617475352351,0.10378482845987008,3751.29
TATAINVEST-USHAMART,613.04,0.7209452995443411,0.02717873091617353,3749.11
BHARTIHEXA-GODREJPROP,566.87,0.7183792067522813,0.16784813137075977,3746.86
ICICIGI-KOTAKBANK,496.77,0.8570258290265018,0.01971442726171257,3744.54
KOTAKBANK-SOBHA,462.31,0.7777941140248759,0.163124908171086,3742.17
CHOLAHLDNG-PRESTIGE,572.03,0.9433915025321188,0.0021970246611452467,3739.9
BIKAJI-ITC,544.07,0.8278004877206655,0.17049783547208996,3737.83
ANURAS-LALPATHLAB,378.75,0.669273154423499,0.00235426979347948,3735.63
HDFCAMC-ZFCVINDIA,568.83,0.7681517616511117,0.005567973975701625,3731.56
EIHOTEL-IRFC,614.6,0.7467999823184739,0.06677954258230323,3710.6
NIVABUPA-TRITURBINE,338.22,0.7424869490410011,0.08063583976556815,3705.79
CHENNPETRO-PFC,615.98,0.7220691073533433,0.12049091460171779,3695.25
INDIAMART-KFINTECH,407.74,0.840678559438761,0.018956652763438085,3689.23
CHALET-DLF,411.35,0.9369046434323972,0.002686571755679252,3683.77
CONCOR-RITES,366.29,0.872650308652441,0.17074426233206358,3679.96
CANFINHOME-KPITTECH,554.76,0.783885195730794,0.009680496998755091,3677.42
ATGL-JSWENERGY,617.82,0.698695218055144,0.0804278450466876,3674.83
APOLLOHOSP-HONASA,442.05,0.8259280504191193,0.12433749305571606,3673.18
DALBHARAT-IGL,470.03,0.7463236263804099,0.1158367528105535,3666.29
ACC-CHALET,319.56,0.9217460175977814,0.027084188307222284,3665.66
CUB-GODREJCP,435.36,0.8550382682783391,0.015875576156515532,3664.38
EIHOTEL-UNOMINDA,512.98,0.8285650909404496,0.0052572961495264015,3661.91
IGIL-TIINDIA,567.98,0.7935235027035985,0.0013453138239261106,3661.83
BAJAJHLDNG-BAJFINANCE,431.79,0.9311280079567327,0.0023412631530742426,3661.67
ABFRL-BBTC,326.87,0.9078931459409496,0.058711001312942726,3660.23
360ONE-AEGISLOG,536.43,0.8008639418283946,0.06514748713580344,3659.27
DEEPAKNTR-TRITURBINE,611.27,0.7752218644567314,0.1399865173977083,3658.54
SBICARD-SBILIFE,504.0,0.8522869601418458,0.10484913992880601,3657.13
ABFRL-SONATSOFTW,616.18,0.9028968416216745,0.0481811084525857,3656.2
KPIL-THERMAX,572.89,0.699856067572708,0.08314540510380453,3652.69
BRITANNIA-PGEL,474.91,0.8701983486028566,0.0011434748029915613,3648.28
LENSKART-SPLPETRO,471.98,0.6741812885641681,0.10346906219753083,3646.48
CANFINHOME-ITI,339.73,0.7349443111740268,0.06157557656781959,3645.41
AEGISLOG-MSUMI,557.03,0.7375883276493327,0.15433943268462513,3644.94
IOB-LTF,378.85,0.807202041893141,0.0014617054524212665,3637.83
AEGISLOG-IRCON,599.33,0.809813258786013,0.09159844074588086,3637.03
MCX-THERMAX,543.06,0.9006658526141673,0.02297020945714187,3630.89
NAVINFLUOR-VIJAYA,575.67,0.690136654460086,0.1597670090855755,3626.6
JSL-RVNL,586.07,0.8407340061088378,5.3003414718061407e-05,3625.86
AFCONS-RPOWER,432.14,0.9649204873590134,0.00017264008030644783,3624.65
EIHOTEL-UTIAMC,538.71,0.8654921164074226,0.02656287863471343,3624.58
BBTC-SWANCORP,365.2,0.9602892651004755,0.040630422205592584,3623.33
GABRIEL-WOCKPHARMA,576.32,0.8945879764582404,0.004868574672969038,3621.0
BBTC-HYUNDAI,581.11,0.9404983505085595,0.01127396141503935,3619.28
KPIL-STARHEALTH,428.33,0.7710302263538537,0.03136462189173351,3618.17
ANURAS-CAMS,338.45,0.7156262832010604,0.0008576899586775689,3614.13
NAM-INDIA-NYKAA,448.02,0.7269051761173857,0.09483943128815986,3608.55
APOLLOTYRE-BATAINDIA,482.2,0.9307607794293257,0.08030407759375752,3603.99
GLAXO-PVRINOX,552.92,0.6681211664581409,0.11749338584018576,3594.69
HDFCBANK-INDIAMART,440.9,0.8582116597325222,0.0528017360921753,3578.2
RKFORGE-SCHNEIDER,507.67,0.7126430153799646,0.09580706213057916,3574.21
STARHEALTH-THERMAX,559.08,0.849905118473685,0.012850883261993644,3573.77
CCL-SCI,616.59,0.744190675514396,0.09366910858451843,3570.78
ATUL-MARICO,576.15,0.8305555884033017,0.01499005262207528,3570.62
GODIGIT-TEGA,345.64,0.7782825297894975,0.031141080493956762,3570.18
CCL-TORNTPOWER,456.67,0.7415005128899498,0.08306964394134103,3567.52
TMCV-ULTRACEMCO,446.75,0.6772971287466065,0.16636624741492195,3567.31
GODREJPROP-TATAINVEST,543.42,0.8199640075171071,0.1781514523473252,3565.3
EMCURE-PIRAMALFIN,475.61,0.7504022091840166,0.09434472170065966,3561.62
AUBANK-HDFCAMC,471.49,0.8216265485964555,0.006681764802786712,3561.36
3MINDIA-IOC,415.44,0.9164316051691147,0.006798053021916097,3558.14
BHARTIHEXA-KOTAKBANK,453.02,0.869526715706703,0.03012202504423449,3553.93
BAJAJHFL-IGL,426.0,0.9420958625395944,0.003612181528079325,3545.2
ERIS-PRESTIGE,574.51,0.8210447545357699,0.01419910938576959,3544.29
EIHOTEL-IDFCFIRSTB,435.06,0.7390340548433969,0.05819816725279916,3543.88
NAM-INDIA-TENNIND,553.98,0.8257850781711766,0.09188422437192983,3541.83
KIRLOSENG-TATAPOWER,553.75,0.8477026927769888,0.08085197768015617,3538.28
CCL-GPIL,489.52,0.7388054282219351,0.07980074260645315,3536.33
CANFINHOME-JIOFIN,447.31,0.7771000333960726,0.02163767826530948,3530.64
LTFOODS-STARHEALTH,617.13,0.7089025229600814,0.019614009452021786,3524.48
LUPIN-POWERGRID,543.81,0.8492308226966288,0.005182167668569954,3514.6
ANURAS-SUZLON,534.06,0.6873223237734105,0.00273574113582538,3508.87
IGIL-SIEMENS,606.01,0.8065516145004032,0.0015401253445879563,3506.77
ATUL-CCL,466.18,0.7191109753983426,0.11948483413278604,3500.99
ACUTAAS-NAVINFLUOR,608.88,0.8379459420064779,0.11903207855980746,3500.76
CANFINHOME-CDSL,511.1,0.7863718223607056,0.010118065871574445,3496.97
CHALET-ICICIBANK,482.75,0.8145253584036044,0.03287963829340607,3494.61
AEGISLOG-AIAENG,462.39,0.6895732737482618,0.051008569036452456,3491.3
CASTROLIND-RHIM,473.95,0.72363697202865,0.003044115245579812,3483.36
ABCAPITAL-FIVESTAR,559.54,0.7707924883273819,0.059120804031821295,3481.25
CHALET-HDBFS,502.87,0.9128118632369894,0.003231154768380633,3479.63
BIKAJI-LTTS,411.99,0.9214513147139424,0.0029276960786122834,3473.15
BAJAJHFL-PIIND,570.79,0.9031206471224348,0.011069982494801189,3467.95
ABLBL-HDBFS,611.41,0.8706198916366824,0.004533745088162563,3465.43
CANHLIFE-TMCV,274.17,0.7365033076556906,0.027211176192603208,3462.91
EIHOTEL-LICI,564.2,0.7095701317466916,0.14725241647590354,3462.41
AEGISLOG-RHIM,567.75,0.7877707239108281,0.06481953528886425,3462.15
USHAMART-VIJAYA,291.83,0.8275675341016232,0.036334544475225855,3461.05
ASAHIINDIA-TATAELXSI,556.11,0.8689392838028659,0.030513635394556524,3457.34
POLYCAB-RRKABEL,529.32,0.8878967037434485,0.11420764986327253,3451.22
ABLBL-PHOENIXLTD,438.97,0.6941577200794066,0.05353376224939313,3443.59
IRCON-MSUMI,594.99,0.8464882323550211,0.02570367587430683,3439.7
BHARTIHEXA-JUBLFOOD,502.05,0.8571077963128,0.05486359481306732,3433.01
IGIL-KPIL,542.36,0.692813101614826,0.004093480141638714,3430.32
KOTAKBANK-MARUTI,357.37,0.9525446467435492,0.06159178295914757,3430.04
PATANJALI-PGEL,466.11,0.7077622693658621,0.16151859566796922,3429.54
HONASA-RBLBANK,478.27,0.8101941972401006,0.036771471883251874,3427.59
HDBFS-RHIM,617.13,0.9074394193287606,0.022348253330574223,3427.49
CANFINHOME-IGL,306.49,0.8478092318694685,0.001119494216081731,3426.27
CANFINHOME-GODREJCP,587.19,0.7705746232471485,0.02597745030528355,3418.61
INDHOTEL-TTML,433.95,0.9261944935836338,0.0064746695407129845,3414.49
BBTC-MRF,458.44,0.8928409820166961,0.17475455786093141,3414.04
CCL-SIEMENS,551.45,0.7342226364192058,0.10318281663004258,3413.03
JYOTICNC-KEC,603.07,0.9265387821266486,0.026112196190635303,3407.61
KOTAKBANK-MSUMI,419.62,0.8879524604497709,0.018562482784928357,3406.69
APTUS-TATACONSUM,553.89,0.8117375822835782,0.06326994871876593,3401.77
CUB-RITES,507.54,0.8042173090541085,0.08058390981987407,3395.94
CANFINHOME-IDFCFIRSTB,394.95,0.8498827661032098,0.0010203203920685494,3387.58
JKTYRE-RAMCOCEM,547.42,0.9409579725550543,0.0014227281113522831,3385.29
MEDANTA-USHAMART,584.39,0.7326120424971333,0.05249309993664357,3377.25
MANAPPURAM-VIJAYA,471.56,0.6729229508537794,0.156878286488509,3376.48
AADHARHFC-URBANCO,437.29,0.676295689302214,1.825627316243156e-05,3375.91
BHARTIARTL-PRESTIGE,525.87,0.8658388341489531,0.11737707456443791,3374.73
AWL-BIKAJI,466.39,0.9009353046632753,0.018508229165781067,3374.07
IOB-UCOBANK,215.46,0.8217713637559725,0.021266129518933165,3373.29
BIKAJI-SONATSOFTW,541.87,0.8455045160402138,0.11646133321587465,3373.26
CANFINHOME-LTF,517.22,0.820178824114014,0.06658353292023197,3371.57
BAJAJHLDNG-HINDPETRO,536.98,0.910635705460821,0.0012623574335443484,3370.97
IOB-RPOWER,520.85,0.6566877283271151,0.051854194282635414,3363.28
INDIAMART-PRESTIGE,555.13,0.7659653851974133,0.12387771506808881,3347.73
AADHARHFC-BDL,353.8,0.658014572193106,0.00025201827207059794,3345.89
ABLBL-CHALET,348.61,0.8695980189353774,0.050157624440360385,3344.33
GLAXO-PCBL,541.71,0.6932544826488585,0.18797216879367018,3343.9
CGCL-INDGN,527.53,0.7327683988790368,0.05615872560597759,3343.35
BEML-VBL,508.92,0.8992254182077292,0.0036338119051401887,3318.34
BHARTIHEXA-KFINTECH,553.83,0.7863732107703293,0.05642374386464763,3317.72
DLF-SOBHA,495.16,0.8692338184354715,0.17717534639398613,3313.79
BATAINDIA-DALBHARAT,447.74,0.797528201709139,0.05614758469241085,3311.84
BEML-SJVN,591.9,0.8235474268711731,0.050658433083033895,3311.18
BBTC-HINDPETRO,453.42,0.9539201917058427,0.0005366636926533581,3309.9
MEDANTA-RRKABEL,461.16,0.6762971960673132,0.1098868874777294,3302.05
LTFOODS-RKFORGE,546.89,0.7372116137584147,0.028801304287017798,3302.03
BAJAJHLDNG-SIGNATURE,542.15,0.83896734894725,0.0963317301572365,3298.68
GMRAIRPORT-RHIM,428.05,0.8145531194370589,0.008935701977635655,3298.0
EMAMILTD-JUBLFOOD,600.24,0.9265324203198768,0.03794566156549584,3296.03
JSWINFRA-SJVN,552.3,0.656946336487539,0.009221131379378718,3293.73
PFIZER-SIGNATURE,477.45,0.6920604658896735,0.001411069784682198,3290.68
KPRMILL-WELSPUNLIV,360.88,0.8543178675757109,0.0017370338088577599,3290.02
EMCURE-ONGC,566.14,0.7161617719720667,0.1011249616281597,3287.38
AMBUJACEM-INDIAMART,498.89,0.8419824352514923,0.06733843526950124,3283.77
BHARTIHEXA-EIHOTEL,593.59,0.7790466732481911,0.14756415301456488,3277.39
DELHIVERY-GICRE,611.11,0.7185539650697591,0.009898698700119375,3266.2
CANFINHOME-UNOMINDA,555.52,0.7944769609974583,0.007194034322741818,3259.4
LTFOODS-SONACOMS,500.25,0.7694565994312319,0.021326250903625662,3255.45
ABFRL-UTIAMC,518.03,0.9136441652059496,0.02227994158070823,3255.08
GICRE-SYRMA,411.46,0.7617171692136413,0.01669725699819116,3251.88
ANURAS-BHEL,449.26,0.7326434060536708,0.0034410873940556833,3244.91
ANURAS-FORTIS,402.56,0.6930753879345609,0.00605085269040628,3244.84
CANFINHOME-KFINTECH,451.03,0.7855843036938696,0.01015759215149221,3237.87
BAJAJHLDNG-GAIL,612.0,0.9023093337244619,0.0010021898814958348,3232.31
HDFCBANK-INDIACEM,564.99,0.656935964718248,0.09049206226390827,3229.08
CANFINHOME-MSUMI,441.5,0.8115324177537548,0.01208592855981501,3228.58
JMFINANCIL-JUBLINGREA,615.91,0.7932361453750189,0.08261229436603668,3228.05
ASAHIINDIA-ETERNAL,595.14,0.8773568967170293,0.017300170399191395,3223.48
IOB-IRCTC,545.31,0.7093962288305978,0.015305950093273206,3222.83
RITES-TTML,501.32,0.9115120353204821,0.04750501938512189,3222.61
ERIS-KOTAKBANK,556.84,0.7325646931001771,0.0365647102240398,3220.86
AUBANK-BAJAJHLDNG,554.84,0.6752527668540205,0.11822860047554112,3218.61
ADANIPORTS-GABRIEL,526.03,0.8552995381359202,0.09311856256319045,3218.34
IIFL-PIIND,612.22,0.7420813927506322,0.1396307834893054,3217.5
INDIACEM-TTML,485.95,0.6973611004784028,0.01837946443933228,3206.79
JBMA-NUVAMA,599.48,0.7393148755547914,0.06436819942508618,3203.38
APLAPOLLO-TMCV,463.86,0.9055808460095942,0.07310711661910961,3198.97
ANURAS-JUBLINGREA,379.53,0.7548080087370705,0.0010584652214125185,3198.64
CCL-CHENNPETRO,435.62,0.8836993540223166,1.0888348008139328e-05,3197.7
GODREJIND-WELSPUNLIV,608.95,0.7681665764435722,0.038563386912971225,3196.38
NAVINFLUOR-SCHNEIDER,401.33,0.8382413917447993,0.032388634192965414,3194.7
CRAFTSMAN-HONASA,498.71,0.6756446713152378,0.1400622031301325,3192.18
JSWCEMENT-RBLBANK,559.18,0.7300805277078398,5.751192833205093e-05,3184.01
STARHEALTH-TENNIND,458.43,0.7196796650428952,0.12831926982861563,3183.58
INDIAMART-IOB,411.34,0.684017593063885,0.0527369295004817,3178.75
BIKAJI-NEWGEN,406.04,0.8623805739662392,0.13190739429805937,3174.69
BATAINDIA-EMAMILTD,487.9,0.9665091864607557,0.0007883400148220822,3160.24
ANANTRAJ-PHOENIXLTD,492.04,0.7953374759034825,0.03023231059920716,3152.31
BAJAJHLDNG-RHIM,566.26,0.9159336304926855,0.0005200377986998573,3147.89
BAJAJFINSV-BBTC,543.0,0.9652180436319482,0.0009184884043821843,3142.14
INDIAMART-SBFC,361.05,0.6681088416001159,0.18556285734560857,3131.76
CARTRADE-NAUKRI,524.39,0.9637471861146635,0.013856994889335146,3125.3
LINDEINDIA-SAILIFE,556.92,0.8396552724163722,0.16894629979816495,3125.04
NAVINFLUOR-WELCORP,619.04,0.7898531756324131,0.06942317481268435,3111.38
BAJFINANCE-SIGNATURE,553.71,0.8738147198926348,0.00747899752246708,3110.34
GODIGIT-SWIGGY,352.95,0.7917672443254645,0.07164840189217513,3101.98
GABRIEL-NYKAA,443.99,0.7642423121486167,0.15587962688022938,3096.32
AADHARHFC-DCMSHRIRAM,325.57,0.6683285885413237,0.0001370136592849995,3096.24
INDIAMART-LICI,457.86,0.7548918509394639,0.09734169846637714,3076.28
BAJAJHFL-GODREJCP,612.7,0.7570304005560502,0.07297104425879332,3073.16
ATUL-DATAPATTNS,351.5,0.8288655627736651,0.044372493496676726,3072.71
JSL-RITES,584.7,0.8090357509541104,0.00020332636155843422,3071.41
CUB-MSUMI,567.22,0.7667999724975082,0.08072520214718076,3068.32
IGIL-STARHEALTH,525.5,0.7711913151833093,0.00010317005691400648,3061.15
NCC-TRIDENT,577.37,0.6772252107070701,0.12976305184071774,3057.45
BATAINDIA-TBOTEK,440.62,0.9743726108065155,0.013091869477796706,3050.52
PVRINOX-SIGNATURE,564.36,0.6841163791555253,0.01564884496687979,3047.5
GODIGIT-ICICIPRULI,468.57,0.6619493994982688,0.13279941152344038,3043.6
GODIGIT-SBICARD,351.43,0.821512893659113,0.048470067496072515,3041.75
EIHOTEL-IRCTC,522.18,0.8531722340044349,0.0432849481211168,3035.31
BAJAJHFL-RAILTEL,580.79,0.8358874170205247,0.1597786060049326,3027.5
CESC-HSCL,412.32,0.814347874530944,0.028764917303667568,3025.4
CAPLIPOINT-TRITURBINE,593.3,0.7749278040484024,0.11801287353230772,3023.34
BIKAJI-DLF,585.1,0.8044979593623928,0.18151109741460453,3021.57
ABLBL-KOTAKBANK,534.34,0.8081354627616395,0.05200136102319628,3016.58
RBLBANK-SHYAMMETL,615.18,0.7387143591814531,0.010847974833866401,3011.16
ERIS-REDINGTON,582.57,0.7348009692748284,0.07207377222821797,3010.06
GMRAIRPORT-GRAVITA,610.3,0.8646878061257586,0.0023498658432991866,3004.91
CONCOR-SOBHA,511.27,0.8396850997819688,0.03791307105923362,3004.03
CANFINHOME-RVNL,383.8,0.8602542931367989,0.0016532354269911164,3001.23
ABBOTINDIA-KOTAKBANK,594.2,0.6854022615648623,0.1852846983708582,3000.59
AEGISVOPAK-PRESTIGE,513.37,0.9166498263075125,0.0016187606094101188,2998.58
EMCURE-SCHNEIDER,461.5,0.7343419744937446,0.05756226559930338,2998.42
EMCURE-IPCALAB,482.43,0.6591287901044969,0.07977670914971191,2995.78
ATUL-CARBORUNIV,508.86,0.6516073944822813,0.09672187282144384,2983.85
RHIM-UNOMINDA,584.66,0.9024606351427745,0.006556690407319442,2983.8
INDIAMART-RITES,435.69,0.686141631092189,0.09662714269806272,2983.4
IGL-INOXWIND,465.48,0.9336153479635566,0.04572604160719002,2979.58
EIHOTEL-GMRAIRPORT,515.2,0.8111769350992456,0.03435837876937591,2972.34
BHARTIHEXA-UNOMINDA,404.09,0.8456501336870479,0.00864086279009563,2957.41
BALRAMCHIN-CGPOWER,518.18,0.9245754543404774,0.0076296881339942835,2957.07
HEROMOTOCO-UCOBANK,587.92,0.8298469424747257,0.05277310951134631,2953.05
CREDITACC-SUMICHEM,601.25,0.7047935038970615,0.05283201063344151,2952.48
ABCAPITAL-PHOENIXLTD,418.09,0.8627212730013768,0.033869298560321816,2947.21
CANFINHOME-JUBLPHARMA,408.34,0.6640123719104617,0.16029814858500746,2938.05
JUBLPHARMA-LTTS,610.76,0.9001132030162583,0.13101503995775826,2933.73
BALRAMCHIN-STARHEALTH,586.78,0.7899141172552462,0.10901794179890284,2920.95
JUBLINGREA-WOCKPHARMA,593.9,0.8067546398707437,0.18372970487823193,2913.89
CHALET-HDFCBANK,520.44,0.8835094419023036,0.03840955668842083,2900.15
JYOTICNC-KALYANKJIL,494.27,0.8385049935701792,0.1547195130955742,2898.1
CUB-PINELABS,492.0,0.7890017527664646,0.08710990970100946,2896.18
FLUOROCHEM-NYKAA,570.84,0.7206974789505517,0.18431499784838146,2895.79
HYUNDAI-SBICARD,484.51,0.9448617115020492,0.11756242078334128,2893.67
LALPATHLAB-VIJAYA,319.21,0.9135867385496529,0.00014720166812969213,2887.03
BELRISE-THERMAX,564.98,0.8800594579299714,0.09184940134325187,2886.27
LTF-SJVN,603.18,0.695712089028937,0.043975698957343164,2884.95
HSCL-VIJAYA,605.29,0.8991612951802214,0.021694392891571875,2873.33
CANFINHOME-VMM,458.42,0.7840339168764885,0.03594798643683115,2872.31
ABFRL-AEGISLOG,522.2,0.8316777161962707,0.18554763967667315,2869.6
AIAENG-RECLTD,419.38,0.7450501071428974,0.008944402198262813,2867.32
IOB-SONATSOFTW,606.4,0.6745720498105702,0.03390750249850358,2857.05
DIVISLAB-MEDANTA,519.61,0.8261443293575269,0.013119916112883904,2852.2
EMCURE-SAIL,611.25,0.8384511964148087,0.0035672224606401134,2849.55
INDIAMART-IOC,481.47,0.756458381661779,0.012749900730981985,2849.24
ABLBL-BATAINDIA,349.77,0.9027547214698728,0.009132156791397436,2840.94
ABLBL-POONAWALLA,587.64,0.7554452642509132,0.06931766871749476,2832.74
ABSLAMC-NTPC,595.96,0.9280270676663598,0.06971470105332866,2823.88
HYUNDAI-PTCIL,615.42,0.8796820794818125,0.00198091183715848,2822.22
CUB-ESCORTS,598.22,0.8178151182925726,0.04712201733979813,2819.43
MSUMI-RITES,561.18,0.8640542802291808,0.016989329727780347,2812.92
HSCL-STARHEALTH,601.31,0.831626271476124,0.0321244975464587,2809.08
ASAHIINDIA-INDIACEM,428.68,0.6968654350904367,0.003782392085404234,2808.6
BHARTIHEXA-TCS,612.76,0.783374242304942,0.05029543615082338,2802.21
ABFRL-BATAINDIA,515.82,0.9053543519395219,0.1626459528202881,2800.56
HINDUNILVR-MSUMI,618.83,0.7551090363825343,0.1249360793626933,2791.76
ABFRL-HINDPETRO,548.12,0.9063081756111037,0.018101519482281895,2789.43
INDIACEM-VMM,579.02,0.7303343176711038,0.017889754696875548,2783.68
CANFINHOME-ZEEL,611.77,0.6888086341449156,0.07054245415113118,2781.9
NIVABUPA-SUZLON,417.64,0.677491006571772,0.16688645955975417,2780.42
ASTERDM-NATCOPHARM,474.14,0.9376076715262813,0.0028812714679572857,2778.61
ABCAPITAL-SOBHA,513.64,0.7939032828633941,0.02675152885419175,2776.26
ATUL-IFCI,437.39,0.758268380228351,0.11061638280463909,2774.95
ICICIAMC-SONACOMS,524.06,0.8778999942030563,0.0017559032689082024,2768.32
INDIAMART-SONATSOFTW,495.07,0.7325459881245939,0.13973444032874427,2753.03
EIHOTEL-MAPMYINDIA,587.81,0.8483270847361504,0.04927911506003027,2752.81
GVT&D-VTL,451.3,0.9621815778942739,0.0004618608548025333,2745.19
ABFRL-ANANTRAJ,580.87,0.8469316833257761,0.013985055353457109,2729.8
CONCOR-NCC,508.67,0.7555588424304158,0.1574250660748387,2715.88
ABFRL-RITES,547.34,0.8587929309463052,0.11260940456024149,2714.72
EIDPARRY-IGL,476.47,0.9406297895696933,0.12796068907124658,2712.92
IOB-JKCEMENT,500.75,0.7121067212036386,0.0011986413475979596,2707.14
ABCAPITAL-NSLNISP,442.51,0.834931792340113,0.0028491888066594644,2706.41
CONCOR-HOMEFIRST,604.83,0.7380216878187992,0.05861107198016047,2704.5
ABFRL-KOTAKBANK,586.57,0.8813279763612206,0.04215801631918224,2702.14
BHARTIHEXA-RELIANCE,546.79,0.8276156009667353,0.007320896648559813,2700.79
360ONE-IGL,500.47,0.8139404246270204,0.0517540389066749,2700.49
IREDA-JUBLINGREA,529.7,0.8433851869179404,0.11215361208452634,2696.23
BHARTIHEXA-IDFCFIRSTB,448.29,0.7786981007800821,0.06675078594237942,2695.91
ITCHOTELS-MARUTI,589.38,0.960794126115747,0.00024849568201768375,2681.91
ANANTRAJ-CONCOR,489.77,0.831558977668339,0.012869637434001222,2675.72
ASAHIINDIA-SHREECEM,546.6,0.7948479830770045,0.04448585937102349,2672.8
HBLENGINE-TTML,570.43,0.8440791541848136,0.10197293805843921,2671.54
360ONE-INDHOTEL,478.81,0.8650230731177361,0.10041640869689755,2671.33
AIAENG-HBLENGINE,382.23,0.6727354253485823,0.031209080760693196,2667.79
HDFCAMC-TMPV,601.83,0.8256260721610151,0.10140347034154878,2666.94
360ONE-BBTC,400.66,0.8384966144769396,0.07024883848876233,2661.32
EMCURE-NETWEB,551.1,0.6929821058436432,0.05084876906357094,2655.78
MOTILALOFS-NEULANDLAB,381.86,0.8747629794743134,0.033285867831947966,2654.42
GRASIM-VIJAYA,558.75,0.7571696396105774,0.10074808198703594,2653.2
ASAHIINDIA-CUB,438.11,0.7766348522832177,0.0527807722714809,2650.41
ANTHEM-ELGIEQUIP,593.38,0.8625925436284886,0.01939700763560374,2644.77
INDIAMART-JKTYRE,405.7,0.7498251004199946,0.008062511673419433,2635.01
INDIAMART-MUTHOOTFIN,430.68,0.7029830758757939,0.011191977131209703,2633.6
JSWINFRA-JUBLPHARMA,570.37,0.6812508705446019,0.009574201829191987,2633.18
GABRIEL-USHAMART,560.86,0.862120541680588,0.0030510725112458032,2633.1
JPPOWER-JUBLINGREA,500.03,0.8455356376448406,0.06328669332258965,2631.38
JKCEMENT-SHREECEM,510.35,0.81781969515652,0.001411677643036561,2620.05
AUBANK-ZEEL,554.12,0.7293980213910876,0.02380885044510547,2618.5
BATAINDIA-ESCORTS,500.09,0.938430565014957,0.0197642661624266,2614.82
CCL-MAHABANK,609.21,0.739076766223863,0.1453582471435022,2614.73
EIHOTEL-IGL,567.87,0.8790612585201233,0.007295540228988143,2614.42
EIHOTEL-SWANCORP,502.66,0.8227151600432511,0.05650498188833251,2613.71
ASAHIINDIA-RHIM,590.98,0.8574711004584489,0.052544699877465705,2613.48
BALRAMCHIN-IGIL,586.65,0.6799165934499389,0.03409828841779669,2613.3
GMRAIRPORT-MEDANTA,428.02,0.7425029385056706,0.06506121154307937,2612.35
JSWINFRA-POLICYBZR,575.98,0.6843056485739261,0.0022357591815427152,2610.19
BAJAJHFL-BATAINDIA,266.06,0.9301777185275417,0.15844851624697093,2606.83
INDGN-JUBLPHARMA,566.36,0.8449067713433545,0.019980403936193207,2603.7
ERIS-LATENTVIEW,498.36,0.8356049047987825,0.010863572840597054,2591.39
BIKAJI-KEC,480.87,0.7908693643897511,0.13763031123089026,2586.17
ETERNAL-TATACAP,579.93,0.6757272278381949,0.04201694291297533,2584.74
CCL-DMART,523.43,0.8271567940492883,0.014862083672200503,2583.5
CHENNPETRO-GESHIP,574.09,0.8198826014565676,0.02725246854943127,2581.82
ATUL-TENNIND,358.04,0.9016425516583234,0.001025521966669069,2580.68
ABSLAMC-ATUL,537.38,0.8305202986111756,0.09479601199490395,2577.59
PARADEEP-VMM,571.26,0.8966516513416115,0.05936290006750784,2575.1
NSLNISP-VIJAYA,569.04,0.7076330240094107,0.08709817406260917,2574.62
CGCL-NEULANDLAB,559.73,0.8295846424515662,0.0056162472772309305,2570.67
HDBFS-PIIND,414.71,0.8808364096401767,0.07117847105732446,2567.99
DELHIVERY-TENNIND,613.1,0.8414512799281336,0.022897895909242825,2567.81
MEDANTA-PPLPHARMA,473.93,0.9123884260659443,0.0024258082124534856,2563.78
MSUMI-SIGNATURE,606.4,0.8607893258834284,0.05970803412314135,2562.16
LTM-NAUKRI,556.31,0.9847070422531068,0.027784169725556883,2561.7
NSLNISP-SUMICHEM,471.96,0.8209076286500325,0.010240385599314466,2558.65
BBTC-IRCTC,362.87,0.9618286055337336,0.011665465132217102,2553.23
ASAHIINDIA-WIPRO,521.9,0.8837359822420134,0.062353742826700524,2548.59
EIDPARRY-SWANCORP,504.34,0.9376258804516392,0.05624907032031995,2545.5
ERIS-RITES,540.99,0.7216517615851301,0.033628248042358276,2539.21
DIVISLAB-FORTIS,447.83,0.8531804442801798,0.026534004698606225,2536.48
BIKAJI-PIIND,527.16,0.7218448029760796,0.12907502573716056,2535.52
ABLBL-VMM,583.7,0.8643658901657395,0.00765166986485707,2535.15
ABLBL-M&M,584.02,0.8614454300163642,0.030260367551084938,2532.42
PCBL-PFIZER,583.23,0.6884614321896465,0.05706468704376256,2531.74
EIHOTEL-GODREJPROP,505.16,0.8823399507136539,0.016728040044627378,2527.86
ITI-RPOWER,365.46,0.872091502436147,0.0017212961111532944,2526.39
DELHIVERY-ICICIAMC,584.85,0.8638980382609804,0.042510224950848295,2521.87
BEML-NIVABUPA,457.78,0.7602954102441898,0.022082685380464113,2517.56
GMRAIRPORT-LTF,422.99,0.9000257067679183,0.0001541478045925583,2516.72
BBTC-ICICIGI,510.72,0.8654414592647895,0.11566919130933484,2512.42
BHARTIHEXA-SWIGGY,568.16,0.8830702227325904,0.009854481285864594,2511.21
CYIENT-SONATSOFTW,539.74,0.9469382951005916,0.08952282765525427,2505.74
GICRE-NAM-INDIA,434.93,0.7043778813771376,0.012719916106295586,2498.89
JUBLINGREA-SUZLON,484.18,0.948709330183888,0.0013623192754838311,2498.2
CASTROLIND-ESCORTS,464.43,0.7314850319147508,0.0029342397070729245,2496.09
GPIL-THERMAX,524.37,0.8540972110592817,0.03159577533498964,2495.92
ACE-GABRIEL,357.4,0.6638670092914372,0.03380108697146548,2490.16
FLUOROCHEM-VIJAYA,497.23,0.7780198724175701,0.0320868414414821,2488.3
GICRE-RBLBANK,502.64,0.686258142258084,0.005170032077945033,2481.62
ABCAPITAL-PCBL,577.37,0.7097662260664171,0.13356750839798937,2480.15
NCC-ZEEL,445.96,0.7994828285275403,0.0761887077128584,2480.02
GODIGIT-HCLTECH,333.79,0.6581788410277155,0.15059077059181336,2478.67
CHALET-UCOBANK,565.56,0.8883063084018268,0.060732366215604336,2477.66
KPIL-TIINDIA,533.59,0.7872242580861581,0.026163161772550687,2476.32
AADHARHFC-NUVAMA,458.94,0.6582190821899322,0.00019929647474843372,2475.06
CLEAN-INTELLECT,555.48,0.9143874439066559,0.07770216532192502,2474.58
BIKAJI-RITES,469.73,0.7976939698392196,0.10968044375045971,2473.16
DEEPAKNTR-NIVABUPA,490.35,0.8011231198001235,0.0656238993000912,2472.89
NH-TATAINVEST,570.9,0.7264548079735703,0.10813216990715069,2472.3
AIAENG-SUZLON,589.03,0.6625610832083644,0.025839061289206714,2472.12
GMRAIRPORT-GODREJPROP,358.48,0.9078101148002351,0.0011554917075942872,2471.32
SWANCORP-TBOTEK,412.53,0.9571152572942425,0.06234745355792734,2470.5
IOB-PINELABS,424.7,0.709590823091473,0.017734976768034767,2466.54
GMRAIRPORT-IOB,459.05,0.7835324014124259,0.0427900210311569,2466.42
ABCAPITAL-MGL,567.97,0.7312639056115614,0.1291557485235194,2464.6
AMBUJACEM-INDIACEM,347.85,0.8205704525796083,0.01453789131560496,2464.23
INDIAMART-RHIM,315.55,0.7872969473976807,0.03903528532802964,2464.1
BBTC-HDBFS,295.62,0.9344055337062895,0.05853624182511955,2463.51
BAJAJHFL-DALBHARAT,551.33,0.7265526626048081,0.08062526597034575,2463.5
ABLBL-IKS,584.93,0.7093524391842725,0.06243037466457425,2462.09
ERIS-SONATSOFTW,535.94,0.8564636884894098,0.005389344213065835,2458.92
ABLBL-GODREJPROP,447.47,0.873281324543204,0.07803176229299884,2455.42
GODREJPROP-ZEEL,560.38,0.8387609807294163,0.1700702961407184,2450.98
GABRIEL-MEDANTA,575.1,0.846844032448976,0.03585184060438692,2448.87
PIIND-ZEEL,450.22,0.7765845881926544,0.08232372534931309,2446.25
360ONE-ABFRL,507.26,0.8413144663282224,0.03154437858783054,2440.62
ANURAS-TRITURBINE,528.06,0.7353084098987592,0.00034059234464113125,2437.64
NIVABUPA-WOCKPHARMA,357.88,0.8424981924566849,0.00020223927551270716,2431.64
ERIS-ITI,568.11,0.6625677840204152,0.05320131931886172,2428.83
INDIAMART-IRFC,374.39,0.7413844260169633,0.032979699960761735,2428.05
BEML-BERGEPAINT,610.89,0.6799338332245853,0.11307115795631179,2428.03
ABLBL-IDFCFIRSTB,522.29,0.798102235884549,0.022071758020267465,2424.57
EIDPARRY-KFINTECH,553.94,0.8973460523382706,0.025496394554815248,2418.89
ACC-CHOLAFIN,549.59,0.820329802437209,0.042740450778257916,2401.57
DLF-HINDPETRO,516.15,0.9220710455699814,0.011974348590490099,2398.29
NLCINDIA-THERMAX,544.97,0.9387411518055379,0.003325951863706221,2395.51
BAJAJHLDNG-CHOLAFIN,519.03,0.9186947273353335,0.0020559036258949643,2394.03
BALKRISIND-CHOLAFIN,594.44,0.7674110584964213,0.09931410601943658,2393.22
ABSLAMC-SCHNEIDER,556.5,0.8865047949854432,0.06794961727210312,2391.49
ABLBL-IRCTC,517.41,0.8909643257820702,0.00637208058212226,2388.63
INDIAMART-SBICARD,583.5,0.783794448423177,0.02653192932480404,2386.74
JSWENERGY-THERMAX,549.48,0.8614963806811681,0.0022804337948305864,2383.16
NH-OBEROIRLTY,552.02,0.6752375907853153,0.11447941121474059,2380.45
LTFOODS-POWERGRID,565.94,0.6784342361177559,0.030436008390326976,2374.04
GODIGIT-HAVELLS,435.06,0.7730950657330956,0.04560830223818381,2372.46
ATUL-GLENMARK,525.31,0.7884655408253382,0.11130504676376657,2368.35
GILLETTE-RAMCOCEM,503.52,0.7730462413859917,0.02170226910648761,2352.53
KOTAKBANK-PIIND,597.63,0.8132629342483617,0.1517493552238195,2347.25
GRAPHITE-MAHABANK,451.68,0.9324852211363563,0.004315695732215156,2344.66
DLF-ITCHOTELS,421.45,0.9514492111490459,0.056266679569286264,2341.65
NH-RAINBOW,414.52,0.7857949387638453,0.04741906472946051,2333.46
BATAINDIA-IRFC,540.58,0.9139033663785879,0.07698306345189698,2332.45
DELHIVERY-STARHEALTH,602.15,0.8288930235627625,0.0010138898261019638,2327.1
AEGISVOPAK-GRAVITA,484.4,0.8308884092613765,0.04331479575918681,2325.62
TECHNOE-VTL,488.07,0.7732198965107154,0.014989532279259612,2323.66
ABFRL-BAJAJFINSV,487.41,0.8754117979070503,0.08989292126154019,2315.79
DEEPAKNTR-GODREJIND,589.37,0.8503341651115567,0.00453278052396898,2309.45
NEULANDLAB-WOCKPHARMA,467.94,0.7621680928577912,0.1001708684122411,2307.55
PRESTIGE-RITES,563.13,0.8985389333649981,0.065878381746577,2306.66
BAJAJHLDNG-BBTC,377.5,0.8787675240752382,0.17617072394520245,2299.24
CHALET-CYIENT,578.68,0.9225706790403462,0.02232236467285331,2299.02
GMRAIRPORT-LT,522.65,0.7766196833407872,0.014255514112228395,2296.18
INDIAMART-LATENTVIEW,568.96,0.7954945370637936,0.03978660600571845,2290.14
ABLBL-GMRAIRPORT,434.31,0.8313478259290575,0.06899849283766016,2287.45
INDIAMART-INOXWIND,533.86,0.7053645020111436,0.15810997909062324,2285.94
ITCHOTELS-TBOTEK,448.62,0.9523698160479752,0.028168801073477946,2284.27
AADHARHFC-ABDL,418.19,0.6707998385421415,3.654823003862865e-05,2283.98
STARHEALTH-VIJAYA,569.64,0.7321239497942431,0.09425288897720446,2281.44
HDBFS-SBFC,500.8,0.8413463700948656,0.03112088995637699,2269.67
NEULANDLAB-USHAMART,463.91,0.8604390927456838,0.00041875281037674915,2267.79
CARTRADE-TCS,486.56,0.948627710295269,0.024577408674834593,2264.69
HEROMOTOCO-SAPPHIRE,579.32,0.7967498495877376,0.11506395130483099,2263.27
JSL-LTF,541.08,0.7684255629534936,0.0025634721513224865,2257.72
ASAHIINDIA-BBTC,541.37,0.9306777474043079,0.006901862639353394,2252.86
ATUL-NMDC,568.12,0.7650859630235377,0.15050075283016,2251.99
ASTRAL-SUPREMEIND,264.73,0.9263047280849188,0.03491937130225302,2240.97
BIKAJI-IRCON,543.07,0.7524805221316256,0.16942959474552416,2236.32
CHALET-HINDPETRO,475.52,0.9310551780955296,0.00015495097584972538,2235.04
INDIAMART-PNB,451.3,0.779037248969532,0.010610283222924151,2230.08
TIMKEN-VTL,404.54,0.9175813639231307,0.000466408835940623,2227.76
ABCAPITAL-ZEEL,609.7,0.8009140987823651,0.0691500304118306,2226.85
IRCON-RITES,219.07,0.9755137292190093,0.005869981896155196,2224.1
SIEMENS-TECHNOE,398.7,0.9129699726587006,0.008430647534493355,2218.5
CONCORDBIO-PIIND,596.39,0.8121130543374507,0.042701571849905216,2216.31
BALRAMCHIN-TIINDIA,545.38,0.8038284965083703,0.06525680440338323,2213.39
BAJAJHLDNG-MSUMI,418.88,0.8376044528007314,0.09992950847772564,2212.29
MARUTI-SBFC,571.26,0.8164016097861598,0.1863478365655889,2207.24
KPIL-NETWEB,499.52,0.7756754071123007,0.03774017007358802,2203.92
ACE-LICI,398.98,0.6943554857540619,0.029725184963738965,2201.12
MANAPPURAM-WOCKPHARMA,508.18,0.8126931728227735,0.02686680837629194,2197.5
BEML-HAL,596.96,0.9034182662149421,0.03590681088166525,2196.79
SIEMENS-STARHEALTH,392.94,0.9152110117309603,0.00025203515379684284,2191.29
KOTAKBANK-SWANCORP,565.04,0.9217790214269947,0.031121911030399355,2190.81
BAJAJFINSV-DEVYANI,590.29,0.8673213256672886,0.03054890030339253,2187.98
CUMMINSIND-ELGIEQUIP,439.14,0.9120139865595354,0.026387266820365737,2186.8
GICRE-HDFCAMC,400.78,0.6831820477579181,0.022569255201218098,2186.05
IGL-SBFC,551.65,0.8339203505155016,0.03390875457774606,2185.91
AEGISVOPAK-GODREJCP,593.31,0.6989032267072962,0.02725575816430208,2180.92
PIIND-RVNL,449.52,0.8058133741547174,0.00501899076038609,2180.06
IEX-JUBLPHARMA,612.83,0.8369572233547515,0.0074833641678545715,2179.41
MAPMYINDIA-PIIND,570.19,0.8596578589299378,0.03359250395155519,2178.62
NUVAMA-YESBANK,615.22,0.850903444511897,0.1098025554331919,2174.24
ANURAS-LLOYDSME,491.97,0.6680796076703458,0.021819115419944177,2173.43
BIKAJI-GRAVITA,577.88,0.8156950056837459,0.14085745370952552,2172.75
CHALET-IOB,501.18,0.7554124800449273,0.187818709812688,2172.19
CCL-GESHIP,565.09,0.8661263883629484,0.01311258492959656,2167.82
PIIND-SOBHA,596.69,0.7820436772875005,0.13413216625767282,2164.02
CGPOWER-VTL,471.88,0.9089737640242345,0.08785698649871282,2162.68
ABLBL-BAJAJHFL,370.27,0.9205377355128233,0.0025128085947839747,2161.35
SARDAEN-SCHNEIDER,432.74,0.8297194474487803,0.09115398135779584,2156.89
KPIL-TRITURBINE,439.44,0.8128979267774636,0.01504459062573769,2155.2
DLF-SWANCORP,444.17,0.9225737004950022,0.15782041970046967,2154.81
AADHARHFC-NCC,344.46,0.7453212504437587,1.8261989265699847e-06,2153.73
BAJAJFINSV-UTIAMC,602.55,0.8816924069769041,0.0662927561692266,2147.25
GMRAIRPORT-OBEROIRLTY,570.21,0.6660879165465133,0.12893009909746017,2146.24
LALPATHLAB-MANKIND,539.95,0.8336736550108996,0.0265700480905406,2143.6
DALBHARAT-INDIAMART,510.06,0.7952670140277074,0.0018197265138032435,2142.71
DELHIVERY-SONACOMS,494.69,0.9158925026760024,0.0006198187109128714,2138.97
CANFINHOME-RITES,339.98,0.8713534081842715,0.004173228025358286,2134.52
ABLBL-MSUMI,522.65,0.856625162367492,0.007519028204668385,2131.99
IGIL-SONACOMS,602.33,0.7944637202106207,0.00046299645677204025,2126.06
GMRAIRPORT-TTML,601.15,0.8423032176909505,0.0010629153268332545,2125.51
INDHOTEL-NBCC,572.57,0.9510023719453025,0.027797900042285422,2124.95
NAM-INDIA-WOCKPHARMA,607.56,0.7506290181534357,0.06760347158799476,2124.21
ANURAS-VIJAYA,396.3,0.7356054779018223,0.001305362479561467,2119.26
AIAENG-NIVABUPA,381.17,0.7308606423234345,0.0029095093238685065,2112.45
DLF-MAPMYINDIA,617.02,0.9124551518809769,0.09076491460214703,2110.15
NAUKRI-TCS,611.6,0.982359578720993,0.060826880132145385,2108.05
ATUL-HONASA,423.39,0.8548159089954088,0.012412844842168107,2105.93
CDSL-CHOICEIN,580.09,0.814395415712004,0.09065403763665364,2101.23
ACE-KAYNES,395.6,0.6515966180109949,0.08521336781962319,2100.88
JSWINFRA-JUBLINGREA,523.65,0.799993260117841,0.000441834801456542,2100.83
NH-SBFC,485.5,0.7719915515391857,0.03473969342238181,2100.08
CANFINHOME-CEATLTD,474.58,0.7516725992610105,0.022589828535451488,2094.12
CRISIL-GILLETTE,592.64,0.7217276835224007,0.13038060782846617,2091.78
CCL-SYRMA,610.01,0.7902582313364376,0.10404601190667195,2088.62
ABCAPITAL-BEML,500.87,0.8544035723531058,0.003286703278995972,2088.29
GLAXO-PGEL,616.93,0.6663325246151582,0.0470546180745959,2083.63
PATANJALI-UNOMINDA,548.17,0.831637531946851,0.12247212559322829,2080.95
GAIL-MGL,576.77,0.8373420656261784,0.05658608888504148,2080.14
CHOLAFIN-SIGNATURE,613.23,0.7956964590012683,0.015429874843113214,2076.21
KOTAKBANK-UCOBANK,451.05,0.9143313514056535,0.05504693317314838,2074.76
EMAMILTD-MSUMI,514.11,0.9170052923808123,0.02591339457331074,2074.33
INDIACEM-TATACAP,584.11,0.7925949816306703,0.13737672980209142,2074.24
OBEROIRLTY-PAGEIND,536.97,0.8600068806716638,0.021225494443420152,2068.5
ANANDRATHI-THERMAX,463.14,0.9342670740900565,0.06481294768458684,2066.92
BERGEPAINT-RPOWER,558.24,0.9092310933543896,0.09075541125835684,2063.82
CPPLUS-TIINDIA,550.81,0.8612994212024246,0.05584422933381847,2063.49
LTF-TATACONSUM,604.29,0.7142006942765616,0.04660924659274876,2059.92
LICHSGFIN-RAINBOW,597.89,0.6702031639276155,0.05421044412317447,2057.72
AMBUJACEM-CHOICEIN,486.57,0.9350903026427453,0.05514144441959305,2057.52
BAJAJHLDNG-HDBFS,464.3,0.9163673227852452,0.015553357899410265,2056.58
JUBLINGREA-OLECTRA,586.85,0.8915353349072694,0.01392781703085553,2055.62
KPIL-VBL,571.92,0.7491677506062934,0.13825278664008728,2055.36
JSWCEMENT-KEI,524.55,0.7781906547543967,8.206612687233743e-05,2054.09
CGCL-PHOENIXLTD,365.24,0.6903548585561595,0.17486812321370993,2053.36
GABRIEL-VIJAYA,506.56,0.8507426385524605,0.013655646388828314,2052.85
ASAHIINDIA-JKTYRE,562.1,0.7721026059673614,0.08161825668276596,2052.55
EMCURE-ZENTEC,554.74,0.6724477102554904,0.03212488340295122,2040.55
CCL-POWERGRID,491.22,0.8492160311648698,0.006751007451677537,2032.12
ABFRL-JUBLFOOD,616.49,0.8820796603513362,0.09280461223359432,2027.8
CHOLAFIN-MARUTI,568.4,0.841596377999361,0.04301033272439052,2022.54
ATUL-VTL,427.47,0.8515887401361655,0.06876246253469721,2016.58
GMRAIRPORT-MAPMYINDIA,527.12,0.6976903175421038,0.03693097704952733,2015.61
IREDA-SOBHA,591.15,0.7760964393889527,0.1644211214479832,2015.1
INDIAMART-KEC,539.04,0.7501376395074845,0.03899546318923641,2014.05
SONACOMS-STARHEALTH,512.57,0.8964735862500179,0.0017952615927501153,2013.5
ABCAPITAL-GRAVITA,436.92,0.8109699156454706,0.0690255734008674,2007.95
ASAHIINDIA-INDIAMART,436.4,0.8648148760044293,0.041755195267186476,2006.67
CHALET-INDIGO,395.77,0.9054482060946951,0.0007302251659593172,2005.17
CUB-SHREECEM,518.22,0.862488449618628,0.04854774316849162,2004.21
PINELABS-RVNL,473.59,0.8751506196044034,0.04286238691770697,2002.88
ACE-AEGISVOPAK,550.26,0.7279709786776486,0.035897029564593,1994.3
BAJAJFINSV-ICICIBANK,501.53,0.891390971957278,0.10442574209040467,1991.53
JSWINFRA-USHAMART,400.46,0.787574222193659,0.003723722387879147,1990.36
CGCL-KPIL,528.09,0.6876664174718206,0.06665742961475034,1987.52
STARHEALTH-TATAPOWER,415.62,0.8524824226360479,0.11006674274334571,1975.79
BAJAJHLDNG-KOTAKBANK,373.47,0.8918907793526895,0.0947322634136839,1972.1
ICICIGI-MFSL,352.92,0.7166043366545903,0.11673197920590489,1967.55
IOB-VMM,492.63,0.6910038361647202,0.017956921202499476,1966.94
3MINDIA-LICI,573.7,0.818627643669901,0.038774111615094836,1965.65
BHARTIHEXA-PRESTIGE,503.4,0.7866409038871937,0.07007712927175726,1963.49
BBTC-DEVYANI,291.5,0.9010150524413082,0.02102347004942428,1960.91
ABSLAMC-JSWENERGY,421.33,0.8283658487838874,0.021395030633087182,1958.07
ABLBL-UPL,518.41,0.8585682305411791,0.0014793064897142614,1956.56
ATHERENERG-CPPLUS,594.01,0.9472789034438841,0.014287381787236573,1953.38
ANANTRAJ-BAJAJHLDNG,575.21,0.8722663364954849,0.0007592770137401301,1947.41
AMBUJACEM-CUB,515.54,0.8408375107826491,0.1457109036648958,1942.58
AMBUJACEM-KOTAKBANK,544.05,0.9621176774691712,0.009286667875796038,1942.4
IGIL-SARDAEN,544.67,0.7899405656134092,0.013424606172390061,1941.69
ABCAPITAL-CAMS,608.11,0.8153965806965897,0.04441988056144338,1939.17
KFINTECH-TATACAP,527.99,0.7262742946423248,0.06287386699840056,1930.47
INDIAMART-INDIGO,401.55,0.8678486171060374,0.010681019834409817,1923.4
ABBOTINDIA-FSL,583.06,0.8062456766667722,0.0917970000109023,1923.23
LUPIN-TIMKEN,573.58,0.7674545166826598,0.016362099002763544,1921.0
ASAHIINDIA-ITCHOTELS,604.87,0.9386896480473911,0.018829637230193354,1919.97
AEGISLOG-DLF,499.77,0.8440670761650313,0.17917400575740977,1919.95
ATUL-ENGINERSIN,511.05,0.7503806172776474,0.14295229018195577,1917.94
BSOFT-INDIAMART,560.44,0.8640418809542155,0.00457458920074517,1916.2
JBCHEPHARM-SCHNEIDER,510.12,0.7999524961545768,0.11539054790413095,1912.88
GICRE-NMDC,555.97,0.6632100552675381,0.017632802860254378,1907.58
ACE-SUMICHEM,596.66,0.7230265447718577,0.020853045535955645,1907.28
AADHARHFC-JSWINFRA,355.43,0.7626209451943118,3.9331609173078835e-07,1897.72
CHALET-RITES,354.87,0.8390537107202113,0.10092891815051447,1897.7
PATANJALI-SBICARD,438.22,0.9606818209496895,0.010137521288910078,1895.89
CASTROLIND-IGL,582.37,0.6831142328063137,0.0084840124813904,1895.76
TTML-VMM,566.8,0.9265279243095403,0.0007502831740815686,1894.64
ACC-BBTC,489.4,0.9668993875685412,0.027835625849418587,1892.95
AMBUJACEM-IGL,449.43,0.9043816257618167,0.07948660973386307,1892.85
LTF-SOBHA,613.04,0.8519661263332586,0.018905096724134932,1890.38
HBLENGINE-SUMICHEM,417.77,0.8390632102273153,0.18501785226855771,1887.32
TIMKEN-WELCORP,546.48,0.8277150776254275,0.09128269731521343,1881.3
GODIGIT-HDFCBANK,283.34,0.7460466079947381,0.1445033503120049,1876.67
RAILTEL-RHIM,494.14,0.8262258303550667,0.17542403475332152,1875.96
POONAWALLA-ZEEL,566.51,0.7984397633892074,0.0737022031456482,1871.28
BAJAJHLDNG-LODHA,542.95,0.9417668971940468,0.0013719965791964743,1868.94
INDHOTEL-INTELLECT,535.88,0.8147383876841904,0.16171686502712407,1864.08
ITCHOTELS-SONATSOFTW,411.71,0.9331995285168405,0.09139915937599075,1863.29
SARDAEN-SPLPETRO,574.75,0.8254479847378744,0.009663797432125504,1860.9
HEROMOTOCO-MSUMI,614.08,0.8077749772193066,0.06311682545023616,1859.91
INDIAMART-PINELABS,472.61,0.8428439660690347,0.03222357473299241,1859.9
AUBANK-PHOENIXLTD,427.37,0.8235536592493802,0.032901742711113895,1858.27
GLENMARK-SAILIFE,554.04,0.895582915234857,0.0066408639592378015,1855.92
AUROPHARMA-THERMAX,615.81,0.9416500163478763,0.001491774603506444,1851.47
ABCAPITAL-HDFCAMC,588.16,0.707222993912151,0.17869000501910326,1851.26
CGCL-SJVN,568.61,0.6806098026796462,0.16890861512715172,1846.73
ANANTRAJ-DLF,618.16,0.8558572407867872,0.009228367327351715,1846.22
DALBHARAT-TBOTEK,473.62,0.763064292687141,0.147962925113737,1845.87
RITES-RPOWER,558.12,0.8771928246607226,0.06146674355847111,1844.85
ERIS-NUVOCO,581.95,0.7379824134871348,0.05268109341124034,1839.03
CYIENT-INDIACEM,617.88,0.809846387307098,0.0003762930843789852,1838.19
AFCONS-BIKAJI,493.57,0.9025658530673221,0.001967213890569465,1837.28
DEEPAKNTR-SUMICHEM,580.63,0.7594386536110264,0.052733709385705374,1833.49
BHARTIHEXA-ICICIGI,476.5,0.8276366138969731,0.003882347715220162,1831.23
DEEPAKNTR-TATACONSUM,583.24,0.8539312483397594,0.006356395371165282,1831.15
ABLBL-MARUTI,576.03,0.8671503415012153,0.010650247671196331,1823.74
NIVABUPA-PNBHOUSING,346.38,0.7451704740408885,0.05401148998362061,1820.97
DELHIVERY-SYRMA,457.24,0.9192431224046078,0.0004063817647605711,1817.0
IGL-RHIM,416.66,0.8603850026007376,0.07997640056022554,1814.44
AMBUJACEM-ESCORTS,459.1,0.944876542781715,0.02792418641000873,1811.92
ACC-GODREJCP,431.49,0.8681151355706853,0.005305102637998317,1811.41
JSWINFRA-RAILTEL,525.49,0.7405827874516628,0.018049391996835605,1810.96
EXIDEIND-TATACOMM,571.27,0.8338451506182352,0.1231772160317185,1808.47
GICRE-SHYAMMETL,340.2,0.6711888171383303,0.06581581530705713,1807.79
BAJAJHLDNG-GMRAIRPORT,512.29,0.8359319012014055,0.06688349119544783,1805.85
AUBANK-NIVABUPA,578.4,0.7011403216263608,0.006579002358820481,1804.53
IOB-MARUTI,589.83,0.6881903636167297,0.013900877488365436,1800.31
ACE-PRESTIGE,325.23,0.7821741431950094,0.028105847733935464,1797.58
AIAENG-CAMS,500.49,0.6658767625536464,0.028229804296452783,1796.86
NAM-INDIA-STARHEALTH,551.17,0.8533884273770681,0.0024784057101766162,1796.47
CGCL-JBMA,575.86,0.8054379367770694,0.0033080307969931117,1794.54
JYOTICNC-MARUTI,599.69,0.9255851384430858,0.11705271963864772,1786.33
CGCL-USHAMART,525.66,0.7635849759228337,0.0045496559709735105,1782.78
LEMONTREE-TTML,549.78,0.8917288989559556,0.12075678202687662,1781.62
RHIM-ZEEL,515.06,0.8136884369637764,0.1452200156957668,1776.32
GODIGIT-ITC,338.74,0.7242135585010155,0.1871693272340168,1774.86
GRAPHITE-TORNTPOWER,613.1,0.8109311019969058,0.15160568247474326,1773.78
ASIANPAINT-FIVESTAR,490.1,0.9298781613209396,0.18573431774189614,1771.8
AEGISVOPAK-BAJAJHFL,544.98,0.8798739897793829,0.058455340936670916,1769.67
IGL-INDHOTEL,581.91,0.9114092561274253,0.021965802169401024,1767.7
IGL-INDIAMART,603.95,0.8024040941080995,0.14471374602851145,1765.46
BAJAJFINSV-IRCTC,537.05,0.935797025213507,0.06751210195193515,1765.36
ASAHIINDIA-TRIDENT,497.31,0.7420640852394705,0.10743907613192166,1763.86
AEGISVOPAK-ICICIGI,531.88,0.8691416916711927,0.018479481722723776,1755.56
360ONE-CANFINHOME,513.06,0.7716636393182947,0.09789397319412568,1754.6
BIKAJI-SYNGENE,580.23,0.8998846478775537,0.033564326416915424,1751.51
LTFOODS-SARDAEN,490.49,0.6777144715912979,0.016451504350010762,1748.49
M&M-MARUTI,615.37,0.9700812639883801,0.0014477084986907857,1746.65
ACMESOLAR-PREMIERENE,553.47,0.8238675823907718,0.014659155675861051,1744.87
ANURAS-IDEA,414.83,0.6569655627413851,0.013343059750029106,1739.63
BBTC-DLF,383.64,0.9230978763182858,0.15658005338650627,1735.4
BAJAJHFL-INDIACEM,466.29,0.758246758896587,0.002553396087418426,1733.5
AMBUJACEM-BBTC,612.83,0.9664144671555299,0.009635440331424492,1731.36
INDIAMART-LTF,503.43,0.6658336755435393,0.13017128777219422,1730.91
LUPIN-ONGC,609.17,0.8013874785909456,0.00620145922636968,1728.33
COCHINSHIP-ZEEL,570.33,0.7918807264584444,0.07522317221667522,1727.86
IRCTC-ITCHOTELS,542.51,0.9711971101351656,0.0007814161427376903,1726.85
GODIGIT-HEROMOTOCO,393.38,0.7401055681323311,0.05303753725229196,1726.79
IGL-KOTAKBANK,567.25,0.8627535856538496,0.06794462067673122,1721.25
AADHARHFC-SUZLON,387.32,0.7601059816218251,8.485892803767409e-07,1719.72
CGCL-LICHSGFIN,616.94,0.729461706817569,0.04387760747611416,1713.01
SHRIRAMFIN-TMCV,301.23,0.9065528332845596,0.04973183118442481,1707.62
ABCAPITAL-EXIDEIND,529.89,0.843548106230245,0.013119689546646955,1698.04
FORTIS-KEI,537.32,0.828430984281667,0.0733982724330102,1697.39
BAJAJHFL-CHALET,446.74,0.8867777885539017,0.10470962317718635,1696.89
IGL-TBOTEK,347.84,0.9588975827117227,0.000333685195478191,1693.39
ASAHIINDIA-COROMANDEL,556.89,0.8876633701126019,0.1334379899264977,1689.9
HDBFS-MSUMI,437.87,0.9194788654802832,0.004812397107790029,1688.61
KOTAKBANK-MAPMYINDIA,608.92,0.8871655347671683,0.15835869363803584,1684.32
360ONE-ACC,601.17,0.7729445422669472,0.12232442153623918,1676.09
HEROMOTOCO-PIIND,534.1,0.7799471694992414,0.02798662146287765,1672.72
360ONE-AEGISVOPAK,404.17,0.8444431024446023,0.006581350497007595,1671.66
PPLPHARMA-VIJAYA,542.13,0.6744478336165449,0.08574172091117971,1671.29
BBTC-UCOBANK,526.58,0.9223999208821144,0.15686388711708987,1669.87
BBTC-MSUMI,410.41,0.9098570357417488,0.02230790059661292,1666.98
NH-WOCKPHARMA,553.34,0.6686684028344411,0.08305109026189167,1660.66
BOSCHLTD-CREDITACC,615.68,0.6963950751159746,0.03044125920013371,1659.17
DALBHARAT-JSL,589.85,0.7293156796818407,0.016843781201450407,1653.74
BEML-SUMICHEM,330.22,0.8344320278225715,0.07296389453166532,1650.19
ABCAPITAL-GAIL,526.33,0.8760194855773732,0.003064587068842929,1647.96
INDIACEM-YESBANK,531.29,0.7355878049902616,0.12522472926319062,1633.68
BHARTIHEXA-JIOFIN,568.58,0.8737527482004073,0.004721773563129337,1632.82
ABFRL-TTML,569.13,0.889744701570598,0.029783308646131927,1631.48
BAJAJHLDNG-PIDILITIND,569.74,0.8785878119925097,0.011234047190209583,1631.31
AEGISLOG-BEML,487.52,0.7928811741694985,0.0349087166558345,1628.2
IOB-MSUMI,524.86,0.7105998417517432,0.01502560436960223,1624.46
CANFINHOME-CUB,365.09,0.8145130558464707,0.0011412854564988176,1611.39
AEGISVOPAK-LICI,474.58,0.7861508439049243,0.05382717330817888,1610.21
CCL-NTPC,456.08,0.803833530304319,0.025775635463525556,1607.43
ABCAPITAL-MOTILALOFS,428.76,0.8570924739254078,0.0024696858741718813,1603.03
INDIACEM-MSUMI,615.23,0.7569791299742207,0.019247882845953378,1601.65
CANFINHOME-EIDPARRY,463.82,0.7804546510013165,0.012827066920784325,1597.68
AADHARHFC-ELECON,414.86,0.65902466323703,6.649748701594318e-05,1584.46
KPIL-NMDC,470.82,0.7114495775780297,0.06034585806053701,1579.25
HYUNDAI-PIIND,580.08,0.7725909748328784,0.12929125799935381,1577.72
STARHEALTH-WELCORP,397.8,0.9227050916674547,0.000362862801804967,1574.74
LICHSGFIN-NIVABUPA,450.79,0.657632431223207,0.040212393649405896,1570.88
CANFINHOME-SWANCORP,317.34,0.831175950978334,0.006374906720078276,1570.54
DLF-RITES,403.03,0.9034634994802041,0.10336556942753838,1569.55
IGIL-SCI,521.2,0.7250377309984541,0.003184984024797976,1568.94
ANURAS-ELECON,422.45,0.763412157361488,0.0001483712192957374,1565.38
APOLLOTYRE-RAMCOCEM,609.86,0.7607320263406546,0.11400505699615654,1559.86
AADHARHFC-BEML,350.93,0.7006854393954804,6.914026727723662e-05,1557.57
CASTROLIND-HAVELLS,458.66,0.7206933760574374,0.0015505579763510544,1552.42
BATAINDIA-MSUMI,596.34,0.911034467932911,0.022161882111404546,1545.63
ABLBL-CONCOR,331.69,0.6841502660482768,0.07762594721635831,1545.05
3MINDIA-HDBFS,533.06,0.785040975158902,0.11815777189740923,1544.84
CASTROLIND-PTCIL,487.16,0.7732253299786512,0.0003639246095010407,1543.04
RECLTD-SHREECEM,600.59,0.7245867466073783,0.07319825222311817,1538.89
FLUOROCHEM-MEDANTA,584.27,0.8089550296168475,0.005067113373920649,1538.53
GMRAIRPORT-KOTAKBANK,443.68,0.7362474324372735,0.02935717681636315,1538.37
LICHSGFIN-WOCKPHARMA,521.16,0.8078630166670028,0.052731213683085934,1533.12
ACC-BPCL,546.21,0.9066137336658808,0.059674144506548656,1528.73
AMBUJACEM-ITCHOTELS,389.94,0.9610562392191319,0.002003797566053779,1528.64
ACE-INDHOTEL,326.4,0.8136414959770414,0.012590831669241001,1525.23
GMRAIRPORT-SBFC,568.88,0.817739039626552,0.0007585349071633717,1524.47
BBTC-MARUTI,530.11,0.9581580862699601,0.003355115567067909,1524.38
ICICIAMC-NAM-INDIA,600.22,0.7405898159247531,0.10158739101154907,1522.49
ERIS-PIIND,364.57,0.778176664726816,0.01642702492463623,1517.85
EIHOTEL-INDHOTEL,444.32,0.9160397540971081,0.002522438467950883,1514.91
PIDILITIND-PPLPHARMA,575.14,0.7853276304921923,0.096382145357026,1510.28
3MINDIA-BRITANNIA,466.82,0.8106507114030393,0.02136963412869344,1510.15
HDFCBANK-SWANCORP,460.52,0.9674235411505336,0.002281603188648469,1508.58
SUMICHEM-WOCKPHARMA,387.67,0.813165671791941,0.11346924846903983,1508.5
GMRAIRPORT-POONAWALLA,516.99,0.8256960027954042,0.006187048897680909,1503.18
ACC-HDFCBANK,576.96,0.9743187440694907,0.01119099556583093,1501.98
3MINDIA-VOLTAS,459.6,0.6629865307257714,0.17313568452987815,1500.97
LTF-RHIM,464.49,0.8751504682448112,0.0030738169742962986,1500.12
DLF-TBOTEK,571.35,0.958479562050733,0.006015089198010738,1499.96
IGL-ITCHOTELS,484.17,0.9432307136814492,0.01793758175957533,1497.8
AMBUJACEM-GODREJCP,523.51,0.9155638315152811,0.00864309212175108,1496.68
3MINDIA-RHIM,569.6,0.821078721104458,0.06388008455367664,1495.94
IGL-NBCC,555.12,0.9315679033658198,0.00908874020409319,1493.74
ABFRL-GMRAIRPORT,506.49,0.8804302309140405,0.01816732968650532,1484.05
CANFINHOME-HDBFS,601.05,0.8257130157739161,0.01938774235901784,1478.0
360ONE-IDEA,422.73,0.7050705843055607,0.13217640195369063,1476.4
ABFRL-BAJFINANCE,543.81,0.8606477919370111,0.008682704949955364,1475.37
BHARTIHEXA-HCLTECH,387.94,0.6788526771871298,0.09012837461641787,1473.81
CANFINHOME-PAYTM,479.95,0.7952413154371414,0.02513575024267697,1473.37
CCL-CIEINDIA,487.75,0.7733415465356397,0.03183795693830277,1472.51
ACC-HDBFS,569.57,0.8953684026895716,0.1602902398197653,1464.65
AADHARHFC-TATACHEM,434.15,0.6874384418554454,4.409302306517846e-06,1463.83
CCL-LINDEINDIA,534.59,0.9063789656703409,7.307694183361653e-05,1450.16
CHALET-PIDILITIND,574.08,0.781598581972148,0.1020789419324632,1448.22
ABLBL-IRFC,586.93,0.8026001654161118,0.025332909544818462,1444.62
ANANTRAJ-SOBHA,570.05,0.8809806777036252,1.6106657158445782e-05,1443.03
JIOFIN-PIIND,590.85,0.8324953829682782,0.06792042583866396,1427.9
HEROMOTOCO-KOTAKBANK,603.2,0.8298324611770834,0.044155019082293974,1426.73
FLUOROCHEM-MANAPPURAM,618.89,0.7065675236260637,0.16077827959050667,1425.29
LUPIN-NTPC,501.11,0.8958234602607081,0.0018695571651786778,1423.57
GODREJIND-NIVABUPA,588.45,0.7795055271104125,0.0076803397502049715,1420.88
ICICIAMC-SCHNEIDER,587.15,0.7827359980675442,0.05732173507500421,1419.09
HDBFS-HONAUT,569.41,0.820931994239074,0.146599070041952,1414.68
AUBANK-BEML,471.84,0.8448236476559022,0.0007789178636322006,1413.44
LALPATHLAB-POLYCAB,523.58,0.7048725191614325,0.037299344980885815,1411.21
ATHERENERG-SARDAEN,553.74,0.8516336261375032,0.0913501635760573,1410.22
ITI-OBEROIRLTY,464.49,0.7783096725082741,0.04331750467725107,1408.71
ANANDRATHI-JSWCEMENT,481.46,0.720128546333876,0.11894350042649598,1406.22
NMDC-SAIL,569.37,0.8481297119955683,0.1023247099742956,1405.36
ABFRL-PCBL,602.1,0.7723634207077323,0.11443540177597888,1401.62
INDHOTEL-KOTAKBANK,514.82,0.865895489367115,0.07517197051941953,1392.51
ANURAS-NEULANDLAB,520.6,0.6631146903946988,0.0008776304581996095,1389.98
BAJAJHLDNG-SAPPHIRE,456.61,0.8737291753986957,0.00566075324635473,1383.82
ARE&M-CASTROLIND,428.15,0.7025126371341476,0.09308981521952686,1382.48
BIKAJI-EIHOTEL,557.58,0.8359711205566388,0.02214262462500628,1379.75
ACC-INDIACEM,302.48,0.7403547683812169,0.0008922836653338359,1377.35
ASAHIINDIA-JIOFIN,488.07,0.8791111256660602,0.0804255780538527,1376.07
IEX-PHOENIXLTD,591.73,0.6927913691926845,0.0044772057241276395,1375.76
CEMPRO-FLUOROCHEM,609.58,0.8080718372743723,0.11802325592829327,1374.6
CANFINHOME-SBFC,573.53,0.671358692806187,0.06927493936414651,1369.04
CHALET-RPOWER,408.86,0.8024793684784298,0.1562477144993511,1367.15
ABFRL-SIGNATURE,616.35,0.926977676439062,0.003927770674986139,1362.95
AADHARHFC-OLECTRA,443.48,0.6648568898982358,6.069714563617486e-05,1360.59
BIKAJI-DIXON,574.8,0.7669639826867799,0.05172912431679994,1360.5
LUPIN-TORNTPHARM,483.95,0.8353371256560616,0.07899371348461365,1358.33
AIAENG-NIACL,379.52,0.6830595363893711,0.014450353752360591,1356.5
ASAHIINDIA-IIFL,531.95,0.7845874921489214,0.06694273571216092,1354.02
HDBFS-LTF,507.72,0.8945936282209821,0.04656031428168394,1353.07
CUB-RHIM,529.61,0.8366885168371416,0.012331456771305668,1351.83
TIMKEN-ZENTEC,528.05,0.8008644708669971,0.016728673148237085,1351.31
PCBL-WHIRLPOOL,472.73,0.7859251389062859,0.0434547654430264,1349.88
LTF-MARUTI,561.98,0.8152758787977925,0.12474586009200817,1346.61
BLUEDART-GILLETTE,567.64,0.8304608337590965,0.00792644743021098,1342.91
CHALET-RHIM,360.1,0.9319405639389357,0.00033021006457733913,1341.48
ACC-ICICIBANK,434.5,0.8369460649339909,0.10179635347325611,1329.93
ANANDRATHI-ENGINERSIN,602.09,0.8420130303189991,0.11059296486067055,1329.35
ABFRL-GRAVITA,445.67,0.8542325249859687,0.14374522022819491,1324.58
MUTHOOTFIN-NUVOCO,516.1,0.8081272513180296,0.04215392908478916,1317.63
CANFINHOME-CLEAN,550.91,0.7458612130168649,0.03147007007206255,1313.53
LTFOODS-NAM-INDIA,526.75,0.6630830911310203,0.03438362497284318,1305.87
MANAPPURAM-MEDANTA,608.28,0.7487775439873164,0.01329847109118106,1300.61
AIAENG-APTUS,459.67,0.656039722086608,0.04387383651897185,1297.85
INDIAMART-IRCTC,480.55,0.8227620156061556,0.019484131273059094,1290.35
INDIAMART-MARUTI,522.07,0.777717987923387,0.027547087029271406,1282.91
GMRAIRPORT-ZEEL,601.11,0.8352005844376472,0.009065360436886886,1281.08
COCHINSHIP-NESTLEIND,616.49,0.6546679362995661,0.11235284366605613,1277.81
SCHNEIDER-SCI,532.94,0.9105506344329256,0.10374974361868117,1276.04
LALPATHLAB-USHAMART,587.78,0.7578313978229287,0.021089280773570585,1275.84
INDIAMART-NEWGEN,506.47,0.6920959073367576,0.12005900554036802,1272.7
ABCAPITAL-SUMICHEM,286.75,0.8168061465925083,0.020272172836109745,1269.07
CREDITACC-INDGN,390.84,0.6883854519050113,0.00952760847516744,1267.21
SUMICHEM-TATACOMM,617.43,0.7595974696162492,0.09565048950739174,1266.75
ABLBL-RPOWER,473.12,0.9155250560918421,0.0069679432282246665,1263.34
EIHOTEL-VMM,605.3,0.8337289939638974,0.028915645646574544,1259.99
APARINDS-ELGIEQUIP,619.28,0.9179844925751521,0.01934943318853894,1255.88
HDBFS-KOTAKBANK,482.0,0.9198631553354027,0.04200024018842808,1253.54
ALKEM-SHREECEM,607.65,0.781438396938732,0.000327879367001955,1241.16
ABLBL-AFCONS,458.97,0.9234573063444627,0.0018951828989821643,1238.74
NMDC-TENNIND,595.54,0.7816856174420246,0.026779095786081817,1235.27
CGCL-PNBHOUSING,528.74,0.8223021268337434,0.0029403245471094986,1235.0
HYUNDAI-ICICIPRULI,536.85,0.9382500338787181,0.0024926935123389107,1229.91
GODREJIND-LALPATHLAB,469.01,0.8020507975474759,0.02072064178144716,1226.12
ANURAS-GABRIEL,387.04,0.7939665264437089,4.3760038622261626e-05,1225.4
CIEINDIA-LENSKART,615.96,0.8381887875052384,0.006341270850845892,1225.11
NH-SUMICHEM,454.13,0.7889511914106607,0.018802824908596503,1224.62
INDIGO-MINDACORP,561.24,0.8598540089224258,0.010484483251951737,1214.05
MARICO-VIJAYA,526.26,0.7457935134211273,0.04632969633675323,1211.43
PHOENIXLTD-SUMICHEM,416.37,0.806731289716037,0.16078488778572492,1211.22
ASAHIINDIA-PAYTM,517.13,0.791721110146027,0.1859698566917014,1206.49
IRCTC-SWANCORP,508.09,0.9757934919249406,0.002304091569279436,1202.97
BALRAMCHIN-CPPLUS,478.73,0.9030390005110605,0.07961031376118988,1198.95
BLS-EIDPARRY,533.72,0.8643042537331844,0.009945989430295031,1194.87
CCL-HONASA,422.45,0.7291850891092668,0.16515860103997942,1194.02
CESC-TARIL,470.02,0.6739130896051043,0.12718515425064025,1192.71
MSUMI-PATANJALI,604.56,0.8622738465735378,0.0677435846674027,1185.58
GAIL-GODREJPROP,589.82,0.765592964930804,0.1682137957176758,1185.47
CHOLAFIN-ITCHOTELS,553.33,0.8596539225829839,0.0017789316983240072,1185.15
ABLBL-HBLENGINE,358.87,0.7700491135637291,0.10475289711170332,1184.67
BAJAJHFL-LTF,602.75,0.9031658200184033,0.011330394762055121,1182.54
ABCAPITAL-ASIANPAINT,495.86,0.7810455451712952,0.018974157995504146,1181.82
GODIGIT-UTIAMC,422.43,0.66933947495763,0.124394669358519,1180.42
JSWINFRA-OLECTRA,611.79,0.7398041986724997,0.013523170110455791,1178.1
JSWSTEEL-SAIL,516.57,0.8785753322931178,0.14665954920817542,1176.06
ANURAS-USHAMART,424.07,0.8015467466962481,0.0001603819187532825,1174.92
KOTAKBANK-SIGNATURE,521.51,0.8640106350460399,0.15105115257583568,1169.76
ABLBL-CHOLAHLDNG,400.68,0.917689253274009,7.188226336427094e-05,1165.98
CDSL-TBOTEK,615.85,0.9347933118309227,0.00808671151133278,1164.43
CUMMINSIND-TECHNOE,494.6,0.9033355368924765,0.005288934952715536,1158.03
KIRLOSENG-SCHNEIDER,438.99,0.9434477492906512,0.00038258765245832634,1157.93
KOTAKBANK-PATANJALI,592.28,0.8932288757700033,0.07452482909959646,1155.01
ACC-PIIND,551.2,0.8604502812248002,0.08175318581930363,1154.8
AEGISVOPAK-IDFCFIRSTB,561.82,0.8299205798229581,0.00845570452584892,1153.17
ABLBL-RITES,418.28,0.8423271268824889,0.012498146977311131,1153.15
INDIAMART-KPITTECH,504.14,0.7491615812828685,0.09126497311435144,1152.66
ULTRACEMCO-ZFCVINDIA,601.92,0.664181400480043,0.09911055962328424,1147.14
JSWINFRA-LTF,450.38,0.6910931569021436,0.03330077504728119,1143.26
CHOLAFIN-PIDILITIND,571.48,0.8394318471344278,0.061042822120311,1143.14
CASTROLIND-PGEL,524.59,0.6701741594780342,0.0007809249583516763,1142.75
CRAFTSMAN-MARICO,576.13,0.7972466751994595,0.031737686716924125,1140.6
CHALET-LTM,561.27,0.8712299209124011,0.1431124938603004,1135.78
HDFCBANK-SWIGGY,612.84,0.9410456729694407,0.13218883797662329,1135.15
AEGISLOG-ASIANPAINT,560.69,0.7937004313378785,0.0285467908358754,1131.34
EIHOTEL-MAXHEALTH,503.54,0.6599312300100495,0.09039408736664684,1130.08
MINDACORP-TMPV,542.35,0.6966805828111766,0.13837499528255387,1125.72
GLENMARK-SCHNEIDER,612.21,0.9074573522553075,0.020898152404089834,1125.29
ASAHIINDIA-CRISIL,537.32,0.7266071143463815,0.11915977969429065,1122.42
ERIS-ITCHOTELS,476.07,0.8093366347542217,0.030129904977792426,1122.17
ERIS-INDGN,477.09,0.6602919373185867,0.11261867492679017,1121.02
IGL-RAILTEL,386.35,0.7927849275486937,0.1265463240066203,1118.48
3MINDIA-MSUMI,616.2,0.7348530843667975,0.14193640857758288,1117.76
ERIS-TCS,495.35,0.7712733710472285,0.031090486593625805,1111.01
APOLLOTYRE-DALBHARAT,614.27,0.8487918354531201,0.005435049187016326,1108.74
BBTC-DALBHARAT,546.74,0.7828164165721949,0.06585404136494659,1106.36
CASTROLIND-SAPPHIRE,596.44,0.7326281584022846,0.002265721038016772,1105.26
ADANIENSOL-KPIL,557.46,0.8077621719219522,0.06490029708509461,1094.83
IOB-SIGNATURE,494.18,0.6913643095342106,0.015204156463295032,1094.67
CREDITACC-LICHSGFIN,511.32,0.7000027525018416,0.005923698393044553,1089.75
CANFINHOME-UTIAMC,546.39,0.7762244879249643,0.02140689697078607,1089.26
BAJAJHLDNG-NH,476.02,0.7969510030365189,0.08574200904946871,1086.21
EIHOTEL-RHIM,498.42,0.7688834997365838,0.07786429985297266,1083.66
360ONE-PIDILITIND,498.19,0.8640598213638988,0.005148819584991432,1083.13
MARUTI-MSUMI,464.39,0.9438062634600213,0.011737415080325114,1082.95
BBTC-ESCORTS,480.11,0.9223306009554502,0.049521098734514414,1080.26
CANFINHOME-NUVOCO,593.29,0.7556491835610623,0.0602148035205453,1079.61
3MINDIA-HINDPETRO,567.31,0.8578031103538686,0.03836405875201514,1076.37
IOB-ITCHOTELS,505.45,0.7481459184264387,0.015239197242467107,1075.44
ANURAS-PNBHOUSING,462.54,0.8074712965342719,0.0001193291963368018,1075.41
ITI-LEMONTREE,382.57,0.7464114715906874,0.1498795620581524,1072.76
ITI-MOTILALOFS,494.28,0.8571533655552698,0.006413231418825606,1065.87
GICRE-SONACOMS,331.88,0.7615778862787904,0.007413478195019697,1063.15
BAJAJHFL-ITCHOTELS,556.95,0.9079501998162504,0.16593589337208642,1060.88
ADANIENSOL-STARHEALTH,531.69,0.9178720771978667,0.00021267913521113226,1056.4
INDGN-PCBL,563.93,0.7542218811115686,0.1737191212152372,1055.01
BRITANNIA-SWANCORP,525.49,0.7725597469446736,0.17134019598163375,1054.26
INDHOTEL-PRESTIGE,387.29,0.9616125439074187,0.004089370411825535,1049.56
EIHOTEL-TATACOMM,590.28,0.7709606589979187,0.1457375521767033,1049.45
BEML-GABRIEL,372.58,0.8297851856516856,0.03049691896717104,1048.62
ASAHIINDIA-BAJAJFINSV,591.23,0.9154383715892292,0.01356528235644385,1047.71
AMBUJACEM-HINDPETRO,472.45,0.9547514505334239,0.022790900513048856,1045.93
RAMCOCEM-UCOBANK,593.24,0.815950210835962,0.18026362567966153,1039.45
CASTROLIND-SWANCORP,497.79,0.6616262269989137,0.0041214468105830885,1033.53
BALRAMCHIN-KIRLOSENG,527.1,0.9218290996853996,0.0008329582273430811,1032.31
GICRE-SCI,482.81,0.7194265755967336,0.03724750287708863,1030.79
CHALET-JIOFIN,538.22,0.864619471773294,0.07660486080294394,1030.37
BAYERCROP-TITAN,525.08,0.6974585011561452,0.03506304261776209,1020.95
EIHOTEL-TTML,442.48,0.9202419791372348,0.01329025362978428,1020.12
ASTRAL-NTPC,597.85,0.7609449546050424,0.1244159595454632,1016.34
ERIS-SRF,611.69,0.7829346341224219,0.009326830323250747,1013.29
INDIAMART-MSUMI,498.51,0.7092155813695855,0.06832216707174263,1011.73
NTPC-TORNTPOWER,479.02,0.8875061942355252,0.1515611659917417,1010.3
ASIANPAINT-BERGEPAINT,375.11,0.9646678201528668,0.0018882380538863266,1009.11
CHOLAFIN-POONAWALLA,467.02,0.8220969934016193,0.00748262930624522,1007.8
IPCALAB-JBCHEPHARM,362.45,0.8011308047651414,0.0013022318427252523,1003.89
JUBLINGREA-PHOENIXLTD,577.17,0.8358180905620599,0.10820180338403979,1003.06
IGIL-SCHNEIDER,490.96,0.7596762693550625,0.0006088557080295031,1002.08
RBLBANK-SCHNEIDER,608.26,0.7225441728840023,0.03332978060877969,998.36
CANFINHOME-MUTHOOTFIN,580.35,0.7897689818564265,0.0001893898339705687,996.86
ERIS-SWANCORP,615.99,0.8012824064878237,0.021985331858104803,992.0
GRANULES-HSCL,403.17,0.8954682301205912,0.08444126564813964,988.37
EMCURE-MAHABANK,556.26,0.7939390851435099,0.0074187264030378414,980.74
BBTC-IRFC,480.43,0.8808907849012626,0.1306630122504469,980.15
HINDPETRO-ITCHOTELS,597.73,0.9365375421270621,0.0016962499768275667,979.73
CASTROLIND-POONAWALLA,375.41,0.749317252201894,0.001992631221988833,972.76
IGIL-PREMIERENE,613.41,0.6612565009438758,0.01903999823720276,972.45
ABCAPITAL-MANAPPURAM,586.47,0.7998448614268304,0.02553213086040899,971.5
ELECON-NCC,506.61,0.7996530083513734,0.05453574828313571,968.51
INDIACEM-IREDA,591.65,0.7186664173050129,0.04836027096844101,967.0
NH-RHIM,496.21,0.7420991193861176,0.17523670264858665,964.8
ACC-CHOICEIN,582.94,0.8843529770283867,0.10403085782811283,963.86
JSWINFRA-PPLPHARMA,562.99,0.7051327939150621,0.014441458452007411,953.62
ITCHOTELS-UCOBANK,471.87,0.9361559184946067,0.02020588190520318,950.86
ATUL-BSE,539.7,0.8171111023806334,0.08861211742501568,947.53
PHOENIXLTD-SBFC,590.65,0.7321951648691418,0.1471022602957498,945.75
EIDPARRY-SWIGGY,516.31,0.9583061797850995,0.03360507476689866,943.21
KPIL-POLYCAB,523.28,0.7431019699423201,0.024217446928535065,940.19
MARUTI-PIIND,607.11,0.842444740376967,0.0276757450250622,927.26
BIKAJI-CLEAN,421.2,0.8634211799298399,0.013346928872773993,927.06
GRAPHITE-SAIL,512.19,0.922148480760531,0.014620758264845362,925.56
BAJAJHFL-SOBHA,597.34,0.8200981503426487,0.18714177587539077,924.76
ENDURANCE-NH,435.32,0.8365089734929751,0.004529678110051432,923.34
JSWCEMENT-POLYCAB,585.47,0.727640022469576,0.00021606222883798753,921.57
AIAENG-PHOENIXLTD,393.02,0.736711352855275,0.009720136365297255,918.48
DEEPAKFERT-NIVABUPA,579.46,0.6859189651405868,0.1250601102115635,911.08
AUBANK-JMFINANCIL,567.68,0.6719244494887666,0.02712186665085513,904.51
JSWINFRA-SUZLON,502.69,0.840046539099342,0.0001958487687779538,903.54
AIAENG-BOSCHLTD,549.68,0.7689558160525246,0.002023038284716983,894.4
MARUTI-SAPPHIRE,577.03,0.9209579278673178,0.005929087119303399,888.58
RHIM-SOBHA,402.73,0.8955912595898408,0.003999945477024712,887.68
ABLBL-BAJAJFINSV,564.05,0.8093082206109166,0.06416928297495603,886.26
PVRINOX-SOBHA,522.97,0.6672062307031746,0.06711037598237209,886.22
ABFRL-MINDACORP,594.52,0.8714687998387399,0.0331919111177573,882.95
ANURAS-NAM-INDIA,375.01,0.6841858767317398,0.041082157048852735,881.01
BEML-TATATECH,586.16,0.7213124405475952,0.18134468423491767,880.44
ACE-NIACL,294.32,0.7480165254566076,0.01205386065728811,879.27
BPCL-KOTAKBANK,613.32,0.9209969112018561,0.03907419142298205,878.01
LTF-NH,440.99,0.8171516602061281,0.03464533021384816,876.39
AIAENG-WOCKPHARMA,414.45,0.7031909385682209,0.013134994002004319,871.94
KOTAKBANK-M&M,600.45,0.9451554423650271,0.038605853374006606,868.02
BEML-TITAGARH,487.11,0.8868929353807404,0.030739342560987044,866.84
BRITANNIA-IDBI,513.19,0.8560697074261817,0.020514916096127826,865.79
IOB-KOTAKBANK,428.46,0.6940247549379945,0.01322332269003213,865.74
RHIM-UCOBANK,507.93,0.9253440861475976,0.06213519663875403,865.37
IOB-RVNL,529.89,0.6540263201786336,0.007416463610226739,864.95
CUMMINSIND-VTL,544.58,0.9104207217595437,0.012663235219474314,863.53
ITI-PNBHOUSING,546.23,0.687673707381807,0.11547228981681268,859.59
BHARTIHEXA-NAUKRI,523.34,0.7975446968041371,0.05340987766640654,855.21
BRIGADE-EIDPARRY,508.91,0.9160307485570497,0.15722843573410716,847.86
360ONE-BAJAJHFL,599.42,0.8089660172396612,0.07836973634650571,846.79
AUBANK-RITES,403.06,0.7126905752194713,0.08697208252327338,843.71
CHALET-TRIDENT,609.17,0.7805525711232024,0.09220105975212944,837.46
ANURAS-DIVISLAB,467.61,0.7289334325191005,0.0009058734152257831,837.31
GVT&D-SYRMA,517.25,0.8909924015291756,0.06968562574657855,837.16
LUPIN-NATCOPHARM,589.2,0.6597825221871917,0.15974742678629272,835.9
INDIGO-RAMCOCEM,532.87,0.6973052330663653,0.0034855540482962976,835.22
BLS-INDGN,577.0,0.7598950878924999,0.10581686752442687,834.11
DEEPAKNTR-LALPATHLAB,585.14,0.7682149411516586,0.04945908645657177,832.17
AEGISLOG-BAJAJHLDNG,504.4,0.837554973716341,0.02435506575084802,831.99
EIHOTEL-ITCHOTELS,479.62,0.8520933191607777,0.11706296678339762,830.88
AADHARHFC-RADICO,315.67,0.6526341257271399,5.116815243479896e-05,830.45
BATAINDIA-INDIACEM,395.74,0.7667180194502655,0.003390125553632034,828.58
GRASIM-MEDANTA,524.73,0.7607493309806257,0.024612460586327503,827.32
3MINDIA-PATANJALI,586.09,0.7712339562832838,0.06015265726749055,826.06
ANURAS-DEEPAKFERT,461.51,0.6698118839436592,0.002000104974029108,823.89
AMBUJACEM-MARUTI,553.0,0.9634147482379251,0.02249570910118591,823.38
ABFRL-BAJAJHLDNG,464.69,0.8728204017346828,0.018560214134325202,822.95
AUBANK-GODREJIND,570.08,0.7250149952596059,0.03216283957634132,820.18
INDGN-MEDANTA,575.1,0.7916773750341952,0.14228361253244004,820.13
TEGA-UTIAMC,499.67,0.8045484931864173,0.0396823370718426,815.5
GMRAIRPORT-MARUTI,464.54,0.7675982027119709,0.023488759030054818,815.02
ABLBL-LEMONTREE,510.2,0.9379020643096275,0.0007484006408316854,810.77
COROMANDEL-INDIAMART,514.82,0.8601142887073943,0.003737481966624613,809.49
AEGISVOPAK-BBTC,476.19,0.8989203977551558,0.006047017683071882,809.48
IGL-PRESTIGE,569.32,0.9050501412684685,0.023486818396712628,808.82
CESC-TECHNOE,585.19,0.8076231022331344,0.16706379861942605,807.96
INDIAMART-UCOBANK,437.06,0.8540170855786504,0.004530929242470302,806.83
BBTC-HDFCBANK,553.02,0.9571634184688608,0.01664172259695277,806.21
NLCINDIA-VIJAYA,534.0,0.7737207229605192,0.18258763337129297,802.66
AEGISVOPAK-SWANCORP,521.88,0.885608434464842,0.04068454198982275,800.28
GODREJCP-PNB,618.13,0.9147083833600921,0.0063429523449221375,799.8
NAVINFLUOR-SAILIFE,551.73,0.7740639277747247,0.10137043624402808,799.28
INDUSINDBK-PIDILITIND,613.94,0.7107456265463686,0.12884146793398,799.08
GRASIM-NIVABUPA,542.81,0.7970278533929662,0.011683027539894981,797.47
CHALET-INDHOTEL,340.1,0.9049180102580116,0.05826527000759251,794.75
ABLBL-BBTC,413.14,0.8445020616559397,0.04811229346671908,792.16
CASTROLIND-IDBI,383.42,0.7033822813974928,0.0013623659481932027,789.27
KPIL-RADICO,614.16,0.7913161455682353,0.025571567383677305,786.25
CUB-TRIDENT,485.82,0.7159701091218938,0.040836352007542716,785.92
CHALET-INDIAMART,569.56,0.8072048109770902,0.04226090006802525,785.12
IOB-RITES,521.84,0.7208862133152368,0.011513686143854767,784.02
BHARTIHEXA-DLF,564.89,0.8347275101649588,0.040728791329723756,779.4
INDGN-PPLPHARMA,619.2,0.8578695664839578,0.0018987085182781928,778.11
BAJAJHLDNG-SOBHA,422.94,0.8895757239457265,0.004542605003230327,773.66
EIDPARRY-TCS,536.06,0.9049385829809319,0.11823071381274702,766.34
REDINGTON-UCOBANK,609.45,0.9038866778280019,0.0640281232430896,765.95
IOB-PIIND,548.26,0.7646568453164906,0.00576074288955118,765.66
INDIACEM-PAYTM,579.96,0.7329602698504373,0.005758412287826195,762.59
BAJAJFINSV-IGL,581.27,0.8634448188959232,0.1691490501876276,761.67
NUVOCO-TATATECH,551.73,0.8352087158615769,0.16305679411155444,757.55
PIDILITIND-YESBANK,448.77,0.8833122434576423,0.03987533828246646,757.53
ITI-JPPOWER,424.12,0.7117087213671159,0.10508592891718016,756.33
JUBLINGREA-NIVABUPA,526.29,0.6953394704372877,0.0809570539980991,756.24
GLAXO-PFIZER,572.51,0.772304492475781,0.06039251538900267,755.78
GABRIEL-SUMICHEM,427.3,0.8387122225599788,0.028457078490974518,750.12
INDGN-VMM,507.13,0.8380097464949775,0.051087396432044026,750.0
ASAHIINDIA-GILLETTE,422.6,0.6792037123636377,0.17372034321578017,747.21
CASTROLIND-DEVYANI,393.51,0.7805631634965388,0.00012244900794004362,738.83
ERIS-RHIM,548.61,0.693484324208478,0.05578746487580409,738.43
CHALET-INTELLECT,554.65,0.7934969851590272,0.15017396144009415,738.29
ITI-OLECTRA,557.44,0.7579512689555816,0.0690874380018004,737.46
CIEINDIA-NTPC,560.51,0.8932290375425572,0.008055669669591273,733.04
CCL-GLENMARK,578.5,0.816599911253277,0.014070434726157714,731.16
CASTROLIND-ICICIGI,495.4,0.7445687846340855,0.0006678478912388672,730.06
LT-ZFCVINDIA,528.08,0.8232042236932474,0.00025999202181282104,728.75
3MINDIA-M&MFIN,453.56,0.8708922190449865,0.011199560416809041,726.37
INOXWIND-RPOWER,565.68,0.9674907430754272,0.0305401100535024,724.1
ABCAPITAL-SBFC,460.27,0.7039929117603858,0.09624994651264485,722.94
BALRAMCHIN-SCHAEFFLER,549.26,0.736052218003303,0.09856326455781084,720.01
LICHSGFIN-NEULANDLAB,571.66,0.7964926479785951,0.005635098823882963,715.94
ELECON-WELSPUNLIV,573.97,0.7354269296566152,0.11258561966595865,715.01
ABFRL-PRESTIGE,461.43,0.9412845771733436,0.0005046378596268082,715.0
ASAHIINDIA-MUTHOOTFIN,537.42,0.7818835353619028,0.01980792135710578,701.81
INDIAMART-SHREECEM,545.92,0.7090014740470783,0.038943457527070305,696.7
INDIAMART-RVNL,463.71,0.699250761486575,0.019774706223367237,695.69
BBTC-GODREJCP,568.83,0.8659822182841864,0.02749528891017274,693.66
HBLENGINE-JUBLPHARMA,595.92,0.8643488239828283,0.13006038696903222,691.85
CASTROLIND-MSUMI,476.72,0.7068246615879948,0.0005695271055115266,691.46
JUBLINGREA-MOTILALOFS,520.65,0.8959874558935778,0.011018625593064041,691.27
ABLBL-SONATSOFTW,463.62,0.9138969287467732,0.0015952725728256329,689.89
DEVYANI-GODREJPROP,594.81,0.8092905690229857,0.11637805022074776,688.21
ABFRL-CHALET,518.8,0.9018650508146542,0.013170802068537003,683.49
ITCHOTELS-LTF,510.41,0.8279038993846771,0.11527566748921447,683.15
CGPOWER-TECHNOE,497.77,0.9198701373969639,0.007401693801443552,678.41
PRESTIGE-RHIM,545.86,0.9156609124599505,0.02958623510066489,678.34
AUBANK-GRASIM,617.83,0.6621170549783351,0.10678968378966569,674.33
BALRAMCHIN-GESHIP,584.44,0.9108126935561126,0.026762295515404863,663.48
BHARTIHEXA-DEVYANI,591.26,0.8327553380871449,0.015489672471504847,662.81
MOTILALOFS-VIJAYA,536.3,0.6560192980490399,0.05347294119912893,662.01
CASTROLIND-SBICARD,612.77,0.6517661137268675,0.009569249949907802,661.47
IGL-LTF,527.4,0.8580271946564744,0.02423901270367931,659.82
AADHARHFC-MOTILALOFS,464.51,0.6615502170212815,0.00010540699416675432,658.28
GODREJCP-SHREECEM,603.94,0.8769531814190962,0.11858453054011031,658.21
ERIS-VMM,518.56,0.7980582180327132,0.01808893175404473,656.02
BAJAJHFL-INDIAMART,487.78,0.8037702579241908,0.12564266953229458,648.69
GODREJCP-INDIACEM,473.24,0.8287868956695417,0.17881734467875354,644.45
LALPATHLAB-NEULANDLAB,417.89,0.8019503983990676,0.14900448893851065,644.03
KAJARIACER-OBEROIRLTY,559.91,0.7714794828996402,0.10217052345746869,642.66
ACE-EIDPARRY,603.67,0.6638323267342005,0.06876594818893468,641.28
BHARTIHEXA-EIDPARRY,598.29,0.8512594120373911,0.017854351812839845,641.24
HOMEFIRST-ULTRACEMCO,537.72,0.7176274306997787,0.08937886978901266,635.28
ABLBL-INDIGO,601.26,0.850482190618602,0.0872669042546777,633.67
CGCL-COHANCE,582.78,0.7188554177108861,0.10689980908266783,633.27
ABSLAMC-THERMAX,523.96,0.8774238765036285,0.12223049611045206,628.48
ABFRL-BIKAJI,593.26,0.7951567460670759,0.09581833960785346,626.39
BAJAJHLDNG-LICI,422.25,0.9060041000920029,0.0633870183727063,625.22
MGL-UCOBANK,569.7,0.6843585905166817,0.13429670871244814,625.2
GMRAIRPORT-ITCHOTELS,533.6,0.7674474798939234,0.042889717611088604,622.2
HDBFS-RITES,508.09,0.8807506431251563,0.1384105068643109,621.01
GICRE-KAJARIACER,465.13,0.6823746278352154,0.038094998191213356,620.18
BAJAJFINSV-HDBFS,564.99,0.9069725486122708,0.1874869408481062,617.3
GMRAIRPORT-SAPPHIRE,484.89,0.8343851322645859,0.0012280234294018378,616.02
CANFINHOME-INDIGO,587.73,0.7810423967297935,0.003042336906538818,615.79
ALKEM-PIIND,440.05,0.7335038356675357,0.0014172251660657484,610.4
CAMS-PHOENIXLTD,605.57,0.7756151253591576,0.13738650810515896,608.73
CANFINHOME-JUBLFOOD,518.82,0.7501791031310192,0.01231128755826996,603.82
ASAHIINDIA-INDIGO,462.67,0.9021146376056848,0.0043601928350894496,603.31
HDFCAMC-NYKAA,579.18,0.8303459772519068,0.022465131376525435,603.03
CASTROLIND-SIGNATURE,527.73,0.6904363766971598,0.0030791010830032786,602.33
JKCEMENT-RAMCOCEM,549.71,0.6520353289390823,0.01888974654240789,602.09
BHARTIHEXA-RITES,604.94,0.6717044389831838,0.1675510444734712,600.68
3MINDIA-JUBLFOOD,419.16,0.7779127267086937,0.04570071372344555,600.54
CGCL-JUBLINGREA,420.93,0.8614324504195602,0.005196923279148165,597.21
CHALET-LODHA,506.13,0.9164828712574082,0.01176480494966043,593.61
EIHOTEL-LODHA,439.56,0.8368024082870716,0.05777475906185757,592.6
GODIGIT-RELIANCE,365.24,0.6703742160952932,0.11188654075775228,587.17
SAREGAMA-TATACOMM,582.12,0.7001151834649829,0.05568168010973065,578.83
CRAFTSMAN-GODREJIND,489.27,0.748311303085013,0.05008019581109246,578.61
GMRAIRPORT-IDFCFIRSTB,603.2,0.6687319733004098,0.029227368051268767,576.98
JWL-RAILTEL,531.63,0.7722946124352589,0.02468001145659378,573.33
ABLBL-ACE,351.33,0.7779843174853642,0.050101860989526764,563.54
IGL-INTELLECT,550.85,0.9105682858090844,0.10122327736055303,562.34
AIAENG-MANAPPURAM,593.31,0.7109053018548676,0.002224089381585194,561.46
NIVABUPA-VBL,471.11,0.7924820577029416,0.040448995771369886,560.9
MARICO-RRKABEL,603.28,0.8393795648201442,0.01649579300860184,558.95
CGCL-ITI,386.19,0.7471741499841827,0.10985944247936091,555.47
PIDILITIND-TATACONSUM,519.85,0.7810432349939087,0.011199488309366418,554.7
BIKAJI-IREDA,497.6,0.8252226365141025,0.07145902241679766,553.72
BHARATFORG-ENRIN,559.34,0.6556550992670981,0.05560984464449311,551.95
ASAHIINDIA-SWANCORP,436.48,0.9411778194391817,0.005804351545731927,547.41
CHOLAHLDNG-MAPMYINDIA,523.28,0.8497250158945873,0.18691086141386498,543.99
BHARATFORG-SCHNEIDER,600.6,0.8847826506948552,0.14267004028302221,543.0
AFCONS-JUBLPHARMA,529.6,0.9013365203881429,0.06409874387348918,536.9
ABCAPITAL-NBCC,599.25,0.718580661717346,0.15399045221370355,536.81
LALPATHLAB-LAURUSLABS,463.47,0.7904322422845165,0.028966395760113416,534.43
ABLBL-RHIM,438.57,0.8179404580921016,0.024964754743268567,528.39
ABFRL-LODHA,373.8,0.9269613229573994,0.055181759937555516,527.35
ACC-INDIGO,541.89,0.9092264568685289,0.0242427833223405,523.9
ABLBL-AMBUJACEM,559.14,0.8203547418915509,0.06508261509508892,523.53
ABBOTINDIA-BERGEPAINT,418.44,0.7085688024380034,0.1440011813517323,521.99
BAJAJHLDNG-POONAWALLA,545.41,0.79825276854487,0.13637665797457454,520.02
ACC-AMBUJACEM,164.33,0.9806749309433773,0.0012508242886722742,519.79
JMFINANCIL-TATACOMM,468.39,0.7416677474377343,0.1739008721998161,519.69
HDBFS-IRCTC,576.32,0.9202520086146003,0.07223051121591524,516.2
KPRMILL-NCC,607.72,0.7533174499510764,0.018501052857743994,515.97
MSUMI-SOBHA,471.34,0.8183605020133687,0.14516168260961176,515.06
CASTROLIND-IRCON,533.28,0.6626778770326033,0.007259910193814942,513.32
NYKAA-VIJAYA,506.14,0.6596305709794618,0.09117622269691017,512.57
GMRAIRPORT-SIGNATURE,590.24,0.8379681655804159,0.0013365572676170162,510.77
SCHNEIDER-TIINDIA,524.24,0.8414641855798357,0.06394595516278878,510.72
AIAENG-ANANTRAJ,462.09,0.6629790125419361,0.02498195293807693,510.59
AIAENG-HOMEFIRST,467.83,0.6679558034341352,0.018928378443241103,503.71
HEROMOTOCO-TBOTEK,606.7,0.8119000041116696,0.08339440807005688,501.89
BALRAMCHIN-SCHNEIDER,510.01,0.9429711786761739,0.0019575029004935663,497.2
ABCAPITAL-NH,397.17,0.8304813157374932,0.0005396863914650556,496.01
KPIL-SONACOMS,566.41,0.6804314800870966,0.1268956710786449,490.12
BAJAJHFL-RPOWER,491.38,0.9136195632588439,0.12247303363628109,486.95
LINDEINDIA-SCHNEIDER,535.69,0.890252436827347,0.10700369873549098,475.28
BHARTIHEXA-IRCTC,492.24,0.8790599324829911,0.013605464817676383,470.55
IGL-PHOENIXLTD,562.47,0.6865018294774853,0.16637021723566453,468.98
GRANULES-HONASA,606.69,0.8871190581297786,0.06640971305967414,468.0
JUBLINGREA-PNBHOUSING,470.37,0.911360744725462,0.007360633695676278,467.01
CGCL-SUMICHEM,457.52,0.8314241855108074,0.008484691771593085,466.91
ABLBL-ZEEL,502.32,0.8015891337235922,0.11930918732047707,465.35
ASTERDM-BHARATFORG,618.6,0.7712423237472379,0.16952226449023905,462.66
INDGN-JMFINANCIL,592.95,0.8375860800443193,0.009298359045560764,461.01
COROMANDEL-JKTYRE,416.29,0.8718982160855523,0.1253297055458793,459.76
360ONE-ASIANPAINT,556.06,0.7507636167694395,0.060814562450784586,457.42
JSL-UCOBANK,522.04,0.7526997740706673,0.0030131831460759157,452.23
ANTHEM-SCHNEIDER,609.63,0.8892913859451366,0.07046414538201498,445.35
ASAHIINDIA-TBOTEK,538.1,0.9236725105071767,0.035727947131859825,444.88
GODREJCP-KOTAKBANK,507.59,0.8830578675927568,0.10361468374802107,444.31
AEGISVOPAK-ITCHOTELS,565.04,0.9160394524052816,0.029596121684149188,439.91
JSWINFRA-TATACONSUM,472.68,0.6606863216740452,0.006665357076775776,437.64
DEVYANI-LODHA,493.57,0.9402161854081754,0.00021550312818768453,436.06
BAJAJHLDNG-GODREJCP,522.38,0.8003005201438635,0.14558174429945803,430.62
APARINDS-CUMMINSIND,577.86,0.9611061266307527,0.0022327561520976333,426.78
BALKRISIND-CEATLTD,546.73,0.7857359525148523,0.0282320061720041,423.24
NAM-INDIA-SCHNEIDER,560.53,0.7997375541615003,0.11929651067961228,423.04
ABLBL-PAYTM,541.91,0.9092556627217362,0.0010420199869551105,421.78
JSWINFRA-NUVAMA,536.51,0.810131129760718,0.008541094962305951,419.08
ASAHIINDIA-IRFC,580.89,0.8566226572513835,0.046239350477867,418.06
CESC-USHAMART,457.39,0.8442393429839712,0.01962774132140611,417.22
HDBFS-SONATSOFTW,460.9,0.9253619153288751,0.04846769276838873,408.83
CCL-LUPIN,509.98,0.8017940270281835,0.03389603739185075,406.96
CASTROLIND-PRESTIGE,557.41,0.7010344831923934,0.005200641022923798,405.75
IREDA-JUBLPHARMA,589.88,0.8559758962075565,0.05872622099661615,405.25
USHAMART-ZYDUSLIFE,540.84,0.6926614045525848,0.15507389113234699,405.22
3MINDIA-CHOLAFIN,598.68,0.8289293917753259,0.009374680893722271,400.15
CASTROLIND-IRFC,502.92,0.6945400566287001,0.006483950455700711,399.85
HINDPETRO-KOTAKBANK,499.04,0.958024136191348,0.0001884324741921104,396.22
INDHOTEL-IRCTC,559.36,0.9196469217615011,0.06260894469070075,393.0
ANURAS-SUMICHEM,470.33,0.7058511427655384,0.0012118275290330532,391.77
STARHEALTH-ZENTEC,432.68,0.8515733414241101,0.012779752080781876,390.98
BHARTIHEXA-INTELLECT,431.61,0.7137738203988667,0.1078864452024274,389.69
GICRE-NYKAA,421.49,0.6866844791796384,0.04531274585162646,389.1
AADHARHFC-SUMICHEM,424.9,0.7064703348691479,3.6944318982730926e-05,388.86
ABLBL-CHOICEIN,611.6,0.7700374918575505,0.060673378909901286,386.72
ATUL-IGIL,452.38,0.6944047459243369,0.03260337724146561,384.87
ASAHIINDIA-SAGILITY,616.36,0.8480377370263852,0.07213322872223112,380.49
ERIS-INDIGO,517.41,0.7670201659933386,0.007712714365323469,378.85
BHARATFORG-CUMMINSIND,492.91,0.8579655830292937,0.11006660459138012,377.14
BHARTIHEXA-BRITANNIA,563.24,0.7010285020859022,0.13578614953594503,373.44
KPIL-RBLBANK,585.76,0.752756176380429,0.008462786312349079,372.31
JYOTICNC-KFINTECH,547.1,0.8985114663904463,0.007584383410932923,370.78
CASTROLIND-HINDPETRO,598.2,0.6979201904483813,0.0003945016880323142,367.84
3MINDIA-ABFRL,579.11,0.7309518221181087,0.1447238174403258,364.1
AUBANK-LTF,432.64,0.7493670240907019,0.11167417219725934,362.22
ASAHIINDIA-EIDPARRY,529.8,0.8835860710739473,0.18696167650125606,361.14
PFIZER-UTIAMC,614.96,0.6554936108432091,0.008761686271272348,358.81
FORTIS-MARICO,458.64,0.7410760985081407,0.01779907254901731,353.9
NHPC-SJVN,608.01,0.7612500599517259,0.03200414794250495,352.81
ENDURANCE-PIDILITIND,510.37,0.8248280662636532,0.01270078978569699,350.63
HDBFS-PRESTIGE,531.88,0.9307336406675916,0.035402512799501476,348.6
BRIGADE-RITES,555.37,0.8846233545186094,0.09983057225204595,345.59
JSL-RECLTD,577.36,0.7042336565652327,0.009751640099884265,340.96
RHIM-ULTRACEMCO,560.28,0.6752047426897106,0.11900958840196091,338.74
GODREJIND-YESBANK,325.15,0.8708696920203305,0.08330921627687193,333.45
PIIND-SBFC,573.76,0.8036603882486898,0.005083548261767014,332.01
HYUNDAI-UNITDSPR,601.4,0.7570529644781463,0.1623442532813214,323.05
NBCC-SONATSOFTW,550.61,0.9521265156932819,0.015383177178978769,321.33
BHARTIHEXA-INDHOTEL,495.57,0.8456092141081933,0.020535037939084712,319.58
ABBOTINDIA-CIPLA,481.42,0.8312923753341911,0.015309469182813758,309.6
CHALET-COROMANDEL,514.58,0.8420736958838315,0.08893947067410812,308.07
GODIGIT-JYOTICNC,429.88,0.7643247792377225,0.027038601384223662,298.72
CHALET-NBCC,349.94,0.8744154137763871,0.09589009339446553,296.75
KOTAKBANK-SHREECEM,540.46,0.8531017499073834,0.13450694000575458,293.19
ETERNAL-INDIACEM,611.66,0.8039714275806463,0.00011481633824523501,292.84
IOB-RHIM,364.0,0.7946068212096196,0.0050320538562563825,292.02
AADHARHFC-TATAINVEST,382.84,0.7377061091310956,2.339278181102251e-06,290.1
AEGISLOG-IGL,611.87,0.7658838455091729,0.14226326893792357,290.04
LICHSGFIN-USHAMART,564.85,0.805506506410349,0.0020175348754036338,289.41
PCBL-ZEEL,574.64,0.8831992481897735,0.002281255415271744,289.36
CCL-JSWENERGY,612.39,0.6943326866665134,0.09861697894963345,288.86
GODREJCP-TATACAP,536.61,0.8521405567221111,0.040705920856296526,284.31
GPIL-NLCINDIA,506.85,0.8471567404066908,0.11575387487177091,277.22
BATAINDIA-GODREJCP,601.89,0.8391301243960356,0.02915245479034363,272.63
IPCALAB-SOLARINDS,619.13,0.6741398856825934,0.008077545477197839,272.19
ANURAS-LAURUSLABS,559.2,0.7018105996502331,0.0144121130012184,270.22
3MINDIA-HYUNDAI,581.69,0.8249224721185093,0.01477645607944255,267.09
BBTC-BPCL,616.8,0.9138330434012103,0.045837047938965494,263.63
ICICIBANK-RAMCOCEM,509.81,0.8644360472908371,0.00508911903994449,263.35
BEML-NH,554.76,0.7543324050178692,0.07949478845502744,262.09
LINDEINDIA-TENNIND,575.07,0.7709324502125549,0.14008545402313838,261.72
INDIACEM-SOBHA,595.35,0.7937581609334895,0.003112014912150427,256.8
SARDAEN-VTL,585.69,0.8161747175220854,0.05596185937502729,256.32
ITI-JUBLPHARMA,351.44,0.8443143016059157,0.00459820992215176,252.26
INDGN-JUBLINGREA,588.91,0.8407497682979552,0.005402724689237936,240.93
ATUL-RKFORGE,447.93,0.7684032788134112,0.04622432608757698,238.16
CAMS-WELSPUNLIV,529.01,0.786490991502749,0.06761841100001315,237.82
ABBOTINDIA-NUVOCO,486.26,0.7316952811408654,0.057723906608401127,237.81
BEML-DEEPAKNTR,424.86,0.9005076363692776,0.000518353338188118,235.96
SCHNEIDER-STARHEALTH,555.48,0.8668729149982889,0.037250956239936794,234.46
IOB-JMFINANCIL,598.75,0.701493769223336,0.0864882601040291,233.52
APLAPOLLO-THELEELA,606.72,0.7221121030409581,0.06200195212185387,231.89
NH-NUVAMA,501.69,0.8091942043288362,0.0030412373067015917,224.25
CANFINHOME-SWIGGY,497.5,0.7359743501379234,0.027988312848973153,219.15
ATUL-STARHEALTH,380.26,0.7825042871113309,0.020953488985650866,216.76
NLCINDIA-SAILIFE,613.53,0.7899024554101094,0.08730582512182034,214.45
STARHEALTH-TIINDIA,360.0,0.8400038836274641,0.03039894520014689,205.92
AIAENG-GRASIM,452.21,0.6577631716599548,0.009823709861495191,205.56
CASTROLIND-RITES,541.83,0.6774766995873589,0.013318223694227431,199.69
NH-PPLPHARMA,534.85,0.8813562661556836,0.0012144585068606026,198.8
JSWINFRA-MAZDOCK,583.8,0.7297349549635154,0.009665808880674262,198.48
BHARTIARTL-INTELLECT,612.0,0.8369277869639684,0.07385813518838169,198.07
CASTROLIND-SOBHA,417.86,0.7184493393661898,0.0027350795608296896,195.4
GLAXO-MRF,594.54,0.66927957292806,0.1680331826923534,193.47
GMRAIRPORT-PIIND,590.33,0.736097248200207,0.01769266125823498,193.28
HDBFS-POONAWALLA,544.07,0.8007133362486628,0.17608712631055595,193.2
NBCC-VMM,574.95,0.9166759262707085,0.014281463348123791,192.0
LUPIN-SAILIFE,577.46,0.7112927614214581,0.09337705093784654,191.48
BBTC-COROMANDEL,531.12,0.8928610701191109,0.08089011001266483,189.2
ERIS-JUBLPHARMA,566.14,0.8034837964350512,0.06695040449010804,184.52
DOMS-TRIDENT,550.5,0.7686417862067575,0.1024329242056009,183.44
INDIAMART-UTIAMC,449.95,0.7992968006714111,0.03637107942014363,182.81
BALRAMCHIN-SAILIFE,602.46,0.9081213899324002,0.003188821476832447,182.51
CGCL-JPPOWER,585.4,0.8529574595470842,0.002673925314399673,176.84
CARTRADE-LTM,602.54,0.9567937008879909,0.022830842101489706,176.04
AMBUJACEM-BPCL,588.02,0.9301176153223816,0.15406311760077718,174.66
BAJAJHFL-EMAMILTD,579.8,0.9238387965086651,0.04369295744763663,174.66
IGIL-IRB,419.71,0.6611154905159955,0.07547450969478675,170.68
CEMPRO-INDGN,443.56,0.8903709691274367,0.10207789496094016,170.19
NH-PIDILITIND,493.55,0.8016314766769215,0.010584991671656808,170.11
NUVOCO-PAYTM,617.27,0.8579839756644623,0.10029656697557282,166.35
ABLBL-BHARTIARTL,574.52,0.8504052918763738,0.015091406991166857,159.35
TEGA-WIPRO,550.88,0.8331656918769091,0.04746803352891867,156.15
KIMS-MARICO,510.69,0.7370627107921977,0.005931321129406148,155.62
KOTAKBANK-UNOMINDA,503.86,0.8868932296321262,0.04767644522063204,155.57
NIACL-TATAINVEST,448.76,0.8624061092877368,0.045862979908242826,153.67
ADANIPORTS-LALPATHLAB,536.55,0.8306038903689659,0.0175721093289542,151.57
EMCURE-ICICIAMC,591.36,0.6551280236095673,0.17153097939782053,148.52
PHOENIXLTD-TATACONSUM,564.55,0.7777862899242071,0.04683884283077328,147.23
ICICIAMC-TATASTEEL,606.76,0.9072441344576886,0.007913474967714561,146.09
BAJAJHLDNG-LTF,374.57,0.8970830537884351,0.09270305919059396,145.98
AEGISVOPAK-GAIL,538.09,0.8340974567672269,0.05459569661816598,145.18
JUBLPHARMA-PARADEEP,533.27,0.9113512292951774,0.09563196856064421,143.18
INDGN-LICHSGFIN,514.27,0.7636912321146626,0.023108192027952813,141.1
PAYTM-PHOENIXLTD,496.82,0.7824780942080575,0.07945747841973966,139.06
GRANULES-NLCINDIA,561.13,0.9411268544921765,0.0015316232601250406,133.84
JSWSTEEL-MAHABANK,546.06,0.878435076211692,0.12221507255527186,132.59
HDFCAMC-NCC,581.63,0.7139691476784241,0.1331101483615733,128.55
BIKAJI-JSWINFRA,558.97,0.6876808647017219,0.09799981677842756,121.69
BALKRISIND-RAMCOCEM,282.75,0.8872856049774492,0.004467633611796234,120.91
FLUOROCHEM-INDGN,551.7,0.7742517729356734,0.05528211222638664,120.09
JKCEMENT-PHOENIXLTD,562.8,0.7149384993572738,0.014979875801347398,118.72
AEGISLOG-HONAUT,586.19,0.8424116478152756,0.022255191517921668,117.38
RITES-SOBHA,559.53,0.859447338526556,0.05576959240402527,116.51
BAJFINANCE-MEDANTA,592.51,0.6523312685344774,0.146741754538952,110.15
NH-VBL,514.31,0.7776489561032665,0.027201180767076352,108.89
ANURAS-FLUOROCHEM,411.12,0.8190991207983571,0.00013539612687627715,106.52
PCBL-ZFCVINDIA,588.14,0.7228436358401779,0.0026166381518822677,103.92
AEGISVOPAK-BATAINDIA,594.49,0.9023058549252927,0.02341368961972104,99.42
INDIAMART-TATAELXSI,499.52,0.7577929025919345,0.020826586840386543,97.04
GAIL-HOMEFIRST,605.59,0.7751079436000516,0.026475256254924476,97.01
ABCAPITAL-CHALET,587.53,0.6876537329361039,0.18130129602313294,96.85
CASTROLIND-LODHA,434.47,0.7831010155697344,0.000765792004201596,93.96
INDIAMART-UNOMINDA,610.9,0.7375390607513213,0.057150474561655354,90.3
HYUNDAI-SWANCORP,591.28,0.9266616351882861,0.0858692693461533,87.59
OBEROIRLTY-OLAELEC,607.57,0.8746574171486716,0.01389507227367872,87.06
GMRAIRPORT-UTIAMC,574.07,0.7895931154837972,0.04203805175415949,86.2
CGCL-OBEROIRLTY,485.96,0.8222913404117396,0.027788996103500805,79.7
IEX-MPHASIS,567.38,0.7673098037984809,0.010379955159873284,78.02
APOLLOHOSP-BHARATFORG,613.11,0.9043865153379533,0.15876385918618785,73.62
AEGISVOPAK-MSUMI,606.96,0.8824057489507713,0.0059908461850566,71.57
BBTC-CHOLAFIN,464.13,0.8565884908591428,0.011244442221585367,71.25
CHALET-GILLETTE,490.28,0.6776293430830158,0.1843466162419456,66.53
CHALET-CUB,551.12,0.7966049429556443,0.020449619774631195,65.34
IRCTC-KOTAKBANK,541.45,0.9361451886374247,0.04333027606724477,59.23
LALPATHLAB-NUVAMA,564.83,0.7326967542318844,0.0971423838361728,56.6
ABCAPITAL-GRASIM,435.04,0.730616195482079,0.1392898191309332,56.07
CGCL-NSLNISP,559.35,0.7130057933308136,0.0441639486595001,55.86
AUBANK-NUVAMA,587.92,0.7120658830456597,0.048379167768071794,54.83
ABLBL-EIDPARRY,411.3,0.9089043156287852,0.02498544057838326,54.36
CANFINHOME-CRISIL,345.05,0.7724442762281034,0.037500064886073374,53.61
BAJAJHFL-SBFC,586.5,0.8500487194662558,0.032029100632418615,48.48
JSWINFRA-TRENT,610.59,0.7461322595736187,0.0009125907544000698,46.95
AEGISVOPAK-EMAMILTD,618.2,0.8788426465318347,0.016114385608700908,45.84
ANURAS-DEEPAKNTR,552.33,0.7215157493331124,0.006108157605547759,45.02
3MINDIA-MFSL,591.36,0.7406166185684705,0.08378773546207924,43.62
INDIACEM-RITES,509.43,0.8212220002324361,0.007821045161895008,43.17
HINDUNILVR-SOBHA,590.38,0.8509721548972391,0.008046359902636127,42.03
HBLENGINE-INDGN,608.73,0.8008634569036708,0.06395441547750354,38.9
ITI-NEULANDLAB,603.56,0.6936556681275284,0.11084015412677678,37.57
3MINDIA-IDBI,509.15,0.9009458047128245,0.004157113263604119,36.86
NHPC-URBANCO,474.55,0.8173267903594632,6.386605795910879e-05,32.88
AEGISLOG-HINDPETRO,528.57,0.7476431145112233,0.12857925083380983,32.0
DATAPATTNS-VTL,585.31,0.9298952195435279,0.004494992499383886,29.25
CRAFTSMAN-VIJAYA,601.87,0.7865447034669015,0.032997613346483136,26.11
ITCHOTELS-KOTAKBANK,558.6,0.9396839388878817,0.009464543641395857,24.63
NMDC-WOCKPHARMA,553.14,0.6780293886450239,0.022056257857702516,23.4
IDEA-MEDANTA,532.0,0.8530536769429443,0.06250054027542404,22.53
BALKRISIND-HDFCBANK,521.86,0.7018778839660307,0.11591636798233584,20.31
INDIAMART-LEMONTREE,487.94,0.7188530971990903,0.11998894743218735,19.77
BHARTIHEXA-IGL,590.7,0.8134616302064978,0.032230732525466474,17.33
DALBHARAT-EIDPARRY,365.29,0.7238831626963135,0.13299301125382906,13.32
ABLBL-BIKAJI,524.72,0.8412545904062326,0.0028845199187833245,12.81
CHALET-SONATSOFTW,495.81,0.912614524322005,0.013557683640400898,12.67
ACC-SAPPHIRE,378.97,0.8923361972400802,0.16270071964540256,10.03
RHIM-SBFC,565.04,0.758348054294956,0.11204222622299292,8.3
ERIS-EXIDEIND,505.58,0.7273408790563913,0.11984850296715122,7.9
LTF-NEWGEN,604.52,0.7546738322196974,0.10356615993741314,1.31
ACE-MEDANTA,541.43,0.7302727099896867,0.1102193211490457,0.2
COROMANDEL-MRF,486.27,0.877976869089435,0.09564445240980401,0.0
MRF-UTIAMC,435.22,0.9370975255774593,0.0009358586111410247,0.0
BAJAJFINSV-MRF,596.75,0.9012516540675626,0.17095037018413983,0.0
MRF-PFIZER,371.14,0.7281837812029325,0.0845790186455797,0.0
INDIAMART-MRF,414.99,0.8077902789206491,0.013920817669011726,0.0
ICICIGI-MRF,523.53,0.8807554970855367,0.0790473702647449,0.0
ERIS-MRF,463.23,0.8007778684117977,0.03678914677758757,0.0
ABFRL-MRF,612.6,0.8606053501029945,0.12899914463031575,0.0
MEDANTA-PIDILITIND,537.02,0.7693721488498003,0.09516830837954238,-1.41
ICICIGI-LICI,597.61,0.8514395613526947,0.04399907016284805,-2.66
CIEINDIA-PFC,574.82,0.8844667043022069,0.03705947841330838,-2.74
GLAXO-UNITDSPR,459.56,0.7419268573689566,0.04317779833460044,-3.92
COROMANDEL-TATACAP,469.32,0.7480003435322425,0.13134428216422606,-4.66
ABCAPITAL-CAPLIPOINT,434.87,0.7452130827784352,0.05258432506489187,-10.48
ABCAPITAL-NEULANDLAB,426.89,0.702518858577537,0.07231743126787155,-15.11
IGL-SWANCORP,469.01,0.9340804927677975,0.03660995771279971,-18.41
SOBHA-YESBANK,575.37,0.8378073194800729,0.1017375884325818,-19.13
COROMANDEL-KEC,463.25,0.8448369801458657,0.14942610147349766,-26.16
NMDC-SHYAMMETL,500.18,0.7309815669875087,0.1264554189652583,-26.58
EIHOTEL-NBCC,566.8,0.8921018734320605,0.008410073076556968,-26.87
PATANJALI-SAPPHIRE,605.08,0.8589611297712157,0.09645002377198558,-28.43
ABCAPITAL-PRESTIGE,572.16,0.7763141029455087,0.14844447118402343,-28.63
BEML-CAPLIPOINT,444.46,0.6804508543889878,0.18704563663913693,-29.95
CHOLAHLDNG-RITES,617.6,0.8678774039754173,0.05513210127120273,-32.23
AEGISVOPAK-INTELLECT,488.73,0.8506429120525498,0.17369035510321207,-32.43
LTF-RITES,413.11,0.9286498225107304,0.001022816089614176,-33.53
INDIAMART-REDINGTON,599.96,0.8211681858693773,0.004410996457335828,-34.57
ACC-ESCORTS,367.82,0.9392373329213456,0.09392757922695288,-38.05
NMDC-THERMAX,582.76,0.7951893859532441,0.021967950008579543,-40.35
GMRAIRPORT-RAILTEL,612.32,0.7751704924429496,0.009158294952212088,-43.43
JBMA-PAGEIND,473.99,0.7754715107939139,0.013015546255821499,-45.28
CDSL-TTML,542.99,0.8919776821843475,0.02764463402237588,-45.78
BBTC-EMAMILTD,411.07,0.9422968703476005,0.0715004843786825,-47.2
INDIACEM-SHREECEM,410.31,0.9183797985739892,3.5020111502943428e-06,-48.07
BRITANNIA-HAVELLS,466.96,0.8905961333589518,0.019676083169776624,-48.51
ABCAPITAL-VMM,601.13,0.8057079493526969,0.009174325697754749,-51.2
CCL-THERMAX,585.26,0.7907736379741771,0.08013312099450931,-51.58
NMDC-RBLBANK,571.72,0.7370313707405176,0.046941158637009116,-52.19
BAJAJHLDNG-SBFC,545.7,0.7534840580074226,0.08884705555265848,-52.38
SAILIFE-SUNPHARMA,556.91,0.6629239143380359,0.06772541425627392,-52.93
BIKAJI-INTELLECT,415.85,0.8631933006773559,0.042949095900887586,-55.24
DLF-PRESTIGE,328.25,0.9784679870368286,0.0009507077953553808,-56.69
ALKEM-BALKRISIND,563.43,0.6523605143771087,0.010545756316347629,-58.04
GODREJCP-RAMCOCEM,568.34,0.8559438086652468,0.08107905310370567,-58.4
AIAENG-GODREJIND,508.61,0.6550321743145204,0.01639896563682883,-64.76
IEX-TATATECH,552.47,0.7008547537922492,0.11609006935465,-66.06
CGPOWER-ENRIN,592.5,0.8905775492500135,0.006740023328584519,-66.27
JSWINFRA-NIACL,573.87,0.7433184050714935,0.0013110953589299454,-66.9
ACE-ANANTRAJ,601.62,0.6793497289227962,0.07583974315269885,-69.18
CHALET-CRISIL,484.43,0.806384398327006,0.08774913357941894,-69.69
RAILTEL-RITES,198.11,0.9534508509164022,0.11002497789242266,-70.97
GRAPHITE-TATASTEEL,577.15,0.9053836032372377,0.07533491026385694,-75.65
DALBHARAT-SWANCORP,594.51,0.797081151759163,0.03967689898136249,-75.85
DEEPAKNTR-MEDANTA,551.22,0.7927524002998677,0.012422910992205669,-81.06
CASTROLIND-EMAMILTD,558.03,0.6721470967389724,0.00340691342850149,-81.07
DALBHARAT-RHIM,413.15,0.8040384700420458,0.056940993501492065,-81.82
GICRE-GROWW,472.18,0.7336503267976127,0.009019310081457685,-82.34
EMCURE-GVT&D,617.2,0.7186504295147356,0.13333327410094492,-92.63
CHALET-IKS,567.21,0.7228971133092038,0.12395241849179206,-94.0
3MINDIA-DABUR,615.1,0.8578177174057879,0.02987416972214725,-96.98
CAPLIPOINT-IDEA,578.99,0.8162662171660033,0.07117905336014493,-101.0
PIIND-POONAWALLA,600.2,0.7174044931364171,0.04215239440965189,-102.22
CHOLAHLDNG-CONCOR,517.26,0.784291922304739,0.11617189764626207,-103.45
HDFCLIFE-SBICARD,481.7,0.9547227826783474,0.17722644034791352,-104.17
AIAENG-HAL,487.1,0.7059805981917726,0.01466341215806844,-112.85
ABSLAMC-ENGINERSIN,569.28,0.7681836722301567,0.10193364627828105,-114.19
CASTROLIND-HDFCBANK,578.4,0.6777139790837551,0.0072280514719608975,-114.5
AIAENG-DEEPAKNTR,462.51,0.7201937503779194,0.0032514484061376054,-119.3
CARBORUNIV-LAURUSLABS,592.05,0.8825773095354287,0.06983164470770419,-119.71
INDIACEM-SONATSOFTW,579.15,0.7700434708892381,0.0032739451510848767,-120.24
HEROMOTOCO-REDINGTON,415.89,0.8913473711675585,0.003075375631476728,-123.37
BAJAJHFL-IRFC,508.5,0.8838976797380886,0.06646617027392505,-124.0
ICICIAMC-JSWSTEEL,499.08,0.8075097148718726,0.17297770457182565,-125.85
ASTRAL-CIEINDIA,546.87,0.8337751061777235,0.018255621309992618,-134.33
BBTC-UNOMINDA,490.34,0.8998778997523025,0.03476347039593372,-142.33
CCL-SAILIFE,537.98,0.7508876916623277,0.05749625541499573,-145.46
ETERNAL-TTML,563.11,0.824221399692386,0.06362854910085478,-151.61
AEGISVOPAK-TTML,570.47,0.88284728827309,0.027941264564941098,-153.29
ABLBL-IRCON,572.49,0.7716980226091621,0.019218338703658234,-159.1
GODREJPROP-PIIND,597.16,0.7256536323836493,0.16191162502026624,-159.14
GRAPHITE-RBLBANK,523.27,0.7437678133491457,0.038237340925621775,-159.92
ANANDRATHI-HONASA,493.57,0.9122980035498547,0.1664251771888069,-159.94
BHARTIHEXA-CASTROLIND,333.11,0.6538006732712053,0.11676081982371583,-163.17
COROMANDEL-SBICARD,519.71,0.9117695887577228,0.11421963088402565,-164.28
GAIL-IOB,609.84,0.7709831808151012,0.15337186773033512,-165.67
INDIAMART-ITCHOTELS,427.61,0.8580617029129025,0.026251800690984838,-169.11
ABCAPITAL-WOCKPHARMA,445.48,0.758855226800915,0.09024259695325498,-170.02
GODREJIND-SUMICHEM,496.23,0.7705215132229795,0.12260673548174,-170.14
ASAHIINDIA-CYIENT,529.21,0.9111402511176153,0.038117374252026916,-173.01
ABCAPITAL-RHIM,492.52,0.7234371202064767,0.128635449973511,-174.38
GICRE-ICICIAMC,443.9,0.7277153377803551,0.03627458575860375,-175.89
GICRE-LTFOODS,381.54,0.7187282042205198,0.007782922059399224,-176.75
CANFINHOME-ITCHOTELS,397.18,0.8264061231603422,0.0019463198266713394,-177.39
GESHIP-IPCALAB,461.14,0.692941615459071,0.13646005350716317,-189.16
TATACONSUM-VIJAYA,488.52,0.725188200775639,0.152100086569056,-190.32
BIKAJI-MEESHO,475.14,0.6735258191695129,0.16180147957177032,-191.19
ACUTAAS-ATUL,419.15,0.8663175531304642,0.1289776356020751,-192.52
INDHOTEL-VMM,609.48,0.8893376818087915,0.03966496757534242,-193.81
ABBOTINDIA-JUBLPHARMA,388.04,0.6936958484957334,0.1542145869566467,-196.01
CASTROLIND-JIOFIN,611.09,0.6582349700848428,0.012450546798352563,-196.3
AUBANK-TATACONSUM,591.64,0.7510627947951699,0.007135045396253408,-196.52
BAJAJ-AUTO-GLAND,618.01,0.7413084864843589,0.03245944625978839,-198.78
CASTROLIND-CENTRALBK,492.57,0.6713390575442763,0.010490227862771977,-199.96
ABFRL-NBCC,610.46,0.9287461172540515,0.023499586648348662,-203.12
3MINDIA-ICICIGI,557.81,0.7824448217974808,0.03382717811268714,-203.9
ANTHEM-CARBORUNIV,580.34,0.8586634026979545,0.08271464096968856,-204.56
ABBOTINDIA-YESBANK,551.36,0.6861837734834197,0.142019729641798,-208.3
AWL-INTELLECT,542.05,0.9365024211552769,0.1009860693074115,-209.7
EIDPARRY-GODREJCP,357.84,0.7307230797864155,0.11784159613092682,-211.97
CANFINHOME-NAUKRI,574.29,0.7680172612701345,0.01271823244187483,-214.09
SCHNEIDER-SONACOMS,568.3,0.9113248655707159,0.08195179596526186,-215.66
BIKAJI-POLYMED,583.01,0.8894066248892819,0.002844340860512743,-215.86
LALPATHLAB-NIVABUPA,454.85,0.7337835040771463,0.01899613121640636,-216.56
GODREJCP-RHIM,604.47,0.8648057432339966,0.02691608468151707,-217.29
PATANJALI-TCS,549.29,0.8571704637904487,0.14515639387454277,-219.84
MANAPPURAM-NIVABUPA,500.63,0.7649208679122992,0.011550651279847321,-226.12
PETRONET-THELEELA,590.09,0.6597844614478638,0.024844980127217267,-229.43
3MINDIA-KOTAKBANK,579.9,0.8444617717268861,0.02675511960273813,-232.87
ATUL-GRAPHITE,552.64,0.880047445958976,0.07648747621257278,-233.34
ASAHIINDIA-NUVOCO,499.82,0.8603911491918131,0.02229651253088812,-233.79
JMFINANCIL-JUBLPHARMA,615.94,0.7900438919745223,0.03092726355836556,-236.94
IRCON-RHIM,549.25,0.8426726644866565,0.08989955424838597,-243.45
360ONE-IDFCFIRSTB,582.55,0.8446055808633711,0.008632506807548419,-246.99
GRASIM-IDEA,472.05,0.8731084658749001,0.001211175566778381,-252.05
CHALET-MINDACORP,436.63,0.8841917123893489,0.0053411822266499235,-257.63
EMAMILTD-PIIND,540.75,0.907064411738627,0.0003096789817485336,-258.28
ERIS-JMFINANCIL,548.95,0.7048846968323945,0.062159302201484766,-258.44
ACE-GRAVITA,328.2,0.8672229020852569,0.0001902038798462013,-259.54
BHARTIHEXA-ITCHOTELS,533.65,0.8494912089415136,0.06245623288108107,-261.16
SWANCORP-UTIAMC,589.71,0.8992536706145867,0.04289021924143282,-262.02
BHARTIARTL-EIDPARRY,507.88,0.9060384993366332,0.015296078614855173,-265.9
APOLLOTYRE-NAUKRI,585.56,0.9361069020339535,0.12960634702756246,-266.05
AADHARHFC-INDGN,442.34,0.653154002412356,0.000492189836474342,-267.81
ITI-TBOTEK,465.21,0.7249611840045317,0.16991085791843497,-268.01
ACC-UCOBANK,433.96,0.9338034179995951,0.14975384542414638,-271.21
JBMA-OBEROIRLTY,366.77,0.8145194733658943,0.0516283431617179,-273.38
CROMPTON-VIJAYA,438.93,0.855533429694018,0.06088641385065752,-275.3
ABLBL-ITCHOTELS,364.0,0.8919533061091248,0.028071085998455397,-277.7
ERIS-INDHOTEL,492.82,0.857822101867365,0.0032118436182941726,-278.49
APOLLOHOSP-MARICO,601.37,0.8473709071619173,0.04759114665070644,-280.97
GODREJCP-MSUMI,617.33,0.8246012249126413,0.06111763615502128,-284.24
ACC-CUB,460.21,0.7809875516031074,0.11863783056524618,-293.24
360ONE-APTUS,544.0,0.8503617894369534,0.031072873664769365,-302.41
BATAINDIA-ERIS,583.27,0.846168910444978,0.10700740823527238,-305.86
GMRAIRPORT-INDGN,532.25,0.7739723156036349,0.008848233919168131,-306.17
INTELLECT-POLYMED,585.24,0.895288896653817,0.16102531542879234,-311.03
ATUL-BHEL,578.45,0.6980096595364905,0.18343776466744138,-316.0
IGL-TTML,457.25,0.9017536016760298,0.033586876673263676,-316.2
ABDL-WELSPUNLIV,550.78,0.7556421315638551,0.1846152359417949,-316.86
CASTROLIND-HDBFS,494.75,0.7276219798664924,0.001385645348576222,-319.57
ALKEM-KOTAKBANK,602.48,0.6824636753630088,0.0032876405592583012,-323.08
ASHOKLEY-TMCV,238.68,0.8960116112408489,0.11290215897529454,-323.73
BIKAJI-IGL,390.8,0.8326810572250642,0.09114772854092285,-324.4
360ONE-HDBFS,370.5,0.919766161824868,0.005343674149383897,-326.75
DEEPAKNTR-WELSPUNLIV,587.39,0.7363473396994904,0.030246418597470983,-338.22
IDFCFIRSTB-RITES,599.07,0.8415667527432985,0.1840542324774755,-339.14
PIDILITIND-SOBHA,588.7,0.8410835669957678,0.0156844637274561,-339.54
COCHINSHIP-SOBHA,581.08,0.6935599724564205,0.09482636128928967,-341.73
HAVELLS-PIIND,580.98,0.7225359356830221,0.13577165476108116,-346.1
BAJAJFINSV-KOTAKBANK,408.93,0.9647984842903667,0.0014149684435767341,-346.91
INDIACEM-NBCC,578.84,0.7157950443154542,0.019609835948867182,-347.15
AIAENG-ITI,521.39,0.6552115024541342,0.019120038183470384,-348.28
CHOICEIN-LTM,615.89,0.8418842676703596,0.15505814759315056,-348.58
BELRISE-TENNIND,619.31,0.8765509779716742,0.04293924490685166,-349.27
ABCAPITAL-VBL,617.24,0.8573551820745531,0.0020669915354425855,-356.96
BRIGADE-RPOWER,441.19,0.935577551654481,0.08090125298480699,-359.5
BHARTIHEXA-HEXT,539.53,0.7742338248810395,0.04800097514298584,-363.07
HBLENGINE-ITI,497.88,0.8885516599701794,0.0018135122806318413,-364.26
CHALET-PAYTM,434.42,0.8637712498609913,0.06125789239652413,-367.0
GODREJCP-JSL,590.53,0.7413620658257084,0.04160782258513375,-367.39
KPIL-VIJAYA,510.47,0.8119168374079128,0.013444785558646604,-370.72
CGPOWER-SCHNEIDER,334.26,0.9612272355736015,0.014000341491499263,-378.05
INDGN-NUVAMA,598.75,0.8597953259410862,0.0004480658454864288,-380.01
ALKEM-HINDUNILVR,613.37,0.7695598694684915,0.0006866262084475542,-384.74
GODREJIND-GRASIM,535.36,0.8452631061745637,0.0003896679780396007,-388.83
GLAXO-IOC,561.34,0.7274998795454559,0.06689482694309316,-389.01
FACT-RADICO,594.87,0.7769533044762368,0.0018716164798379873,-389.63
KPIL-LAURUSLABS,507.74,0.7678706252052588,0.027577836845570927,-390.31
LALPATHLAB-RRKABEL,549.41,0.8296051129880385,0.004775030848902935,-391.07
CASTROLIND-JUBLFOOD,536.71,0.6879070576682259,0.006524203464623225,-393.75
GODIGIT-PATANJALI,352.22,0.7896209809089823,0.05730871290027958,-394.1
IOB-MGL,416.38,0.7008010267070696,0.01563504757579544,-401.71
BBTC-CASTROLIND,341.03,0.7224067729248631,0.17301638240614486,-403.16
CHALET-HONAUT,473.37,0.8249320840674053,0.1200624165323333,-405.82
CHALET-EIDPARRY,348.13,0.8550170919467327,0.17152299062083737,-408.93
AMBUJACEM-TBOTEK,592.99,0.9275273508703483,0.18021803128357766,-413.8
AADHARHFC-FACT,295.72,0.6858808001553446,1.789609989897619e-05,-416.79
ACE-CAMS,539.99,0.7132283528361403,0.020153833562934927,-422.39
MANAPPURAM-SUMICHEM,545.19,0.6901205677278169,0.08034840879193655,-425.1
HEROMOTOCO-M&M,561.37,0.8895442968269562,0.0516045238876117,-426.65
ABCAPITAL-TATAINVEST,587.47,0.73166123957149,0.09310295219329662,-429.36
PIIND-PINELABS,450.76,0.8662416379887067,0.0009145238985463416,-430.75
BRITANNIA-SWIGGY,548.29,0.7459637928682061,0.11644220488941909,-440.26
COLPAL-MAXHEALTH,539.7,0.6911669769978935,0.1042333163715371,-441.78
ASAHIINDIA-HINDPETRO,562.24,0.8925751811679645,0.006903411243714053,-453.98
CHOLAHLDNG-GMRAIRPORT,556.15,0.8595357474750408,0.004370673843629157,-457.59
KPIL-WELCORP,602.73,0.7706508660403294,0.03258884999869623,-459.34
APOLLOTYRE-INDIAMART,548.67,0.8613819326143614,0.015022008871972586,-459.59
3MINDIA-PGEL,473.98,0.839617725971459,0.058461052930683405,-462.02
DALBHARAT-ESCORTS,512.9,0.8650535825449511,0.005348056635895323,-465.34
BBTC-SIGNATURE,526.16,0.88450114224192,0.12212452137456892,-465.79
THELEELA-VOLTAS,423.56,0.6684615237877257,0.009124953398875882,-480.05
ABLBL-LODHA,513.92,0.8523440117165528,0.0614572911552012,-483.79
AIAENG-IRCON,403.38,0.7286833881448789,0.039628172981785635,-484.71
BEML-FORTIS,431.63,0.7747907852849972,0.13434641240841616,-487.31
DCMSHRIRAM-PWL,602.77,0.7921812268684982,0.1314770007660665,-488.04
BBTC-CHALET,382.08,0.9378075253661249,0.006998024125063137,-489.41
EIHOTEL-ITI,550.79,0.7537308290509789,0.05604149663361365,-495.51
COROMANDEL-UTIAMC,565.29,0.8270914639195963,0.06631322213445551,-496.74
POWERGRID-SARDAEN,467.3,0.8087483359831501,0.15890151553471882,-499.73
CCL-LENSKART,564.67,0.6886219100001837,0.05186440267573649,-500.58
JSWINFRA-NBCC,512.82,0.6652006872591623,0.06691551288334494,-503.98
BRITANNIA-CASTROLIND,504.69,0.672737264976279,0.1113263381731715,-506.74
3MINDIA-PETRONET,531.04,0.7533992250196119,0.07098506275718809,-509.72
AEGISVOPAK-NBCC,568.41,0.9008070830370623,0.01602023225641356,-510.83
ASAHIINDIA-DALBHARAT,432.2,0.7676447297540994,0.027864421226857228,-514.35
HYUNDAI-IIFL,358.49,0.8776810604930994,0.09626069048929875,-516.45
AIAENG-RITES,382.19,0.6826737348252727,0.06586416225438163,-520.66
BBTC-BHARTIARTL,561.34,0.9351607723247698,0.005709561895500151,-522.2
BATAINDIA-DLF,342.81,0.9524849153138154,0.04406783449417213,-523.99
BIKAJI-JUBLPHARMA,437.07,0.8921272029473019,0.03268066939959419,-524.96
3MINDIA-PIDILITIND,496.65,0.7403136550176637,0.14154631438589726,-526.6
GRAPHITE-MARICO,429.48,0.8425887459232564,0.022138582716650358,-527.25
DLF-IDFCFIRSTB,449.8,0.9026879097465494,0.018319054822116532,-532.74
3MINDIA-BLUEDART,415.52,0.7773474091350056,0.11452622945059321,-533.25
INDIAMART-TRIDENT,595.84,0.6947209524136732,0.05892271442937227,-541.64
BAJAJHLDNG-IOB,590.72,0.7559355976164982,0.07999636899850132,-545.62
ABCAPITAL-CONCOR,535.93,0.8901374107644213,0.018504193149815044,-546.39
COROMANDEL-ICICIBANK,449.75,0.8760740298570003,0.0943223608735439,-547.18
CIEINDIA-TORNTPOWER,428.75,0.8298430715318507,0.06476498926616052,-550.87
ITI-PAGEIND,574.68,0.7006408229057315,0.09890633436871055,-551.05
CHALET-CHOICEIN,371.24,0.900026223401541,0.011608080644463321,-553.7
CASTROLIND-DLF,552.83,0.7043370816520078,0.00827219974768759,-555.06
BIKAJI-GODREJPROP,543.73,0.8065208279744144,0.13987096144931938,-556.19
ICICIGI-SWANCORP,570.25,0.8158403434486282,0.13625571730210317,-558.09
RAILTEL-SONATSOFTW,464.99,0.8229559333454851,0.18181042605099745,-562.46
GODREJIND-PPLPHARMA,417.54,0.8743119280849183,0.015914179612489573,-563.55
AFCONS-PWL,530.64,0.9333580550748148,0.03756579561283956,-565.53
INDGN-MOTILALOFS,534.66,0.9055672147956665,0.00015181624146394819,-565.77
ATUL-BANDHANBNK,454.17,0.8943395273362946,0.010427924087847082,-566.32
DELHIVERY-SCHNEIDER,524.07,0.8617919678548103,0.025269504055981135,-566.77
INDIAMART-TCS,427.54,0.802398394204512,0.01919362715650099,-568.61
ASAHIINDIA-MAPMYINDIA,595.08,0.9004038147588863,0.11278919097328083,-570.27
AADHARHFC-MAZDOCK,314.87,0.7542614604593146,8.037577192000467e-08,-571.36
CCL-PFC,473.85,0.807762092203766,0.02638990506303851,-572.39
ACC-IDFCFIRSTB,482.97,0.9265380067677288,0.02819067976145803,-572.65
BALRAMCHIN-TECHNOE,529.48,0.7940518662112527,0.07613874748478558,-573.17
BALRAMCHIN-BELRISE,601.02,0.854482174865353,0.0996804568488569,-573.41
KPIL-PNBHOUSING,615.74,0.7886774350532167,0.021334264708925983,-573.74
EXIDEIND-INDGN,608.94,0.9091420055258861,0.0008433911771180157,-576.03
CRISIL-HINDUNILVR,535.67,0.8593976311456974,0.007589893127085674,-577.73
ACC-IRCTC,410.43,0.9601968479093528,0.0580908894853921,-579.76
EIHOTEL-UPL,544.77,0.801938463184274,0.01888119099839879,-585.04
JSWINFRA-NCC,547.25,0.7349378930510162,0.00773215544089105,-589.24
BELRISE-GPIL,586.23,0.9135087044644734,0.003604444764162996,-590.14
LALPATHLAB-NSLNISP,530.43,0.7289159380887268,0.09286495696142882,-592.13
ACC-BATAINDIA,267.65,0.9763131255444997,0.05022382593146936,-596.33
INDIAMART-ITC,610.42,0.6701143781395967,0.16566234094150023,-596.33
LENSKART-POWERINDIA,618.12,0.734888519242274,0.08182880454466845,-602.34
HEROMOTOCO-SWANCORP,614.68,0.8782365769563005,0.0032697813926175017,-603.68
EMAMILTD-PINELABS,472.77,0.9255143034221469,0.07279211012844582,-603.87
ATGL-FACT,367.2,0.841348350355822,0.10091837773381912,-605.76
IOB-SBFC,501.51,0.6726633685023913,0.014414572553803202,-610.0
JINDALSTEL-PFC,602.86,0.9492458533664485,0.017400305225012784,-613.65
360ONE-MSUMI,529.51,0.839632363828465,0.04134504091653288,-614.41
EXIDEIND-JMFINANCIL,603.68,0.9053285413723897,0.020914791018334936,-619.16
AEGISLOG-PIIND,465.67,0.7469532722653414,0.09678900108496202,-620.56
BAJFINANCE-GODREJPROP,616.0,0.7860610066032313,0.11084283604664907,-620.99
ABCAPITAL-BERGEPAINT,451.93,0.7875246665856257,0.013965556370892297,-623.01
CASTROLIND-CHOLAFIN,482.19,0.7488261699383386,0.00010797735967965258,-623.66
CONCOR-DEEPAKNTR,575.14,0.8355024257043734,0.1026290627227271,-624.98
ABLBL-CDSL,498.96,0.9198334020775641,0.0022830798651737845,-627.96
CASTROLIND-PIIND,586.36,0.6573218931713797,0.009411058330510745,-632.03
CASTROLIND-EIHOTEL,362.36,0.6928326530059993,0.015096826929829719,-632.58
ICICIAMC-JINDALSTEL,454.0,0.9086765452716329,0.006355714869038433,-632.72
ATUL-ICICIAMC,470.97,0.7713767770647134,0.0635149886436327,-635.65
DALBHARAT-JKTYRE,549.15,0.8899654283655335,0.019338589402601553,-638.76
CANFINHOME-SONATSOFTW,562.34,0.8165049619022683,0.003891872799449603,-647.04
JSWSTEEL-TATASTEEL,603.93,0.8871164532523632,0.18183036237783623,-652.74
ACE-BAJAJHLDNG,387.37,0.6862718834921424,0.04209234013958215,-658.46
CHOLAFIN-UCOBANK,496.69,0.9143004779378993,0.0003237735782959375,-659.99
ASAHIINDIA-SWIGGY,612.45,0.8941520898847319,0.15015497183242565,-663.3
BHARTIHEXA-KEC,536.34,0.7784861540192963,0.024943738094690734,-664.93
BALKRISIND-ICICIBANK,469.16,0.8648645756739013,0.00302410443037066,-665.14
AADHARHFC-EXIDEIND,450.63,0.670629825676842,8.098192112050705e-05,-665.93
ABLBL-SBFC,554.71,0.878298232493063,0.0021541869888155396,-667.01
ERIS-TEGA,540.58,0.79584999222984,0.023209062591035005,-668.15
ACE-ZEEL,606.77,0.7925615207714676,0.028128988802321207,-669.9
ITCHOTELS-RVNL,468.55,0.8602744172814196,0.015444205022764786,-672.26
AEGISVOPAK-SONATSOFTW,616.44,0.9077622437787757,0.00951570760090864,-673.38
IGL-PIIND,558.12,0.8696314590726794,0.0103086992084808,-673.68
ACE-PCBL,584.74,0.7938337049690783,0.0011617589313962884,-674.39
ATUL-CRAFTSMAN,402.46,0.6921060378403272,0.1779584334411603,-674.42
CASTROLIND-ITCHOTELS,505.79,0.7430801820864283,0.007569246191265666,-675.82
ERIS-IDFCFIRSTB,497.99,0.6963778527182733,0.033225262174372425,-676.45
ASAHIINDIA-ECLERX,616.71,0.9163372565672923,0.018166300262466566,-676.48
JSWINFRA-RADICO,552.05,0.7783457290947366,0.0008518691375914321,-677.82
BBTC-PIIND,556.82,0.8344508897084455,0.08704289372975876,-679.3
HDBFS-IGL,475.73,0.912380913141191,0.013861853686352746,-682.08
ABCAPITAL-GMRAIRPORT,463.32,0.7853385187807321,0.10733899331984187,-684.7
ITI-LTF,618.69,0.8142540712977031,0.021218124084455867,-688.12
SHREECEM-UCOBANK,546.04,0.8951054449683237,0.06265166377379532,-689.0
ATUL-DELHIVERY,589.84,0.8294364172009763,0.01726158434849797,-689.92
OBEROIRLTY-RAINBOW,608.66,0.7905695283898048,0.06486365089039534,-690.74
BAJAJHFL-RITES,338.45,0.9244074698392998,0.04357538367123748,-691.77
CYIENT-IGL,617.76,0.9082395117775927,0.11068986403255554,-692.11
AADHARHFC-JUBLINGREA,424.44,0.6893357535018475,1.717566256822465e-05,-692.8
ITC-SBFC,563.12,0.7839631580880192,0.09512269877162516,-694.12
LTF-SBFC,530.0,0.8343244533780134,0.00600315302833766,-695.01
INDIAMART-WIPRO,351.55,0.7436447468925318,0.072001601739542,-695.48
DIVISLAB-USHAMART,555.27,0.8114213323721664,0.013021803962823703,-696.79
GABRIEL-LALPATHLAB,496.19,0.8196994668239771,0.017399468084681825,-697.4
CASTROLIND-LTF,531.29,0.6776284796338594,0.002601795751840438,-704.48
CCL-DATAPATTNS,547.69,0.8757167988642064,0.009932189029227687,-706.35
CASTROLIND-CHOLAHLDNG,567.02,0.6681087814557513,0.00425514912284449,-709.11
GESHIP-NTPC,525.55,0.9005862355660126,0.12942751820604992,-713.57
MANAPPURAM-TATACOMM,536.74,0.6861613662346777,0.04224949384648512,-714.57
EIHOTEL-JIOFIN,593.26,0.8910427406257623,0.006510789443445646,-719.97
BAJAJHLDNG-IGL,539.26,0.8150750707450617,0.10557872624056303,-722.06
INDGN-USHAMART,560.88,0.766298442218078,0.032050693189501586,-722.95
ABCAPITAL-HUDCO,574.71,0.8507075466046311,0.002949749030378148,-725.7
CAMS-GABRIEL,576.63,0.8679830765307924,0.003200495131979833,-729.34
PATANJALI-SWIGGY,567.28,0.9161369765240818,0.06429534687363365,-730.88
TIMKEN-TORNTPHARM,594.65,0.7480013256252331,0.08719972453694486,-734.72
HDFCLIFE-IIFL,514.14,0.8766825111914085,0.18320581474219844,-737.4
DEVYANI-HDBFS,590.17,0.9123819671753078,0.0005234633678095557,-738.4
GLENMARK-JSWENERGY,565.92,0.8736092653098869,0.0033957487481818933,-741.68
AADHARHFC-OBEROIRLTY,463.67,0.686725829336877,0.00010994879965340796,-744.06
ERIS-ESCORTS,521.05,0.7450161705848195,0.055006293925423125,-746.25
ABBOTINDIA-TATACOMM,540.01,0.6775865325606168,0.11625726104909051,-750.48
COLPAL-INDUSINDBK,598.82,0.8042473539742927,0.06555987482712254,-751.58
CANFINHOME-TRIDENT,360.1,0.7837273785400511,0.015002663838518603,-753.41
COFORGE-HEXT,503.65,0.972299569577914,0.039367153510586464,-756.24
360ONE-SBFC,544.16,0.7309779899131813,0.05630606456373795,-756.45
HBLENGINE-IREDA,475.79,0.924611649859564,0.008142075368686755,-762.4
GMRAIRPORT-ICICIGI,580.71,0.8002829085866517,0.01717534361215996,-763.39
CONCOR-RAILTEL,607.77,0.9110430814972502,0.051186834990613515,-763.55
BIKAJI-HUDCO,510.06,0.7990349527202764,0.1464059281815323,-765.35
BALKRISIND-ESCORTS,513.88,0.7693354790467538,0.09769391149379153,-771.83
BIKAJI-TTML,458.74,0.8587263312538063,0.026722435764539785,-774.2
MSUMI-RHIM,381.38,0.8819593260102776,0.03602275053439954,-774.43
ERIS-ICICIGI,552.16,0.7288715648216758,0.03825238546808727,-777.07
ABCAPITAL-TITAGARH,516.33,0.8547406349633478,0.0069982673133101,-777.58
BAJAJFINSV-IOB,545.92,0.7531892688266091,0.13632078749657933,-779.05
3MINDIA-CASTROLIND,439.37,0.7296037564028608,0.01217667196290491,-779.67
CGCL-HUDCO,431.54,0.7716706896371308,0.14845062707201512,-784.69
CASTROLIND-PATANJALI,526.74,0.6756579671063349,0.005136024197713865,-788.07
ASAHIINDIA-BPCL,567.56,0.8593319334960072,0.028929788717751752,-791.62
CASTROLIND-UCOBANK,534.51,0.7410560000970461,0.0028074294936416165,-795.34
LTF-UCOBANK,360.33,0.8395598410601564,0.18779078940147564,-799.17
ABFRL-CASTROLIND,511.34,0.6897578776003341,0.054403439016970076,-804.35
LTF-UNOMINDA,618.33,0.872974995330281,0.010948446836585472,-810.25
CHALET-PHOENIXLTD,368.26,0.6524971766705401,0.1740322430691008,-815.55
BALKRISIND-BPCL,450.61,0.8450523917770872,0.03781252380994022,-823.94
INDIAMART-MPHASIS,437.64,0.7884273923966916,0.04718639459523465,-827.4
ABFRL-INDHOTEL,400.09,0.9564742810028681,8.03762412281638e-06,-840.26
CHALET-SWIGGY,589.73,0.8326823420742013,0.15022542774611036,-840.27
CHOLAHLDNG-GRAVITA,415.03,0.8998585287343113,0.015390938736518813,-840.94
PAYTM-SHREECEM,568.47,0.7705904563941026,0.14939010655565083,-842.51
ACC-MARUTI,526.9,0.9610931845818798,0.02020126376939907,-843.0
ABLBL-APTUS,594.11,0.8234489719420047,0.054838173658299655,-843.09
IOB-SOBHA,556.59,0.7335279440628604,0.017634887231763426,-844.95
LUPIN-SUPREMEIND,454.07,0.7338472677253772,0.18830886426988652,-844.97
GRAVITA-PRESTIGE,457.51,0.8897638264070512,0.15080629853126631,-846.38
COROMANDEL-EIDPARRY,353.68,0.856989705488413,0.1589172130055187,-847.02
AEGISVOPAK-HDFCBANK,565.8,0.8686512985546027,0.07850656990285776,-849.56
GODIGIT-HYUNDAI,449.39,0.716344962434748,0.14954607788338914,-853.67
360ONE-BAJAJHLDNG,413.63,0.8869597528234353,0.005167224441607814,-855.18
BBTC-DABUR,599.84,0.8937764897530713,0.10162802641235563,-856.35
AMBUJACEM-UCOBANK,492.89,0.9438602020299944,0.04214698093144983,-857.11
LALPATHLAB-NAM-INDIA,555.32,0.6864769166671603,0.04794026360157948,-857.97
DALBHARAT-TATACAP,399.57,0.8913941215267991,0.0009407681611291597,-859.05
FLUOROCHEM-USHAMART,589.19,0.8104742989279549,0.010380995188638035,-859.36
PGEL-VOLTAS,481.15,0.833618228626997,0.03236506538363711,-863.08
BALKRISIND-UTIAMC,469.63,0.663194946768807,0.18390605418048922,-864.24
AUBANK-FORTIS,616.18,0.6945274814232449,0.030810603898723584,-867.53
DEEPAKNTR-GABRIEL,584.13,0.8652050512595862,0.004704695475743832,-867.53
ASAHIINDIA-PRESTIGE,526.32,0.8625182510705484,0.1379376425015622,-869.37
KOTAKBANK-RVNL,435.57,0.8077725650527695,0.14398587134580554,-870.52
ALKEM-GODREJCP,540.4,0.6860389630727749,0.0020548162814755127,-871.16
NH-TATACONSUM,570.9,0.7828091174720735,0.00039308848746802806,-871.8
ANANDRATHI-RBLBANK,613.6,0.7205718281157893,0.12006040784419802,-872.46
CHOLAFIN-DEVYANI,615.73,0.8632898176247996,3.989488535541485e-05,-872.54
EIHOTEL-PRESTIGE,379.51,0.9092957307121636,0.015714985117874617,-881.49
CHOLAHLDNG-NH,562.36,0.84633936443473,0.029723527182511773,-881.55
BALKRISIND-JKTYRE,345.86,0.8826241516134005,0.002953651513244445,-886.56
AEGISVOPAK-GMRAIRPORT,584.26,0.8284597679517431,0.015058205779800455,-887.96
CANFINHOME-DOMS,529.2,0.7234793200524043,0.05490988223270512,-888.02
JYOTICNC-TCS,608.4,0.8813744162386774,0.05350207547778414,-889.66
IGL-RPOWER,595.94,0.9027910809151835,0.14456921973410392,-891.22
CHOLAFIN-MGL,598.43,0.7363180385432344,0.03381823014630528,-893.02
HSCL-LICHSGFIN,529.29,0.7625554925735446,0.09770746588166251,-894.04
ASAHIINDIA-BATAINDIA,547.67,0.9395484451739962,0.00653001658871871,-903.71
GODIGIT-SWANCORP,254.61,0.6926535801933735,0.14429778521234649,-907.6
RITES-SONATSOFTW,568.77,0.886123417055819,0.13340044465003215,-910.5
ITI-TATAINVEST,618.31,0.7829895784343031,0.08703128301201424,-911.46
BBTC-IGL,383.05,0.9003208315820117,0.16145868290904958,-916.67
AUBANK-SJVN,573.74,0.7751251157108937,0.0004905546278804079,-921.5
COROMANDEL-RAMCOCEM,485.17,0.8291710717827095,0.06188352186956442,-925.43
CHALET-ETERNAL,576.8,0.9256062107399328,0.0006859655104447604,-927.89
AIAENG-AUBANK,528.61,0.7531775202957278,0.00012542691955467515,-928.28
COROMANDEL-TCS,597.65,0.8858487383853543,0.05984185983919149,-929.54
ERIS-MAPMYINDIA,579.17,0.8597401031158456,0.008820704644905582,-933.17
LUPIN-TORNTPOWER,576.75,0.7737863019900398,0.0459129303447578,-933.76
CRISIL-INDIAMART,541.89,0.7169788071788312,0.08035739916899826,-934.53
ABDL-ACE,562.64,0.9056773148740528,0.0005442527699916593,-934.82
RBLBANK-WOCKPHARMA,571.47,0.7110178626613451,0.011034945350908088,-935.95
360ONE-TATACOMM,567.03,0.7892882120139995,0.06794383183580253,-939.14
MAPMYINDIA-WIPRO,501.38,0.9617090885190778,0.08833029552079602,-939.4
BPCL-RAMCOCEM,478.37,0.9135550479467102,0.12724195929547655,-948.39
AIAENG-BEML,338.61,0.8239284854760719,0.004337075842446458,-950.0
ERIS-KFINTECH,601.9,0.6987331358346055,0.04834144048513872,-950.8
AMBUJACEM-SWANCORP,506.11,0.9574566467958905,0.0674578878955933,-951.75
ASAHIINDIA-LTM,591.13,0.9145450453831624,0.06353436185591685,-954.17
BATAINDIA-INDIAMART,509.47,0.8544626234793449,0.05581707918322915,-954.51
CHENNPETRO-STARHEALTH,617.26,0.7360589733692016,0.15894255426367737,-957.02
COROMANDEL-IRCTC,586.31,0.8915802078235654,0.1198523199030383,-960.59
ABCAPITAL-JMFINANCIL,604.13,0.7684631008881848,0.03246617585988635,-961.22
ABBOTINDIA-HEXT,507.54,0.7562948427575663,0.13490768327132924,-962.28
ACC-DALBHARAT,414.99,0.8166378312929905,0.022743686266780805,-965.31
KPIL-NAVA,359.44,0.7472496954887278,0.060376979253209465,-965.34
JBMA-OLECTRA,535.79,0.8756805202995254,0.03947857955598448,-970.94
ASAHIINDIA-KPITTECH,506.6,0.9087689254912983,0.07543166280432619,-972.52
CASTROLIND-M&MFIN,554.81,0.7316780538219539,0.0002743668493755112,-973.17
BEML-COCHINSHIP,531.44,0.8931205887877253,0.07150550473085024,-973.21
RHIM-SAPPHIRE,536.6,0.8910868547330002,0.004214477318792354,-974.08
GPIL-HONASA,475.74,0.8964534658067937,0.0028542899459570448,-975.05
CGCL-ZYDUSWELL,592.31,0.6886734911998899,0.011891026188580303,-977.68
DALBHARAT-RAMCOCEM,613.75,0.8367576376449197,0.053696028523530843,-980.33
KPIL-NESTLEIND,573.0,0.7660900282211248,0.05415771840604968,-980.79
NSLNISP-PHOENIXLTD,516.28,0.8275746780127661,0.112038295148291,-984.12
ABFRL-RHIM,385.51,0.9046478156056855,0.026677876078585,-984.68
CAMS-SUMICHEM,407.36,0.8965506813470603,0.010264635473752422,-987.7
ASAHIINDIA-HDFCBANK,406.97,0.9440357485354565,0.004412590271387439,-987.83
CCL-SCHNEIDER,615.4,0.8759234293114345,0.02378850137918979,-987.83
NAM-INDIA-SCI,590.36,0.8971865497404239,0.003707504092217217,-988.58
AADHARHFC-CONCOR,406.27,0.6637877717933518,0.000309952625059048,-992.06
ACE-CHOLAHLDNG,569.23,0.7643210412961889,0.00697041676855954,-992.37
ABCAPITAL-GODREJIND,380.5,0.8405684666464938,0.003050400527031713,-993.72
360ONE-3MINDIA,616.97,0.7297683161533595,0.10027983796326184,-997.49
BAJAJHLDNG-CHOLAHLDNG,577.3,0.8687875717811046,0.023267289817531994,-998.06
AADHARHFC-HUDCO,421.79,0.7256331280978545,1.1942321873730926e-05,-998.52
CESC-NAM-INDIA,613.29,0.6653026195798323,0.13316805577365437,-999.84
CGCL-VIJAYA,570.59,0.6921433403612779,0.032533315419699,-1007.35
CRISIL-GODREJCP,382.08,0.8497483132797411,0.02888174534046271,-1010.31
BLUESTARCO-BRITANNIA,582.34,0.7067982899509232,0.07024561431011206,-1012.8
AADHARHFC-IREDA,353.97,0.7411278929850839,3.47326576475169e-05,-1019.39
AIAENG-HDFCAMC,466.13,0.7115060890136902,0.008363496852990083,-1025.21
ABLBL-MAPMYINDIA,485.23,0.8907379664206391,0.005464247382252186,-1026.54
ATUL-CGPOWER,376.08,0.8314046651234335,0.034693049259348054,-1030.22
INDHOTEL-UTIAMC,588.41,0.8903571086155798,0.024183246512548853,-1032.54
HDFCBANK-UTIAMC,582.3,0.8700723913905167,0.06631816789768656,-1035.85
JSWINFRA-TTML,584.8,0.7031992646180143,0.013842387599736867,-1041.45
CUMMINSIND-SCHNEIDER,350.89,0.953462250988504,0.015652370967630908,-1042.12
JUBLINGREA-NUVAMA,501.69,0.9038274259217559,0.0005244291608604719,-1044.69
NEULANDLAB-RAINBOW,526.19,0.8876015107793613,0.009080914170414492,-1050.92
PATANJALI-SIGNATURE,585.52,0.8343444751866796,0.17099912806479978,-1053.89
CASTROLIND-UNITDSPR,519.47,0.6790724861103122,0.0006017236069759509,-1056.9
CASTROLIND-HYUNDAI,565.73,0.6969088309202613,0.002109204099067935,-1057.33
AEGISVOPAK-BAJAJHLDNG,394.07,0.8695830760001079,0.005051862421641264,-1064.28
ETERNAL-LEMONTREE,580.69,0.8768596756705932,0.15218596423667097,-1064.96
THELEELA-TMCV,365.29,0.7244228735281169,0.006461952633587101,-1070.53
CHALET-LEMONTREE,578.18,0.8580869965730138,0.09538613465715706,-1076.45
IGL-RITES,437.92,0.8886830339352801,0.03523033368323041,-1076.5
IRFC-RHIM,526.46,0.891770491789308,0.09641291264305851,-1078.04
ASTRAL-LENSKART,611.34,0.7857918505047147,0.021422489496935444,-1078.52
FORTIS-MEDANTA,447.01,0.8313467998897525,0.05725694456679629,-1078.68
CHALET-SHREECEM,505.56,0.8637782925363778,0.0037852682642758022,-1078.85
ABFRL-ABLBL,420.94,0.9239354005560714,0.008191435263305196,-1086.98
HEROMOTOCO-ICICIGI,553.92,0.7995119622055413,0.18325967504905155,-1087.06
LUPIN-VTL,448.75,0.8184960349094651,0.01711944537208827,-1089.83
EIDPARRY-EMAMILTD,604.22,0.91812133805915,0.025754669444055737,-1100.22
ITI-PRESTIGE,495.17,0.7905966895521348,0.08452689812207781,-1103.93
CHALET-KEC,422.47,0.8087772178574028,0.18013705711533096,-1105.9
ACC-EMAMILTD,362.49,0.9503590613196645,0.050563918483389515,-1105.93
CHALET-IRCTC,405.38,0.9275912074614113,0.002623384584199115,-1106.79
CHALET-ITCHOTELS,420.78,0.9342655136905896,0.003461271538507069,-1110.4
CEATLTD-NAUKRI,531.12,0.7686348126819498,0.04638740219031249,-1112.56
NESTLEIND-NIVABUPA,578.88,0.8181832547703106,0.03989994836454583,-1113.4
ABBOTINDIA-ENDURANCE,378.02,0.6549319536294455,0.10814331764527801,-1113.65
ERIS-M&M,515.67,0.79227360537992,0.023340356863429085,-1123.83
RRKABEL-VIJAYA,533.1,0.9159842120420624,0.04349687811094401,-1126.57
CANBK-PNB,442.53,0.9648624162332068,0.010367640028198798,-1128.04
BAJAJHLDNG-CASTROLIND,607.33,0.7463512513358832,0.03999347735949297,-1129.25
CUB-UCOBANK,582.44,0.8466734009314459,0.015535443711660608,-1132.48
ENDURANCE-ICICIGI,617.67,0.7489998815051881,0.10026903067279336,-1136.19
CHOLAHLDNG-ITCHOTELS,605.76,0.8701882905739902,0.05748366666422991,-1136.98
AEGISVOPAK-CHALET,614.25,0.8890245083706756,0.007627160119241212,-1138.2
AADHARHFC-APTUS,384.06,0.6707098121365448,0.00017269690076117988,-1139.67
NH-TATACOMM,317.28,0.898870947090422,0.004260300847317993,-1139.99
HYUNDAI-SWIGGY,516.38,0.8808096489487587,0.1788713982814204,-1140.29
NUVOCO-VMM,588.16,0.7995453093501623,0.0995530565697395,-1151.15
360ONE-MAPMYINDIA,608.99,0.7601429262158556,0.09405788314658103,-1153.87
BHARTIHEXA-SIGNATURE,495.23,0.8633719448448398,0.0094445543140393,-1161.33
ABDL-NCC,551.56,0.8577851701953098,0.0663340901324791,-1161.78
3MINDIA-BAJAJHLDNG,499.01,0.822013821784884,0.04686425242656251,-1163.07
BATAINDIA-IGL,406.4,0.952334532729741,0.025290354284740788,-1164.24
BBTC-IDFCFIRSTB,489.19,0.9325168389998277,0.019225972524146727,-1169.21
CONCORDBIO-TEGA,551.63,0.763876304755714,0.1467030449777802,-1169.74
ENDURANCE-GODREJIND,610.2,0.7464113221325018,0.016573586570810983,-1173.83
BBTC-INDIGO,526.27,0.8923267413704856,0.007754990824696004,-1174.13
CHALET-RAMCOCEM,601.67,0.6912660802879451,0.105508855935464,-1176.83
ENDURANCE-IDEA,614.37,0.7613458195849585,0.0046892845944957115,-1181.76
ACE-DLF,334.5,0.7643425165034804,0.04592593341524694,-1185.62
ANANTRAJ-ESCORTS,601.3,0.8218729994730494,0.045510159089936685,-1191.19
JMFINANCIL-LTF,507.38,0.8755168881121296,0.0005482484369390754,-1196.55
GICRE-WELCORP,541.14,0.6773136177569933,0.03662228707382483,-1196.66
ITCHOTELS-SAPPHIRE,507.51,0.9254935181783802,0.011757438670125521,-1197.91
BEML-LALPATHLAB,455.78,0.6957635576966474,0.12262448545552557,-1200.12
BEML-TATACONSUM,528.34,0.8207013206153091,7.02511066909382e-05,-1201.74
ITI-PARADEEP,452.35,0.8234269952128395,0.015606106337644178,-1207.2
LALPATHLAB-WOCKPHARMA,397.07,0.8621893940572959,0.002241133741019408,-1207.72
ABBOTINDIA-TATATECH,550.72,0.7290037437912108,0.08413871580262378,-1223.44
BATAINDIA-PIIND,619.12,0.8874324190125191,0.006875041608619457,-1224.37
CESC-KPIL,465.72,0.8485964897466995,0.020248137416312068,-1226.78
BHARTIHEXA-UTIAMC,559.22,0.8646886426532576,0.000587063881963284,-1228.13
BBTC-TBOTEK,544.65,0.9312365032787058,0.09939389204807575,-1228.16
ATUL-POWERINDIA,350.86,0.8582805422516189,0.012017126312314481,-1229.56
BALRAMCHIN-TATAPOWER,603.83,0.8049955420964388,0.12321661366153186,-1232.51
TATACONSUM-WELSPUNLIV,594.99,0.6971462361081643,0.06912508088605634,-1244.21
CUB-JSL,470.75,0.8035550604418435,0.0071154226847446435,-1244.7
CHALET-ESCORTS,557.54,0.8823349845204277,0.029991324694848602,-1244.79
ASAHIINDIA-IGL,444.02,0.889142283151809,0.05292092721401518,-1246.77
CAMS-KPRMILL,618.77,0.7603040762853489,0.041461793379019715,-1246.86
IGL-IRCON,552.41,0.8338185971489368,0.04013031432508201,-1250.31
CCL-EMMVEE,613.22,0.7759238343023152,0.024387606489887272,-1250.67
ERIS-INTELLECT,612.55,0.8354923603451228,0.005050371398573195,-1252.26
AEGISVOPAK-INDHOTEL,362.07,0.9389303976490264,0.0009551451983293685,-1254.04
CANFINHOME-PINELABS,315.58,0.8588831431880083,0.0007935156919308947,-1257.92
ABCAPITAL-TATATECH,541.22,0.8059285483312636,0.004775370971624569,-1257.94
CHALET-DALBHARAT,359.05,0.7633275433189463,0.03701653730843624,-1259.07
ITI-SUZLON,364.35,0.8640548695581942,0.008303285657798006,-1260.81
CGCL-DEEPAKFERT,544.58,0.8448558160824329,0.023889265295810397,-1272.92
ABLBL-UTIAMC,478.39,0.8945361978851324,0.007046043596107285,-1273.28
CUB-IGL,528.39,0.7529972166057223,0.10272951530941371,-1274.34
SWANCORP-UNOMINDA,540.54,0.8972426410856098,0.062135413709787826,-1278.12
ASTRAL-TORNTPHARM,541.44,0.7673096830794842,0.10572256505549504,-1278.7
ACC-IRFC,596.61,0.8831985069125375,0.1170644704956112,-1279.29
360ONE-SOBHA,521.65,0.8428360016583094,0.014159369474430404,-1280.33
AUBANK-GAIL,511.25,0.7745453957583703,0.010968212018552947,-1282.77
DCMSHRIRAM-TRIDENT,605.93,0.7146893493275608,0.0807902173494191,-1286.35
ATUL-BHARATFORG,403.69,0.8736800022177647,0.08343242152455038,-1286.4
CCL-COALINDIA,543.71,0.6955258531361598,0.07456340933297508,-1288.02
MEDANTA-WOCKPHARMA,569.12,0.8112524253828944,0.040399985949461044,-1288.91
IREDA-ITI,576.76,0.9209683053690285,0.00015757961717547615,-1289.61
BEML-HUDCO,399.84,0.8694070326244563,0.061942925886906954,-1292.45
CDSL-INDIAMART,596.7,0.8253809332723724,0.09819703004631236,-1294.74
INDHOTEL-SAPPHIRE,618.59,0.9316338007753373,0.000297719392436972,-1299.77
CHALET-PATANJALI,571.1,0.8198390380946242,0.06496810747281287,-1301.68
AADHARHFC-ITI,327.88,0.7376966779943734,1.350943178497191e-05,-1303.17
BIKAJI-NBCC,492.24,0.8903675511609179,0.014014793501239756,-1303.71
IOB-NH,245.94,0.6770802871788665,0.10826812514437312,-1304.78
ITCHOTELS-UNOMINDA,546.64,0.9168718693081803,0.010965316818531976,-1313.7
ABFRL-HDBFS,568.54,0.9184640910179321,0.006231679649497125,-1314.97
POWERINDIA-VTL,592.24,0.9595225525734297,0.0003622753868109528,-1318.5
BBTC-CHOLAHLDNG,375.44,0.846368951631328,0.16675072253363588,-1318.74
CHALET-JKCEMENT,530.15,0.7423274425482793,0.04336353809532594,-1320.61
IGL-IRFC,455.6,0.9075345283540986,0.015195529779380566,-1331.0
BHARTIHEXA-EMAMILTD,600.29,0.8138662099553017,0.0654739155635025,-1336.46
GICRE-IGIL,556.49,0.6669273516505737,0.008934641857511196,-1339.19
3MINDIA-LODHA,486.25,0.8674959504485753,0.03141771988296694,-1340.79
AADHARHFC-AAVAS,399.5,0.6548821380374288,8.450220870878642e-05,-1341.73
CANFINHOME-MINDACORP,551.56,0.7278548283384013,0.1528711929222989,-1342.51
NH-PHOENIXLTD,426.15,0.8016858129117707,0.004878696553495087,-1350.45
COROMANDEL-HAVELLS,606.98,0.867090829902117,0.11056621334922706,-1358.01
ATUL-SONACOMS,438.73,0.8569736638954719,0.006625767552663581,-1358.46
EMAMILTD-RVNL,460.61,0.8660604303427386,0.019318733488503773,-1358.52
NH-TATATECH,559.76,0.7991211204043852,0.045000308441184474,-1365.71
ANANTRAJ-BAJAJFINSV,587.64,0.8104598828549783,0.020762940952014336,-1365.9
CGCL-EXIDEIND,596.01,0.7078861989852498,0.1369753050865482,-1366.03
ANURAS-PAGEIND,375.01,0.6531477581680026,0.005230373811151988,-1366.81
MSUMI-SBFC,542.72,0.7808397628413477,0.06273091499900416,-1368.27
SUMICHEM-USHAMART,430.93,0.8512126053799525,0.002171704867683637,-1370.34
EMAMILTD-SIGNATURE,598.6,0.8765286888240567,0.1499778407390971,-1374.61
AADHARHFC-SJVN,352.97,0.6647487545552874,4.5638599667945006e-05,-1386.74
GMRAIRPORT-SUMICHEM,403.67,0.6935721041762914,0.11040942724320801,-1393.05
ABLBL-SOBHA,508.8,0.7749846807908887,0.052456680117360925,-1397.44
ITI-PHOENIXLTD,434.41,0.8633852772321944,0.0015905295053058684,-1403.97
AIAENG-TMPV,409.98,0.7331800316217846,0.007806398517048361,-1404.84
COROMANDEL-HDFCBANK,602.46,0.9279660965654104,0.060564407512941475,-1408.24
ITCHOTELS-SWANCORP,396.72,0.9626140018815944,0.00033846985934901105,-1409.33
LENSKART-TITAN,588.0,0.7624433498659843,0.07931871686350522,-1409.62
BANKBARODA-GODREJCP,532.42,0.860815936663642,0.029852824837340104,-1419.39
AUBANK-SUMICHEM,475.58,0.6611125911710993,0.049672276368431,-1421.61
CHALET-UNOMINDA,442.2,0.8869707865803873,0.005228151114959685,-1422.12
ABLBL-INDIAMART,588.31,0.7476693646618191,0.14839044994853168,-1429.09
ABLBL-SIGNATURE,569.72,0.8745272690593509,0.005784811055163424,-1435.51
AEGISVOPAK-DLF,505.83,0.9322146732858316,0.000671350704161344,-1436.28
CCL-CGPOWER,512.52,0.8163647025659732,0.06385903750596615,-1437.55
KOTAKBANK-SONATSOFTW,556.95,0.8696506192561843,0.1339922302197884,-1442.75
ABLBL-LATENTVIEW,563.85,0.8767578997247722,0.009411578784400909,-1443.82
INDHOTEL-UNOMINDA,446.22,0.9323109823497177,0.010473524789699235,-1445.17
CAMS-NEULANDLAB,615.27,0.8764409882462435,0.00817439749057979,-1447.5
AADHARHFC-GRAVITA,373.94,0.685897613792919,0.0002825627325268664,-1451.09
AIAENG-TITAGARH,515.88,0.7287264395495504,0.0029032726695598582,-1451.1
ABCAPITAL-YESBANK,501.36,0.8766792232434525,0.0018194882984254978,-1453.92
AEGISVOPAK-HDBFS,576.12,0.9175086688774579,0.0001934899768812073,-1454.16
ITCHOTELS-LODHA,587.78,0.9215175314928392,0.10608232984529864,-1456.76
ACC-SWANCORP,471.89,0.9678266234851581,0.006333890476314205,-1457.97
GMRAIRPORT-INTELLECT,508.44,0.6616765314780888,0.05719763137238768,-1458.15
RHIM-RITES,492.98,0.8775128884294735,0.09979932521564105,-1461.53
JWL-RITES,516.39,0.7334574670627276,0.049131772464792944,-1466.41
AFCONS-TTML,588.63,0.9293583603521499,0.008595136061190571,-1470.95
CGPOWER-CUMMINSIND,495.8,0.9667183150476389,0.0014673279815972263,-1473.97
3MINDIA-BPCL,518.61,0.9138510170318321,0.0037900662251854618,-1475.09
ABREL-BRIGADE,528.78,0.9389795698259787,0.0343440418943122,-1475.93
CHALET-INDIACEM,388.85,0.8176285872727693,0.00014328301322983936,-1476.48
CASTROLIND-REDINGTON,583.79,0.7032486589283443,0.00276785844919714,-1480.8
LICHSGFIN-SUMICHEM,574.14,0.7578302237248048,0.008995154574958579,-1482.19
GODREJCP-UCOBANK,543.43,0.9131545946612072,0.0004921676605575062,-1482.79
ERIS-WIPRO,554.62,0.8448041231671263,0.005309654865701337,-1488.54
GODREJIND-MEDANTA,328.94,0.8730529307913286,0.0057768148928811595,-1489.48
BEML-MANAPPURAM,528.24,0.8289599920255227,0.021476908573879527,-1490.89
KPIL-SIEMENS,385.7,0.8229409710326293,0.12805669710494383,-1492.09
BAJAJHLDNG-TATACONSUM,533.29,0.6932760972978715,0.04412513967287292,-1494.71
AMBUJACEM-BATAINDIA,328.2,0.964079922674211,0.007340953848930494,-1498.24
EMMVEE-ZENTEC,496.38,0.8001850137414852,0.029344484154504025,-1509.93
CHOLAFIN-GMRAIRPORT,570.62,0.7991967262315098,0.0326701915287171,-1515.52
BATAINDIA-SWANCORP,568.3,0.9707282031737186,0.007024372786508069,-1521.92
EIHOTEL-RITES,548.33,0.8069344274694373,0.07613564155145318,-1540.38
GLENMARK-VTL,560.85,0.8595347509473057,0.056975310273119216,-1543.0
MANAPPURAM-TATACONSUM,604.33,0.8461428031405699,0.0011353809554374786,-1543.18
INDGN-OFSS,609.11,0.6622057694403125,0.14482608328825014,-1545.31
CHALET-SWANCORP,450.08,0.9029903737371147,0.022393966769334854,-1552.01
GMRAIRPORT-PHOENIXLTD,570.15,0.77874328849551,0.0039015256599900724,-1554.75
APOLLOTYRE-MUTHOOTFIN,552.46,0.8438295413549946,0.026275788219188474,-1555.63
JSL-TATACAP,614.7,0.6529686565850936,0.0062922431067783885,-1560.55
BAJAJHLDNG-CRISIL,600.47,0.7635713435488832,0.10530100335420084,-1560.93
SONACOMS-VTL,538.26,0.8698382829946306,0.09718951037556273,-1562.78
CEATLTD-INDIAMART,492.65,0.8424907644746897,0.00010356665566005665,-1563.61
ABLBL-BAJAJHLDNG,555.61,0.788002241844828,0.09751629581076421,-1574.18
ANANTRAJ-CHOLAFIN,617.45,0.8587391976988492,1.9539971251094762e-05,-1576.5
MOTILALOFS-NUVAMA,385.35,0.9300451686774606,4.7316409696319776e-07,-1578.15
CASTROLIND-RVNL,555.32,0.6796757592735082,0.004674661784064486,-1578.84
LENSKART-LINDEINDIA,590.84,0.8023472394885233,0.049624460334500055,-1581.41
NH-RPOWER,595.67,0.7809907102602208,0.12215470815435925,-1584.18
AUBANK-IREDA,613.06,0.7381411488099016,0.021432312555232185,-1590.44
INOXWIND-RITES,510.3,0.9189901971898546,0.052081785208683985,-1591.03
GMRAIRPORT-KEC,601.14,0.6969827217273138,0.12606735098100114,-1591.39
AEGISVOPAK-LTF,611.05,0.8375759257420877,0.009358710450161907,-1591.94
BEML-NESTLEIND,510.41,0.7463991611271609,0.05950117716399998,-1597.05
LUPIN-OIL,582.44,0.6551201225819265,0.042516655202324664,-1600.23
CAPLIPOINT-TATATECH,595.17,0.8477335781299032,0.0702305681863808,-1607.69
ABCAPITAL-AEGISLOG,559.01,0.832100719528547,0.0007283888661136467,-1612.48
IEX-PIIND,438.02,0.7491470365526298,0.018166626475541053,-1615.2
AEGISLOG-INOXWIND,600.58,0.864347852011114,0.07395410186337298,-1616.66
ABFRL-CHOLAHLDNG,410.58,0.9156104880479305,0.0003695628665811368,-1618.41
ABLBL-CLEAN,614.87,0.8381041818627524,0.03343547583831191,-1629.84
BAJAJHLDNG-DEVYANI,538.43,0.8873420088563799,0.0004630976087148211,-1630.82
BAJAJHLDNG-INDHOTEL,503.61,0.8872992042519466,0.14047666486286192,-1633.25
ABCAPITAL-IOB,483.34,0.6945331153203717,0.1035262328231975,-1636.48
IKS-SUMICHEM,578.82,0.7395651324538275,0.17479901338721704,-1644.21
AMBUJACEM-RVNL,590.43,0.8798380450168427,0.16305173417126073,-1644.37
GICRE-GMDCLTD,574.88,0.6957176831372379,0.021037132688038605,-1644.46
AIAENG-NSLNISP,407.16,0.795097814016211,0.000571395556466038,-1647.0
CCL-NAVA,595.51,0.6817912056975594,0.10646510829604328,-1651.04
360ONE-NH,518.7,0.7788833240121821,0.02864668105944682,-1651.05
ITI-LTTS,546.2,0.7673301239248927,0.05565741963002423,-1651.37
ERIS-TTML,444.45,0.8472290013633276,0.005319611268810189,-1652.2
IGIL-JSWCEMENT,517.76,0.6651648278803041,0.0006965658484208604,-1652.28
AARTIIND-RKFORGE,554.11,0.8115152740010054,0.15245046593729988,-1655.64
ERIS-UTIAMC,473.59,0.8468120720870626,0.0009281444203186117,-1661.57
BBTC-RVNL,500.11,0.8230601113130482,0.10171140218907088,-1665.98
ITCHOTELS-UTIAMC,576.22,0.8977313533127436,0.023560081017894852,-1665.98
3MINDIA-UNITDSPR,446.36,0.8068636986943989,0.03022412560245262,-1670.94
CGCL-URBANCO,455.54,0.7757546464747701,0.14559806384314766,-1671.55
ABLBL-ANANTRAJ,366.2,0.7630926022699132,0.04516222166429595,-1673.18
JBCHEPHARM-TORNTPHARM,266.77,0.9699741847993069,0.1579096087602383,-1674.86
BALRAMCHIN-ELGIEQUIP,616.2,0.8013004637150096,0.08155474094864668,-1675.97
CHALET-SBFC,559.41,0.7455633029645572,0.08997017206936059,-1679.29
360ONE-CASTROLIND,514.5,0.7118476535330853,0.014670727056139704,-1682.88
ASTRAL-BHARATFORG,574.54,0.7976370947515945,0.10407376047384259,-1685.2
BATAINDIA-IDFCFIRSTB,610.25,0.9312775994133358,0.032631239504824765,-1688.7
GPIL-GRANULES,484.38,0.8404379832797865,0.15536248144240822,-1688.82
LTFOODS-MOTHERSON,517.55,0.732666089035578,0.03976466402601455,-1690.17
JBMA-JPPOWER,519.85,0.7649679404528361,0.032787995920884584,-1691.9
CIEINDIA-TATASTEEL,523.17,0.8357087806457121,0.06313993469611477,-1692.44
CHALET-IRFC,414.72,0.8848296331370606,0.014938175025707282,-1692.89
ITCHOTELS-PIIND,446.43,0.8965399533657711,0.004623401548653511,-1695.41
IREDA-RPOWER,562.59,0.8901800958908584,0.019237295828268233,-1696.38
EIHOTEL-PVRINOX,615.18,0.6666177747882266,0.1637997720052845,-1698.33
GLAXO-MFSL,566.47,0.7511586306435061,0.06574047879551904,-1700.14
CUB-ITCHOTELS,503.27,0.7896926796043074,0.04584939826202299,-1700.51
AEGISVOPAK-APTUS,508.85,0.817876352064191,0.0497351119519257,-1702.56
ASAHIINDIA-RAMCOCEM,587.63,0.6954295118412961,0.12049809338460299,-1703.0
GODFRYPHLP-SBFC,559.27,0.7155317213304966,0.043637730468952904,-1705.99
IGL-SAPPHIRE,600.22,0.896471422423134,0.02279054520452718,-1712.28
IOB-POONAWALLA,593.92,0.6986937682722851,0.010326042360812656,-1712.44
CCL-CUMMINSIND,618.06,0.8395979954229706,0.02147045625823972,-1713.83
CHALET-VMM,543.35,0.8288499427574564,0.1210196456830897,-1715.0
ANURAS-CROMPTON,394.89,0.7432656085485656,0.00032337467323266387,-1718.49
EIHOTEL-SOBHA,473.3,0.7460983143245022,0.07348001305043142,-1719.37
GODFRYPHLP-ITC,549.56,0.8551523862000397,0.11626360797988394,-1728.28
ELGIEQUIP-SCHNEIDER,555.77,0.8581843380551547,0.07061289579920915,-1729.17
PATANJALI-UTIAMC,536.65,0.8707391604830018,0.0740721068125147,-1729.48
BHARATFORG-KIMS,460.7,0.696136957856555,0.06372829597555517,-1734.08
360ONE-ENDURANCE,542.99,0.7371167049275547,0.08341868108828426,-1736.67
NTPC-PFC,432.93,0.9648696465155059,0.001607816970679046,-1736.7
ITI-JMFINANCIL,477.8,0.8517125777078914,0.0020289998382096402,-1740.18
GPIL-ZYDUSWELL,470.85,0.7604892442486206,0.042060485103851436,-1746.61
RAINBOW-USHAMART,569.02,0.7767334918539031,0.01450819711215762,-1748.15
DELHIVERY-IGIL,552.58,0.7204448531963326,0.009013723590638035,-1755.7
DOMS-PARADEEP,496.03,0.8620807094737841,0.05577932375754896,-1762.28
BEML-NSLNISP,468.53,0.9027924996179838,0.003292278260808366,-1772.5
EMCURE-STARHEALTH,599.29,0.6868173027247766,0.018648273985249087,-1773.57
CGCL-NUVAMA,568.22,0.7540419711849816,0.03174475603018766,-1775.98
ABLBL-ERIS,499.6,0.8962441708187879,8.415477481333961e-06,-1777.25
INDIAMART-NAUKRI,478.0,0.7777846222456186,0.048333736028462984,-1777.28
GRANULES-LLOYDSME,598.22,0.9403649198722073,0.02369243639565323,-1778.06
NSLNISP-TITAGARH,491.28,0.8461759979901537,0.050743136544721956,-1779.77
AADHARHFC-PHOENIXLTD,405.84,0.6692205006168205,0.00032952667392526663,-1783.11
CHOLAFIN-LODHA,609.25,0.9281251362774573,2.493873314467936e-05,-1783.45
CHENNPETRO-TORNTPOWER,524.78,0.680157644114063,0.15666222690625592,-1785.12
MPHASIS-WIPRO,529.63,0.9711913012526608,0.028818751474557907,-1786.35
ERIS-MARUTI,584.2,0.807524637959018,0.013434455916413676,-1791.13
CHALET-UPL,602.58,0.9048961587982474,0.000381630868084735,-1794.21
J&KBANK-TIMKEN,481.95,0.9344397075405542,0.0025142413178746875,-1800.41
GLAXO-LICI,475.89,0.7386219571267195,0.1504859903244124,-1801.34
IEX-OLAELEC,595.24,0.6929379855162073,0.015285843416303208,-1808.7
BRITANNIA-CENTRALBK,571.65,0.8233315752895428,0.008787993424419898,-1811.16
BALRAMCHIN-BHARATFORG,566.06,0.8727650949162976,0.07667867475448319,-1811.75
CAMS-WOCKPHARMA,454.16,0.8577544207398508,0.1817301491304949,-1811.88
KPRMILL-TRIDENT,365.08,0.7475380961534471,0.15271079801794002,-1813.62
IOB-SAPPHIRE,527.32,0.7281835339793452,0.018132718162487328,-1819.35
CANFINHOME-SHREECEM,497.23,0.8091113674480314,0.029520795614994103,-1825.51
ERIS-MINDACORP,551.44,0.7125404513339452,0.04121986612678624,-1831.9
IGL-IRCTC,405.66,0.9502844251339098,0.0035512138844987556,-1840.43
ETERNAL-MINDACORP,554.21,0.8683423878710446,0.05653022788357628,-1850.05
BHARTIHEXA-BRIGADE,617.28,0.7204106972539532,0.14359047491357968,-1851.91
GODREJIND-NUVAMA,608.6,0.818080336190869,0.08119803283355564,-1857.03
CCL-JBCHEPHARM,521.96,0.733894473994414,0.07001404679497523,-1865.48
BAJAJFINSV-GODREJCP,481.51,0.8920635693286421,0.03217654152043294,-1868.48
360ONE-GRAVITA,581.75,0.7938337612672738,0.14145661772811924,-1868.84
NIVABUPA-NUVAMA,288.14,0.7207608703237123,0.14114074295235507,-1870.73
LUPIN-PFC,609.87,0.8347527324829045,0.01992185111321679,-1876.37
HYUNDAI-PATANJALI,533.35,0.9180557094657322,0.012313552707964592,-1876.95
CHALET-TTML,387.24,0.8521248350321471,0.10019981455547605,-1878.06
BAJAJFINSV-ICICIGI,619.24,0.8765997233409218,0.14947967414370927,-1885.06
3MINDIA-BBTC,496.05,0.8466174317508276,0.062323681193502636,-1887.73
GODIGIT-JUBLFOOD,407.41,0.6898045953588274,0.11618284288126773,-1895.21
CEATLTD-JKTYRE,616.1,0.822448808114149,0.006254626553887183,-1898.26
BHARTIHEXA-JYOTICNC,486.16,0.8515824296321531,0.010656510561925465,-1899.4
CGCL-LALPATHLAB,465.43,0.7065879718144104,0.05898200061344363,-1901.19
ASAHIINDIA-LATENTVIEW,564.01,0.9403284757711856,0.0009675778371778188,-1912.22
RAMCOCEM-TVSMOTOR,614.37,0.7961615154576629,0.028856859099515714,-1913.53
BALKRISIND-LICI,446.16,0.7974830973461835,0.1548548316989224,-1922.47
PATANJALI-POONAWALLA,527.93,0.7422707527102187,0.16877319077038228,-1922.48
BHARTIHEXA-SWANCORP,596.59,0.8575253006685906,0.005471990137037167,-1925.28
JSWINFRA-SUMICHEM,588.91,0.8147445107881096,0.00018498979541471504,-1927.37
JPPOWER-OLECTRA,478.14,0.9299065096274434,0.0014353233321086434,-1930.87
BAJFINANCE-SAPPHIRE,529.19,0.8724710595222439,0.0014429822633130634,-1933.8
AADHARHFC-JMFINANCIL,379.2,0.6731356065469706,5.852944804766936e-05,-1937.31
ACC-INDIAMART,530.27,0.8689453228446881,0.04990702732405125,-1943.92
LINDEINDIA-TATAPOWER,525.03,0.7501236401207535,0.1431396806464415,-1945.49
3MINDIA-SOBHA,453.61,0.7549498141179091,0.1671344923260692,-1948.75
COROMANDEL-KFINTECH,552.78,0.9089900343097558,0.0017770016684422378,-1955.86
JUBLPHARMA-PWL,407.88,0.9352859149054407,0.016318488242990058,-1957.35
J&KBANK-VTL,492.96,0.8906468385637947,0.045085511586334365,-1959.95
BALRAMCHIN-POWERINDIA,567.28,0.9465560420255305,0.0002421236070819925,-1965.97
ACC-KOTAKBANK,441.85,0.9524470658852621,0.022242454852853748,-1973.68
IOB-LICI,515.64,0.776440136594231,0.018365025327973405,-1975.52
EXIDEIND-PCBL,576.73,0.8314109348907316,0.16940782007931682,-1975.74
CCL-TATASTEEL,554.15,0.6971604829784805,0.1111712109436217,-1978.75
COROMANDEL-PINELABS,550.89,0.8650961020875899,0.0745562939875726,-1983.26
CHALET-JKTYRE,613.01,0.7431552401734642,0.09726519047760679,-1983.56
LALPATHLAB-PPLPHARMA,601.55,0.7306827705229866,0.17042155176760648,-2004.36
GABRIEL-INDGN,537.86,0.7888496954621099,0.04281809379340903,-2008.78
ERIS-NAUKRI,593.21,0.8033216788955273,0.019340611578389275,-2011.33
GVT&D-IGIL,552.1,0.7703134724971938,0.03040494232525939,-2012.45
JSWINFRA-RITES,474.84,0.7164000462835127,0.11868301212235072,-2018.11
ERIS-TBOTEK,505.82,0.8668667921856654,0.0069347095132520865,-2026.64
BALKRISIND-BLUEDART,351.11,0.7922949247925415,0.08260186900675098,-2032.09
BBTC-ICICIBANK,577.89,0.8170950861400975,0.15245370214437204,-2033.1
ASTERDM-MARICO,615.11,0.6991607840333547,0.13555623100370995,-2035.69
HEROMOTOCO-RHIM,592.17,0.729707977263267,0.10119867585733677,-2037.53
ABCAPITAL-NIACL,575.54,0.8060662959120393,0.0018052605258208072,-2039.6
MPHASIS-TATAELXSI,536.9,0.9334242229217277,0.14484377966535145,-2042.74
ITI-MUTHOOTFIN,595.83,0.7255965900795263,0.17686820948856674,-2057.29
ABCAPITAL-TTML,534.03,0.7931969131715279,0.03307149264422828,-2062.05
LICI-TMPV,507.01,0.8457872886450183,0.026217569759680336,-2064.44
CHALET-TBOTEK,527.65,0.9205983583583324,0.002227885514376887,-2065.11
CAMS-ELECON,617.76,0.8633744909586644,0.011371424912820054,-2067.12
INDHOTEL-RITES,597.47,0.8789605602833278,0.15591985901188526,-2069.67
CCL-NLCINDIA,526.37,0.7143489222180995,0.1860528000338802,-2073.87
AADHARHFC-NIACL,450.84,0.6714599081057574,9.224923992666398e-06,-2074.0
CGCL-SUZLON,576.6,0.8603934252131634,0.009243059003272587,-2079.73
CHALET-LTF,516.85,0.8335143313496178,0.04730234159902285,-2083.69
IKS-MOTILALOFS,552.25,0.8360254148635059,0.05110026630920882,-2089.54
ABLBL-BAJFINANCE,594.35,0.7884799604225147,0.03281324511591974,-2095.08
PIIND-SIGNATURE,466.89,0.7924674750412294,0.007336545528205469,-2096.48
ERIS-GMRAIRPORT,498.36,0.7280238046146268,0.01564469112375422,-2101.41
CANBK-RAMCOCEM,548.88,0.8327846960046879,0.050578522632119406,-2102.37
ATUL-SCI,255.72,0.9102561995581164,0.004621508487837263,-2104.77
ITI-PWL,480.21,0.8408203640844538,0.002962737762988674,-2108.49
ITCHOTELS-SBFC,493.07,0.8010799139974729,0.1586553741518909,-2108.64
NUVAMA-WOCKPHARMA,608.85,0.8096162032974282,0.06967232791876754,-2110.63
ACE-TRENT,445.64,0.7980348286040292,0.0017720348081291728,-2117.72
COROMANDEL-UCOBANK,561.18,0.9001133760124911,0.08625864431555658,-2125.29
CASTROLIND-DABUR,467.79,0.7142334933049974,0.000654656307001234,-2127.82
AMBUJACEM-SAPPHIRE,549.49,0.8878587421216164,0.06742118847621875,-2129.65
INDGN-WOCKPHARMA,445.64,0.724674675990191,0.16562564633586174,-2133.81
ANTHEM-ATUL,470.53,0.8003960903031018,0.0985195649064497,-2144.76
SARDAEN-SIEMENS,484.38,0.8498224381106467,0.023374376560965124,-2146.64
LINDEINDIA-LUPIN,555.83,0.8789271921232855,0.030578709438602893,-2146.87
CANFINHOME-TBOTEK,328.12,0.8569755708937481,0.0008425142898362304,-2152.14
OBEROIRLTY-SUMICHEM,523.24,0.8283144317062021,0.016760992448705676,-2154.34
3MINDIA-GILLETTE,412.11,0.804962025899394,0.024033946720581192,-2154.54
ERIS-KALYANKJIL,590.96,0.7780227483787954,0.026804380651346743,-2160.41
ANANTRAJ-ITCHOTELS,473.11,0.8164643296999745,0.03393123980850861,-2164.71
MARUTI-POONAWALLA,586.36,0.8020355979553495,0.17270746694653077,-2170.43
RADICO-USHAMART,560.17,0.8734301881708543,0.000374108596825769,-2172.87
LTF-RAILTEL,525.62,0.8820698328249064,0.0019032492819139228,-2175.97
DEVYANI-POONAWALLA,458.27,0.8812395924024375,0.0020339848790653535,-2177.87
CANFINHOME-NEWGEN,484.34,0.7248491481129086,0.028039981524618722,-2179.74
BEML-MEDANTA,389.95,0.8091962868850507,0.04120023729560431,-2202.59
BLS-KALYANKJIL,602.89,0.8475758240919767,0.011189065479549199,-2205.12
ITI-VMM,560.29,0.8431859100531297,0.0011824855302319253,-2211.9
SHREECEM-TATACAP,551.09,0.7760811751931983,0.09393072628320764,-2224.98
NH-YESBANK,535.91,0.8651456972853473,0.011809181246558111,-2232.62
BEML-WOCKPHARMA,456.28,0.860748507624631,0.0909689902904014,-2232.87
ABLBL-GRAVITA,370.91,0.8568347789079533,0.04853652688348914,-2234.58
JPPOWER-NHPC,523.12,0.6706230749941862,0.11752091456624936,-2248.63
BIKAJI-LEMONTREE,288.78,0.9010355626366637,0.032982862538734364,-2257.83
DOMS-NAUKRI,536.33,0.842864704751001,0.09421236493256158,-2262.31
CHALET-KPITTECH,610.03,0.8877200104204891,0.02372656692552388,-2262.42
AUBANK-IRCON,610.35,0.7302589873301245,0.05532222821133799,-2263.94
ANANTRAJ-BBTC,564.32,0.807379587987917,0.022363565337247426,-2266.01
AADHARHFC-CGCL,345.17,0.7147762784316607,3.244349683717273e-05,-2270.34
GMRAIRPORT-MSUMI,559.04,0.8067274125382177,0.007963304638775703,-2281.81
ABCAPITAL-ELECON,545.57,0.6584051390658073,0.15932851180922725,-2282.43
AIAENG-INDIACEM,460.47,0.6859268894542826,0.009740057266672996,-2282.86
BATAINDIA-ITCHOTELS,384.8,0.9774003719121334,0.0010326435512825972,-2283.12
CANFINHOME-PRESTIGE,460.21,0.8369249512294876,0.0057289637205126314,-2285.15
BIKAJI-BRIGADE,427.75,0.8906298650822577,0.024852559673130235,-2297.17
BHEL-LALPATHLAB,563.68,0.8291855695416191,0.15340732196838464,-2301.35
CIEINDIA-POWERGRID,430.71,0.9242093480130554,0.0010463948495978937,-2302.52
GILLETTE-IOC,609.09,0.8032432843442966,0.003940767237092697,-2306.28
360ONE-RHIM,617.16,0.8383259350266605,0.022538959852373665,-2313.11
BALKRISIND-CHALET,530.1,0.7510690135473005,0.03831966589447272,-2319.72
ABCAPITAL-GABRIEL,486.27,0.7033529141919863,0.03759449490654442,-2321.68
CONCOR-IRCON,532.5,0.8757627996456296,0.15982522229702306,-2327.11
BALKRISIND-SWANCORP,592.43,0.6763561886934318,0.15884802621324284,-2332.25
3MINDIA-BAJAJFINSV,610.53,0.8705089355862359,0.016452583514532843,-2350.95
BATAINDIA-IRCTC,503.79,0.9754373996865404,0.0033123659656106594,-2351.18
CHALET-RAILTEL,384.33,0.7883681637044243,0.0970501089727192,-2360.06
BHARTIHEXA-BLS,599.55,0.6952888851713424,0.11337491674270522,-2366.33
AIAENG-SOBHA,436.99,0.683803437162016,0.024436837964766128,-2367.41
COROMANDEL-JSL,464.41,0.6655406776655334,0.09404835262332467,-2372.44
IGL-RVNL,588.7,0.8678401300309361,0.02239861051643215,-2374.22
AUBANK-INDIACEM,460.61,0.679470148684643,0.13499761647983444,-2379.68
GAIL-HDFCAMC,612.91,0.6931530672757735,0.14847613565170154,-2382.71
GODREJIND-VIJAYA,370.59,0.7726271117178304,0.076727230998294,-2386.64
ATUL-SOLARINDS,610.68,0.8213600633433547,0.05317020074084331,-2388.05
BATAINDIA-RVNL,586.75,0.8566626764253067,0.058847965504602445,-2391.79
ASAHIINDIA-CHALET,432.8,0.922440806752327,0.001442929375949337,-2397.62
ABBOTINDIA-COFORGE,575.79,0.7515090602533319,0.16838159722042323,-2399.18
ABFRL-JMFINANCIL,613.58,0.8016140893746653,0.07096737316473604,-2402.74
LTF-POONAWALLA,506.91,0.8151025079472215,0.07214964131416089,-2419.56
BALKRISIND-INDIAMART,455.47,0.7737101806043261,0.031632805541179525,-2427.74
ACE-ELECON,405.03,0.738324608103471,0.015724307506787747,-2432.59
ABCAPITAL-AUBANK,523.58,0.8246702235459292,0.010479665031913821,-2438.92
AIAENG-LT,471.26,0.6727108648634333,0.028744966884239866,-2444.1
INDGN-PNBHOUSING,575.87,0.74827825684804,0.07228991418178653,-2453.65
JYOTICNC-SWIGGY,603.37,0.9408561014256562,0.007475884315389204,-2457.33
AMBUJACEM-UTIAMC,568.17,0.8744866518154094,0.13177324624143077,-2487.81
CGCL-WOCKPHARMA,476.37,0.711888232076265,0.08384237085661844,-2490.81
BATAINDIA-CDSL,519.67,0.9218868190341465,0.024305193701631055,-2493.42
BALKRISIND-DALBHARAT,387.8,0.825864285948594,0.04768448007077894,-2497.0
BAJAJ-AUTO-LALPATHLAB,565.79,0.6929114586689283,0.04744698646161076,-2505.03
AIAENG-GAIL,528.42,0.7058196132546957,0.018991631234307138,-2513.29
IRCON-RAILTEL,488.22,0.9629290889738762,0.005904571241120954,-2513.5
EIHOTEL-KOTAKBANK,508.16,0.7605652607046863,0.08222056815691292,-2519.78
ACC-MSUMI,379.6,0.8904908308324032,0.06781583453441244,-2524.01
IEX-PERSISTENT,420.45,0.7558716802440802,0.008108254419873236,-2525.39
BEML-NUVAMA,526.75,0.8443711851909016,0.030082476852783417,-2526.36
CRAFTSMAN-LALPATHLAB,584.21,0.7398646714311383,0.01169574738012234,-2528.7
RBLBANK-VIJAYA,502.55,0.7512489833189411,0.007861247944820557,-2531.59
MEDANTA-NH,579.1,0.8559209516831121,0.023014273276686266,-2531.68
PCBL-SIGNATURE,594.73,0.7785432235336807,0.03920413902577781,-2536.51
ABCAPITAL-CEMPRO,408.87,0.7376902786173892,0.07043345463291038,-2542.03
IOB-PCBL,429.59,0.7208602901963812,0.029594827898301455,-2543.06
BAJAJHLDNG-IDFCFIRSTB,555.79,0.8539402342562489,0.051322181000265386,-2545.54
DOMS-PWL,473.41,0.8103914177079347,0.1565605759918422,-2547.62
DIVISLAB-MANKIND,498.54,0.8965901945528995,0.0035084540674347187,-2550.95
ABLBL-INTELLECT,518.06,0.8696767732450525,0.018972961335607212,-2556.15
ANANTRAJ-GRAVITA,614.79,0.7817472362817328,0.05178486959005435,-2556.39
CARBORUNIV-LALPATHLAB,605.09,0.8299132891360465,0.06691575878670758,-2556.44
JBMA-PHOENIXLTD,534.52,0.7077122519487292,0.1256957079780162,-2560.44
BAJAJHFL-IDFCFIRSTB,565.48,0.8516280187242541,0.10429827918482776,-2561.26
COROMANDEL-GODREJCP,469.03,0.8934649805957299,0.022151023401456683,-2563.87
CGPOWER-POWERINDIA,603.37,0.9447572350668275,0.058117295852087233,-2566.29
CHALET-MAPMYINDIA,505.62,0.8765153620390891,0.048171264002761574,-2579.89
BANKINDIA-TMCV,506.98,0.8573393518433984,0.029028625394417737,-2582.06
PVRINOX-ZEEL,521.61,0.7828392027089203,0.00897492053910446,-2589.72
ERIS-POLYMED,606.04,0.8160366344358233,0.009940326170342316,-2597.61
GMRAIRPORT-NH,444.34,0.8267977950658209,0.0012226974082838425,-2598.83
ANANTRAJ-MSUMI,497.39,0.8455083068707081,0.006660187340279643,-2600.08
CUB-DALBHARAT,492.27,0.8592687305757015,0.03129841659640717,-2600.36
ASAHIINDIA-UNOMINDA,600.38,0.8637425878413503,0.0468344223717767,-2601.32
CHOICEIN-INDIACEM,570.16,0.8717299006519627,0.00035502641586327897,-2605.94
EMCURE-SONACOMS,468.76,0.6744795039169417,0.07890600589936414,-2606.08
ITI-JBMA,576.94,0.6625742673083657,0.052307406205599094,-2608.07
AMBUJACEM-EMAMILTD,454.49,0.9469458355901563,0.044091299231893366,-2608.97
CANFINHOME-INDIACEM,421.64,0.8274567465043596,0.0070471281093453155,-2617.89
GRASIM-SHYAMMETL,608.4,0.8247045069709711,0.006339779659860243,-2636.33
CHALET-IDFCFIRSTB,542.59,0.9274671868228437,2.8342444975342706e-05,-2638.21
ABLBL-LTF,605.6,0.8521345934510346,0.007830722356428982,-2651.59
CEATLTD-ICICIBANK,607.2,0.8403905115710383,0.0013732265844672938,-2662.82
CHALET-UTIAMC,393.1,0.8728370986403567,0.025337731896393025,-2667.68
BEML-COLPAL,560.26,0.6537759242591854,0.16005944271889755,-2670.19
ACC-RAMCOCEM,484.36,0.7517389542050894,0.1441570780192335,-2672.06
AAVAS-BERGEPAINT,605.36,0.8912980999302833,0.04005349792399062,-2685.73
BEML-INDGN,560.72,0.7634158778780248,0.04050658626382469,-2710.45
INDIAMART-UPL,471.53,0.7278784358630096,0.021587871048147265,-2713.25
BEML-WELSPUNLIV,527.17,0.6833058819530544,0.11761871985137345,-2713.72
INDHOTEL-JMFINANCIL,614.66,0.8317827015512591,0.116282778818036,-2721.39
JBMA-SUMICHEM,548.58,0.7411651979646661,0.008513708764532274,-2724.35
CHALET-KOTAKBANK,567.2,0.9212779192771318,0.0009121105579991341,-2724.66
MMTC-RECLTD,571.9,0.7494661661526965,0.022310028783374267,-2736.99
ABCAPITAL-RAILTEL,571.95,0.8521768771629822,0.005366544771372245,-2744.97
COROMANDEL-MUTHOOTFIN,528.55,0.7684160122821618,0.14791743688892262,-2745.98
CHALET-RVNL,499.16,0.8201781783511258,0.04252064164742039,-2754.01
ABDL-NIACL,603.07,0.834419345759526,0.029421184611367772,-2769.6
ABCAPITAL-DEVYANI,590.86,0.6956468631280366,0.0834281171148461,-2771.58
INDIAMART-ZENSARTECH,538.02,0.7763453993592376,0.04983673456076828,-2772.99
ACE-EIHOTEL,583.62,0.81311546370484,0.02012672678502951,-2778.17
BAJAJFINSV-SAPPHIRE,485.23,0.8984810836222931,0.01907182359449168,-2778.49
EXIDEIND-SUMICHEM,565.4,0.8701468149320178,0.02350219951054993,-2778.69
ERIS-RPOWER,547.35,0.8629419999142577,0.0030970541414740422,-2779.29
GMRAIRPORT-PCBL,509.53,0.8289714159812935,0.01565087177989006,-2779.53
POONAWALLA-SBFC,604.82,0.810019784041732,0.09751615868083224,-2790.64
CASTROLIND-GILLETTE,393.93,0.6529315210008573,0.008073881054547101,-2796.69
CHALET-LICI,551.42,0.8110243861582679,0.05755271419740812,-2800.44
ABLBL-ITI,552.55,0.7596101273012509,0.04195325251222452,-2801.09
AIAENG-COCHINSHIP,577.54,0.6613289398748646,0.03917410739776746,-2802.39
NIVABUPA-VIJAYA,366.54,0.7616677489816014,0.037914634893661515,-2813.35
INDHOTEL-ITCHOTELS,567.34,0.90037550654067,0.17564023411286395,-2825.4
JMFINANCIL-SUMICHEM,602.85,0.7992878698414613,0.07689436812757061,-2833.79
KPIL-WOCKPHARMA,479.84,0.7786341124730645,0.04636570555467004,-2848.81
APARINDS-SCHNEIDER,452.05,0.9620670687903176,0.04289903939999683,-2852.98
HDFCAMC-NIACL,599.55,0.775693180096078,0.005711418752195627,-2858.14
BBTC-ITCHOTELS,321.66,0.9647239235014969,0.006920920926238601,-2861.4
ABCAPITAL-SONATSOFTW,576.45,0.6976903495703439,0.13251555744400972,-2861.71
AMBUJACEM-DALBHARAT,410.9,0.8661854730392557,0.06944745729237913,-2867.92
DATAPATTNS-SCHAEFFLER,609.54,0.8031647615013854,0.1571714929426875,-2869.93
ITI-TRENT,535.92,0.796493354941568,0.03188289981496922,-2873.62
ABLBL-NEWGEN,590.62,0.8942512952167546,0.0037801093853200318,-2882.03
ABCAPITAL-MEDANTA,454.25,0.7897721534940723,0.007876279502725469,-2897.4
IPCALAB-PIRAMALFIN,417.27,0.7167272511007348,0.017480886456657366,-2899.64
AIAENG-SJVN,504.66,0.7293255025917112,0.0029251703809569886,-2902.06
CHALET-GODREJCP,613.5,0.809582984707765,0.00609834469703365,-2906.91
CAMS-INDGN,616.92,0.852183373764388,0.0028922038113098217,-2914.2
CCL-TIMKEN,493.94,0.8309983996080241,0.0012987268082124972,-2916.26
NUVAMA-SUMICHEM,506.44,0.9155430469415463,1.1445094622675302e-05,-2921.42
BAJFINANCE-PCBL,486.05,0.8745807314065126,0.00021433840528459403,-2927.67
TEGA-UPL,571.8,0.6979854903693211,0.0645970163092922,-2938.2
KPIL-TRENT,560.22,0.6922207730257488,0.08149667702330782,-2941.26
BLUESTARCO-VOLTAS,392.29,0.926510136501269,0.0002783096027272384,-2941.95
ITI-NBCC,475.88,0.8156817522335573,0.048909566786168125,-2955.57
GPIL-RBLBANK,458.2,0.7349552885141275,0.06475994553571852,-2966.95
KPIL-LALPATHLAB,372.56,0.7408686192289184,0.05498201784919788,-2967.51
BEML-NIACL,569.87,0.8095539838625979,0.022434154876706622,-2972.4
BERGEPAINT-RAINBOW,603.81,0.815844348850057,0.07632959921936724,-2976.6
CHOLAHLDNG-INTELLECT,614.29,0.814363038055182,0.11304197758258067,-2983.31
AADHARHFC-CAMS,439.5,0.6869060675107528,3.11260621039831e-05,-2991.26
ABREL-JMFINANCIL,513.22,0.9038270792645509,0.00257127809332592,-2996.99
CARTRADE-KPITTECH,594.77,0.9728642843301609,0.0031944102248018295,-3004.11
CAMS-VIJAYA,579.99,0.7865014700861331,0.03697390797209831,-3005.54
ANANTRAJ-LODHA,614.51,0.8796158841939167,0.0022317534032658963,-3016.97
CANBK-GODREJCP,474.89,0.9293343123723787,0.00024404722975304916,-3025.52
HEROMOTOCO-ITCHOTELS,553.45,0.885481418317937,0.02772268541150598,-3028.11
BBTC-MAPMYINDIA,509.0,0.9193082689001613,0.17908233291145453,-3048.34
GABRIEL-NAM-INDIA,410.2,0.747245340747173,0.09827256346257685,-3050.53
AEGISVOPAK-KOTAKBANK,505.78,0.8833076445473116,0.00421729350453216,-3052.77
PIIND-RITES,462.33,0.843967791780627,0.010768028331572555,-3053.87
NIACL-SJVN,596.83,0.6912320500427003,0.03935875293074914,-3057.39
BALKRISIND-BATAINDIA,574.0,0.6931283613565918,0.11870819363790175,-3057.78
MEDANTA-TATACONSUM,559.63,0.8253611982191453,0.0003766800159802851,-3058.14
JUBLINGREA-LALPATHLAB,582.87,0.7256768659144179,0.17222499591589385,-3062.19
BALRAMCHIN-VTL,476.44,0.9307148725665633,0.0029470459284288916,-3064.79
ACC-BAJAJFINSV,438.86,0.9548764360751177,0.013352147488149241,-3065.61
ITI-NSLNISP,569.17,0.7617877914462529,0.04462172326934585,-3082.98
ASAHIINDIA-CDSL,509.32,0.8542187363049706,0.15950792226232535,-3106.85
JSWINFRA-TATAINVEST,453.27,0.7814597874133389,0.0012226974144739242,-3108.77
ABLBL-ACC,570.79,0.8417570697994153,0.0747840712817043,-3110.53
LTM-TATAELXSI,578.14,0.9416342314720462,0.15477985743062372,-3110.93
ATUL-SIEMENS,501.27,0.7510000210829963,0.03705994463224322,-3119.18
CHOLAFIN-ESCORTS,516.32,0.8772905953372037,0.008591880174654827,-3121.57
ABCAPITAL-INDGN,515.67,0.7930553639928021,0.024004735238688405,-3124.12
CANBK-UCOBANK,597.11,0.9130026843319279,0.023618244804140053,-3146.45
ACE-BAJAJHFL,526.4,0.7748277902025447,0.06263803024042777,-3149.03
CHALET-IRCON,503.58,0.7977129186753174,0.07322286294355096,-3154.54
CHOICEIN-SHREECEM,563.6,0.9108824358093314,0.049912996424457706,-3164.84
GODIGIT-ZENSARTECH,373.75,0.7056161416376194,0.14893217020834132,-3165.25
PIIND-SWANCORP,610.69,0.841617324559455,0.0043252078691958205,-3176.13
360ONE-YESBANK,531.73,0.8623789968695121,0.04034646225077484,-3185.34
ALKEM-APOLLOTYRE,598.6,0.6860912746249133,0.0075630451511299445,-3186.44
ERIS-HINDPETRO,612.9,0.7331356116257604,0.050435631714348374,-3188.02
ERIS-NH,518.87,0.6941643091744875,0.1822509078689853,-3208.07
ACC-HINDPETRO,499.27,0.9255823476465445,0.051402455036089395,-3222.06
ASAHIINDIA-BALKRISIND,346.8,0.7185698198055938,0.07950525088726351,-3223.48
CARBORUNIV-WOCKPHARMA,616.52,0.79461923549806,0.1578373548055686,-3232.34
BIKAJI-JMFINANCIL,431.12,0.7945382459300889,0.01714099745402267,-3242.63
EMCURE-GESHIP,614.66,0.7504790621708923,0.07313637921763126,-3252.02
INDGN-RAINBOW,587.32,0.8357580806360267,0.0028451593333986103,-3252.47
GAIL-MEDANTA,563.08,0.7516581628754484,0.11805718652221386,-3266.15
GODREJCP-INDIAMART,587.85,0.7550023023435353,0.026466181604568026,-3266.54
DIXON-TBOTEK,588.55,0.7921684066468294,0.10043686574009048,-3268.7
KOTAKBANK-PRESTIGE,579.67,0.8702975368399667,0.16606040061805583,-3274.67
NAVINFLUOR-TORNTPHARM,578.62,0.7748137277987268,0.11074182207204653,-3281.16
BALKRISIND-IDFCFIRSTB,599.25,0.7572343495710289,0.06897763340753171,-3281.24
CGCL-NHPC,559.52,0.6908240795841987,0.0491315357858404,-3289.25
GICRE-WAAREEENER,597.29,0.6564461781635151,0.052642233342086654,-3291.63
HDBFS-IDFCFIRSTB,562.71,0.90474061231932,0.054739484843913264,-3301.67
360ONE-MEDANTA,545.66,0.6831229274429671,0.10358240508200323,-3305.86
ABLBL-EMAMILTD,474.8,0.8865176552067772,0.006175168036254309,-3308.89
CPPLUS-SCHNEIDER,452.79,0.9505301751910312,0.08107379156423711,-3330.45
AEGISVOPAK-IGL,461.9,0.9119215086490763,0.007492731690060878,-3342.78
CCL-SPLPETRO,549.54,0.780420230405111,0.026700100507042673,-3352.17
JSWENERGY-MARICO,557.65,0.6614073732814616,0.09895756602662881,-3370.23
INDIAMART-SWIGGY,495.78,0.8055510814107166,0.04163196794318834,-3376.61
CANFINHOME-WIPRO,581.08,0.7855440934223258,0.021393945166339055,-3376.77
ENDURANCE-MEDANTA,488.09,0.8062414659218907,0.01502821561899383,-3382.84
CGCL-OLECTRA,573.49,0.8753255895086325,0.0009075263215050554,-3388.81
ANANTRAJ-RHIM,384.5,0.9027217714202579,0.00022198921538133388,-3389.74
ASHOKLEY-THELEELA,552.06,0.6792959216732203,0.1496840234591424,-3390.84
ITI-UPL,491.74,0.7090562368118668,0.13609530888354127,-3394.11
GICRE-GPIL,437.57,0.6650446755597025,0.030051603499656854,-3405.71
SHRIRAMFIN-SUNDARMFIN,505.37,0.6817445785330263,0.1813786029528362,-3406.02
DLF-INDHOTEL,485.54,0.9649942354319704,0.005441421213270691,-3412.67
IPCALAB-TORNTPHARM,492.06,0.755652963195506,0.011299931557250087,-3415.43
BANDHANBNK-RKFORGE,591.72,0.8473884821742488,0.06524404186218588,-3420.26
CHOLAHLDNG-INDHOTEL,618.41,0.9273780905410802,0.0023094953492915882,-3425.6
ABCAPITAL-HDBFS,491.6,0.7535786126060061,0.17615690218955776,-3428.17
RAILTEL-TITAGARH,569.9,0.9586082119964083,0.0017452947142206363,-3436.55
360ONE-ESCORTS,508.89,0.7750677997842736,0.12730825718867023,-3446.49
ATUL-AUROPHARMA,486.96,0.7276083338081566,0.14922022058071466,-3466.65
MMTC-NESTLEIND,614.23,0.6802887955290423,0.017620807458824928,-3470.1
BALRAMCHIN-SARDAEN,565.01,0.79720921206534,0.13442439666415723,-3475.87
ASAHIINDIA-CEATLTD,499.03,0.8178869645746444,0.10275733903645223,-3483.99
ABLBL-HINDPETRO,492.09,0.8221405083547267,0.02511455344379296,-3503.15
CHALET-MSUMI,473.48,0.8712701686681485,0.008876543557940215,-3551.73
CAPLIPOINT-RAINBOW,475.54,0.7643227592415995,0.13823967122154096,-3560.99
ERIS-IRCTC,533.01,0.8235290019953557,0.01363618520341396,-3564.5
AIAENG-IREDA,427.51,0.7113625645707975,0.024123963357629907,-3579.29
BOSCHLTD-IOB,566.42,0.6765871615862652,0.15400950723290674,-3604.8
ABCAPITAL-NUVAMA,509.07,0.8447526658997206,0.004378591830559916,-3621.53
BEML-GODREJIND,511.77,0.8267013272339279,0.04968986446449486,-3624.57
BALKRISIND-GILLETTE,565.17,0.758465495868521,0.0012825251179756974,-3630.04
BAJAJFINSV-MSUMI,560.32,0.8716188741837125,0.17627867071850228,-3633.64
STARHEALTH-VTL,324.82,0.7604911675523809,0.10816799001982053,-3642.66
ACC-CRISIL,468.88,0.7863400853460365,0.14422966823002736,-3664.92
BERGEPAINT-NUVAMA,618.96,0.8785471288200275,0.0008377202535987617,-3687.9
CHALET-EMAMILTD,575.45,0.9094525606836268,0.004838390123681965,-3692.88
BAJAJHFL-EIDPARRY,510.88,0.8955855416360993,0.13139725448681538,-3704.71
ABLBL-JMFINANCIL,560.47,0.8050853934373681,0.03670543306636042,-3711.72
SOBHA-TTML,606.44,0.8071730860392701,0.04460995690325966,-3719.09
360ONE-EMAMILTD,588.48,0.7903843364463515,0.11340881155679738,-3723.8
HEROMOTOCO-IDFCFIRSTB,610.64,0.7458998061817222,0.06572223790292697,-3728.61
CCL-ICICIAMC,563.84,0.7663782116871779,0.0568982221747027,-3738.5
ABCAPITAL-BLUEJET,497.62,0.7469647527154057,0.029379957547487685,-3746.7
CESC-ENGINERSIN,387.05,0.8137472578626969,0.11364340183461252,-3765.48
AEGISVOPAK-BAJAJFINSV,501.75,0.8756222175413201,0.017397693941800168,-3766.65
AMBUJACEM-CHALET,409.06,0.9299692823433847,0.003851559922403983,-3767.33
ITI-NIACL,533.28,0.7688397216640891,0.029198824439834167,-3776.79
GESHIP-NAVINFLUOR,536.18,0.8286878875121362,0.09328699586512884,-3778.33
PAYTM-SONATSOFTW,543.3,0.9445747156506829,0.00037512363689470965,-3794.12
AEGISVOPAK-RITES,599.83,0.8147349657147804,0.04041928918785386,-3797.51
CHALET-MARUTI,529.29,0.8987675155585418,0.002521269431797284,-3815.47
JSWINFRA-KPIL,392.25,0.6673367830203175,0.023606328842132415,-3822.7
KPIL-NIACL,491.46,0.7608967872450904,0.1197749724498941,-3830.26
GODREJCP-IOB,502.72,0.6520245305863392,0.12090461847935868,-3866.36
ATUL-NAM-INDIA,298.39,0.8610636974897772,0.020017806902241437,-3867.69
ITI-NCC,514.46,0.7593402350705033,0.08517353836378838,-3880.9
ERIS-GRAVITA,451.03,0.7737881564490664,0.04743620984787356,-3882.48
AAVAS-BIKAJI,614.67,0.8114265421449527,0.1251594782866905,-3883.2
CUB-HINDUNILVR,582.31,0.8003933080452301,0.022081751489572397,-3904.59
ASAHIINDIA-ICICIBANK,556.6,0.7760804643045015,0.0854843360058945,-3906.85
CCL-SARDAEN,519.54,0.778899375763226,0.02504557780529327,-3907.68
DEVYANI-KOTAKBANK,522.48,0.8930686448910754,0.013042247856052666,-3922.13
CHALET-INOXWIND,445.05,0.8819139476922289,0.09909678009558759,-3927.05
CHALET-IIFL,616.69,0.790143396482645,0.04754603223248625,-3933.95
INDGN-MEESHO,508.5,0.8398541365627494,0.00012221768118639815,-3939.6
ABLBL-INDGN,591.62,0.7099046547139726,0.0619996873718664,-3949.95
JMFINANCIL-NH,612.77,0.7890078366329756,0.02198062834233682,-3952.57
NIACL-PHOENIXLTD,618.42,0.7465891876029311,0.04064130673500825,-3952.63
AIAENG-VBL,502.0,0.7118170767968424,0.006287844464975522,-3969.78
ERIS-UPL,532.66,0.7741072238998664,0.00277618708692407,-3994.5
NAVINFLUOR-RKFORGE,477.56,0.7814537190588883,0.15508638074660347,-4001.84
360ONE-SYNGENE,570.29,0.7238099522767218,0.07444570772765088,-4010.75
ATUL-CUMMINSIND,415.28,0.7938402426870333,0.06396874559567259,-4012.59
ACE-NCC,313.57,0.8244149187038349,0.01710723657726817,-4023.42
ABCAPITAL-ABFRL,524.23,0.7006127751816886,0.10647969676753999,-4043.01
ITI-URBANCO,585.83,0.7214513125639953,0.06951633836686742,-4045.53
EIHOTEL-HBLENGINE,578.61,0.7521474077968782,0.1089755121815249,-4059.33
ABLBL-ABREL,500.81,0.899344133746847,0.007310677145887423,-4063.02
ABCAPITAL-NIVABUPA,485.39,0.6738332864254143,0.011597391994457104,-4063.79
CHOLAHLDNG-LODHA,606.46,0.9027019985858699,0.04698649704993221,-4077.97
ABCAPITAL-TATACONSUM,515.1,0.8215742641426754,0.00013228643234553897,-4085.13
AFCONS-HBLENGINE,390.71,0.8365586647957319,0.0914614397189717,-4099.28
AJANTPHARM-TORNTPHARM,561.98,0.8657283198851456,0.006060672054414913,-4099.45
NEULANDLAB-NUVAMA,526.09,0.8520074433748727,0.02350446267590303,-4104.54
BEML-CREDITACC,556.54,0.7541716193908037,0.005589335734873028,-4111.87
ANURAS-NUVAMA,415.46,0.6758292053456043,0.002090840634844947,-4120.32
JINDALSAW-STARHEALTH,567.81,0.818044683412961,0.01139897943308313,-4138.45
BALRAMCHIN-FINCABLES,606.02,0.9096151325294162,0.008788046019238601,-4160.24
DOMS-EIDPARRY,591.42,0.8812484434876191,0.03731099513947323,-4172.24
BAYERCROP-CIEINDIA,484.03,0.6574223505809241,0.10537390991911466,-4180.4
NIACL-RAILTEL,414.19,0.720393606987964,0.14000472257043467,-4190.79
CHALET-FIVESTAR,511.98,0.7643584090601213,0.14105405052852665,-4199.2
BALRAMCHIN-SYRMA,527.78,0.8250459970138978,0.18193264195350317,-4207.07
ATUL-JINDALSTEL,466.94,0.846240658935252,0.1820936422291825,-4217.29
BHARTIHEXA-CARTRADE,611.99,0.7859789219278835,0.04028477344016959,-4228.8
KFINTECH-SWIGGY,512.42,0.9039533971530924,0.04200479670768451,-4267.89
CARTRADE-WIPRO,573.36,0.962946401681141,0.001347327630373539,-4281.09
KPITTECH-MPHASIS,572.39,0.9737089787557087,0.0945447625403249,-4321.57
CHALET-IGL,444.19,0.881537001997743,0.01808513440144678,-4332.34
ABCAPITAL-CREDITACC,489.49,0.7570689023417423,0.008236133301274534,-4341.97
EIHOTEL-INOXWIND,597.29,0.8963643840251705,0.008345273084333655,-4394.89
AEGISVOPAK-HINDPETRO,540.99,0.8966879148715527,0.0012961482722290568,-4399.31
ATUL-JSWCEMENT,594.9,0.6566511359741067,0.08375922155901439,-4401.65
ERIS-GODREJPROP,571.73,0.8071909940338687,0.01644244812957633,-4411.53
NIVABUPA-SHYAMMETL,436.92,0.7469105945183062,0.008784270723631919,-4414.72
ABREL-GODREJPROP,530.8,0.9273191547561764,0.057581355844222935,-4452.71
CANFINHOME-PWL,441.79,0.7448844624382382,0.050419540260991706,-4462.35
360ONE-SONATSOFTW,510.5,0.8546306279735991,0.02907824053335355,-4480.51
CONCOR-CREDITACC,584.97,0.7489508441491979,0.016024124902288356,-4484.88
NAM-INDIA-SONACOMS,486.74,0.8628757212420594,0.025526947906325738,-4507.36
IRCON-IRFC,498.22,0.9239914264291468,0.13047474550438637,-4526.59
HBLENGINE-RAILTEL,580.76,0.8650154479537443,0.08401243058482083,-4573.59
CHOLAHLDNG-TTML,562.49,0.9095048882428496,0.0030393840895648005,-4587.81
PRESTIGE-TTML,567.22,0.9276607142218809,0.00846726772860778,-4589.52
AMBUJACEM-ANANTRAJ,481.19,0.8030422255271726,0.10085596212875347,-4590.59
ITI-JUBLINGREA,378.68,0.8470506731259598,0.005586486508052754,-4602.18
AEGISVOPAK-SOBHA,593.83,0.7888748076360237,0.02422226297032667,-4604.88
CCL-TECHNOE,584.82,0.6905817074682123,0.10055604983269634,-4625.85
BHARTIHEXA-SAPPHIRE,548.67,0.882926503355027,0.005409431632774584,-4642.07
ESCORTS-RHIM,517.5,0.9004530363290794,0.026842573340891976,-4670.08
ITCHOTELS-SHREECEM,613.49,0.8422098506443669,0.06839363367898753,-4684.01
KPIL-SUMICHEM,353.83,0.7435540568422038,0.11146553161116818,-4709.21
CHALET-DEVYANI,555.33,0.8635144187934045,0.00938158943818653,-4709.3
HYUNDAI-JUBLFOOD,535.45,0.8749210627102977,0.08415889079758032,-4729.3
BATAINDIA-MAPMYINDIA,442.91,0.9602606642656266,0.14419888406825104,-4765.44
GMRAIRPORT-SONATSOFTW,525.81,0.7617732002603665,0.019714062543101533,-4780.63
GESHIP-VTL,561.7,0.946348641965023,0.0042569347286521165,-4786.16
LTFOODS-SYRMA,530.83,0.7456264142834199,0.025383567884623048,-4788.82
ERIS-HBLENGINE,537.28,0.7083405531115926,0.12835090112999242,-4789.65
CAMS-LALPATHLAB,460.0,0.7871104464165601,0.05707579966853208,-4789.92
CAPLIPOINT-NH,539.96,0.7846044475754598,0.09094272536351178,-4864.23
CGCL-FACT,417.12,0.8358652531268637,0.0015643950806932777,-4865.91
ABLBL-RAILTEL,531.89,0.746571941948487,0.0438036453346581,-4868.4
NAVINFLUOR-VTL,547.26,0.811593586560004,0.1105853609981956,-4871.33
ERIS-HEXT,491.29,0.8076483855708897,0.012035017276350138,-4881.4
BEML-CEMPRO,518.43,0.7540600433901598,0.14509461616977243,-4882.59
GODREJIND-NSLNISP,560.15,0.782655425196809,0.024251823752370387,-4888.4
APARINDS-VTL,618.07,0.948148687932071,0.029871292346146258,-4902.29
HAVELLS-SBICARD,608.97,0.9221597008550237,0.021329709497948764,-4922.73
ITI-TATACONSUM,613.46,0.669387922146953,0.030526722455753986,-4934.37
ABLBL-PCBL,571.01,0.7179017274316764,0.18112985338354953,-4939.59
EICHERMOT-PGEL,554.2,0.7676328060641615,0.06389579783717952,-4941.29
JMFINANCIL-ZEEL,613.02,0.855176472238169,0.006434300938360791,-4960.48
ANANTRAJ-CHALET,537.15,0.8418613153242848,0.011019971691935889,-4996.02
BALKRISIND-JUBLFOOD,609.31,0.6577933923035614,0.10955644357472671,-5026.25
BBTC-SAPPHIRE,367.96,0.9258112070011812,0.008082348557810424,-5028.98
GMRAIRPORT-NIACL,576.99,0.653878698124537,0.05241698584396212,-5057.17
ABLBL-PRESTIGE,403.33,0.9234751917416941,0.0005082508455888687,-5086.2
NAVINFLUOR-SAIL,612.73,0.8458643833837831,0.014705456084418587,-5175.35
BALKRISIND-BBTC,558.22,0.7446118884212204,0.12891918384911383,-5190.81
PTCIL-SWIGGY,611.76,0.7382107136256011,0.04584374793789927,-5195.38
GESHIP-ICICIAMC,552.69,0.7554857719612369,0.16715103871373566,-5222.34
IOB-LT,484.43,0.7134114805211411,0.004003829128565394,-5236.72
ABFRL-DEVYANI,421.11,0.9333216257305821,0.00038874451707130987,-5250.68
SAPPHIRE-ZEEL,590.42,0.7881172864997751,0.14221507915943205,-5266.92
ACUTAAS-GESHIP,594.46,0.9697622815652754,9.539606748096684e-06,-5315.21
BLUESTARCO-PGEL,588.92,0.8211597049973486,0.03967450325321711,-5326.34
ATUL-GLAND,467.11,0.6540435509118074,0.11603812095225186,-5328.28
BALRAMCHIN-SCI,579.11,0.8432038189930433,0.1238747314835067,-5345.88
AEGISVOPAK-IRCTC,558.62,0.913827518560829,0.004712207859940861,-5443.1
IGIL-POWERINDIA,495.18,0.7531791476698186,0.0013808925322255459,-5472.96
ITI-POLICYBZR,592.22,0.7564813861832859,0.0272098141863004,-5512.37
ANGELONE-NIVABUPA,550.32,0.7676691627244464,0.09626353631492873,-5593.25
ANURAS-RRKABEL,425.07,0.7145618239982894,0.0064935472600086315,-5608.11
ACE-LT,403.54,0.6790180447561703,0.008297684190972333,-5627.48
ABCAPITAL-SAPPHIRE,484.31,0.6516796688058795,0.15243030211703312,-5698.4
GODREJIND-NH,499.5,0.7880949477741109,0.04725648832492271,-5753.74
JKCEMENT-MINDACORP,516.43,0.6951521499093272,0.016710771617523174,-5781.88
360ONE-CHOLAHLDNG,616.08,0.8455728169659049,0.027018301926470457,-5784.6
CIEINDIA-JINDALSTEL,415.05,0.9081104703028715,0.013113553547695101,-5826.66
CCL-CPPLUS,539.05,0.8569235339576895,0.05516371220398748,-5857.53
NUVOCO-SHREECEM,595.79,0.8592466195253688,0.12648162644177174,-5865.27
ACC-UTIAMC,615.32,0.8809069625626483,0.08398387586737505,-5894.69
ITI-RITES,447.91,0.8519419795251025,0.041963204863528066,-5943.17
ANURAS-CEMPRO,577.68,0.69863716539403,0.0015965840136321725,-6041.52
ITI-RAILTEL,529.04,0.8474869425147691,0.003575687720248643,-6056.13
INDHOTEL-MINDACORP,559.56,0.861324192374245,0.10707983315261599,-6125.87
HEROMOTOCO-SIGNATURE,550.17,0.7847089416923043,0.06546736605693092,-6236.31
ABFRL-BAJAJHFL,571.05,0.8926562448151109,0.08218395005091628,-6319.49
MCX-VEDL,563.56,0.9577472421673596,0.00572095593437958,-6321.06
ITI-NUVAMA,512.75,0.8174346188099203,0.006141924838181042,-6568.5
BALKRISIND-ULTRACEMCO,518.26,0.816883045985091,0.029772646696975203,-6570.29
NEWGEN-PIIND,538.53,0.8317437108057246,0.058369351384914496,-6614.51
ACC-RVNL,517.35,0.8243791060259197,0.07735568620296347,-6633.92
JSWINFRA-TRITURBINE,559.8,0.6694859140326821,0.020818133886490394,-6670.36
BAJAJHFL-TBOTEK,502.41,0.926166493222823,0.04281648327182887,-6766.65
BIKAJI-COHANCE,336.58,0.9012892325912759,0.08167718112314465,-6835.87
ITCHOTELS-MSUMI,307.75,0.9319349241055432,0.003611520631612178,-6840.31
AUBANK-GABRIEL,604.98,0.6823048621897733,0.027739126219988426,-6935.89
KPIL-SCI,454.65,0.716153900534214,0.1267231201337523,-6986.35
TARIL-THERMAX,522.34,0.6662928909572382,0.044765548390546125,-7084.67
GODREJIND-TATACONSUM,508.33,0.8762998909170496,2.9292171361801293e-06,-7152.0
NIACL-NIVABUPA,505.93,0.694815648273148,0.020245660931718933,-7282.16
CCL-ENRIN,514.36,0.660486766162136,0.1318809736360771,-7333.41
NUVOCO-SAGILITY,608.99,0.9012255133859101,0.008559971260093677,-7337.21
ITCHOTELS-MAPMYINDIA,541.56,0.9410142234108055,0.028560581546374666,-7740.05
DMART-SPLPETRO,590.35,0.7984516184509418,0.08071700589735281,-7779.15
ABCAPITAL-ANANTRAJ,499.87,0.7689909973647164,0.026091755509294594,-7896.75
ATUL-BALRAMCHIN,355.81,0.8045665362671768,0.05057450373969059,-7912.26
BEML-CRAFTSMAN,500.39,0.6704536379992158,0.11506310230076133,-7930.46
ITCHOTELS-PRESTIGE,463.49,0.9158820268596313,0.16633731628638243,-8116.18
ITI-TITAGARH,548.06,0.8661466781200022,0.0015440895568740462,-8444.43
ANANDRATHI-ZYDUSWELL,596.41,0.8049287833646271,0.08380850830031339,-8479.69
ABLBL-SAPPHIRE,547.24,0.8920667479270514,0.006254820408465404,-8839.4
IGL-MAPMYINDIA,611.73,0.930774821165511,0.019612552184390567,-9045.9
CHALET-SAPPHIRE,601.52,0.8935870892472014,0.002794108157716981,-9563.38
LTFOODS-SCI,543.63,0.699849640172301,0.017406715374351702,-9780.56
ARE&M-SOBHA,436.49,0.8645884821628318,0.009949157353888573,-11827.49
