symbol_a,symbol_b,pearson_rho,stage1_rank,n_obs,Q_beta,Q_alpha,R,log_likelihood_final,em_iterations,em_converged,beta_mean,alpha_mean,ou_kappa,ou_mu,ou_sigma,half_life_minutes,half_life_hours,ar1_phi,ar1_c,hurst_exponent,spread_mean,spread_std,adf_pvalue,tradeable,skipped
PFC,RECLTD,0.6613012626349547,1,27527,1e-07,1.664446741322911e-07,1.6079746161483447e-07,143964.57828308508,50,False,0.9290966289197217,0.5200847617970721,,,,,,,,,,,0.8709231609269208,False,False
BDL,MAZDOCK,0.6481262601604594,2,27527,1e-07,2.9026794819183527e-07,4.83511124990947e-07,135645.43630912597,50,False,0.922469718320203,0.030177391025755274,,,,,,,,,,,0.761222781949898,False,False
GRSE,MAZDOCK,0.6223135583329398,3,27527,1e-07,4.3837290056705257e-07,1.0400306770490307e-06,131828.5057849142,50,False,1.4962608295104596,-3.8548930241572426,,,,,,,,,,,0.1759952799622319,False,False
BANKBARODA,CANBK,0.600743730963829,4,27527,1e-07,1.6842433203391185e-07,1.3140499621969485e-07,147335.45800800377,50,False,0.3665119005855361,3.849741565870743,,,,,,,,,,,0.5064360011291443,False,False
BPCL,HINDPETRO,0.5993120769439445,5,27527,1e-07,2.6535709061752134e-07,3.2434090209316584e-07,141746.32813070368,50,False,0.2914911242739073,4.094007990856523,,,,,,,,,,,0.8876392357073293,False,False
BPCL,IOC,0.5970018243000894,6,27527,1e-07,1.5021839051249404e-07,1.2841307033758026e-07,146938.53704275095,50,False,0.6257666086077089,2.669202052957461,,,,,,,,,,,0.8290295809673078,False,False
INFY,TCS,0.5963448240610343,7,27527,1e-07,2.3075187226774694e-07,3.2778946050834603e-07,136780.1809619092,50,False,1.0151510314626166,-0.7906915760459771,,,,,,,,,,,0.1122263353859358,False,False
IRFC,RVNL,0.59629915020758,8,27527,1e-07,1.9215000157246151e-07,2.009583858354552e-07,143735.34718163838,50,False,0.6512386045886354,0.9610300455965987,,,,,,,,,,,0.7021482884817725,False,False
BEL,HAL,0.5919494727331697,9,27527,1e-07,2.649960785269317e-07,4.170411798333677e-07,134827.15654815838,50,False,1.0209240273166416,-2.4481398634144633,,,,,,,,,,,0.6345979345699748,False,False
CANBK,PNB,0.5912896020465772,10,27527,1e-07,1.301016159478727e-07,1.002495860142194e-07,148634.40564235597,50,False,0.8127342462676922,1.0938033376764944,,,,,,,,,,,0.04625981456317664,False,False
COCHINSHIP,GRSE,0.5888668206027302,11,27527,1e-07,3.0181860138536446e-07,5.234730099639021e-07,135521.02011609275,50,False,0.5644291960910849,2.909408435148258,,,,,,,,,,,0.694144220737603,False,False
BANKINDIA,CANBK,0.5871819129252358,12,27527,1e-07,1.8586479234172945e-07,1.6037413177559726e-07,146221.89288447396,50,False,0.4389052644937472,2.8581858071076827,,,,,,,,,,,0.42454562217129294,False,False
BDL,HAL,0.5812755295762134,13,27527,1e-07,3.322366370939966e-07,6.405161374406742e-07,132717.419461687,50,False,1.603636873105458,-6.153082526184818,,,,,,,,,,,0.22713136891750935,False,False
BANKINDIA,UNIONBANK,0.5785955089782444,14,27527,1e-07,1.792931062000242e-07,1.6266477671363692e-07,145870.25965368105,50,False,0.48832382891669734,2.5199931852795423,,,,,,,,,,,0.7442745768044186,False,False
HAL,MAZDOCK,0.5763677642469147,15,27527,1e-07,2.6323166090016414e-07,3.9730056306498677e-07,136735.97301841568,50,False,0.4947537705687087,4.480755184787983,,,,,,,,,,,0.6370645531532663,False,False
HINDPETRO,IOC,0.5760675120342044,16,27527,1e-07,1.707477164792299e-07,1.6218616905303765e-07,145468.80934719488,50,False,1.010133304888986,0.9055496556393311,,,,,,,,,,,0.6336441013890037,False,False
ADANIENT,ADANIGREEN,0.5750074400452473,17,27527,1e-07,2.4281698428070504e-07,3.1660891805716596e-07,139514.57160932504,50,False,0.6797780794860501,3.001780287075058,,,,,,,,,,,0.9239770478153121,False,False
IREDA,IRFC,0.5729160670388255,18,27527,1e-07,1.384225114463734e-07,1.1150158856178917e-07,148282.53938643998,50,False,0.6284273887457205,1.890825615141035,,,,,,,,,,,0.055026908332282555,False,False
BANKBARODA,PNB,0.5692820524600195,19,27527,1e-07,1.638387181779446e-07,1.2444751486527114e-07,147753.82226848585,50,False,0.9643442406552676,1.0565630888449806,,,,,,,,,,,0.18744873100282095,False,False
BANKINDIA,PNB,0.56893308926589,20,27527,1e-07,1.3876333002492737e-07,1.1360577469840689e-07,147844.26979215542,50,False,0.7036209949327934,1.6757073887170197,,,,,,,,,,,0.4231012176313635,False,False
BEL,MAZDOCK,0.5688595618037797,21,27527,1e-07,2.6127114545330316e-07,3.946767601873058e-07,136477.66608178965,50,False,0.5856576894117448,1.5002785798407465,,,,,,,,,,,0.41703081044747997,False,False
CANBK,UNIONBANK,0.5659548629723078,22,27527,1e-07,3.082408846362081e-07,3.597725689174374e-07,143148.7247975211,50,False,1.0144562035267728,-0.24433064346370714,,,,,,,,,,,0.7152754171763954,False,False
ADANIENSOL,ADANIGREEN,0.5639436106949239,23,27527,1e-07,2.9797960436809746e-07,4.515395171537289e-07,137659.37297201485,50,False,0.9295879262988332,0.5349812054308025,,,,,,,,,,,0.3972734861174697,False,False
COCHINSHIP,MAZDOCK,0.5620628166964209,24,27527,1e-07,3.0350634904513853e-07,5.307503819168817e-07,134999.78367723172,50,False,0.9199581092858604,0.1474868909513673,,,,,,,,,,,0.6169503127769376,False,False
BDL,BEL,0.5607663087083288,25,27527,1e-07,2.4103180849068674e-07,3.0156686822463524e-07,140309.21852352293,50,False,1.1042083762171762,0.5218510162478496,,,,,,,,,,,0.7657113551827972,False,False
BANKBARODA,BANKINDIA,0.5583763155555549,26,27527,1e-07,2.96384519870528e-07,3.2788121310823276e-07,143991.6256153009,50,False,0.9509475224070346,0.8820312625927184,,,,,,,,,,,0.49947693151087014,False,False
BDL,GRSE,0.5521512399588028,27,27527,1e-07,3.0955982720716783e-07,5.503228816520364e-07,135278.26966588892,50,False,0.5352414052857272,3.0387298781080005,,,,,,,,,,,0.7660290006763255,False,False
HINDZINC,VEDL,0.5498326743172866,28,27527,1e-07,1.9537253823408645e-07,2.0424786763852743e-07,143521.37263967164,50,False,0.7656658302102154,2.165287841126391,,,,,,,,,,,0.8685550453303066,False,False
DLF,GODREJPROP,0.5496385403433995,29,27527,1e-07,2.510148189130774e-07,3.680615609290316e-07,137451.0349516594,50,False,0.6035680500257321,1.9155906053045624,,,,,,,,,,,0.8553625565963541,False,False
NATIONALUM,VEDL,0.5405240156365909,30,27527,1e-07,1.9977618036589718e-07,2.21874857905399e-07,142923.74550596782,50,False,0.6428602406829138,2.3321155584555395,,,,,,,,,,,0.1494887796812523,False,False
PNB,UNIONBANK,0.5388344203166681,31,27527,1e-07,1.5574700515847874e-07,1.3083949254799136e-07,147000.31649503123,50,False,0.5179759018664634,2.1131209180791473,,,,,,,,,,,0.9364469428701178,False,False
IRCON,RVNL,0.538437730038286,32,27527,1e-07,2.1435852464272213e-07,2.73235828944129e-07,141596.3329416866,50,False,0.6111545581314841,1.499839326887851,,,,,,,,,,,0.5793535927184691,False,False
GRAPHITE,HEG,0.5346864588112443,33,27527,1e-07,6.949766930794776e-07,3.0324950690425062e-06,128574.87662768687,50,False,1.1552017346219063,-0.838769090742612,,,,,,,,,,,0.3428422529272585,False,False
BANKBARODA,UNIONBANK,0.5329333603719645,34,27527,1e-07,1.6357234154581657e-07,1.3898495487581604e-07,146676.60478362418,50,False,0.399383145020861,3.6113408313289987,,,,,,,,,,,0.8362024221387903,False,False
ADANIENT,ADANIPORTS,0.5304318931027404,35,27527,1e-07,3.027985139323872e-07,4.6367155858169957e-07,136285.2463918916,50,False,1.513452218956686,-3.3708108870544233,,,,,,,,,,,0.23994993933425512,False,False
HINDZINC,NATIONALUM,0.5296621477584993,36,27527,1e-07,2.528803659335892e-07,3.1415731732725447e-07,141266.32474564583,50,False,0.3745667303524301,4.186707547974955,,,,,,,,,,,0.8037724376848014,False,False
BANKINDIA,INDIANB,0.5289658710719399,37,27527,1e-07,2.12116157062956e-07,2.611114593951139e-07,139874.05027688277,50,False,0.5786519879355531,1.1213700599184342,,,,,,,,,,,0.844701851374107,False,False
HCLTECH,TCS,0.5257685934461046,38,27527,1e-07,2.2992713022578046e-07,3.2754177145030505e-07,136644.23082403486,50,False,0.9388373364468899,-0.140346334889991,,,,,,,,,,,0.4761626687497966,False,False
IRCON,RAILTEL,0.5250220898277165,39,27527,1e-07,2.4325404028239036e-07,3.3465195994917115e-07,141117.7344608454,50,False,0.6872279792642924,1.0408678990815678,,,,,,,,,,,0.48446123595946516,False,False
HINDALCO,NATIONALUM,0.5206130824877278,40,27527,1e-07,2.377555021564551e-07,2.5659643406325657e-07,142297.06288915413,50,False,0.6608237606651518,2.943887422559767,,,,,,,,,,,0.20662476723070589,False,False
DATAPATTNS,GRSE,0.5205539292447271,41,27527,1e-07,3.480983235770561e-07,7.598711089844987e-07,133031.1368007588,50,False,0.6788831596266393,2.6682509548493605,,,,,,,,,,,0.869181616676671,False,False
IREDA,RVNL,0.5201343852105098,42,27527,1e-07,1.861225709633855e-07,1.9542916419825993e-07,143625.2978107204,50,False,0.47690173101782685,2.1078853147958716,,,,,,,,,,,0.2029165613165212,False,False
JSWSTEEL,TATASTEEL,0.5192555579901201,43,27527,1e-07,1.3108515879449936e-07,1.051344642445988e-07,147133.56273959903,50,False,0.5108677256145925,4.3910369888555065,,,,,,,,,,,0.2018710294770688,False,False
IRCON,IRFC,0.5192069147185588,44,27527,1e-07,1.8415652427470286e-07,2.018444758947459e-07,144767.02627461636,50,False,0.7606400825932501,1.4306102851196414,,,,,,,,,,,0.34297784808427423,False,False
INDIANB,UNIONBANK,0.5182389585985556,45,27527,1e-07,1.7669985516678597e-07,1.6057360992871792e-07,145754.4993411403,50,False,0.6956542490645037,3.187505531651518,,,,,,,,,,,0.03979188577870289,False,False
BSE,CDSL,0.5170386436157088,46,27527,1e-07,2.6758228922706e-07,3.8455675690820157e-07,136888.61019565366,50,False,0.1633784052498547,6.764830017825503,,,,,,,,,,,0.625855291834604,False,False
HCLTECH,INFY,0.5147451028025671,47,27527,1e-07,2.0494488786356917e-07,2.5722258056771876e-07,138982.63827252312,50,False,0.49456161162186646,3.723485194057451,,,,,,,,,,,0.4613430741203466,False,False
NBCC,RVNL,0.51143815131968,48,27527,1e-07,2.401433684827006e-07,2.8765259703536374e-07,141951.81489937444,50,False,0.7763583372585076,0.12091454607471888,,,,,,,,,,,0.2503964508440853,False,False
COFORGE,PERSISTENT,0.5107200689117879,49,27527,1e-07,3.315851965002829e-07,6.410192786865958e-07,133035.2909569869,50,False,0.3107271467566022,4.576823657403201,,,,,,,,,,,0.5594643270442436,False,False
CHENNPETRO,MRPL,0.5105018132920021,50,27527,1e-07,6.313030747927652e-07,2.2551330467459404e-06,132964.38025569145,50,False,0.25553428283423074,5.464803970553392,,,,,,,,,,,0.409154742378449,False,False
TCS,WIPRO,0.5093176230410128,51,27527,1e-07,1.3149898892570972e-07,1.0787622627810963e-07,146874.21498797854,50,False,0.3447320740832917,6.085443223051158,,,,,,,,,,,0.7248462788504064,False,False
DLF,PRESTIGE,0.5057851997209861,52,27527,1e-07,2.744870544967632e-07,4.166213384523807e-07,137419.62735603956,50,False,0.7119862932835105,1.248364395643395,,,,,,,,,,,0.17159950784091388,False,False
NMDC,TATASTEEL,0.5052796974587704,53,27527,1e-07,1.6198290452005403e-07,1.3789602318309828e-07,145266.02250810375,50,False,0.9510767314529227,-0.6082193224328748,,,,,,,,,,,0.5979239367631176,False,False
CANBK,INDIANB,0.5036951498492792,54,27527,1e-07,2.2869350344915232e-07,2.8242448847969507e-07,139585.50966174726,50,False,0.8684630791859217,-0.8993398903307485,,,,,,,,,,,0.7853737109257428,False,False
INFY,WIPRO,0.5017377637905855,55,27527,1e-07,1.9603481617805238e-07,1.7513306384509322e-07,144400.85151800083,50,False,1.2422572806313918,0.5489518621486449,,,,,,,,,,,0.4366767047810455,False,False
IREDA,NBCC,0.4994554830038932,56,27527,1e-07,1.725522095285983e-07,1.4663324413805028e-07,147904.18878812733,50,False,0.4540082383711433,2.7676682508957717,,,,,,,,,,,0.16321155946345733,False,False
ADANIENSOL,ADANIENT,0.494596789181081,57,27527,1e-07,2.4293171266700714e-07,3.670299157167969e-07,136323.49042688977,50,False,0.7359236464405525,1.2594451374696354,,,,,,,,,,,0.7902891053544572,False,False
IREDA,RECLTD,0.4919581390053796,58,27527,1e-07,2.157498708649607e-07,2.346287805834038e-07,142074.99025574914,50,False,1.0055944202633298,-1.0553290875786334,,,,,,,,,,,0.1973699659634492,False,False
IRFC,NBCC,0.4918517329534817,59,27527,1e-07,1.6050306698129735e-07,1.3613019032998349e-07,148213.68016189497,50,False,0.5474700365730633,2.190378960826225,,,,,,,,,,,0.6232193213153889,False,False
BANKBARODA,INDIANB,0.490853095776424,60,27527,1e-07,2.1424717135344934e-07,2.557009590312809e-07,140060.69208643568,50,False,0.7393663037833736,0.6648999821472229,,,,,,,,,,,0.8996625002229641,False,False
JINDALSTEL,TATASTEEL,0.4899341491815708,61,27527,1e-07,2.0896033337259484e-07,1.9334093458449917e-07,144362.45654253254,50,False,1.0837747102734296,1.3307285250260388,,,,,,,,,,,0.05489599132400359,False,False
BEL,GRSE,0.4897875038779575,62,27527,1e-07,2.8685980390972656e-07,4.595283342093419e-07,136079.66291745298,50,False,0.3329066188512648,3.4638100222446644,,,,,,,,,,,0.2538649770675998,False,False
CANBK,SBIN,0.4889886701577006,63,27527,1e-07,5.239139720506833e-07,1.473857523910781e-06,130821.78087593436,50,False,2.5454307237794964,-12.761319512946203,,,,,,,,,,,0.5828154361666488,False,False
HCLTECH,TECHM,0.4889432467740169,64,27527,1e-07,2.1755432310456621e-07,2.7965215103712356e-07,138578.2044810141,50,False,0.27018538426397654,5.344867362020603,,,,,,,,,,,0.6425573695833212,False,False
BDL,COCHINSHIP,0.4888114438584767,65,27527,1e-07,3.0143126278828067e-07,5.151328309106661e-07,136092.52069059145,50,False,0.7717209845352977,1.5673256000094344,,,,,,,,,,,0.5683291146271374,False,False
INDIANB,PNB,0.4885112244404392,66,27527,1e-07,1.6186434398790363e-07,1.3397552434440828e-07,146981.9860619256,50,False,0.863472905009197,2.6432649007967073,,,,,,,,,,,0.9008443420551305,False,False
GODREJPROP,PRESTIGE,0.4872327692702434,67,27527,1e-07,3.266313162421562e-07,5.629141448876702e-07,135960.57247847968,50,False,0.9163486804203893,0.8051475744662077,,,,,,,,,,,0.628163453842818,False,False
HINDALCO,VEDL,0.486793396431593,68,27527,1e-07,1.6737530680011635e-07,1.5259600111453882e-07,144885.9409293765,50,False,0.44365924819924946,4.376832501477478,,,,,,,,,,,0.13135105786845525,False,False
IRCON,JWL,0.4842259742459245,69,27527,1e-07,3.242284899776763e-07,5.509200242710469e-07,139883.72448792166,50,False,0.3656942334673069,2.927135751021287,,,,,,,,,,,0.7293014944811421,False,False
DLF,LODHA,0.4839862606122131,70,27527,1e-07,2.805015475189782e-07,4.207492410554309e-07,138308.2129356854,50,False,0.7018118625633226,1.600197601614345,,,,,,,,,,,0.5849448081773773,False,False
TCS,TECHM,0.482298287993059,71,27527,1e-07,2.4440583856009434e-07,3.234548359989334e-07,138111.40520212206,50,False,-0.15310830000922626,9.073587672765218,,,,,,,,,,,0.7505397511470124,False,False
DATAPATTNS,MAZDOCK,0.481835436142987,72,27527,1e-07,3.760531127662456e-07,8.840098850501021e-07,131903.44964348245,50,False,1.1400979478148945,-0.9152063014922966,,,,,,,,,,,0.8458363902641514,False,False
JBCHEPHARM,TORNTPHARM,0.4790127455092663,73,27527,1e-07,2.4368158465369656e-07,3.650737565828338e-07,135410.97785026382,50,False,0.7628447453742514,1.230577516281267,,,,,,,,,,,0.5164087654102679,False,False
BANKBARODA,SBIN,0.4782819134034267,74,27527,1e-07,2.2070343093929015e-07,2.7545055061785646e-07,138811.95647620078,50,False,1.2877863052044207,-3.305450251241847,,,,,,,,,,,0.6365171843345233,False,False
HINDALCO,TATASTEEL,0.4779999217409171,75,27527,1e-07,2.2558802083043114e-07,2.112820358736606e-07,143825.62969033344,50,False,1.1153323959640982,0.9673241735075419,,,,,,,,,,,0.37865970727093934,False,False
INFY,TECHM,0.4764960470803809,76,27527,1e-07,2.127376594736179e-07,2.726145752402834e-07,138779.83699986336,50,False,0.5146342851708592,3.509251267230354,,,,,,,,,,,0.6987180880907086,False,False
GODREJPROP,LODHA,0.4764081396639686,77,27527,1e-07,3.8661263872173653e-07,7.445868071030853e-07,135769.95270821353,50,False,0.9634143401219973,0.8429383157574464,,,,,,,,,,,0.9647350269969444,False,False
COFORGE,MPHASIS,0.4741179636834753,78,27527,1e-07,3.054585389899497e-07,5.27394635168266e-07,134947.38753612046,50,False,0.11771497021626659,6.336641503577606,,,,,,,,,,,0.5773396799788091,False,False
GRSE,HAL,0.4714150431742225,79,27527,1e-07,6.622533849908563e-07,3.0685328598863563e-06,123639.38088208403,50,False,2.7285582750865354,-14.947425420604175,,,,,,,,,,,0.61629667510726,False,False
ABCAPITAL,LTF,0.4705120209065774,80,27527,1e-07,2.602520224112731e-07,3.031224767128671e-07,142094.39067196441,50,False,0.19849628946398862,4.704913235610758,,,,,,,,,,,0.2485802752557173,False,False
RAILTEL,RVNL,0.4699994052765276,81,27527,1e-07,2.1909346322517106e-07,2.903806596514666e-07,141199.3241121368,50,False,0.6470403696759753,2.0500417682684575,,,,,,,,,,,0.5120438574482304,False,False
NATIONALUM,NMDC,0.4691436224178821,82,27527,1e-07,3.1077140763153675e-07,4.4304207147760977e-07,142882.5620515313,50,False,0.9310153202239589,1.7950824483718002,,,,,,,,,,,0.34524754913791733,False,False
DLF,OBEROIRLTY,0.4648631863423103,83,27527,1e-07,2.4628775771958263e-07,3.505266628713368e-07,137548.1633440396,50,False,0.7395884574579892,0.989958286506178,,,,,,,,,,,0.9524471643183542,False,False
GODREJPROP,OBEROIRLTY,0.4640758114186854,84,27527,1e-07,2.717385452527665e-07,4.1800441753982256e-07,136567.16069608345,50,False,0.9708374662917448,0.3340559818017758,,,,,,,,,,,0.6263385429919675,False,False
BSE,MCX,0.463030605662351,85,27527,1e-07,2.7873247347634833e-07,4.4382340780574696e-07,135580.98682094022,50,False,0.4396930960563187,4.515532318178741,,,,,,,,,,,0.3371865341802667,False,False
HCLTECH,WIPRO,0.4627431248243272,86,27527,1e-07,1.481958555427174e-07,1.2796021119294517e-07,145603.80573587582,50,False,0.9138278236481898,2.374770811522942,,,,,,,,,,,0.46515901520078146,False,False
INOXWIND,SUZLON,0.4625751671253411,87,27527,1e-07,2.607797518909335e-07,3.147293152120945e-07,146369.89728077114,50,False,0.81265214726549,1.4862192420274893,,,,,,,,,,,0.7736559400474983,False,False
IRFC,RECLTD,0.4615128760475941,88,27527,1e-07,2.758007717209102e-07,3.411993675657718e-07,140709.73443391852,50,False,1.1018391069030313,-1.7645419988036013,,,,,,,,,,,0.7410572699214143,False,False
IRFC,RAILTEL,0.4613122591566238,89,27527,1e-07,2.8370260744085345e-07,3.667003829029829e-07,141537.77786812867,50,False,0.676599952269703,0.790905912743338,,,,,,,,,,,0.45478739799687734,False,False
MAZDOCK,RVNL,0.4590766839318652,90,27527,1e-07,2.0389210264939013e-07,2.3749100797642304e-07,142008.32747151086,50,False,0.5250044256022152,4.770226191740361,,,,,,,,,,,0.45615578986261635,False,False
INOXWIND,IREDA,0.4576168238007745,91,27527,1e-07,2.712841425833948e-07,3.465949446878942e-07,142960.06170308744,50,False,0.9365555018483056,0.06210576563931353,,,,,,,,,,,0.5727191335227255,False,False
COFORGE,INFY,0.4562941791942968,92,27527,1e-07,2.3653298765880708e-07,3.4031070817248135e-07,137381.50916765918,50,False,0.3685004195840036,4.572735912604632,,,,,,,,,,,0.5079637099760006,False,False
COFORGE,TCS,0.4554210412371164,93,27527,1e-07,2.495243131219305e-07,3.9621574749586835e-07,135526.45716435043,50,False,0.6511892442953258,2.077631748885842,,,,,,,,,,,0.4832278177615187,False,False
TECHM,WIPRO,0.4549057636397376,94,27527,1e-07,1.3466796332306085e-07,1.1557648684903573e-07,146116.92515920041,50,False,0.7203453872359116,3.42781649529084,,,,,,,,,,,0.4507791667185401,False,False
MPHASIS,PERSISTENT,0.4546500005033262,95,27527,1e-07,4.093720709665288e-07,8.859186412708133e-07,131608.73571955904,50,False,-0.26626351652856,10.123645937283047,,,,,,,,,,,0.6651590373961686,False,False
HEROMOTOCO,TVSMOTOR,0.4536269495107646,96,27527,1e-07,2.5635350063002213e-07,3.831365885784286e-07,135441.06378261227,50,False,0.1262244879666528,7.585356980131697,,,,,,,,,,,0.3089348835142192,False,False
COFORGE,TECHM,0.4532038590612501,97,27527,1e-07,2.5896333067761047e-07,3.8841204939258134e-07,136781.94953444146,50,False,0.17116509930599474,6.001818087479042,,,,,,,,,,,0.5422056237798847,False,False
PNB,SBIN,0.4529470429005133,98,27527,1e-07,2.1591086287519344e-07,2.664113675326725e-07,139006.46972770646,50,False,1.200000987089776,-3.5808725095092004,,,,,,,,,,,0.7230795828315769,False,False
BAJAJFINSV,BAJFINANCE,0.4525360244465841,99,27527,1e-07,2.1816134120137196e-07,2.566001123078863e-07,139951.29342726443,50,False,0.9505311653169463,1.0512960852955424,,,,,,,,,,,0.331243597249842,False,False
HUDCO,IREDA,0.451602489844018,100,27527,1e-07,1.87142046571772e-07,1.7206692455894067e-07,146315.7040213404,50,False,0.763285030758401,1.568193608589816,,,,,,,,,,,0.45553739681923255,False,False
BDL,DATAPATTNS,0.4515159768437161,101,27527,1e-07,4.044116069511327e-07,8.708890926063244e-07,133150.11734589105,50,False,0.5981115380772143,2.4547647309300573,,,,,,,,,,,0.8923582529406926,False,False
HINDCOPPER,HINDZINC,0.4513475888226203,102,27527,1e-07,3.0573796713028454e-07,5.819027741694419e-07,135696.26194083746,50,False,0.9180889126719994,0.4156520960899297,,,,,,,,,,,0.02528910869434754,False,False
ADANIGREEN,ADANIPORTS,0.4510643713535888,103,27527,1e-07,2.404996215856354e-07,3.5325542777966123e-07,136992.06254708662,50,False,0.9790033750468047,-0.29639686763547485,,,,,,,,,,,0.7780911379758915,False,False
INOXWIND,NBCC,0.4508601763647956,104,27527,1e-07,2.159815408422417e-07,2.3584594432603022e-07,145420.4183022766,50,False,0.5275904517812045,2.1915017152183682,,,,,,,,,,,0.5965096248961891,False,False
COCHINSHIP,DATAPATTNS,0.4501642511212119,105,27527,1e-07,4.0702118082218364e-07,8.784358540801478e-07,133075.55827460077,50,False,0.6230232654704166,2.35469574593428,,,,,,,,,,,0.8805288682433903,False,False
ANGELONE,BSE,0.4499359434692785,106,27527,1e-07,6.437925277331932e-07,2.253682539983102e-06,127498.59321531268,50,False,-0.5047398940627377,9.500557206531216,,,,,,,,,,,0.5924931832470774,False,False
IRCON,RITES,0.4496740661359125,107,27527,1e-07,2.529924558920052e-07,3.565067178660004e-07,141114.07564360058,50,False,0.8011333355607391,0.691677972372528,,,,,,,,,,,0.6858174346574263,False,False
BANKINDIA,SBIN,0.4495806841433655,108,27527,1e-07,2.0873410775694947e-07,2.665873307081321e-07,138806.39440362464,50,False,1.0604073849545204,-2.3519293662152245,,,,,,,,,,,0.33868186579660664,False,False
SAIL,TATASTEEL,0.4488452454778146,109,27527,1e-07,3.4410198157430195e-07,5.276789394713825e-07,139662.25359255204,50,False,1.4128642935697728,-2.402920022334689,,,,,,,,,,,0.09422580374405382,False,False
JINDALSTEL,JSWSTEEL,0.4484393236501749,110,27527,1e-07,2.2490481926676958e-07,2.934777452744877e-07,138469.6248811113,50,False,1.0500819131327312,-0.4056480244253264,,,,,,,,,,,0.6932933533138967,False,False
HINDALCO,HINDZINC,0.4484242441754669,111,27527,1e-07,2.3025841363001393e-07,2.640420182607466e-07,140684.33172722408,50,False,0.1512105327493524,5.8637090515527275,,,,,,,,,,,0.10011637158692971,False,False
CDSL,IREDA,0.4480484736918682,112,27527,1e-07,1.5887365623427297e-07,1.374541005759941e-07,147252.09861500375,50,False,0.5074130483511083,4.728518188765709,,,,,,,,,,,0.1296306850679989,False,False
LODHA,PRESTIGE,0.4468063157310514,113,27527,1e-07,3.0411582223655305e-07,5.349946628577635e-07,135966.7267876654,50,False,0.7978053550590565,1.06649056523421,,,,,,,,,,,0.9191354836967938,False,False
IRCON,IREDA,0.4461297770220658,114,27527,1e-07,2.661258267055543e-07,3.6704186486268365e-07,142230.6615362338,50,False,0.8982618043230464,0.649131579944428,,,,,,,,,,,0.6821657289401711,False,False
IRCON,TITAGARH,0.4447936331762743,115,27527,1e-07,2.847107516095775e-07,4.683496283275773e-07,137716.4475849834,50,False,0.688146965716847,0.4505730880334277,,,,,,,,,,,0.4315701847906167,False,False
JINDALSTEL,NMDC,0.4444617821542842,116,27527,1e-07,2.3649516403798468e-07,2.154149403514959e-07,146863.050701622,50,False,0.7461218936297159,3.7494946107659692,,,,,,,,,,,0.6361067447584428,False,False
IREDA,JIOFIN,0.444377483908364,117,27527,1e-07,2.3615299880604272e-07,2.570254509253046e-07,142266.38099262677,50,False,1.1809624469801034,-1.7356261212496693,,,,,,,,,,,0.11611320100456335,False,False
EICHERMOT,HEROMOTOCO,0.4440949957619368,118,27527,1e-07,2.7857136342304267e-07,4.5254970894821396e-07,134165.92746590535,50,False,-0.021341123077046897,9.08006479169153,,,,,,,,,,,0.5146032974464845,False,False
IREDA,PFC,0.442774412243711,119,27527,1e-07,2.978445583211597e-07,3.8741968085741965e-07,140103.855731656,50,False,1.039665909114487,-1.3553962180533752,,,,,,,,,,,0.7037635986408382,False,False
IRFC,MAZDOCK,0.4425387484227279,120,27527,1e-07,3.97837378033227e-07,8.056811608370279e-07,133578.7185681623,50,False,1.020932054399895,-3.246488906027904,,,,,,,,,,,0.8603919277282494,False,False
IREDA,SUZLON,0.4418098829164624,121,27527,1e-07,1.820365911214092e-07,1.463802292784263e-07,149950.6164515132,50,False,0.6507538896169733,2.346888973252551,,,,,,,,,,,0.05606526412307334,False,False
COFORGE,WIPRO,0.441016396569352,122,27527,1e-07,1.6319763331751292e-07,1.6474499082306475e-07,143902.63102105155,50,False,0.5839911097424296,4.095191499666129,,,,,,,,,,,0.5344981855122974,False,False
NATIONALUM,TATASTEEL,0.4407815355836502,123,27527,1e-07,3.122518709730426e-07,4.5319915385278955e-07,140053.66730065228,50,False,1.2950711035968823,-0.9207845853601264,,,,,,,,,,,0.3806124068915588,False,False
BAJAJ-AUTO,HEROMOTOCO,0.4377974391045469,124,27527,1e-07,2.5827433571351154e-07,3.988734311494156e-07,134616.99394824452,50,False,0.47632625514771726,5.044070298675518,,,,,,,,,,,0.059922035844127065,False,False
TATASTEEL,VEDL,0.4374737008870804,125,27527,1e-07,1.6554173284516386e-07,1.4841721991334575e-07,145388.9953768041,50,False,0.4090147709985429,2.9994402363540567,,,,,,,,,,,0.2587795057709904,False,False
OBEROIRLTY,PRESTIGE,0.4372672569365171,126,27527,1e-07,2.9437600771809403e-07,4.5509940466544036e-07,136930.20332442535,50,False,0.7543101901356825,1.86141455290447,,,,,,,,,,,0.9016664951346423,False,False
NTPC,POWERGRID,0.4356307003914136,127,27527,1e-07,1.4341619101860688e-07,1.2461050671587073e-07,145472.68159390258,50,False,0.32980561967521266,4.02189087540381,,,,,,,,,,,0.1841836337696004,False,False
CDSL,IRFC,0.4348688507704701,128,27527,1e-07,1.5428042533549364e-07,1.2471730851189623e-07,147741.67061154213,50,False,0.39520810610315854,5.332076996494861,,,,,,,,,,,0.05180912422699542,False,False
COFORGE,HCLTECH,0.4340540584473479,129,27527,1e-07,2.3741306719123634e-07,3.446493439468422e-07,137260.71633431406,50,False,0.417839535194549,4.194809691634151,,,,,,,,,,,0.52391269548556,False,False
BEML,GRSE,0.4328365089747346,130,27527,1e-07,3.343373025947994e-07,6.586945835050743e-07,134087.64104558143,50,False,0.62791610162898,2.5400604946073644,,,,,,,,,,,0.6496400538021818,False,False
HUDCO,NBCC,0.4323975734044227,131,27527,1e-07,1.720042651269494e-07,1.5012464222480763e-07,147780.9530148567,50,False,0.4711587636875652,3.1138266572588713,,,,,,,,,,,0.4222323967860078,False,False
BEL,COCHINSHIP,0.4323371507799407,132,27527,1e-07,2.564091783788042e-07,3.741738367476649e-07,137579.97733057363,50,False,0.4614661634326716,2.6848197238731686,,,,,,,,,,,0.4723803350929936,False,False
BEML,COCHINSHIP,0.4322308320996462,133,27527,1e-07,3.46288947916719e-07,6.785987420307692e-07,134630.82198968952,50,False,0.9277006882769985,0.6498109137898188,,,,,,,,,,,0.0038363025217145073,False,False
COFORGE,OFSS,0.4322087525884033,134,27527,1e-07,3.3586305879863996e-07,6.777754686629745e-07,131943.89319860414,50,False,0.04917287546403332,6.819123836209711,,,,,,,,,,,0.5816103886075151,False,False
COFORGE,LTM,0.4317479445854765,135,27527,1e-07,3.303567432631483e-07,6.456185402157761e-07,132744.76845940726,50,False,0.035035902538874376,6.957350480484892,,,,,,,,,,,0.5755298138054985,False,False
BEML,MAZDOCK,0.430909387491743,136,27527,1e-07,3.927655112257854e-07,8.724908973002204e-07,132486.12955646063,50,False,1.1113480022648985,-1.217019706982917,,,,,,,,,,,0.5144990940709324,False,False
JWL,TITAGARH,0.4305128114508857,137,27527,1e-07,5.221735426601238e-07,1.725913770169448e-06,130460.7775384323,50,False,1.2659033685711605,-2.701782955745799,,,,,,,,,,,0.0826019138515306,False,False
ADANIGREEN,ADANIPOWER,0.4302712636199267,138,27527,1e-07,5.041946029840283e-07,1.2401280556490125e-06,137095.95024553945,50,False,0.950317300154169,2.103099643694936,,,,,,,,,,,0.5022241583202456,False,False
MAZDOCK,NBCC,0.430165078104502,139,27527,1e-07,2.0918915985658057e-07,2.2301772052599315e-07,145231.3010252594,50,False,0.4836427869267996,5.570070570060446,,,,,,,,,,,0.28794672409733724,False,False
SBIN,UNIONBANK,0.4301468816912476,140,27527,1e-07,1.5919581949918613e-07,1.3013057776642491e-07,147259.93380968363,50,False,0.24822804733174755,5.691182650120471,,,,,,,,,,,0.6039757645125106,False,False
ANGELONE,CDSL,0.4300193943003585,141,27527,1e-07,4.890033025436029e-07,1.2815875341927182e-06,131333.29740286476,50,False,1.7533601594179193,-7.108615424531305,,,,,,,,,,,0.6599784662483498,False,False
KAYNES,PGEL,0.4297864488642019,142,27527,1e-07,6.824654319927057e-07,2.61266559211596e-06,130267.05563508811,50,False,0.9554616731999934,2.1724209365500227,,,,,,,,,,,0.8916418834580465,False,False
BAJAJ-AUTO,EICHERMOT,0.4285022187519102,143,27527,1e-07,3.091262407487635e-07,5.536217265457991e-07,132366.23322197108,50,False,1.4868738715134695,-4.076019948110251,,,,,,,,,,,0.4242679333410372,False,False
IREDA,MAZDOCK,0.4273649158838812,144,27527,1e-07,3.0119580331608966e-07,5.037740769686721e-07,135450.7872208537,50,False,0.7214389907065725,-0.7716688469743591,,,,,,,,,,,0.5975147361899784,False,False
COCHINSHIP,HAL,0.4272991443967269,145,27527,1e-07,3.7840406454629223e-07,8.393917654543977e-07,131132.81222965187,50,False,1.6385244404507628,-6.346508938363242,,,,,,,,,,,0.21520625349804895,False,False
PERSISTENT,TECHM,0.4272975611488798,146,27527,1e-07,2.314810051204975e-07,3.3440427265991126e-07,137289.17496892496,50,False,0.8441993256421381,2.4340158254429842,,,,,,,,,,,0.4386369670762217,False,False
EICHERMOT,TVSMOTOR,0.4272410789154419,147,27527,1e-07,2.4780305600434073e-07,3.6461892614826085e-07,135825.97683204745,50,False,0.4101643142147234,5.528850506871645,,,,,,,,,,,0.4813916200388783,False,False
INOXWIND,IRFC,0.4269554912261741,148,27527,1e-07,1.9065863984550053e-07,2.0173406711142007e-07,144926.95876600366,50,False,0.7084567270954866,1.2739001713383686,,,,,,,,,,,0.20835277281773146,False,False
ADANIENT,AMBUJACEM,0.4269141314653081,149,27527,1e-07,2.1193791521189256e-07,2.4388505603594253e-07,141148.45350004852,50,False,0.9609432442165848,1.6693323646121332,,,,,,,,,,,0.8703537497996482,False,False
HUDCO,IRFC,0.4261704819524359,150,27527,1e-07,1.49934737580479e-07,1.2803570053728493e-07,147474.1792802652,50,False,0.6025941719424451,2.436790275374191,,,,,,,,,,,0.16220000726033867,False,False
JWL,RVNL,0.425487250223018,151,27527,1e-07,4.043874134277334e-07,1.0571467774811138e-06,133975.8460043965,50,False,1.0288161269886542,-0.22666655144896336,,,,,,,,,,,0.027371105135602605,False,False
JBMA,OLECTRA,0.4251303424657204,152,27527,1e-07,3.588313792246217e-07,8.088522200911044e-07,134160.19038149883,50,False,0.492081477522127,2.9227766517359877,,,,,,,,,,,0.008974344423736257,False,False
IRFC,SUZLON,0.4250767320016936,153,27527,1e-07,2.9642362275528717e-07,3.315378794509617e-07,147262.60261625698,50,False,0.7724476794870859,1.7278660523913836,,,,,,,,,,,0.5247005232010217,False,False
PREMIERENE,WAAREEENER,0.4246042699104623,154,27527,1e-07,4.274461206156782e-07,9.976098268630936e-07,131546.55449192814,50,False,0.0037443561294541075,6.6408475992503595,,,,,,,,,,,0.715126611785863,False,False
BDL,RVNL,0.4244406964385059,155,27527,1e-07,2.1821463266325458e-07,2.762512469783612e-07,141387.11005100125,50,False,0.5444273150305476,4.085204879061226,,,,,,,,,,,0.5036118777274873,False,False
M&M,MARUTI,0.4231775320759573,156,27527,1e-07,3.1924493450628075e-07,6.134237911904644e-07,131417.14420229907,50,False,0.5891785556341106,2.48000521224019,,,,,,,,,,,0.12492865134501274,False,False
NBCC,RECLTD,0.4230526235767605,157,27527,1e-07,1.82178106238654e-07,1.9675025411125e-07,142793.7687314961,50,False,0.6234403944565714,0.9217152974258206,,,,,,,,,,,0.7203455973218339,False,False
HINDCOPPER,NATIONALUM,0.4226072861337199,158,27527,1e-07,3.5571411165763186e-07,7.533815110111031e-07,135729.3823198635,50,False,0.8145811769825243,1.4987717947740702,,,,,,,,,,,0.6430836479670843,False,False
MAZDOCK,SUZLON,0.4223957342968477,159,27527,1e-07,2.579471537265371e-07,3.0547488587468045e-07,146266.75442201004,50,False,0.707823080828699,5.065879606424716,,,,,,,,,,,0.15711331354245955,False,False
JIOFIN,NBCC,0.4221384652906303,160,27527,1e-07,1.5811860258397027e-07,1.2094697188123392e-07,149171.46420633866,50,False,0.3083924281694915,4.1561089878664585,,,,,,,,,,,0.3872110841092423,False,False
CDSL,NBCC,0.4218075505702004,161,27527,1e-07,1.9147563920165115e-07,1.6475922412119429e-07,147568.99289798748,50,False,0.31156247681247823,5.765909216759762,,,,,,,,,,,0.14334033323849382,False,False
ACC,AMBUJACEM,0.4217223055630862,162,27527,1e-07,1.7582867272313549e-07,1.8694641914916324e-07,142789.4992235718,50,False,0.33489372653700555,5.288157693326129,,,,,,,,,,,0.831264439886515,False,False
NMDC,VEDL,0.4216221425316362,163,27527,1e-07,1.7295488613311767e-07,1.606546432355475e-07,144310.38846355668,50,False,0.5227471730084637,1.5044551008585603,,,,,,,,,,,0.4878207381063357,False,False
RVNL,TITAGARH,0.4216162845256309,164,27527,1e-07,3.9485277232474377e-07,7.871051562789963e-07,135765.82567478216,50,False,0.9501805406594723,-0.5588610383876645,,,,,,,,,,,0.16821435706074428,False,False
NBCC,SUZLON,0.4203649231670744,165,27527,1e-07,3.629111313840908e-07,5.418586736520879e-07,144848.57422611062,50,False,0.9018492997870863,1.109177485274452,,,,,,,,,,,0.6719649401040789,False,False
DIXON,KAYNES,0.4201113090749536,166,27527,1e-07,3.6744529512764247e-07,7.512718747364276e-07,132693.98576685612,50,False,0.08824300587972958,8.577222690986916,,,,,,,,,,,0.09029427157525349,False,False
IRFC,PFC,0.4200080575355092,167,27527,1e-07,5.229198255421564e-07,1.2610116780241952e-06,134879.05629425673,50,False,1.3376879863945845,-3.271566898912921,,,,,,,,,,,0.9042153407006284,False,False
BAJAJ-AUTO,TVSMOTOR,0.4176882174787611,168,27527,1e-07,2.5149272761104986e-07,3.6902442884304435e-07,135560.58193098154,50,False,0.8196450934357736,2.422691229058408,,,,,,,,,,,0.00043828961638276337,False,False
JWL,RAILTEL,0.417427350486923,169,27527,1e-07,6.672185806902543e-07,3.0870962684673492e-06,128134.07828462611,50,False,1.324913240285655,-1.9721989972213576,,,,,,,,,,,0.17411509155324734,False,False
OFSS,PERSISTENT,0.416993509840718,170,27527,1e-07,4.678756115529353e-07,1.140240663025092e-06,130312.49856378317,50,False,1.2785819462866719,-2.1500242755952255,,,,,,,,,,,0.5953208558801973,False,False
OIL,ONGC,0.4167035459923878,171,27527,1e-07,1.759225856150377e-07,1.8141590021528305e-07,143426.56705961336,50,False,0.5063143442043696,3.3129644827291402,,,,,,,,,,,0.1801520098088804,False,False
KEI,POLYCAB,0.4163102999792911,172,27527,1e-07,3.19084556897635e-07,6.332326862488098e-07,131726.37738386422,50,False,1.1752503735570792,-2.103174417508397,,,,,,,,,,,0.0002776418412011029,False,False
LODHA,OBEROIRLTY,0.4161911398381362,173,27527,1e-07,2.719709981237311e-07,4.447834938684232e-07,136147.27375839776,50,False,0.8645622880289512,0.5142512530445208,,,,,,,,,,,0.9925210697466528,False,False
MPHASIS,TECHM,0.4161297551380843,174,27527,1e-07,3.2241793190844443e-07,5.315156925278272e-07,135463.64111349205,50,False,-0.41971116802953035,10.902011622921764,,,,,,,,,,,0.7063684381065075,False,False
BEL,DATAPATTNS,0.4157603096465196,175,27527,1e-07,3.26735396334208e-07,5.733276609257566e-07,135008.1422013672,50,False,0.3843771311841493,3.000760885282635,,,,,,,,,,,0.349379503480325,False,False
HINDZINC,NMDC,0.4157447539876389,176,27527,1e-07,2.1733883194890696e-07,2.3154641866107412e-07,145382.93853147188,50,False,0.6582670565189038,3.5020905234270083,,,,,,,,,,,0.6898839625897824,False,False
IRFC,JIOFIN,0.4153938272300104,177,27527,1e-07,4.676728419791519e-07,1.0130662967787964e-06,136559.05996201924,50,False,1.567989552026482,-4.0419803912390275,,,,,,,,,,,0.028317533211077026,False,False
MAZDOCK,SOLARINDS,0.4146047602734972,178,27527,1e-07,3.553091877054697e-07,7.64886238612801e-07,130228.05781234856,50,False,0.8704868148434185,-0.4799283220038626,,,,,,,,,,,0.4047601908438348,False,False
IRCON,NBCC,0.4145407365105659,179,27527,1e-07,2.3825676612969272e-07,3.1021154773548074e-07,143608.81907084156,50,False,0.5315022944805897,2.574044781258698,,,,,,,,,,,0.5224822603467194,False,False
BDL,NBCC,0.414422280399625,180,27527,1e-07,2.1523085428742663e-07,2.46778656018276e-07,144787.124705202,50,False,0.5134527244318107,4.859103370795402,,,,,,,,,,,0.4755330692703389,False,False
MPHASIS,OFSS,0.4140224496257736,181,27527,1e-07,3.353751154323276e-07,6.579524174236657e-07,132089.50329711067,50,False,-0.18674744240515428,9.482730260651312,,,,,,,,,,,0.6580998806294261,False,False
M&M,TVSMOTOR,0.4138283917466371,182,27527,1e-07,2.5474711399340684e-07,3.841950206186681e-07,135645.01417192855,50,False,0.2968529127172714,5.699504808992066,,,,,,,,,,,0.7774881192748344,False,False
CDSL,JIOFIN,0.4133061161960127,183,27527,1e-07,1.6064818325838396e-07,1.547216184826797e-07,144352.12053874935,50,False,0.7333416484154198,3.103667392468432,,,,,,,,,,,0.0514991762721422,False,False
JIOFIN,RECLTD,0.4131983099925035,184,27527,1e-07,1.6535303223154572e-07,1.6074994989643403e-07,144031.55165939967,50,False,0.49515150544951364,2.6608011734421906,,,,,,,,,,,0.38057947039483647,False,False
KPITTECH,TATAELXSI,0.4131823424266871,185,27527,1e-07,3.0345895900044424e-07,5.782272863266393e-07,133323.8897099269,50,False,0.7952011146152933,0.04697274682749214,,,,,,,,,,,0.7226926814041436,False,False
PERSISTENT,TCS,0.413080672193186,186,27527,1e-07,2.7959053265896167e-07,4.7456894811732395e-07,134383.82500981627,50,False,-0.14852910070322703,9.803946905752746,,,,,,,,,,,0.6751637675378391,False,False
INFY,PERSISTENT,0.4125166075812397,187,27527,1e-07,3.224950567662752e-07,5.846850288124993e-07,133594.28581065946,50,False,0.6711747211972937,1.4913550167846883,,,,,,,,,,,0.6411490099700754,False,False
HINDALCO,NMDC,0.412056623901929,188,27527,1e-07,2.2877807914027372e-07,2.0245727058635914e-07,146806.52741182526,50,False,0.7099739067221572,3.7097848777180267,,,,,,,,,,,0.20968525661334192,False,False
BDL,BEML,0.4118253170116504,189,27527,1e-07,3.083633139399725e-07,5.457928696027521e-07,135580.30407944147,50,False,0.6098361975945892,2.6736358566330525,,,,,,,,,,,0.5631009342456982,False,False
EICHERMOT,M&M,0.4117117786198543,190,27527,1e-07,2.432128808421794e-07,3.525164335536819e-07,136001.330728895,50,False,0.6100330537974158,3.9320732947275454,,,,,,,,,,,0.5275219713638124,False,False
EICHERMOT,MARUTI,0.4113704001706336,191,27527,1e-07,3.214206638807127e-07,6.188163595015626e-07,131245.5605768088,50,False,0.9216082553310838,0.04813177380757973,,,,,,,,,,,0.5931092413135657,False,False
DLF,NBCC,0.4109518175538043,192,27527,1e-07,1.8509296775230575e-07,1.6698559587934183e-07,147293.08373642838,50,False,0.36755735462673683,4.743940782493966,,,,,,,,,,,0.5711141537086794,False,False
CANBK,RECLTD,0.4107447056522535,193,27527,1e-07,2.558975636762885e-07,2.9609608049330514e-07,141151.8862095682,50,False,1.036907852676889,-1.0960442111401825,,,,,,,,,,,0.16091779979870524,False,False
COFORGE,TATAELXSI,0.4106080967666428,194,27527,1e-07,3.307537371882978e-07,6.460188670991847e-07,132807.36703201977,50,False,-0.0003120480747188586,7.259322421687057,,,,,,,,,,,0.584728059120761,False,False
INOXWIND,RVNL,0.4104463667523582,195,27527,1e-07,2.2331699928071515e-07,2.870031174682346e-07,141433.01012643444,50,False,0.5552102753567434,1.4185200146331327,,,,,,,,,,,0.3162133425259143,False,False
ADANIGREEN,TATAPOWER,0.4099692520367084,196,27527,1e-07,1.8897282701463974e-07,2.2367267532480548e-07,141276.78692799993,50,False,0.6744760566968562,2.830179938875956,,,,,,,,,,,0.5625090995397001,False,False
RECLTD,RVNL,0.4092639024332515,197,27527,1e-07,1.9605942623569677e-07,1.9979369769705587e-07,143537.46315245784,50,False,0.23821330060165924,4.499413430099724,,,,,,,,,,,0.14052711338648927,False,False
IDEA,INDUSTOWER,0.4089774490355869,198,27527,1e-07,6.502790338156733e-07,2.883341481079662e-06,127745.02246374186,50,False,1.8726882398037175,-9.03224292836147,,,,,,,,,,,0.4182630476513581,False,False
HCLTECH,PERSISTENT,0.4087845326671565,199,27527,1e-07,3.0063979750887567e-07,5.229403079009645e-07,134036.3981656784,50,False,0.3082347835907545,4.666511076095142,,,,,,,,,,,0.6456799217027238,False,False
GRSE,ZENTEC,0.408225235415158,200,27527,1e-07,6.774110537445922e-07,2.7623170344261753e-06,127275.27850288937,50,False,1.3692696019571673,-2.083559691800144,,,,,,,,,,,0.33578961837837795,False,False
HINDALCO,JSWSTEEL,0.4081430046600817,201,27527,1e-07,2.859471219478555e-07,4.180856139656058e-07,136618.8096962718,50,False,1.4448011569024115,-3.397074586410814,,,,,,,,,,,0.17261918436712065,False,False
IRFC,JWL,0.4080058729150222,202,27527,1e-07,2.7650016304643453e-07,3.713906202472965e-07,142313.79416287708,50,False,0.28492763406630534,3.0774650110573796,,,,,,,,,,,0.8112080397320751,False,False
MPHASIS,TCS,0.4075552426257124,203,27527,1e-07,2.4646519420227305e-07,3.759856340827833e-07,135795.71097477878,50,False,0.21050526868532154,6.149971686895571,,,,,,,,,,,0.624552383276597,False,False
BDL,IREDA,0.4075426935251148,204,27527,1e-07,2.7393110673087107e-07,3.637225213107865e-07,142459.64008100462,50,False,0.8276143303456509,3.1944469378535683,,,,,,,,,,,0.33946504038946557,False,False
NMDC,SAIL,0.4069324564327131,205,27527,1e-07,1.9392912491261227e-07,1.8396505340015734e-07,145675.68734702995,50,False,0.41959678709689857,2.2852336841583623,,,,,,,,,,,0.22070470603516013,False,False
INOXWIND,MAZDOCK,0.406892211528141,206,27527,1e-07,3.624871018608031e-07,7.315935870522185e-07,133621.61429496674,50,False,0.9369884327035342,-2.6875134478293505,,,,,,,,,,,0.6937453741849601,False,False
IREDA,RAILTEL,0.4065903268464725,207,27527,1e-07,2.2662633435859746e-07,2.6620050775490687e-07,142494.0225124208,50,False,0.5052713131739581,1.927284076197816,,,,,,,,,,,0.1470463138841181,False,False
COFORGE,KPITTECH,0.4065336095403944,208,27527,1e-07,3.0762209702722156e-07,4.990047240468797e-07,137487.08392723935,50,False,0.10974978799558738,6.5185029590407835,,,,,,,,,,,0.5398002069863369,False,False
DLF,PHOENIXLTD,0.4062318976162066,209,27527,1e-07,2.55897837045438e-07,3.794439809170686e-07,137074.18866544438,50,False,0.623635051055849,1.7778912849344797,,,,,,,,,,,0.6283915014756627,False,False
DATAPATTNS,HAL,0.4061131507027407,210,27527,1e-07,4.590284271057725e-07,1.3865385502878108e-06,128017.38593233429,50,False,1.990339600126798,-8.62691456433233,,,,,,,,,,,0.8742748604880077,False,False
MOTHERSON,TMPV,0.4060769345853303,211,27527,1e-07,1.9282641208648158e-07,2.0680624331237406e-07,142334.21779103583,50,False,0.8397909926455809,-0.14090712199638175,,,,,,,,,,,0.23102675669580075,False,False
PERSISTENT,WIPRO,0.405981639531794,212,27527,1e-07,1.6241770927086896e-07,1.6869370895661528e-07,143564.65532784612,50,False,0.8601926520346046,3.9632213425238976,,,,,,,,,,,0.3511707549299904,False,False
JSWSTEEL,NMDC,0.4059626174589758,213,27527,1e-07,1.2677565365645954e-07,8.925248442597809e-08,150412.75681519078,50,False,0.40371922356229845,5.305361093273506,,,,,,,,,,,0.24114126349024417,False,False
RECLTD,TATAPOWER,0.4057838110183748,214,27527,1e-07,1.7024456880495346e-07,1.6974347853689874e-07,143104.70732699978,50,False,0.3172001628228417,3.9810014397110205,,,,,,,,,,,0.5797932508184112,False,False
GODREJPROP,PHOENIXLTD,0.4055657069123026,215,27527,1e-07,3.0075422272665147e-07,5.016290796906339e-07,135622.58815553717,50,False,0.9709907306141133,0.23328053878416813,,,,,,,,,,,0.24744727038341646,False,False
LTM,PERSISTENT,0.4049649538356738,216,27527,1e-07,3.664008127155358e-07,7.433973295249657e-07,132417.94098100121,50,False,0.9208371703988233,0.6064642919993816,,,,,,,,,,,0.784949440040257,False,False
HEROMOTOCO,M&M,0.4034126680584442,217,27527,1e-07,2.4273485588251874e-07,3.5251076969497106e-07,135840.70484859473,50,False,0.31049194128692903,6.095413966341717,,,,,,,,,,,0.05646197975100182,False,False
RVNL,SUZLON,0.4032485583961727,218,27527,1e-07,4.4065067096166675e-07,9.693887223245753e-07,140815.47525168426,50,False,0.9984764720293895,1.8946139329604186,,,,,,,,,,,0.17677865430087097,False,False
COCHINSHIP,RVNL,0.4031673725799162,219,27527,1e-07,2.20404438455652e-07,2.8156267275248045e-07,141195.262731553,50,False,0.546463005736683,4.1711964804740544,,,,,,,,,,,0.014664051472124483,False,False
IRCTC,IRFC,0.4031231384278647,220,27527,1e-07,1.2923684339882757e-07,9.90170820541597e-08,149171.07423748026,50,False,0.403471855728975,4.500697581044555,,,,,,,,,,,0.5480899923511002,False,False
IRFC,TITAGARH,0.4029233905967023,221,27527,1e-07,3.23510988952091e-07,5.065339719747167e-07,138173.84572219657,50,False,0.7494496319563764,-0.2653148268045718,,,,,,,,,,,0.35791437566287276,False,False
ETERNAL,SWIGGY,0.4025692562581107,222,27527,1e-07,2.911137560061093e-07,4.135711792894391e-07,140715.56468869827,50,False,0.1943804356019894,4.453063486454194,,,,,,,,,,,0.6662329990493191,False,False
OFSS,TATAELXSI,0.4019318576877203,223,27527,1e-07,2.752275040136892e-07,4.578157245118197e-07,134419.2247636996,50,False,0.2802287528491026,6.501138819141533,,,,,,,,,,,0.40555267134783335,False,False
DLF,IREDA,0.4016844533245575,224,27527,1e-07,1.8090874913124303e-07,1.700398274660258e-07,146158.23740257474,50,False,0.5883391286568344,3.571278373875617,,,,,,,,,,,0.6048079333795625,False,False
BAJAJ-AUTO,M&M,0.4015605437208577,225,27527,1e-07,2.988552657293638e-07,4.839378763409649e-07,134248.85741620042,50,False,1.4210529478264142,-2.413383133452457,,,,,,,,,,,0.7028813070357723,False,False
CDSL,MCX,0.401495758193605,226,27527,1e-07,2.9734726596637187e-07,4.77509972303643e-07,135746.2345837786,50,False,0.5506801853175329,2.9042759823161917,,,,,,,,,,,0.34544604402320145,False,False
NHPC,TATAPOWER,0.4011185361872017,227,27527,1e-07,2.034292239847764e-07,2.0266016582492087e-07,142386.46149621494,50,False,1.0535143767238333,-1.8998912167822735,,,,,,,,,,,0.6917289651824137,False,False
HUDCO,RECLTD,0.400880000586332,228,27527,1e-07,2.0280559451667036e-07,2.2110713910029452e-07,142275.3068310577,50,False,0.8999131132225668,-0.00965208007255356,,,,,,,,,,,0.466638232295646,False,False
JIOFIN,RVNL,0.4007368087328064,229,27527,1e-07,1.839511557819906e-07,1.824895240922684e-07,144258.41945053884,50,False,0.27241068987983263,4.003233750145943,,,,,,,,,,,0.31318251126724356,False,False
BDL,SOLARINDS,0.4005316142755274,230,27527,1e-07,3.8135936765653164e-07,8.86178933526085e-07,129678.23374101552,50,False,0.9729043427741074,-2.023339443323817,,,,,,,,,,,0.7321230001762664,False,False
INFY,MPHASIS,0.400297715408787,231,27527,1e-07,3.7211803460778694e-07,6.879469955878926e-07,134052.4143815535,50,False,-0.48460584041273186,11.078321208526404,,,,,,,,,,,0.7459715412864971,False,False
LTM,TECHM,0.3999833727427641,232,27527,1e-07,2.3517094904150338e-07,3.2941513494299265e-07,137704.22436614727,50,False,0.9146066275957145,1.8464574731270003,,,,,,,,,,,0.7293877146011278,False,False
HINDZINC,TATASTEEL,0.3999282153012343,233,27527,1e-07,1.8255539674796145e-07,1.9238866608987146e-07,143369.95349994942,50,False,0.681828637507369,2.808082417287673,,,,,,,,,,,0.7646603875768145,False,False
BEL,RVNL,0.3998071395942168,234,27527,1e-07,1.86889094024618e-07,1.9862134831197992e-07,143141.05373361905,50,False,0.36740831451556333,3.951084859658636,,,,,,,,,,,0.6332651136555842,False,False
ADANIENSOL,ADANIPORTS,0.3995314952279385,235,27527,1e-07,2.341171797957397e-07,3.36969954761354e-07,137076.9362746107,50,False,0.8670263885482721,0.5752942885259918,,,,,,,,,,,0.6234851843780008,False,False
HAL,RVNL,0.3991711713597898,236,27527,1e-07,1.869842762225843e-07,1.9275245821786206e-07,143686.08273502404,50,False,0.30843697211884913,6.562162892541317,,,,,,,,,,,0.3131271151816474,False,False
RITES,RVNL,0.3986225867514147,237,27527,1e-07,2.0439132904846444e-07,2.466808221021772e-07,142137.4276120762,50,False,0.48662366372180327,2.584952624649157,,,,,,,,,,,0.2618399117084185,False,False
M&M,TMPV,0.3981426709980387,238,27527,1e-07,1.8935042225179778e-07,1.8188314583946385e-07,143583.3470650412,50,False,0.0775768338645575,7.682852097874863,,,,,,,,,,,0.6989690733842712,False,False
JSWENERGY,TATAPOWER,0.3972150534619093,239,27527,1e-07,1.9051525713799542e-07,2.0961882184587932e-07,141622.79159540668,50,False,0.9759467446136321,0.397216383312174,,,,,,,,,,,0.05380383054258273,False,False
IREDA,TATAPOWER,0.396973687563545,240,27527,1e-07,1.8457680979725925e-07,1.968277309273814e-07,142367.65348864978,50,False,0.8669689687164481,-0.2992361362285268,,,,,,,,,,,0.8298136187042925,False,False
LTM,MPHASIS,0.3969289798007929,241,27527,1e-07,3.066050720228024e-07,5.129641968317378e-07,135249.1573496863,50,False,-0.11641443195516689,9.463982564670594,,,,,,,,,,,0.8220651888313337,False,False
ADANIENSOL,ADANIPOWER,0.3967440733859262,242,27527,1e-07,6.258701984605284e-07,2.085662514710087e-06,133759.69898762272,50,False,1.0641671409608107,1.5934696708774472,,,,,,,,,,,0.45720135078820606,False,False
MPHASIS,WIPRO,0.3960862959436563,243,27527,1e-07,3.3938056427396084e-07,4.7036531663231057e-07,140338.27873541662,50,False,-0.31680804086353725,9.554327710781843,,,,,,,,,,,0.6703188891917652,False,False
ABB,SIEMENS,0.3955989624503326,244,27527,1e-07,3.1597072922636165e-07,5.562142908751571e-07,134270.09244915697,50,False,0.9465002965579489,1.0229792947179286,,,,,,,,,,,0.8377660847561417,False,False
HEROMOTOCO,MARUTI,0.395087363717399,245,27527,1e-07,3.1390834632936624e-07,5.918516893241158e-07,131353.90993623578,50,False,0.21491548364747712,6.558710059500331,,,,,,,,,,,0.08739426830374603,False,False
IRCON,MAZDOCK,0.3948478825845978,246,27527,1e-07,3.464125012582989e-07,6.974085015896793e-07,133547.09977341566,50,False,0.8851821026007504,-1.8836742389250847,,,,,,,,,,,0.8427135750124257,False,False
PERSISTENT,TATAELXSI,0.3945918649658542,247,27527,1e-07,3.057977622755009e-07,5.703447587132658e-07,133232.4759457609,50,False,0.14681923618528975,7.374683528121052,,,,,,,,,,,0.6601503240509758,False,False
GODREJPROP,NBCC,0.3940729004431391,248,27527,1e-07,2.0199555393782778e-07,2.07033063195997e-07,145919.27834165425,50,False,0.45476347299641406,5.386017876607506,,,,,,,,,,,0.38360786144545495,False,False
HDFCLIFE,SBILIFE,0.3939321257429384,249,27527,1e-07,2.569414079966779e-07,3.7603999337518445e-07,136315.6256514464,50,False,1.5124005086450931,-4.943700656727667,,,,,,,,,,,0.4697749992095808,False,False
BDL,IRFC,0.3939261059329093,250,27527,1e-07,1.9532390149425507e-07,2.1603280633336368e-07,144329.1649198525,50,False,0.6599256516112327,4.10624447728634,,,,,,,,,,,0.4122637636429144,False,False
KAYNES,MAZDOCK,0.3938977595829767,251,27527,1e-07,4.986163830349782e-07,1.33807133109847e-06,130498.23891387437,50,False,1.2800971992805688,-1.7324228481077861,,,,,,,,,,,0.19400095330354722,False,False
CENTRALBK,MAHABANK,0.3936158148388284,252,27527,1e-07,4.4747244238611805e-07,8.372254227094581e-07,141966.66545733318,50,False,0.8022368962172673,0.2615538935214696,,,,,,,,,,,0.7844599280808064,False,False
INDIANB,SBIN,0.3935672196071045,253,27527,1e-07,3.060746611104182e-07,4.824684281907492e-07,136078.30077904515,50,False,1.727470668020723,-5.267734135733767,,,,,,,,,,,0.7800552587469757,False,False
GAIL,IOC,0.3932674691839778,254,27527,1e-07,1.6971887528681182e-07,1.3789563138086793e-07,146689.5887841704,50,False,0.73582679677272,1.3331307579881941,,,,,,,,,,,0.5452856991157928,False,False
AMBER,DIXON,0.3927387308802699,255,27527,1e-07,3.647019486443018e-07,8.029099026509428e-07,130735.44247457935,50,False,0.15681883767250437,7.356422854718046,,,,,,,,,,,0.7340485996619942,False,False
BANKINDIA,CENTRALBK,0.3926611219076742,256,27527,1e-07,1.9746889176007806e-07,1.6358387427123518e-07,149914.65908033002,50,False,0.4274300572507435,3.5051204247999914,,,,,,,,,,,0.4239571036826699,False,False
BANKINDIA,MAHABANK,0.3926045279171048,257,27527,1e-07,1.9560659354316847e-07,1.7482305606457787e-07,148164.74586180752,50,False,0.46965617967384915,3.0829021439585147,,,,,,,,,,,0.7626451356500723,False,False
CANBK,PFC,0.3923501684624094,258,27527,1e-07,2.1380592184626255e-07,2.2979964041498042e-07,142096.61062786897,50,False,0.7421787944116647,0.5595070262948099,,,,,,,,,,,0.7592915807705964,False,False
RAILTEL,RITES,0.3923104640071137,259,27527,1e-07,3.10050189565923e-07,5.071259741556772e-07,139659.6632858836,50,False,0.8804471334797419,1.0203273813908946,,,,,,,,,,,0.5808438847238936,False,False
CDSL,RECLTD,0.3920484334731902,260,27527,1e-07,1.963537179117481e-07,2.0732328740213487e-07,142531.67160493974,50,False,0.7823103660758293,2.598335328430907,,,,,,,,,,,0.06416276325811757,False,False
BDL,SUZLON,0.3915323893378264,261,27527,1e-07,2.918598731896368e-07,4.0808217751583035e-07,144970.38282850315,50,False,0.7197753888230141,4.445591635745269,,,,,,,,,,,0.3416423285228348,False,False
CENTRALBK,IOB,0.3911564607225164,262,27527,1e-07,4.021438102308692e-07,6.800051921470631e-07,144512.64701643476,50,False,0.8801081103023121,0.47962673122782595,,,,,,,,,,,0.3218874715371023,False,False
JIOFIN,MAZDOCK,0.390117444927003,263,27527,1e-07,2.699300712725134e-07,4.142532198042022e-07,136587.44128991,50,False,0.39894930642734966,2.4599855557107073,,,,,,,,,,,0.5691546219634357,False,False
PFC,TATAPOWER,0.390040797316927,264,27527,1e-07,1.7064275517716582e-07,1.7612498957560112e-07,142815.20746443156,50,False,0.4709304517593406,3.1737489439566766,,,,,,,,,,,0.2077966681128922,False,False
LTM,TCS,0.3896691376134766,265,27527,1e-07,3.63513616485727e-07,7.318627896036132e-07,132467.60002902962,50,False,-0.9869238751186918,16.401401176877627,,,,,,,,,,,0.8033382429269121,False,False
CDSL,MAZDOCK,0.389541715884188,266,27527,1e-07,2.7456230107442315e-07,4.352183089344302e-07,136149.32892015245,50,False,0.4413211433247567,3.7522293936304516,,,,,,,,,,,0.32618579490503485,False,False
BANKINDIA,RECLTD,0.3892338919434939,267,27527,1e-07,1.8250499540685876e-07,1.9428160324983886e-07,142619.90587889502,50,False,0.41223017242395005,2.6275783180625805,,,,,,,,,,,0.5699392808915477,False,False
CANBK,IREDA,0.388919223359527,268,27527,1e-07,1.6232655831237607e-07,1.3896556341202131e-07,147133.61254013548,50,False,0.3967820356201043,3.0649216214169317,,,,,,,,,,,0.43560725830764807,False,False
IRFC,RITES,0.3888919594555273,269,27527,1e-07,3.1634510858336735e-07,4.3327815299689345e-07,141378.33214381992,50,False,0.7950002069497564,0.4140881199760607,,,,,,,,,,,0.7284425937287011,False,False
BHEL,MAZDOCK,0.3887137874275322,270,27527,1e-07,2.778904760456478e-07,4.547372560237905e-07,135514.20478126736,50,False,0.483246331175802,1.817947015433439,,,,,,,,,,,0.12480822565029559,False,False
HCLTECH,MPHASIS,0.3886557873676952,271,27527,1e-07,2.682229816234664e-07,4.0554180132192073e-07,136280.63206123046,50,False,0.005339798681355211,7.284340625879294,,,,,,,,,,,0.7070841022781693,False,False
HDFCBANK,ICICIBANK,0.3882552438315978,272,27527,1e-07,1.8614990052832972e-07,2.1641178743681533e-07,139738.7395706457,50,False,0.5081454907268658,3.1355372621557294,,,,,,,,,,,0.8132532759924962,False,False
CANBK,CENTRALBK,0.3881942367396391,273,27527,1e-07,1.6479397022780732e-07,1.132035821272282e-07,151655.8187992436,50,False,0.3806865897948773,3.614577661318997,,,,,,,,,,,0.45700021377297234,False,False
PNB,RECLTD,0.3877565155627224,274,27527,1e-07,1.7137506124597786e-07,1.6838153294606351e-07,143561.28726069015,50,False,0.569250297503013,1.4498007282880552,,,,,,,,,,,0.6836355484558757,False,False
CAMS,CDSL,0.3874674577882195,275,27527,1e-07,2.925405292236898e-07,4.544224195289309e-07,136284.86628377318,50,False,1.1445125312676492,-1.6764916691361116,,,,,,,,,,,0.2018041420216653,False,False
CENTRALBK,PNB,0.3871070346256773,276,27527,1e-07,4.933648174186269e-07,1.117257727469209e-06,138141.0124645775,50,False,1.3300604688935949,-2.7722130623837296,,,,,,,,,,,0.5594394830456058,False,False
ABCAPITAL,IREDA,0.3867327004679275,277,27527,1e-07,1.758394237728446e-07,1.6620330993855857e-07,145955.76753300166,50,False,0.5061063095015513,3.37215232568439,,,,,,,,,,,0.07979392718305112,False,False
NBCC,PFC,0.3865636053871193,278,27527,1e-07,4.656644355946265e-07,9.85957374176992e-07,135980.35907488497,50,False,1.2823793975075077,-3.0636250419214264,,,,,,,,,,,0.7235431210302496,False,False
LTM,WIPRO,0.386426856288408,279,27527,1e-07,1.5512745735202247e-07,1.4319664260945768e-07,144950.56675297872,50,False,0.2893791131494137,6.985509235963556,,,,,,,,,,,0.835543255761647,False,False
INFY,LTM,0.3859689439936086,280,27527,1e-07,2.9075631016026303e-07,4.965616526461002e-07,134210.52829872732,50,False,0.07849002653835073,6.610314822910906,,,,,,,,,,,0.7513772573084574,False,False
CDSL,RVNL,0.3857321884154729,281,27527,1e-07,1.963541250118987e-07,2.078478530521263e-07,143358.72392358276,50,False,0.287544569823546,5.538833039427113,,,,,,,,,,,0.12218542065497623,False,False
MAZDOCK,ZENTEC,0.3857281983005267,282,27527,1e-07,3.3280699984679646e-07,5.778444472335693e-07,135506.08920164834,50,False,0.7506870565430688,2.3670233115957244,,,,,,,,,,,0.38601677478078233,False,False
HUDCO,RVNL,0.385404528036754,283,27527,1e-07,1.9528887393470997e-07,2.1466962268964455e-07,143100.02432737788,50,False,0.4631825756994004,2.6114214916095695,,,,,,,,,,,0.358999920873353,False,False
BANKINDIA,RBLBANK,0.3847823444657154,284,27527,1e-07,1.9223395541401628e-07,2.0562836089623982e-07,142954.80619870542,50,False,0.41703239436424344,2.6554958926078913,,,,,,,,,,,0.5929042875634684,False,False
COCHINSHIP,NBCC,0.3847362709362036,285,27527,1e-07,2.1953079906366386e-07,2.589910399443742e-07,144469.56736951193,50,False,0.5154868341495756,4.947266444201901,,,,,,,,,,,0.03903336507564771,False,False
NTPC,TATAPOWER,0.3845857981161767,286,27527,1e-07,1.5419521818314605e-07,1.4502167163613975e-07,144170.06760518317,50,False,0.36643159734135017,3.70975417870129,,,,,,,,,,,0.2233852958542013,False,False
HCLTECH,LTM,0.3845300728806048,287,27527,1e-07,3.151326238530848e-07,5.63432443284237e-07,133502.7385815146,50,False,-0.22600862348487943,9.259564013637863,,,,,,,,,,,0.7471718523878808,False,False
INOXWIND,JIOFIN,0.3844654923859696,288,27527,1e-07,3.918233183403729e-07,7.464228608808398e-07,137331.9516186879,50,False,1.5165021099745322,-3.8470051957639373,,,,,,,,,,,0.3091012524864634,False,False
OFSS,TECHM,0.3843912513660482,289,27527,1e-07,3.075951849602615e-07,4.909267420941916e-07,135681.93692228867,50,False,1.4903605126541832,-2.0435598317718258,,,,,,,,,,,0.7261045729292872,False,False
TATAELXSI,TCS,0.384353387387838,290,27527,2.589232194714801e-07,1.990249367352941e-06,1.0894935060167929e-05,108316.75305740096,50,False,-4.667375693514026,45.62752625278222,,,,,,,,,,,0.7866434560871742,False,False
BANKINDIA,IREDA,0.3843404434886044,291,27527,1e-07,1.8037419055772654e-07,1.6881917655129245e-07,146048.06682330242,50,False,0.40312571372642714,3.094128922721766,,,,,,,,,,,0.5363312955019363,False,False
BANKBARODA,RECLTD,0.3843088911710001,292,27527,1e-07,1.6761530882657886e-07,1.6596513817286308e-07,143550.96984913366,50,False,0.4831245782139204,2.8424325319661765,,,,,,,,,,,0.5363611714291834,False,False
JIOFIN,SUZLON,0.3841504914365032,293,27527,1e-07,1.2951213812472425e-07,8.588970582080003e-08,152624.69138657834,50,False,0.39689789324954117,4.045217098746427,,,,,,,,,,,0.5723020743680772,False,False
BEML,DATAPATTNS,0.3838663776411734,294,27527,1e-07,5.085032973036476e-07,1.3858359737114531e-06,130810.40377419471,50,False,0.7382810437318437,1.5665945574594002,,,,,,,,,,,0.9086907212863946,False,False
HAL,NBCC,0.3836635549875819,295,27527,1e-07,1.6730704411654306e-07,1.4006435841730897e-07,148035.24513992952,50,False,0.3156267955512888,6.887738056508413,,,,,,,,,,,0.3362457424849925,False,False
TATAELXSI,WIPRO,0.3834050117895309,296,27527,1e-07,2.888966951146347e-07,3.49930774318753e-07,141316.48284559514,50,False,-0.22961306409568322,9.751852802749962,,,,,,,,,,,0.8527951575116399,False,False
OFSS,WIPRO,0.3832517760101223,297,27527,1e-07,1.6766821769748008e-07,1.5165575410582118e-07,144533.68843548358,50,False,0.9852069748635837,3.5443844152823436,,,,,,,,,,,0.6578390060716415,False,False
DLF,JIOFIN,0.3832351678070441,298,27527,1e-07,1.9069518681114807e-07,1.9720505563142043e-07,143194.6886678926,50,False,0.9116218884924896,1.3459894418184801,,,,,,,,,,,0.317695215556391,False,False
ADANIENT,JIOFIN,0.3832117020433284,299,27527,1e-07,1.5714686297851687e-07,1.5117322030239384e-07,144367.89807739542,50,False,0.5325465933705935,4.683168990415435,,,,,,,,,,,0.20699770282144758,False,False
ADANIPORTS,AMBUJACEM,0.3830514452903683,300,27527,1e-07,1.7609127205555498e-07,1.8489664684507035e-07,142429.11592631598,50,False,0.39176125742633816,4.844268348428164,,,,,,,,,,,0.41908438947789217,False,False
BAJFINANCE,CHOLAFIN,0.3825763834581577,301,27527,1e-07,2.3903564852007054e-07,3.2287760663373876e-07,137952.44791376553,50,False,0.10422928844125404,6.077655998370294,,,,,,,,,,,0.5042405956698947,False,False
MPHASIS,TATAELXSI,0.3825329711458428,302,27527,1e-07,3.0578559640717853e-07,5.521571180106978e-07,133588.7153885597,50,False,-0.0013107256318602733,7.835397358501466,,,,,,,,,,,0.6563116751304703,False,False
CENTRALBK,UCOBANK,0.3823552651588581,303,27527,1e-07,2.82118670924349e-07,3.12073506034447e-07,148894.2912581532,50,False,0.724813240694574,1.186190119386928,,,,,,,,,,,0.1597813695108395,False,False
KPITTECH,MPHASIS,0.3823546208049427,304,27527,1e-07,5.879386324085162e-07,1.9009030312809212e-06,128623.62300209381,50,False,-0.7954716925942888,13.039975397782397,,,,,,,,,,,0.804542443760244,False,False
TATAELXSI,TATATECH,0.382140167730068,305,27527,1e-07,4.159977632750283e-07,8.493423826438461e-07,135322.28772269058,50,False,1.6753215314640304,-2.2456444333893275,,,,,,,,,,,0.03342122325000017,False,False
OFSS,TCS,0.3821018446046828,306,27527,1e-07,4.22460212687231e-07,9.78311102821721e-07,130820.08540040818,50,False,-1.35761719315433,19.682499421382524,,,,,,,,,,,0.7026264081800425,False,False
JINDALSTEL,NATIONALUM,0.3819020391418558,307,27527,1e-07,2.520781523382331e-07,2.9441537490826645e-07,141815.13528258255,50,False,0.5361249605468514,3.8757911915500323,,,,,,,,,,,0.5718791274715653,False,False
DLF,IRFC,0.38145025236467,308,27527,1e-07,1.5677425742287903e-07,1.373719020170644e-07,147050.7907629613,50,False,0.4661978961364009,4.232758252216671,,,,,,,,,,,0.2658004578795109,False,False
CANBK,JIOFIN,0.381284955068915,309,27527,1e-07,1.6426773529114724e-07,1.541937021366244e-07,144352.43861645318,50,False,0.3160063627758326,3.2286142380399947,,,,,,,,,,,0.4157466323495641,False,False
GAIL,TATAPOWER,0.381046617354473,310,27527,1e-07,1.5797227953826473e-07,1.5104755626002762e-07,144011.10847975896,50,False,0.4025344446581388,2.685649525177529,,,,,,,,,,,0.7914721134915572,False,False
GMRAIRPORT,IREDA,0.3806721824488246,311,27527,1e-07,1.5977682280437497e-07,1.3816246841126056e-07,147056.58059363556,50,False,0.45120312179130534,2.3859366413710967,,,,,,,,,,,0.1433042534951522,False,False
BAJFINANCE,SHRIRAMFIN,0.3804679153254594,312,27527,1e-07,2.351921753255253e-07,2.929631629366413e-07,139480.9603176796,50,False,0.07333394656032612,6.341176577377185,,,,,,,,,,,0.5375262473786458,False,False
GRSE,RVNL,0.3804428082710422,313,27527,1e-07,2.923514306496337e-07,5.027966693803582e-07,137912.55776921875,50,False,0.7965957942327709,3.2160066457877607,,,,,,,,,,,0.7241456558648306,False,False
INOXWIND,RECLTD,0.3800017682980119,314,27527,1e-07,3.0694535711298437e-07,4.671048333209021e-07,138707.07136147923,50,False,1.1630827053782413,-2.2182614671667156,,,,,,,,,,,0.3431825065848653,False,False
BEL,BHEL,0.3798900197374842,315,27527,1e-07,1.8865132522677092e-07,1.9665025049814837e-07,143571.08692749604,50,False,0.458913759542885,3.496621096652437,,,,,,,,,,,0.24128931542700754,False,False
BDL,INOXWIND,0.3797284828456299,316,27527,1e-07,2.974634363275453e-07,4.4054110969212454e-07,142931.05500774807,50,False,0.5794128752124601,4.530124788283691,,,,,,,,,,,0.33576913671148634,False,False
IREDA,SJVN,0.3797236282424062,317,27527,1e-07,1.8244877447919592e-07,1.5691150264719619e-07,148104.55555610923,50,False,0.37797408623625645,3.219972445575675,,,,,,,,,,,0.497919076606634,False,False
NBCC,TATAPOWER,0.379610915790244,318,27527,1e-07,3.868686260395657e-07,6.856727937039555e-07,137345.48009171625,50,False,1.6437769345475295,-5.168609971164511,,,,,,,,,,,0.9200914462272047,False,False
ADANIGREEN,IREDA,0.3795623043562164,319,27527,1e-07,2.049300550695016e-07,2.3219598244520828e-07,144103.1442057144,50,False,0.6072338612520864,3.889002554826145,,,,,,,,,,,0.6814818485988096,False,False
DLF,RECLTD,0.3795248895766527,320,27527,1e-07,2.1122515232340966e-07,2.3616241467015493e-07,141906.87091152935,50,False,0.8294170701616049,1.5581358056382084,,,,,,,,,,,0.3761692125223066,False,False
POWERGRID,TATAPOWER,0.3794665162015451,321,27527,1e-07,1.68819050505747e-07,1.6381809600134535e-07,143602.51945853163,50,False,0.7142177273951753,1.4046324284268292,,,,,,,,,,,0.526514801919245,False,False
RAILTEL,TITAGARH,0.3791027531768002,322,27527,1e-07,3.199981097408312e-07,5.684572582709359e-07,136876.59630010356,50,False,0.7742369562387118,0.6365173077849802,,,,,,,,,,,0.23585391539246564,False,False
KPITTECH,OFSS,0.3790562413712799,323,27527,1e-07,4.6887970506063246e-07,1.3725218796779568e-06,128022.15122845667,50,False,2.046686267514788,-11.376906480672208,,,,,,,,,,,0.8412550467123892,False,False
IREDA,NHPC,0.3788642373533032,324,27527,1e-07,1.477938681693077e-07,1.1909219495962133e-07,148247.6998116483,50,False,0.5875639358134538,2.2867895668033364,,,,,,,,,,,0.5199993124026686,False,False
ABCAPITAL,JIOFIN,0.3784864643218194,325,27527,1e-07,1.6935883258301548e-07,1.7195340517597225e-07,143468.44144905452,50,False,0.7496614155152058,1.6500861154513264,,,,,,,,,,,0.165821044031206,False,False
IRCTC,IREDA,0.3782862855486453,326,27527,1e-07,1.5939348365154352e-07,1.2975896014837717e-07,147920.67326649264,50,False,0.5035765263872557,3.955661472315935,,,,,,,,,,,0.8233207819129211,False,False
ADANIENSOL,TATAPOWER,0.3781103238325251,327,27527,1e-07,1.8970785034126058e-07,2.2145437531561607e-07,141231.7271464414,50,False,0.814876557518513,2.0540516061508995,,,,,,,,,,,0.20681134997800266,False,False
TATAELXSI,TECHM,0.3779785062950869,328,27527,1e-07,6.12568931416237e-07,2.2784074394631102e-06,127550.65624378854,50,False,2.4332158648392883,-9.34466515510516,,,,,,,,,,,0.6004459477173928,False,False
JIOFIN,PFC,0.3775238166553995,329,27527,1e-07,1.8525444389558982e-07,1.874206523520616e-07,143291.13123119218,50,False,0.5160786403630911,2.486358028220553,,,,,,,,,,,0.527226573886788,False,False
ADANIENT,TATAPOWER,0.3774754831201102,330,27527,1e-07,1.7305197905622558e-07,1.7891581206081892e-07,142812.84444286014,50,False,0.39978739014427706,5.275113845162934,,,,,,,,,,,0.5582156484688454,False,False
GODREJPROP,IREDA,0.3774686009131475,331,27527,1e-07,2.631440072880466e-07,3.1740915161444815e-07,143332.7148884828,50,False,0.7740413729798329,3.7116105903276444,,,,,,,,,,,0.3610284638273621,False,False
MAHABANK,PNB,0.377158540880367,332,27527,1e-07,1.670102057596145e-07,1.6206925027887265e-07,145493.22392638965,50,False,0.6172720581810626,1.2205752716837979,,,,,,,,,,,0.6129802930127228,False,False
MARUTI,TVSMOTOR,0.3769813905273965,333,27527,1e-07,2.5788548979742147e-07,3.955126073942375e-07,135599.31971552921,50,False,0.3075500198425455,7.075085763868656,,,,,,,,,,,0.7900190759085906,False,False
BAJAJ-AUTO,MARUTI,0.3766027965640554,334,27527,1e-07,4.0665338459417524e-07,9.7516193282709e-07,128486.22273876246,50,False,1.9807003832937489,-9.865753109393214,,,,,,,,,,,0.7094147210253737,False,False
BEL,NBCC,0.3765854507509666,335,27527,1e-07,1.7195713396133784e-07,1.5448760564862667e-07,147146.55379952787,50,False,0.36274186323251983,4.399549590677082,,,,,,,,,,,0.5195399288298538,False,False
KPITTECH,PERSISTENT,0.3765017911129131,336,27527,1.2340306167855001e-07,1.1894268611516402e-06,8.259233288112322e-06,116098.71624881752,50,False,2.509680136158524,-14.85326247113694,,,,,,,,,,,0.43623434831874824,False,False
ADANIENT,ADANIPOWER,0.3762445585746092,337,27527,1e-07,4.840252783063484e-07,1.0257813292647153e-06,138823.65126476117,50,False,0.8468251253160894,3.434443733118669,,,,,,,,,,,0.8820499532686161,False,False
JINDALSTEL,SAIL,0.3758926857239155,338,27527,1e-07,2.0855954424216934e-07,2.0865612197791351e-07,145623.2339846293,50,False,0.41562510989469525,4.94090934382418,,,,,,,,,,,0.4970279319183583,False,False
ADANIGREEN,NHPC,0.3758155116286237,339,27527,1e-07,1.891309104606494e-07,1.9403618996389033e-07,145536.2858958727,50,False,0.5301272964543967,4.52591305799908,,,,,,,,,,,0.512059368376808,False,False
INFY,OFSS,0.3756800131667737,340,27527,1e-07,2.9640112382623615e-07,5.25102853680812e-07,133369.66488816167,50,False,0.2080330389622745,5.433132820984162,,,,,,,,,,,0.7829423245839547,False,False
HINDALCO,JINDALSTEL,0.3755279415644123,341,27527,1e-07,2.392797728736618e-07,3.1252875345513514e-07,138244.23158053547,50,False,0.8388616944014627,0.9361108667393214,,,,,,,,,,,0.4874363745010786,False,False
NBCC,RAILTEL,0.3754817861342336,342,27527,1e-07,3.584573069995073e-07,5.916200616964712e-07,139200.33022855406,50,False,0.7419024713251768,0.29191120516311764,,,,,,,,,,,0.32287915690732133,False,False
ADANIENT,IREDA,0.3747742925038957,343,27527,1e-07,1.6582598733280112e-07,1.480485068881056e-07,146740.5855880013,50,False,0.4854263976732935,5.295310563197857,,,,,,,,,,,0.27603025496197037,False,False
IREDA,LICHSGFIN,0.3747386615234426,344,27527,1e-07,3.0028776307896966e-07,4.298712731827391e-07,138383.59415625437,50,False,1.392263616181835,-3.8640205901332414,,,,,,,,,,,0.563601510623643,False,False
PNB,YESBANK,0.3745825911477751,345,27527,1e-07,1.485223437193715e-07,8.623632900842281e-08,154520.66520755738,50,False,0.5884329875531651,3.0048489374381084,,,,,,,,,,,0.3076071678770118,False,False
BHEL,INOXWIND,0.3743146797370817,346,27527,1e-07,2.3097104304256352e-07,2.6466592889732e-07,145125.48474548053,50,False,0.42775982425428516,3.6086450280062774,,,,,,,,,,,0.5627832268382121,False,False
CANBK,MAHABANK,0.3743137663672979,347,27527,1e-07,2.377668849185727e-07,2.1153859686902954e-07,148127.41801598287,50,False,0.21061676502472185,4.101784149966774,,,,,,,,,,,0.6381774474765816,False,False
ADANIGREEN,JSWENERGY,0.374224450371165,348,27527,1e-07,2.2971069032354898e-07,3.060035642908781e-07,139966.5459614323,50,False,0.5265630532323596,3.573391680639778,,,,,,,,,,,0.5074959309058786,False,False
JIOFIN,TATAPOWER,0.3741614461184183,349,27527,1e-07,1.626126879365592e-07,1.5927087307310523e-07,143754.91027109366,50,False,0.5114220182187866,2.5312085561066024,,,,,,,,,,,0.7454036379447332,False,False
RECLTD,SUZLON,0.373661145246351,350,27527,1e-07,1.5309712564181856e-07,1.1126445683599306e-07,151043.21094322557,50,False,0.38101342488237233,4.406515379088037,,,,,,,,,,,0.052490812702600136,False,False
COCHINSHIP,IREDA,0.3736209112495761,351,27527,1e-07,2.8677495270349044e-07,4.0099533795800996e-07,141953.4684471425,50,False,0.8268634633543986,3.295533981659165,,,,,,,,,,,0.06547871348443951,False,False
HAL,SOLARINDS,0.3735596554208756,352,27527,1e-07,3.3893637218921087e-07,6.827708526435182e-07,131237.3456424759,50,False,0.432799862068296,4.223334693380677,,,,,,,,,,,0.6672428421965609,False,False
MAHABANK,UNIONBANK,0.373413153691586,353,27527,1e-07,2.3195859438793768e-07,2.584131226978038e-07,143343.75866207885,50,False,0.2738475055898864,2.757359528951681,,,,,,,,,,,0.08841741789050489,False,False
CDSL,DLF,0.3733932050786627,354,27527,1e-07,2.1175916138745477e-07,2.5532662862948264e-07,140741.36357505282,50,False,0.6000272195356287,3.33032331473555,,,,,,,,,,,0.08567893309512964,False,False
BANKINDIA,PFC,0.3733234415450538,355,27527,1e-07,1.957452724491348e-07,2.1603072655218726e-07,142115.5580895925,50,False,0.4351232023852592,2.44697512366349,,,,,,,,,,,0.6938355549238046,False,False
IREDA,PNB,0.3732706289030812,356,27527,1e-07,4.6922867627543943e-07,9.915229501914642e-07,138535.5583048535,50,False,1.2608128121159703,-1.200452379987514,,,,,,,,,,,0.6112641133843589,False,False
BANKBARODA,CENTRALBK,0.3730571401236278,357,27527,1e-07,1.3611816791216112e-07,8.990019320354742e-08,152505.13860094777,50,False,0.42511038557132,4.143492703484198,,,,,,,,,,,0.4953770990573655,False,False
IREDA,TITAGARH,0.372102386719088,358,27527,1e-07,2.610742002600254e-07,3.641556037849517e-07,139316.8701161019,50,False,0.5479988192431062,1.2151585079129044,,,,,,,,,,,0.047617395523339025,False,False
CANBK,RBLBANK,0.3720587152879473,359,27527,1e-07,1.8681819012479172e-07,1.8983450156405033e-07,143463.697356565,50,False,0.5230427374640623,1.9897345212051825,,,,,,,,,,,0.6433131351178477,False,False
BHEL,SUZLON,0.3720250088925423,360,27527,1e-07,2.17223885785563e-07,2.2038026717754486e-07,147576.51414209974,50,False,0.5213456318801988,3.5831491352311,,,,,,,,,,,0.09455238547401207,False,False
PFC,PNB,0.3717860662220968,361,27527,1e-07,1.854971172468955e-07,1.6250554988967718e-07,146040.5128908347,50,False,0.7660801326081045,2.298443161037562,,,,,,,,,,,0.8484074990906512,False,False
LTM,OFSS,0.3717542891411456,362,27527,1e-07,3.029797452417734e-07,5.604497023250525e-07,133017.70379625054,50,False,0.5265546278207247,3.873331186420972,,,,,,,,,,,0.8746089800554125,False,False
COCHINSHIP,IRCON,0.3715156866886872,363,27527,1e-07,3.437129036626896e-07,5.842501099311204e-07,140517.90324068014,50,False,0.6433485480557251,4.077757601180383,,,,,,,,,,,0.007437786942080225,False,False
BANKINDIA,YESBANK,0.3714889143099602,364,27527,1e-07,2.1653666235522073e-07,1.928211279779487e-07,151028.79372167995,50,False,0.5825930788461079,3.2823156084954603,,,,,,,,,,,0.42987449726321914,False,False
BHEL,NBCC,0.3712428584542409,365,27527,1e-07,2.3526908741590317e-07,2.544290127439661e-07,145017.28870012815,50,False,0.33087046612151705,4.071119571205862,,,,,,,,,,,0.0660393472182757,False,False
IRFC,TATAPOWER,0.3710475911921532,366,27527,1e-07,2.693707804565426e-07,3.3758601829055607e-07,140322.74417285685,50,False,1.2550332203620709,-2.7432295568581178,,,,,,,,,,,0.9544260429869861,False,False
INOXWIND,IRCON,0.3709940369650644,367,27527,1e-07,3.494391142486838e-07,5.970461889668565e-07,140559.8329981661,50,False,0.654395515263615,1.3192564956282307,,,,,,,,,,,0.22667062520509051,False,False
BHEL,IREDA,0.3709126423153575,368,27527,1e-07,1.9061817270647525e-07,1.942905643459581e-07,144947.02331849054,50,False,0.5519094194691181,2.9048201105416926,,,,,,,,,,,0.08806217377409836,False,False
ADANIGREEN,AMBUJACEM,0.3706762812712839,369,27527,1e-07,2.558802422451586e-07,3.606735020531563e-07,138897.0426008541,50,False,1.09257362570289,0.03370555620161897,,,,,,,,,,,0.9958851473761883,False,False
LAURUSLABS,ZYDUSLIFE,0.3706521113465602,370,27527,1e-07,1.8802841929465556e-07,2.252006863399244e-07,139506.9705700389,50,False,0.5799287207511253,2.9925177067063906,,,,,,,,,,,0.41802853881009006,False,False
PHOENIXLTD,PRESTIGE,0.3706381143723766,371,27527,1e-07,2.8294805699781563e-07,4.40190148359167e-07,136987.68632133657,50,False,0.6241723155191554,2.9085631757199186,,,,,,,,,,,0.1720602168655272,False,False
HINDCOPPER,VEDL,0.3706146596509931,372,27527,1e-07,4.201019714820374e-07,1.0526015145941776e-06,134612.60892718786,50,False,1.0758796113406632,0.350635849575462,,,,,,,,,,,0.419726706379336,False,False
CGPOWER,NBCC,0.370599510175222,373,27527,1e-07,2.0761412620827286e-07,2.2406133113702896e-07,145385.05227563006,50,False,0.409665115558183,4.620204273477511,,,,,,,,,,,0.8990494317113318,False,False
MARUTI,TMPV,0.3704284359567293,374,27527,1e-07,1.747378412334095e-07,1.691631422917298e-07,143926.4814004506,50,False,0.19237823199587611,8.473293485513459,,,,,,,,,,,0.7649024622117909,False,False
MAZDOCK,TITAGARH,0.3702932416261129,375,27527,1e-07,2.767312626580334e-07,4.1796676567726144e-07,138111.33218023207,50,False,0.6219119958826537,3.664128650833959,,,,,,,,,,,0.44928669165703766,False,False
PFC,RVNL,0.3701927367228034,376,27527,1e-07,1.9492354463987039e-07,2.0742187948329535e-07,143155.60696296213,50,False,0.29569586184389585,4.274595589636333,,,,,,,,,,,0.7228435995479586,False,False
CANBK,YESBANK,0.3698742259520958,377,27527,1e-07,1.706639235437268e-07,1.1532939737831357e-07,153224.05975081862,50,False,0.5936756549736126,3.187353345228628,,,,,,,,,,,0.16814088372079916,False,False
CENTRALBK,UNIONBANK,0.3693060227263405,378,27527,1e-07,1.7967395117813612e-07,1.6889011187795108e-07,145396.07297875013,50,False,0.5586743405828071,0.7198083612225614,,,,,,,,,,,0.8207638068451293,False,False
ADANIGREEN,ATGL,0.3692629323298539,379,27527,1e-07,4.1724575804603425e-07,8.609151979092484e-07,136370.23300578803,50,False,-0.006966577821180193,6.876271737565437,,,,,,,,,,,0.5171499583269065,False,False
HEROMOTOCO,MOTHERSON,0.3691604258756783,380,27527,1e-07,1.6247307244331086e-07,1.2805768389637916e-07,147941.6927567954,50,False,0.21400486500756732,7.598940064563503,,,,,,,,,,,0.3223977020438564,False,False
HEROMOTOCO,TMPV,0.3690581208120288,381,27527,1e-07,1.674604352264317e-07,1.5880719032612158e-07,143832.08655864839,50,False,0.25090875863229806,7.152558514559699,,,,,,,,,,,0.13504972361206763,False,False
BDL,CDSL,0.3688537701270125,382,27527,1e-07,3.486989887138006e-07,6.589261460025034e-07,134367.37945243667,50,False,1.296458513477265,-2.114220463949518,,,,,,,,,,,0.15856325092880402,False,False
COCHINSHIP,ZENTEC,0.3688477254447679,383,27527,1e-07,3.70484794247591e-07,7.155693959005821e-07,134646.29170944527,50,False,0.8261093168814255,1.3494346658086263,,,,,,,,,,,0.84903406808755,False,False
ADANIPORTS,JIOFIN,0.3685282778521582,384,27527,1e-07,1.5625281311882191e-07,1.402805654526619e-07,144876.43070228296,50,False,0.2788634427604596,5.729193692399476,,,,,,,,,,,0.2601149823169563,False,False
IOC,PETRONET,0.3685053882570376,385,27527,1e-07,1.8168521293070398e-07,1.7893568149577674e-07,144371.0637552984,50,False,0.32681364804147106,3.23395591359003,,,,,,,,,,,0.8776897922582153,False,False
IREDA,JWL,0.3684127895203972,386,27527,1e-07,2.792997799609524e-07,3.786655636077154e-07,142085.64374498784,50,False,0.248601169505042,3.429399488785408,,,,,,,,,,,0.39858409919808896,False,False
CDSL,INOXWIND,0.3684056352631363,387,27527,1e-07,1.9682100622923627e-07,1.8811976807994157e-07,147253.53968988205,50,False,0.3630229991907907,5.513746303680013,,,,,,,,,,,0.035936840504716565,False,False
CANBK,NBCC,0.3682070840427761,388,27527,1e-07,2.2607197449552862e-07,2.0519918047465252e-07,146833.4515829487,50,False,0.20264627223022086,4.068307372462465,,,,,,,,,,,0.4043180654697596,False,False
BDL,ZENTEC,0.3681303653941957,389,27527,1e-07,3.7536809844372984e-07,7.347090751721971e-07,134589.89328770063,50,False,0.8064511330764207,1.393251752393334,,,,,,,,,,,0.8493526100453297,False,False
BSE,IREDA,0.3680690282999973,390,27527,1e-07,3.2778323042506935e-07,4.575061443589118e-07,141953.9812947641,50,False,0.1531304697204099,7.202522672776532,,,,,,,,,,,0.6011194983320357,False,False
BAJFINANCE,JIOFIN,0.3680441023854173,391,27527,1e-07,1.5755774886104004e-07,1.4129531150004176e-07,145036.45565139168,50,False,0.22219964849714896,5.61358581408226,,,,,,,,,,,0.5507881381847103,False,False
JIOFIN,RELIANCE,0.3680054590225962,392,27527,1e-07,2.0641133539168503e-07,2.6031308072092783e-07,138553.4173565252,50,False,0.06531514329792745,5.089276729931723,,,,,,,,,,,0.6123972032549686,False,False
HCLTECH,OFSS,0.3680030720073613,393,27527,1e-07,2.979185407036815e-07,5.292969794537339e-07,133227.44853522553,50,False,0.08470954044237711,6.57220628946946,,,,,,,,,,,0.7091072354972614,False,False
MANAPPURAM,MUTHOOTFIN,0.3679405491499131,394,27527,1e-07,5.315776341612445e-07,1.6034023277367338e-06,128476.05535125206,50,False,1.7241595930459572,-8.458233613289352,,,,,,,,,,,0.25791601128991504,False,False
ABCAPITAL,BANKINDIA,0.3677503398686217,395,27527,1e-07,3.458904028295273e-07,5.010757008462278e-07,141444.25831046083,50,False,0.8938228904126603,1.3181821135924578,,,,,,,,,,,0.519020465999127,False,False
GMRAIRPORT,NBCC,0.3673064454044245,396,27527,1e-07,1.921257794078014e-07,1.6494727950373106e-07,147415.57556069302,50,False,0.25964690061667833,3.3892473116650743,,,,,,,,,,,0.08013193454381207,False,False
DLF,RVNL,0.3672998216572605,397,27527,1e-07,1.972989392242243e-07,2.1845068664935491e-07,142995.97304764081,50,False,0.36498757659071795,4.329633224949483,,,,,,,,,,,0.390954346488349,False,False
BEL,IRFC,0.3670158019136598,398,27527,1e-07,1.5005444976902877e-07,1.3049784867517233e-07,146953.7017813224,50,False,0.4428907774720684,3.9774214526360407,,,,,,,,,,,0.6835993261197024,False,False
BANKINDIA,JIOFIN,0.3670027670750753,399,27527,1e-07,1.6516628899434839e-07,1.6592523752282747e-07,143731.76591508428,50,False,0.5213842638209722,2.143932696418375,,,,,,,,,,,0.4150439750386501,False,False
HUDCO,PFC,0.3668778178690055,400,27527,1e-07,2.935639074288102e-07,3.854169255832354e-07,140055.3410099737,50,False,0.9990615565913331,-0.6875718614055505,,,,,,,,,,,0.7310846640006697,False,False
BANKINDIA,NBCC,0.3668770308115784,401,27527,1e-07,2.0958658122249798e-07,2.0129453586722437e-07,146353.82857088264,50,False,0.3022191576362988,3.669089677553567,,,,,,,,,,,0.5075371947622195,False,False
LICHSGFIN,RECLTD,0.3667351399064597,402,27527,1e-07,1.5954780587001144e-07,1.4870407998652898e-07,143930.73044311578,50,False,0.545493043280173,3.0530944439509655,,,,,,,,,,,0.1593769085075616,False,False
IREDA,LTF,0.3665224967497851,403,27527,1e-07,1.9805514230299564e-07,2.138085480416046e-07,143179.85176119805,50,False,0.47003415843281204,2.1848728729688323,,,,,,,,,,,0.43774887023600273,False,False
CDSL,KFINTECH,0.3665139304681098,404,27527,1e-07,2.2551035104412567e-07,2.951756689541784e-07,139218.15586247316,50,False,0.3143712928550028,5.016458311592369,,,,,,,,,,,0.3380424312858876,False,False
ABCAPITAL,CANBK,0.3662651691116586,405,27527,1e-07,1.939678271747425e-07,1.8368137012330188e-07,145095.16161349276,50,False,0.2962823073702063,4.347305621447326,,,,,,,,,,,0.1931865607760065,False,False
IRFC,NHPC,0.366202920841743,406,27527,1e-07,1.9832292577500988e-07,1.692809092831785e-07,147111.7446443192,50,False,0.7596372298732595,1.3936734295393653,,,,,,,,,,,0.8682184537247472,False,False
BSE,JIOFIN,0.3661991882873839,407,27527,1e-07,2.7252120187885764e-07,3.402830986265863e-07,140559.1266091875,50,False,0.02489026116507965,7.804545134451163,,,,,,,,,,,0.44980545348710976,False,False
PNB,RBLBANK,0.3658907726022502,408,27527,1e-07,1.83500598503953e-07,1.8066417180552504e-07,143833.6430845297,50,False,0.5029733018954469,1.9070678885651313,,,,,,,,,,,0.8302456585158873,False,False
LTF,SHRIRAMFIN,0.3657491185715352,409,27527,1e-07,2.713287469744212e-07,3.904204731253288e-07,137724.78602378955,50,False,0.08484996232735385,5.063085058361266,,,,,,,,,,,0.42945223492697515,False,False
JIOFIN,PNB,0.3656833365474388,410,27527,1e-07,1.5799902154961237e-07,1.2362412874641153e-07,147684.2505104661,50,False,0.6751576430104298,2.330419943022594,,,,,,,,,,,0.34057847614403447,False,False
LUPIN,ZYDUSLIFE,0.3653962137671607,411,27527,1e-07,1.7417774770349236e-07,1.8816390324860717e-07,140781.09383893013,50,False,0.7034824207790533,2.918812840212112,,,,,,,,,,,0.46141889394779717,False,False
BANDHANBNK,BANKINDIA,0.3652880191960281,412,27527,1e-07,2.617544024814156e-07,2.987506037062743e-07,143445.11238537644,50,False,0.7482325219732965,1.2856343252398357,,,,,,,,,,,0.8103787821481774,False,False
CGPOWER,HAL,0.3651389762331444,413,27527,1e-07,3.209576268788766e-07,6.082995849212088e-07,132811.99458118863,50,False,1.200874500678806,-3.5134676883369895,,,,,,,,,,,0.8705996942750995,False,False
JIOFIN,LT,0.3651089656223866,414,27527,1e-07,2.515742830497453e-07,3.83042570997525e-07,135392.28215783052,50,False,0.4614301515376979,1.7448301600594065,,,,,,,,,,,0.6348536993516163,False,False
BDL,IRCON,0.3650790133697436,415,27527,1e-07,3.416086105265199e-07,5.769586413379077e-07,140612.2370591687,50,False,0.620967976928715,4.091593914318007,,,,,,,,,,,0.42524470398760433,False,False
ABCAPITAL,RECLTD,0.3650574566393236,416,27527,1e-07,1.8611477252399903e-07,1.993141998517348e-07,142395.0010832849,50,False,0.3540222925928505,3.7474905352510763,,,,,,,,,,,0.18339450182496236,False,False
INFY,TATAELXSI,0.3648648065484947,417,27527,1e-07,2.931259735275267e-07,5.01733415533043e-07,134217.1969147964,50,False,-0.02608901459394131,7.503344510105319,,,,,,,,,,,0.7709628004485551,False,False
LODHA,PHOENIXLTD,0.3647961367165349,418,27527,1e-07,2.72188397261711e-07,4.531634579974344e-07,135959.84698716126,50,False,0.5884337302986822,2.482413684933428,,,,,,,,,,,0.9517843209568203,False,False
JIOFIN,TMPV,0.3645109582938822,419,27527,1e-07,1.7465129449276129e-07,1.713902222833091e-07,143683.96158000643,50,False,0.6393917509846665,1.8184862068884071,,,,,,,,,,,0.46719235195731956,False,False
LTM,TATAELXSI,0.3644750592542215,420,27527,1e-07,2.886288998584982e-07,5.068430303703482e-07,134116.7468639594,50,False,0.2905038310457038,6.0819654875679365,,,,,,,,,,,0.7849635258707974,False,False
IRFC,SJVN,0.3644735382743992,421,27527,1e-07,1.9442842856486858e-07,1.7150081848459964e-07,147828.978088005,50,False,0.44723325631252053,2.7772035588499855,,,,,,,,,,,0.8457043694976825,False,False
BDL,BHEL,0.3644213939346432,422,27527,1e-07,2.9189946795120724e-07,4.2552864661717556e-07,140047.89173909434,50,False,0.7595777516492859,2.967963808977114,,,,,,,,,,,0.6341894108544743,False,False
COFORGE,TATATECH,0.3643564479003976,423,27527,1e-07,2.4885203670917366e-07,3.325462182708354e-07,139321.34117428245,50,False,0.13233483219907533,6.409955919335978,,,,,,,,,,,0.5555396348302241,False,False
RECLTD,UNIONBANK,0.364234791541381,424,27527,1e-07,1.890886248839888e-07,1.7426166481281774e-07,145332.19291791276,50,False,0.5655543686111931,2.945117556364477,,,,,,,,,,,0.7446718474399331,False,False
BEML,IRCON,0.3639014632505705,425,27527,1e-07,4.413189522600846e-07,1.0612562528114879e-06,137205.6432166267,50,False,0.7728524534562992,3.5504377982212856,,,,,,,,,,,0.002291987726298043,False,False
ADANIENT,NBCC,0.3636163689002418,426,27527,1e-07,2.0664898355983073e-07,1.8630376245294037e-07,146976.7851788949,50,False,0.26603291078616315,6.436187602768934,,,,,,,,,,,0.22058563481305488,False,False
IREDA,KAYNES,0.3634963794400603,427,27527,1e-07,2.9937506915040857e-07,5.215541052902431e-07,134564.8160503694,50,False,0.36336053653522893,1.8514932132883968,,,,,,,,,,,0.7282984847564873,False,False
COCHINSHIP,IRFC,0.3634326361959878,428,27527,1e-07,2.0074136023785407e-07,2.2815407806919675e-07,143990.01798048176,50,False,0.6549788315730207,4.227242462358042,,,,,,,,,,,0.03059482666996883,False,False
HAL,IREDA,0.3632272278328848,429,27527,1e-07,1.6255380586082187e-07,1.4168567202980242e-07,147032.39798487388,50,False,0.44410051983715587,6.178266142853304,,,,,,,,,,,0.3273277768424131,False,False
BANKINDIA,IRFC,0.3631698634501251,430,27527,1e-07,1.7572427271593522e-07,1.555762957118745e-07,146423.95068721595,50,False,0.3454144838868952,3.426357615100562,,,,,,,,,,,0.5141484245001333,False,False
MAZDOCK,RECLTD,0.3630605320468285,431,27527,1e-07,2.8797550417240674e-07,4.084681626858064e-07,139027.9372254077,50,False,1.084484528501535,1.4190291688908163,,,,,,,,,,,0.18054843445087465,False,False
BEL,JIOFIN,0.3628918571686149,432,27527,1e-07,1.9192606619846844e-07,1.965539512189318e-07,142968.23641514534,50,False,0.8648932780598436,1.2413680097984396,,,,,,,,,,,0.43730251305694295,False,False
BHARATFORG,MOTHERSON,0.3628219236934565,433,27527,1e-07,2.1259200740937568e-07,2.1236818473641666e-07,145478.36142178535,50,False,0.5868170874401633,4.5797646976312585,,,,,,,,,,,0.7106090721873385,False,False
INDHOTEL,JIOFIN,0.3627297758454614,434,27527,1e-07,1.520694608200589e-07,1.4068932192719672e-07,144914.8986942284,50,False,0.5657770173536694,3.350794224009542,,,,,,,,,,,0.22300803209508374,False,False
JIOFIN,LTF,0.3624371114510952,435,27527,1e-07,2.0789146305681124e-07,2.0706143524532834e-07,143990.8216304485,50,False,0.11589502651387484,4.910967287350034,,,,,,,,,,,0.6031693847598201,False,False
DIXON,KALYANKJIL,0.3623884636365798,436,27527,1e-07,2.6390235453732265e-07,3.799224467542294e-07,139460.47187909874,50,False,0.27571251256307094,7.640367924637472,,,,,,,,,,,0.04628555333461162,False,False
BDL,JIOFIN,0.3621838051167453,437,27527,1e-07,3.5323529152502074e-07,6.052412731322125e-07,138113.52957537197,50,False,1.340254269964417,-0.2601754809222063,,,,,,,,,,,0.2892232914983798,False,False
BANKBARODA,MAHABANK,0.3621264959377001,438,27527,1e-07,2.9597193694117087e-07,3.187049858090212e-07,146569.70979359924,50,False,0.6008877662321872,3.1714146657000812,,,,,,,,,,,0.7849591426733743,False,False
GLENMARK,LAURUSLABS,0.3621003367537788,439,27527,1e-07,2.9499380999482116e-07,4.239994855872449e-07,137454.68444826084,50,False,0.9111617896102382,1.3058951980998454,,,,,,,,,,,0.5216872166114823,False,False
AMBUJACEM,ULTRACEMCO,0.361821385726686,440,27527,1e-07,3.137649301850745e-07,5.973137152346124e-07,131804.89166922553,50,False,0.30485408518555235,3.3524221679486006,,,,,,,,,,,0.8846646081676803,False,False
BEL,SOLARINDS,0.361516134433656,441,27527,1e-07,3.379935142350718e-07,6.848379575592392e-07,130957.46081843635,50,False,0.5926451472098515,0.43317683521121875,,,,,,,,,,,0.007576451406625428,False,False
CGPOWER,RVNL,0.3613712435106703,442,27527,1e-07,2.0891757016915787e-07,2.5346913974165644e-07,141876.3602802505,50,False,0.4190422647178364,4.089767205012057,,,,,,,,,,,0.904077551387217,False,False
JSWENERGY,NHPC,0.3613113285638066,443,27527,1e-07,1.5570795576915224e-07,1.370508752530339e-07,147098.5080874019,50,False,0.6096746170740163,3.5339461115148456,,,,,,,,,,,0.20953184227004068,False,False
KAYNES,NBCC,0.3613021246247626,444,27527,1e-07,2.523848188984697e-07,3.302112034758635e-07,143229.38602515106,50,False,0.715136063132073,4.951588615763001,,,,,,,,,,,0.8049116841823358,False,False
JWL,RITES,0.3608175515569184,445,27527,1.2443426349235494e-07,9.485413591945052e-07,5.438988236708826e-06,122783.2503136068,50,False,1.8286138154846316,-4.173405527501084,,,,,,,,,,,0.09015121026707007,False,False
CONCOR,IREDA,0.3607942150465507,446,27527,1e-07,1.507524858395866e-07,1.2580272518430837e-07,147709.43087345085,50,False,0.4161109506310701,4.181656295790722,,,,,,,,,,,0.48667546994209526,False,False
CDSL,PFC,0.3607696218366206,447,27527,1e-07,2.1831786773386702e-07,2.412282116181103e-07,141873.79838760593,50,False,0.7027201330858194,2.996134143312374,,,,,,,,,,,0.30499469249827826,False,False
UNIONBANK,YESBANK,0.3606829545230711,448,27527,1e-07,2.214986208922907e-07,2.0027900499135956e-07,150880.4912585482,50,False,0.5570568520315607,3.480602403320269,,,,,,,,,,,0.6684922737309893,False,False
GRSE,IRCON,0.3606086415473282,449,27527,1e-07,6.10454993250042e-07,2.293628987707195e-06,132005.93588165357,50,False,0.9836638646657903,2.846554935124821,,,,,,,,,,,0.7828347885183062,False,False
CAMS,IREDA,0.3605812008981326,450,27527,1e-07,1.7893402247393736e-07,1.7267578531464266e-07,145820.8685399995,50,False,0.5567595008278347,3.8542126002657815,,,,,,,,,,,0.06773102174433532,False,False
IOB,MAHABANK,0.3602551640622758,451,27527,1e-07,1.779008493891755e-07,1.5248574614330867e-07,148649.44422329223,50,False,0.327000552622559,2.176856452531553,,,,,,,,,,,0.5205113273598745,False,False
CDSL,TATAPOWER,0.360233451986118,452,27527,1e-07,1.7075705293014922e-07,1.7642584387638537e-07,142945.26985201205,50,False,0.5085762817882403,4.1699195748126625,,,,,,,,,,,0.5392292500067719,False,False
KPITTECH,TCS,0.3600007679060498,453,27527,2.7243050852186394e-07,2.097703193334766e-06,1.1447425239243822e-05,107656.10660797538,50,False,-4.695811761277549,44.16252930658121,,,,,,,,,,,0.7781978698519361,False,False
CDSL,HDFCAMC,0.3595660988537721,454,27527,1e-07,2.529775055243724e-07,3.8075632804932754e-07,136144.6521631664,50,False,0.28563127708629715,4.9429452805272485,,,,,,,,,,,0.405201137680918,False,False
CDSL,SUZLON,0.3592805044529604,455,27527,1e-07,1.6364801254449697e-07,1.25584500779145e-07,150520.26845418906,50,False,0.43516083713123804,5.520266260309534,,,,,,,,,,,0.19769306217154176,False,False
IRCTC,RVNL,0.3591724349370344,456,27527,1e-07,1.7834678089192567e-07,1.7816198855172654e-07,144368.28861131368,50,False,0.30839047811145204,4.627688442691091,,,,,,,,,,,0.6265579531694245,False,False
GRSE,NBCC,0.3590974408626138,457,27527,1e-07,2.823484765381683e-07,4.782115006341371e-07,140901.41393443503,50,False,0.7017804342621748,4.572524312181114,,,,,,,,,,,0.49396452800027935,False,False
AUROPHARMA,LUPIN,0.3589066061554236,458,27527,1e-07,2.30952865062137e-07,3.267320969042504e-07,136505.48062529063,50,False,0.9394267826552652,-0.133688489080459,,,,,,,,,,,0.36384427470291036,False,False
ADANIPORTS,GMRAIRPORT,0.3588273913373008,459,27527,1e-07,1.425801478779818e-07,1.0935291104958582e-07,148902.22998288885,50,False,0.42436963271947553,5.338907876067782,,,,,,,,,,,0.1926374691534546,False,False
HCLTECH,TATAELXSI,0.3588269871092244,460,27527,1e-07,2.9573446352252605e-07,5.091189827611225e-07,134045.93226125618,50,False,-0.08922082061929494,8.083569001266799,,,,,,,,,,,0.7324104489155254,False,False
JSWSTEEL,NATIONALUM,0.3588174019527576,461,27527,1e-07,1.9315303576617312e-07,1.92656124720471e-07,143607.71736643446,50,False,0.3094952281306305,5.25765145827042,,,,,,,,,,,0.3833761878715291,False,False
ANGELONE,IREDA,0.3586341465564278,462,27527,1e-07,3.767058417899845e-07,6.734682494144538e-07,139744.56842952015,50,False,0.9355764686208973,0.9603391544858993,,,,,,,,,,,0.8377104714621952,False,False
CGPOWER,MAZDOCK,0.3584833948790364,463,27527,1e-07,3.056252501152067e-07,5.422718384584228e-07,134833.52077498686,50,False,0.6638452603549393,1.325896522468721,,,,,,,,,,,0.781729389142555,False,False
HAL,IRFC,0.3584362203377386,464,27527,1e-07,1.454366957442145e-07,1.1899828281528343e-07,147796.90783301022,50,False,0.36572786056147005,6.612591324006105,,,,,,,,,,,0.16856849612054742,False,False
DLF,PFC,0.3582978856519603,465,27527,1e-07,2.6772893514159064e-07,3.3441870043487275e-07,140530.9003252668,50,False,0.8621930726963805,1.2825575484600946,,,,,,,,,,,0.6519962380839537,False,False
JINDALSTEL,VEDL,0.3581503694026211,466,27527,1e-07,1.9872918541704534e-07,1.9717911703221832e-07,143888.69424530733,50,False,0.5487004514360069,3.9973249739181655,,,,,,,,,,,0.41700036121521533,False,False
CHOLAFIN,SHRIRAMFIN,0.3579035902057069,467,27527,1e-07,3.612055411518606e-07,6.017667165431614e-07,136333.67941731453,50,False,-0.24370781739777497,9.077986033175101,,,,,,,,,,,0.5299720503497588,False,False
NBCC,TITAGARH,0.3578757520170532,468,27527,1e-07,3.659897783774201e-07,6.52501700899458e-07,136904.21107745357,50,False,0.8247379016229635,-0.8853191143788451,,,,,,,,,,,0.2732208436941742,False,False
CDSL,HUDCO,0.3577023052178679,469,27527,1e-07,1.7458411944654468e-07,1.6756744798665062e-07,145301.881102725,50,False,0.45796151215033165,4.7728758431406755,,,,,,,,,,,0.07930273241471886,False,False
ABCAPITAL,CDSL,0.3576008146540296,470,27527,1e-07,2.3092783530011672e-07,3.1884083359942327e-07,137717.5248940929,50,False,0.7277383163761645,0.5918030900640018,,,,,,,,,,,0.02455432232899052,False,False
BAJAJ-AUTO,TMPV,0.3574754733117714,471,27527,1e-07,1.6323670974716445e-07,1.4921504664001564e-07,144138.05704042123,50,False,0.5940209916189791,5.67135675437795,,,,,,,,,,,0.022536697047826276,False,False
EXIDEIND,NBCC,0.3574689589827151,472,27527,1e-07,1.5111854965032148e-07,1.1912824090032002e-07,149028.58788935406,50,False,0.3018128867039958,4.4208264353053215,,,,,,,,,,,0.26240381898422155,False,False
CDSL,LTF,0.35709494685727,473,27527,1e-07,1.902705470876005e-07,1.984648742101539e-07,143635.5585165189,50,False,0.39549618150667254,4.9506903627808,,,,,,,,,,,0.2662883869892274,False,False
LTF,RECLTD,0.3568560686579949,474,27527,1e-07,1.880566785181329e-07,2.09579316591497e-07,142031.3100657294,50,False,0.528002236331873,2.554007536813922,,,,,,,,,,,0.2201067624230873,False,False
BHEL,RVNL,0.3568242292535681,475,27527,1e-07,2.148028358842198e-07,2.5179212331749456e-07,141883.8616021633,50,False,0.315815541663746,3.769427666925534,,,,,,,,,,,0.15014504101534765,False,False
DIVISLAB,LAURUSLABS,0.3568156536462744,476,27527,1e-07,2.118654335078364e-07,2.491804839475963e-07,139775.34384532738,50,False,0.5268582582165318,5.07991937969046,,,,,,,,,,,0.3528864417266778,False,False
BANKBARODA,IREDA,0.3564424572469104,477,27527,1e-07,1.662944705543339e-07,1.419599722160431e-07,147031.04021281368,50,False,0.5031891061563297,3.2370360003144545,,,,,,,,,,,0.5231503081518265,False,False
GLENMARK,ZYDUSLIFE,0.3564418672976064,478,27527,1e-07,2.0270832995664213e-07,2.423865303304476e-07,139243.77830940753,50,False,1.187634879522576,-0.4500535960866448,,,,,,,,,,,0.31240503395901165,False,False
NBCC,NHPC,0.3562257900677917,479,27527,1e-07,2.96553401574673e-07,3.5787413090822823e-07,144225.79668502952,50,False,0.9781419267570728,0.3219159769769035,,,,,,,,,,,0.7210740439715311,False,False
EICHERMOT,TMPV,0.356220146478998,480,27527,1e-07,1.5972914011305335e-07,1.4917564094773431e-07,144321.3863773778,50,False,0.33529938911545004,6.932079610324238,,,,,,,,,,,0.3028068412598467,False,False
GRASIM,ULTRACEMCO,0.356206688558053,481,27527,1e-07,3.2493521741648585e-07,6.178465665140761e-07,131205.5843707102,50,False,-0.6306661809831288,13.851633542030834,,,,,,,,,,,0.5535272047592402,False,False
CANBK,IRFC,0.3561877010491867,482,27527,1e-07,1.6714489351969324e-07,1.349936029537894e-07,147347.0662628769,50,False,0.2705878296363596,3.7188178235952956,,,,,,,,,,,0.2806048393394801,False,False
AMBER,PGEL,0.3561411478118175,483,27527,1e-07,2.848042977946781e-07,4.5175197475685344e-07,139126.61693463795,50,False,0.3399456619532006,6.661622247650667,,,,,,,,,,,0.815218250421222,False,False
JWL,MAZDOCK,0.3561338296473642,484,27527,1.064216240167349e-07,9.666061048376225e-07,6.516271949310445e-06,119469.23981663943,50,False,1.9843474771486636,-9.761598858468073,,,,,,,,,,,0.02601031161210565,False,False
ADANIENT,MAZDOCK,0.3560593726163176,485,27527,1e-07,2.7342121935052124e-07,4.3235226511015906e-07,136097.0737851293,50,False,0.41116229340774785,4.447311402536631,,,,,,,,,,,0.390213420338271,False,False
ADANIENSOL,JSWENERGY,0.3558355961689901,486,27527,1e-07,2.3614809802987873e-07,3.11682360055515e-07,139838.12824168187,50,False,0.6276109303816223,3.004907998973819,,,,,,,,,,,0.2659220416685093,False,False
BEL,BEML,0.3556937779359168,487,27527,1e-07,2.691254787304042e-07,4.111740491911761e-07,136941.2840646182,50,False,0.38575182866999896,3.1894336473536122,,,,,,,,,,,0.4724849057480986,False,False
GRSE,IRFC,0.3556605973340428,488,27527,1e-07,3.0844261061600505e-07,5.626615182469154e-07,139371.31513141797,50,False,0.9552939259327643,3.2935637685689523,,,,,,,,,,,0.7637734071804605,False,False
EXIDEIND,IREDA,0.3555651018897553,489,27527,1e-07,1.4896689715008837e-07,1.2361140306596326e-07,147910.33891975912,50,False,0.45472286612957846,3.596440555148096,,,,,,,,,,,0.379717759323294,False,False
DLF,MAZDOCK,0.3555613245090387,490,27527,1e-07,2.938876078299055e-07,4.925713041491347e-07,135550.57667339873,50,False,0.5853434252935902,1.8676504022053015,,,,,,,,,,,0.7201035662302971,False,False
MAZDOCK,RAILTEL,0.3552863733308314,491,27527,1e-07,2.5329116461338764e-07,3.4137090064300116e-07,140689.45136571574,50,False,0.5424946653490482,4.650352077517016,,,,,,,,,,,0.45251399264462155,False,False
IREDA,JSWENERGY,0.3551721830486309,492,27527,1e-07,2.374045847419575e-07,2.9224783166353624e-07,140699.48605612697,50,False,0.6363419644366993,0.906248057585891,,,,,,,,,,,0.7271606793294659,False,False
OBEROIRLTY,PHOENIXLTD,0.3550690178259847,493,27527,1e-07,2.455645591831508e-07,3.5140503789039637e-07,137267.40254998725,50,False,0.4312891090863032,4.131809563286776,,,,,,,,,,,0.25511442267885975,False,False
CANBK,LTF,0.3549413617069317,494,27527,1e-07,3.588384421739172e-07,5.386109939740167e-07,139883.1524679802,50,False,0.8532349966703626,0.15796520714165063,,,,,,,,,,,0.05578518890645704,False,False
INDHOTEL,IREDA,0.3549078042158365,495,27527,1e-07,1.5374857213092548e-07,1.2832182673866017e-07,147641.22892233118,50,False,0.38909068506941685,4.615675941543174,,,,,,,,,,,0.3495194510357109,False,False
AUROPHARMA,ZYDUSLIFE,0.3548557618981131,496,27527,1e-07,1.9061436647727286e-07,2.2587726639516434e-07,139617.2271380828,50,False,0.8952532730047739,1.013589330671764,,,,,,,,,,,0.7389313510225521,False,False
BANKINDIA,IDBI,0.354848740179191,497,27527,1e-07,2.5530640320611324e-07,2.9538277045212584e-07,145535.42990588004,50,False,0.3790570738875562,3.3096432974968835,,,,,,,,,,,0.3347609246516623,False,False
BIOCON,LAURUSLABS,0.3546501672904937,498,27527,1e-07,2.3011262909222375e-07,2.909459639978422e-07,138884.62774709426,50,False,0.6603693370789904,1.3543275394446548,,,,,,,,,,,0.913079488977486,False,False
CANBK,IDFCFIRSTB,0.3546490953157672,499,27527,1e-07,3.155224597649749e-07,3.6537209406003676e-07,145305.56903068515,50,False,0.018611826740853543,4.922384698688823,,,,,,,,,,,0.5032890130591632,False,False
LODHA,NBCC,0.3545987845415033,500,27527,1e-07,2.491883231943892e-07,3.190960476853595e-07,143925.94060109332,50,False,0.36021763569965776,5.221939569649103,,,,,,,,,,,0.911765369465237,False,False
