symbol_a,symbol_b,pearson_rho,stage1_rank,n_obs,Q_beta,Q_alpha,R,log_likelihood_final,em_iterations,em_converged,beta_mean,alpha_mean,spread_mean,spread_std,ou_kappa,ou_mu,ou_sigma,half_life_minutes,half_life_hours,ar1_phi,ar1_c,hurst_exponent,adf_pvalue,tradeable,skipped
PFC,RECLTD,0.6613012626349547,1,27527,1e-07,1.6581426907299516e-05,0.0030092401183931194,53467.876123722715,50,False,0.9543903224282614,0.37191852384867324,-8.332483828457264e-07,0.0010783230975243523,0.285413636794466,2.0987768593531267e-07,0.0008141789046679886,2.428570646955804,0.0404761774492634,0.7517032578780529,5.211194566183133e-08,0.04640059300650315,0.8750358212603929,False,False
BDL,MAZDOCK,0.6481262601604594,2,27527,1.3216085022494649e-06,8.95271458687181e-06,0.0004741062079859086,74060.86149995546,50,False,0.9115202822994214,0.11582664475252996,-1.5812373675855817e-08,0.0006716888401817289,1.526515891975879,3.5965930825571775e-09,0.0011736477849739533,0.454071381898786,0.0075678563649797664,0.217291416763865,2.815084276125212e-09,-0.00932474035652948,0.7637121816962358,False,False
GRSE,MAZDOCK,0.6223135583329398,3,27527,1e-07,3.089643210243556e-05,0.017550020837713995,29691.338294606157,50,False,1.5701080037639403,-4.426740203487018,-2.080003791133543e-06,0.0027084425961684797,0.16446348442589007,-3.173064919194427e-06,0.0015530179458288947,4.214596224685296,0.0702432704114216,0.8483487343198368,-4.811993110811596e-07,0.12738675717699965,0.176669584484892,False,False
BANKBARODA,CANBK,0.600743730963829,4,27527,1e-07,4.46084182578833e-05,0.006506868864656876,42806.88065278021,50,False,0.338001928668636,3.9900320683608723,-1.361847275245574e-06,0.0012270360568582541,0.2334335146580641,-9.488867496618244e-07,0.0008381489383969451,2.9693558852304247,0.04948926475384041,0.7918102377646726,-1.9754850680034783e-07,0.05191280736877797,0.5172504487165459,False,False
BPCL,HINDPETRO,0.5993120769439445,5,27527,1e-07,9.07822503932592e-05,0.02952446694342121,22392.76489037637,50,False,0.24020043203428637,4.398360217235721,2.9264669885744615e-06,0.0018325343329556715,0.14384771279372077,2.98063107364335e-06,0.0009829548541197427,4.818618016915751,0.08031030028192919,0.8660196217263897,3.9934607874081327e-07,0.10619451487526267,0.8913015369104078,False,False
BPCL,IOC,0.5970018243000894,6,27527,1e-07,9.415530617091598e-05,0.016074674448303974,30468.694345043776,50,False,0.6543175312739278,2.524139046305222,2.239581129053701e-06,0.0012822552337981054,0.22780721221121572,1.8073745703894276e-06,0.0008651489451350928,3.0426919930756227,0.05071153321792705,0.7962777576668832,3.682024002155877e-07,0.06027999907851182,0.8192201748994306,False,False
INFY,TCS,0.5963448240610343,7,27527,1e-07,0.0004871582000176643,0.503919390104857,-16300.75388192581,50,False,1.0345245008335777,-0.9439043359896099,-3.278335756611412e-07,0.0017785611772629325,0.09190723777121472,-2.3142000005673382e-06,0.0007623312079754464,7.541812781768081,0.1256968796961347,0.9121897623760254,-2.0321045195922e-07,0.2168576416539602,0.1254970250048667,False,False
IRFC,RVNL,0.59629915020758,8,27527,1e-07,6.76015306586475e-07,2.1582496194962457e-06,135583.39903147952,50,False,0.5906050648257508,1.3103036687209209,,,,,,,,,,,0.7493173654916854,False,False
BEL,HAL,0.5919494727331697,9,27527,1e-07,3.3799405749389694e-05,0.012311018097028946,34415.37787720858,50,False,0.9880128977561052,-2.173658559991466,-1.828399182677352e-06,0.0016663329536430118,0.15483427125392377,1.9024798735945254e-07,0.0009259854472457613,4.476703865019675,0.07461173108366125,0.8565571218589053,2.7289718867390475e-08,0.11109302643620704,0.6280151516885205,False,False
CANBK,PNB,0.5912896020465772,10,27527,1e-07,0.00022668203758264934,0.03218367152766818,20821.46268756657,50,False,0.8830165091425156,0.7575688646266858,4.4791247197534845e-06,0.0011402301901242405,0.2515314979806494,2.6134730762792026e-06,0.0008045658409048189,2.755707281691098,0.045928454694851635,0.7776089641119173,5.812129846993461e-07,0.05107585128031292,0.04243802289273566,False,False
COCHINSHIP,GRSE,0.5888668206027302,11,27527,1e-07,3.190027691088809e-06,0.0001410868669816228,93055.43610410111,50,False,0.6193345455892094,2.4821165391188833,-3.8940591483069394e-07,0.0008525659565216858,0.9131987733659219,-2.7931627319548046e-07,0.0011520951197174002,0.759032097694462,0.012650534961574367,0.4012386974169518,-1.6724377557116844e-07,-0.006539418136522173,0.6967358003645038,False,False
BANKINDIA,CANBK,0.5871819129252358,12,27527,1e-07,7.242795499956768e-06,0.0005194345287942001,76812.1908637706,50,False,0.5408372686362793,2.3486737640044923,-1.2382052069083673e-06,0.0010527460491095012,0.3618278351819188,-5.878034201079338e-07,0.0008945636570392977,1.915682302914718,0.031928038381911966,0.6964022534887128,-1.784557937363962e-07,0.020230140592476152,0.43153845132711577,False,False
BDL,HAL,0.5812755295762134,13,27527,1e-07,6.82244196550294e-05,0.06544281024020532,11752.859050124793,50,False,1.6211292683644385,-6.296646040766673,7.92058634326401e-07,0.0032612175178057695,0.08638779621077546,-7.135892424292664e-07,0.001355504708496615,8.023670135869105,0.13372783559781842,0.917238460641954,-5.905774417278794e-08,0.20984789393377531,0.2317316243808729,False,False
BANKINDIA,UNIONBANK,0.5785955089782444,14,27527,1e-07,3.531431956882454e-05,0.0054317821560997915,45309.68936809064,50,False,0.5231444923166949,2.342146267648555,-5.515501041522674e-07,0.0013475840765282037,0.2224164935715963,-2.7836633022240586e-07,0.0008987400267528915,3.1164378568751236,0.051940630947918724,0.8005818576905288,-5.551129645445698e-08,0.059006153751456375,0.7726142725732574,False,False
HAL,MAZDOCK,0.5763677642469147,15,27527,1e-07,2.564658251735529e-06,7.702118860216221e-05,100311.2072045608,50,False,0.5146166171468022,4.3263800020368075,-2.741068153285598e-07,0.0005910210434916391,1.0605960570532558,-1.8002382111861909e-07,0.0008606672476955285,0.6535449344265667,0.01089241557377611,0.34624936443354737,-1.1769068747339861e-07,-0.008635296014084132,0.6331902137887663,False,False
HINDPETRO,IOC,0.5760675120342044,16,27527,1e-07,4.6982184719677575e-05,0.0074283234183519595,41031.10071504287,50,False,1.1081463688104973,0.4082166290625519,-8.48098962253437e-07,0.001490219978575698,0.227869102697975,-7.369084229591256e-07,0.0010061186298002602,3.0418655813932998,0.05069775968988833,0.7962284771738782,-1.5016095152977686e-07,0.05399150027138836,0.6179826672572863,False,False
ADANIENT,ADANIGREEN,0.5750074400452473,17,27527,1e-07,3.847048112320471e-05,0.015926016056002485,30951.375675716685,50,False,0.7610143792749793,2.4482896564992593,3.739489471166861e-06,0.0015500330217455402,0.16992691874383659,2.003071046190478e-06,0.0009023522764220165,4.079089915146751,0.06798483191911252,0.8437264749339684,3.130269733458899e-07,0.09615610367513752,0.9590271359482158,False,False
IREDA,IRFC,0.5729160670388255,18,27527,1e-07,1.742185854550639e-06,2.3126280750589147e-05,115534.03672399107,50,False,0.710438595051105,1.5068332611275066,4.2986648838200994e-07,0.0005845973011794146,1.3819292118135178,2.0398608832433422e-07,0.0009706950447403569,0.5015793679115605,0.008359656131859343,0.2510936726120978,1.5276647224520137e-07,-0.00933333110150724,0.0885532801287926,False,False
BANKBARODA,PNB,0.5692820524600195,19,27527,1e-07,3.056929039758116e-05,0.003612412205558118,50760.12143575615,50,False,1.057366798245024,0.6127171962423109,-3.9697335058358073e-07,0.0011675451984624516,0.27711686227794596,-2.4958010734291664e-07,0.0008691703266768719,2.501281137719885,0.04168801896199808,0.7579659143112635,-6.040689308683954e-08,0.042522308421983526,0.2746354496950648,False,False
BANKINDIA,PNB,0.56893308926589,20,27527,1e-07,1.0358389351284378e-05,0.0008383828479728134,70452.76094307702,50,False,0.7735183895441269,1.3408704469258395,2.2926162204614938e-08,0.0010800866034976044,0.3343136187290749,1.6546982019470238e-07,0.0008831537509208762,2.073344134752902,0.03455573557921503,0.7158292495607422,4.702168297977762e-08,0.026105826573666033,0.4466686398050802,False,False
BEL,MAZDOCK,0.5688595618037797,21,27527,1e-07,6.004467881826614e-06,0.0007449679801210773,72019.3736977001,50,False,0.5893039567478197,1.4720679433272317,-1.857349495898737e-06,0.0010260068226303652,0.3967027862551647,-7.577065743633634e-07,0.0009116953955997168,1.7472707643502747,0.029121179405837912,0.6725338822447906,-2.481232303043695e-07,0.023673878989482557,0.4183627709811222,False,False
CANBK,UNIONBANK,0.5659548629723078,22,27527,1e-07,6.349449544489041e-05,0.010764756212730773,35969.63323906505,50,False,1.2393516396284756,-1.4135159250797695,2.2516191346491948e-06,0.001661291116788223,0.22835829837549543,9.303466256220438e-07,0.0011211285438631792,3.0353492099515713,0.05058915349919286,0.7958390609026704,1.8994044077302816e-07,0.06057767289155316,0.6775243806922663,False,False
ADANIENSOL,ADANIGREEN,0.5639436106949239,23,27527,1e-07,7.76986044324564e-06,0.0011301315901370778,66585.0827964271,50,False,0.9545086853891255,0.3667691235557871,-2.2607393588853777e-07,0.0014301435493446573,0.32432342012193216,-2.5795156793265244e-07,0.0011518330599208993,2.1372097651762263,0.035620162752937105,0.7230163665203826,-7.144836254775043e-08,0.029464071802430523,0.40352915352023805,False,False
COCHINSHIP,MAZDOCK,0.5620628166964209,24,27527,1e-07,2.1154590003094677e-05,0.009676888246437452,37788.51515534019,50,False,0.961446478832603,-0.1742142025471947,-2.11568194304168e-06,0.001920080725258436,0.19483731400595594,-1.7382151556736143e-06,0.0011987191639382029,3.557568960013258,0.05929281600022097,0.8229685326197611,-3.0771877963147034e-07,0.0988982515953865,0.6033509921422965,False,False
BDL,BEL,0.5607663087083288,25,27527,1e-07,5.6376912974450065e-05,0.016765517004096835,30131.831316733973,50,False,1.221456801041824,-0.19042449290034716,2.63556298163764e-06,0.002101357596991204,0.16481445357340388,1.0093801182978838e-07,0.0012049076135150312,4.205621324656677,0.07009368874427796,0.8480510423311657,1.533742568670081e-08,0.10430511678558714,0.751749209993159,False,False
BANKBARODA,BANKINDIA,0.5583763155555549,26,27527,1e-07,9.548055757932965e-05,0.015671651819834927,30794.44346112555,50,False,1.1912921938608942,-0.3334826505222147,-5.705121715019033e-07,0.0015949050500353144,0.23739405947644038,-7.115176597148772e-07,0.0010989808208883476,2.9198168736346792,0.04866361456057799,0.788680439774108,-1.5035759894390374e-07,0.0630438599669709,0.4677102499571547,False,False
BDL,GRSE,0.5521512399588028,27,27527,1e-07,1.3325992857814463e-06,1.2238542275403125e-05,119255.1947991485,50,False,0.5333450468641071,3.0536405566987823,,,,,,,,,,,0.7659451436320359,False,False
HINDZINC,VEDL,0.5498326743172866,28,27527,1e-07,7.09541522193447e-05,0.015510317765548879,31075.37957734788,50,False,0.8523914220304764,1.6847170598753047,-4.090108097635023e-06,0.0018437788587617064,0.16608577693906432,-2.5636267461310798e-06,0.0010618068965906754,4.17342889520429,0.06955714825340482,0.8469735802722448,-3.9230262247875395e-07,0.07935282175066538,0.8736894654753775,False,False
DLF,GODREJPROP,0.5496385403433995,29,27527,1e-07,2.1405813387330682e-06,4.733380351577914e-05,105997.80844685006,50,False,0.6121602021193631,1.8521456606154725,2.3103163173450835e-08,0.0006061297567294887,1.3167560789857138,3.4177876626516506e-08,0.0009836499474394677,0.5264051494593218,0.008773419157655364,0.26800327484214026,2.501809376345944e-08,-0.009026602522987018,0.855504791765487,False,False
NATIONALUM,VEDL,0.5405240156365909,30,27527,1e-07,7.425312509300514e-05,0.016323867519316335,30375.36281096481,50,False,0.6627499738685815,2.2230866084180225,2.149921872009738e-06,0.0018379175971063987,0.1848475153078797,3.1112438542917258e-06,0.0011174854794861252,3.7498322842232854,0.06249720473705476,0.8312310241957043,5.250814387662241e-07,0.08109863731863,0.15176738731215073,False,False
PNB,UNIONBANK,0.5388344203166681,31,27527,1e-07,5.363931157762768e-05,0.008887765602185566,38594.656323336945,50,False,0.5661566489656304,1.8641089112483993,-6.780603723739238e-07,0.0012293934272224732,0.1979737425020897,-6.561639830843777e-07,0.000773603318728141,3.501207644001723,0.05835346073336205,0.8203913942803425,-1.1785269812524203e-07,0.06156493773857494,0.9408828960151403,False,False
IRCON,RVNL,0.538437730038286,32,27527,1e-07,1.061013765638503e-06,7.1602797678846936e-06,126045.74038671526,50,False,0.6635189390590636,1.2010092596247128,,,,,,,,,,,0.5224697551952181,False,False
GRAPHITE,HEG,0.5346864588112443,33,27527,1e-07,0.00028864630668121096,0.11751152696035252,3474.1111103029157,50,False,1.5046444509900667,-3.038014672523667,-8.357083146912174e-06,0.003742683606733805,0.16345516219626416,-5.329390988142483e-06,0.002138531005818146,4.24059522652254,0.070676587108709,0.8492045746160123,-8.036477810945363e-07,0.10962254790978453,0.4339200891940631,False,False
BANKBARODA,UNIONBANK,0.5329333603719645,34,27527,1e-07,0.00017461194626536188,0.03206248326137616,21011.93261402072,50,False,0.4012136679237902,3.6031640060161103,-7.871100852618078e-07,0.001271857165699368,0.22053140917922848,-8.242656205297108e-07,0.000844692965602907,3.1430769119904203,0.05238461519984034,0.8020924454006036,-1.6312839329938906e-07,0.06296562583187379,0.8368517051387678,False,False
ADANIENT,ADANIPORTS,0.5304318931027404,35,27527,1e-07,0.00013216528223295975,0.08799212204384389,7601.482637838873,50,False,1.599440701929539,-3.995858918041395,1.5060367952924583e-06,0.0027673409066074637,0.10167227150454707,-6.916910346607792e-07,0.0012476023838773201,6.817465276449005,0.1136244212741501,0.903325548685874,-6.686885125473093e-08,0.17058011424266342,0.22085098271501113,False,False
HINDZINC,NATIONALUM,0.5296621477584993,36,27527,1e-07,0.00015352123084896898,0.045135750847237865,16516.91597469134,50,False,0.36247249517689656,4.259955299382914,-5.334930914731585e-06,0.002277663493236071,0.1412326908913429,-4.964176233111492e-06,0.0012104304989771252,4.907838094603867,0.08179730157673111,0.8682872456559826,-6.538453247122236e-07,0.102957565938175,0.7994895153622347,False,False
BANKINDIA,INDIANB,0.5289658710719399,37,27527,1e-07,4.781647280584663e-06,0.000351264531199352,81831.28741405596,50,False,0.675860760418237,0.46236897425919693,-4.3195632203856833e-07,0.0009597909471750904,0.49486622485219134,-2.634395739904058e-07,0.000954768377795611,1.4006758710740004,0.02334459785123334,0.6096524581891525,-1.0283299012285179e-07,0.007663359454518705,0.9011512503688979,False,False
HCLTECH,TCS,0.5257685934461046,38,27527,1e-07,0.00032816109658980385,0.33444066445859383,-10663.010617860338,50,False,0.9501461153961627,-0.229674586954806,7.917612095398403e-06,0.0017739984420149669,0.09122499511862361,1.453836584775482e-06,0.0007526397510854392,7.598215594954184,0.12663692658256973,0.9128123094791215,1.2675665422133566e-07,0.20727315984187386,0.49022457496110344,False,False
IRCON,RAILTEL,0.5250220898277165,39,27527,1e-07,1.7407451579606814e-06,2.5946552591533724e-05,113446.59131347257,50,False,0.7479023522714172,0.6941852102262935,-2.852785699787894e-07,0.0007470868483258016,1.8955067813261977,-3.348807303096344e-08,0.001452955480729883,0.3656790824430512,0.006094651374050853,0.1502421758208803,-2.845675207474295e-08,-0.008687025902317558,0.3601261501806569,False,False
HINDALCO,NATIONALUM,0.5206130824877278,40,27527,1e-07,5.299583944008595e-06,0.0003618072440254871,81525.72479754603,50,False,0.677162795232284,2.8446956166132633,1.009865652308304e-06,0.0010132570915790274,0.4655969083098743,3.4718786348354666e-07,0.0009766611555767173,1.488728056799352,0.024812134279989198,0.6277602780054891,1.2923711378298362e-07,0.006885191182807146,0.20396904333415267,False,False
DATAPATTNS,GRSE,0.5205539292447271,41,27527,1e-07,2.049380491334399e-06,4.16436659605735e-05,106835.89209026836,50,False,0.6946411813570618,2.5455050325486965,-6.453876074616586e-08,0.0009779370086211545,1.3684581055761549,-6.57990574928557e-08,0.0016178921148429126,0.506516916912201,0.00844194861520335,0.2544990678739275,-4.9053258693940966e-08,-0.009419292498069536,0.8692565880530214,False,False
IREDA,RVNL,0.5201343852105098,42,27527,1e-07,1.6363153794711078e-06,2.18099492217268e-05,115490.72767632933,50,False,0.5410720425025941,1.7413636748996997,4.3827440607831303e-07,0.0005726790344130569,1.639675377450738,1.7278052830960073e-07,0.0010350443772821356,0.42273439614468444,0.007045573269078074,0.19404302280862135,1.3925367231393522e-07,-0.009247315310493213,0.15253597182084444,False,False
JSWSTEEL,TATASTEEL,0.5192555579901201,43,27527,1e-07,2.4340535761005192e-05,0.0035860313939932754,50981.06390343476,50,False,0.5506791825481785,4.181892803386829,9.156357558833546e-07,0.0010191516856817462,0.2564180203034137,7.349197274658704e-07,0.0007297118732488894,2.703192153733032,0.045053202562217204,0.7738184293593058,1.662252982530615e-07,0.05313615603059881,0.2250854390962676,False,False
IRCON,IRFC,0.5192069147185588,44,27527,1e-07,1.4466867021301893e-06,1.5072724753896224e-05,119845.25749104914,50,False,0.8313258070495987,1.1001934562208704,5.2034165442947546e-08,0.0007240723716921167,1.749160631148324,3.8501180348438775e-08,0.0013543085072059405,0.3962741718608737,0.0066045695310145616,0.1739198651182944,3.1805060255343176e-08,-0.009295157485071603,0.2167301572566897,False,False
INDIANB,UNIONBANK,0.5182389585985556,45,27527,1e-07,6.276193009728529e-05,0.010623294485050656,36155.221719754656,50,False,0.7903417079886293,2.696978602229696,3.1649272513666435e-07,0.0013555227050119592,0.23997797334444296,1.4824717583810847e-07,0.0009391005811201454,2.888378341144934,0.048139639019082234,0.7866451880383276,3.1629248324788614e-08,0.05352696317331238,0.046866397668546514,False,False
BSE,CDSL,0.5170386436157088,46,27527,1e-07,0.0001723634187267924,0.11354111986413251,4092.4459803973364,50,False,0.12014720135513615,7.072147654868752,4.862522967744941e-06,0.0032326683596594196,0.07662571474574628,1.419547443921286e-05,0.0012689378979189446,9.045882088798708,0.15076470147997847,0.9262364653875563,1.0471083701369372e-06,0.17866777377657425,0.5738948925909919,False,False
HCLTECH,INFY,0.5147451028025671,47,27527,1e-07,3.456721219364585e-05,0.017477596793635863,29731.95810303372,50,False,0.5260556255819988,3.4942496534003924,7.352765278644276e-06,0.0015170081535594974,0.1223262762937712,3.5177472556660828e-06,0.0007458304263878063,5.66638012339496,0.09443966872324934,0.8848596126831654,4.0503478150012483e-07,0.13886177532366129,0.41043539398717666,False,False
NBCC,RVNL,0.51143815131968,48,27527,1e-07,2.3599237831228543e-05,0.004753893526814443,47255.68499602484,50,False,0.8946376483931766,-0.5529109560495351,-6.857918808040483e-06,0.0016635748871338476,0.2192839440628605,-4.925546999736261e-06,0.001099098862932504,3.1609572854145944,0.052682621423576576,0.8030936521017229,-9.698714711193831e-07,0.06679207570264654,0.1454170014433212,False,False
COFORGE,PERSISTENT,0.5107200689117879,49,27527,2.699430162658626e-07,2.8634458891300875e-05,0.016409837417665867,30500.600460072008,50,False,0.3696015253414363,4.069087688490807,2.067692870407175e-06,0.0021430504049818793,0.12948231541787103,6.933389187326653e-07,0.001089708391590578,5.353218918915608,0.08922031531526013,0.8785501250707076,8.420592496369302e-08,0.12204224885669246,0.5542835014128088,False,False
CHENNPETRO,MRPL,0.5105018132920021,50,27527,1e-07,0.00015281027908752964,0.027781905896023938,22969.191329695197,50,False,0.0054964869446702735,6.773891734888598,4.7949193261419e-07,0.002867127287029196,0.1707398784084453,-1.6953474142902025e-06,0.0016744377927508966,4.059667764913087,0.06766112941521811,0.8430408380772008,-2.661003093149749e-07,0.0709263597599203,0.48652491076912757,False,False
TCS,WIPRO,0.5093176230410128,51,27527,1e-07,3.661690578452385e-05,0.007038994131835927,41867.76464764715,50,False,0.36709743959685004,5.963636479316736,4.575660584392622e-07,0.0011420994136240846,0.17952017039274487,6.508294828845512e-07,0.0006844166793081714,3.861110308905757,0.06435183848176261,0.8356710949589715,1.0695009629083709e-07,0.07239241648034798,0.721807954229776,False,False
DLF,PRESTIGE,0.5057851997209861,52,27527,1e-07,2.175054189485907e-05,0.008668456171199782,39266.00052953295,50,False,0.7568803577714253,0.9248656198051387,-1.6881716554037967e-06,0.0016533715404170781,0.18339806492450525,-1.8455710511864106e-06,0.0010013833936895588,3.7794683430562657,0.06299113905093776,0.8324367259137173,-3.092499278956574e-07,0.09960515582631514,0.06818828713823012,False,False
NMDC,TATASTEEL,0.5052796974587704,53,27527,1e-07,1.1788802534509067e-05,0.0012693196026333758,64966.482549695684,50,False,0.9546737309320854,-0.6290901508926902,1.3499175335117832e-07,0.001244811522608448,0.2871821463631955,3.5173532632140653e-07,0.0009434241557386227,2.4136151544857216,0.040226919241428696,0.7503750383043444,8.780191735999003e-08,0.031689150357333315,0.5978173074489371,False,False
CANBK,INDIANB,0.5036951498492792,54,27527,1e-07,0.00011639217352967513,0.057096661558871366,13464.30812667471,50,False,0.9503993230217586,-1.4564711821467393,5.042291965995194e-06,0.0018006774297695124,0.14696467260539592,2.8532948521182367e-06,0.0009738744893649572,4.71642040411347,0.0786070067352245,0.8633244758820314,3.8997556937636164e-07,0.12792777715475817,0.7736778138178189,False,False
INFY,WIPRO,0.5017377637905855,55,27527,1e-07,5.486453387138661e-05,0.011321931591956788,35372.51002818419,50,False,1.3077439777221094,0.2021724776635658,-6.831994032356139e-07,0.001722639854348114,0.18682437774218416,-5.336266667811368e-07,0.0010530458587599111,3.7101538296917638,0.061835897161529395,0.8295894179592082,-9.093563087866119e-08,0.07082240363295984,0.4751284710178264,False,False
IREDA,NBCC,0.4994554830038932,56,27527,1e-07,3.6243589341074397e-06,0.00012165908081531098,95587.47523258861,50,False,0.5465990589776527,2.3431472561156492,2.0061440272538294e-06,0.0008609550104459997,0.5780838143700786,1.0730767011669113e-06,0.0009216739108149879,1.1990427051053971,0.01998404508508995,0.5609722643347761,4.7111043430841716e-07,-0.0010923523396582206,0.09359056784883502,False,False
ADANIENSOL,ADANIENT,0.494596789181081,57,27527,1e-07,8.14249029487752e-05,0.06072321148427221,12729.416522950844,50,False,0.7587117680936255,1.0852044876853262,-4.63755157643646e-06,0.0022910774560325636,0.10732534649431136,-2.665847306616455e-06,0.0010609912034279516,6.458373564129929,0.10763955940216549,0.8982333883620172,-2.7129424753859934e-07,0.16536465461858757,0.8030718280165012,False,False
IREDA,RECLTD,0.4919581390053796,58,27527,1e-07,0.00026012559081466205,0.07968378814118114,8716.921238576364,50,False,1.1440095350244879,-1.8649340112216912,-8.134261816844683e-07,0.0018907708242684826,0.1606309617230672,-1.1385816378045987e-06,0.0010717291200957606,4.315153026070732,0.07191921710117886,0.8516062884417849,-1.6895835514585578e-07,0.09715315970857798,0.1377932866791125,False,False
IRFC,NBCC,0.4918517329534817,59,27527,1e-07,5.3739279742337146e-06,0.00025911651255282667,85912.04572294372,50,False,0.616948938946014,1.8745573461719978,1.7793317912055417e-06,0.0009329796391504946,0.4996946048596104,1.1620646984067259e-06,0.0009314202718706091,1.3871416137356245,0.023119026895593742,0.6067159195158889,4.570215463759351e-07,0.005509583542321952,0.5098853328710853,False,False
BANKBARODA,INDIANB,0.490853095776424,60,27527,1e-07,4.7177906930909894e-05,0.019550615328827313,28137.9774347561,50,False,0.793989067797989,0.29352024401249255,-2.459058496294851e-06,0.0015150823984026033,0.17561110489883106,-2.0129748300215794e-06,0.0008978266003168047,3.947057795458123,0.06578429659096871,0.8389441811868077,-3.242013094994721e-07,0.10675460676193227,0.8961780688400909,False,False
JINDALSTEL,TATASTEEL,0.4899341491815708,61,27527,1e-07,1.5226760031698557e-05,0.001872630444807165,59748.1338308241,50,False,1.1198459679828427,1.1378868559174575,1.6219311311694765e-08,0.0013274501938329933,0.2855022861800397,1.008677775712062e-07,0.0010030904600691057,2.427816567895509,0.040463609464925145,0.7516366227997313,2.5051861888270287e-08,0.038630317308495934,0.04934657001134999,False,False
BEL,GRSE,0.4897875038779575,62,27527,1e-07,2.638782166687912e-06,8.28394234240823e-05,99414.3777665677,50,False,0.37065137047385244,3.1699311121841656,-8.970186001192046e-07,0.0007070521963528811,0.9972223958389154,-3.584900275033863e-07,0.0009950974880841095,0.6950778316373789,0.011584630527289648,0.36890268506339596,-2.2624209378893643e-07,-0.0074701499056224465,0.272571828442408,False,False
CANBK,SBIN,0.4889886701577006,63,27527,1e-07,0.0018476493270351366,1.1455549547491637,-27728.793538795937,50,False,2.8320391082939342,-14.768758166053837,7.43800069828718e-06,0.004607750592158252,0.0947636247199766,2.888947321249881e-06,0.002004026859030847,7.314485728127987,0.12190809546879978,0.909587913157085,2.6119575609345097e-07,0.16864467164420424,0.580407175275025,False,False
HCLTECH,TECHM,0.4889432467740169,64,27527,1e-07,0.0001384303031102605,0.09576421677823203,6448.76144438124,50,False,0.28320274656249705,5.249147297517982,9.331420715661512e-06,0.001964400356789883,0.09299224457870531,4.216629051181409e-06,0.00084231465497679,7.453817075823891,0.12423028459706485,0.911200567013019,3.7443426886134084e-07,0.18328456554708453,0.637776077253593,False,False
BDL,COCHINSHIP,0.4888114438584767,65,27527,1e-07,4.33602616377083e-06,0.00031940385463865575,82946.43546245966,50,False,0.7561437994150559,1.6826534648458311,1.3637081251687478e-07,0.0011963759482442752,0.531014561191451,2.973113560756924e-07,0.0012328160763391985,1.3053261270363532,0.021755435450605886,0.5880080967522764,1.2248987144678618e-07,0.003750752072785645,0.5743447816432689,False,False
INDIANB,PNB,0.4885112244404392,66,27527,1e-07,3.0107983704492458e-05,0.003547457625651635,51004.24050865399,50,False,0.9480207116852486,2.2390708909306625,1.327413004167003e-06,0.0013381180568863649,0.2566846510204985,9.88885081966867e-07,0.000958728581648757,2.7003842177715236,0.04500640362952539,0.7736121331002742,2.2387158431543955e-07,0.04222256925848137,0.9198745679673557,False,False
GODREJPROP,PRESTIGE,0.4872327692702434,67,27527,1e-07,0.00013730389290160416,0.09213034043782892,6972.140268598029,50,False,1.0419417195855094,-0.10221491202402147,-3.824310054198305e-06,0.0026014705783344474,0.11530553998168325,-3.464955329764822e-06,0.0012492643704918372,6.011395295230867,0.10018992158718111,0.8910938375139126,-3.773549881504023e-07,0.1664167089568123,0.6568641086595903,False,False
HINDALCO,VEDL,0.486793396431593,68,27527,1e-07,7.979916431700128e-05,0.01769195250517562,29275.950056308746,50,False,0.48083746818100365,4.171960408778104,3.6396129776069315e-06,0.0014431362984682384,0.1924087970800352,2.6783083483990614e-06,0.0008946625135254652,3.6024713582696575,0.06004118930449429,0.8249695544049144,4.687855036613255e-07,0.07772724346727933,0.15003598537891533,False,False
IRCON,JWL,0.4842259742459245,69,27527,1e-07,1.9944366615148006e-06,3.6302720401246224e-05,109614.21363947666,50,False,0.4336685577371395,2.541826469198005,-8.260442349225313e-08,0.0008663146089592828,1.1503547956631939,-3.258175029424309e-08,0.001314020986271939,0.6025507810052092,0.010042513016753487,0.31652444795322543,-2.2268829769007956e-08,-0.009125079794326457,0.6912103041936073,False,False
DLF,LODHA,0.4839862606122131,70,27527,1e-07,7.2045027955609665e-06,0.0010245761342919774,67901.16821409395,50,False,0.746540975706817,1.2969777856566325,-1.1456308610808107e-06,0.0012416285777364765,0.35728168942810984,-9.740596892991404e-07,0.001049522372898584,1.9400579460689558,0.03233429910114926,0.6995754069804113,-2.9263148573448125e-07,0.027979479830888644,0.672535670244227,False,False
TCS,TECHM,0.482298287993059,71,27527,1e-07,1.6802865552640848e-05,0.005766979449856987,44780.54667648855,50,False,-0.03753277173830018,8.225655610510605,9.58452631690295e-07,0.0016129692115011065,0.14068693301058624,9.8764693854666e-07,0.0008556209664611044,4.926876759107317,0.08211461265178861,0.8687612495969878,1.2961755005422427e-07,0.10078336046767791,0.7399101122100871,False,False
DATAPATTNS,MAZDOCK,0.481835436142987,72,27527,8.772943769747872e-07,6.667825958015012e-06,0.00019636245822439544,84502.84761295028,50,False,1.0784907746790837,-0.43513981003190966,9.571228030374043e-08,0.0009342221534897764,2.0237666269738184,-1.9974343461872214e-08,0.0018792408297462263,0.34250351365682075,0.005708391894280346,0.1321567412700403,-1.7334599320942647e-08,-0.008968124462327424,0.850020803434157,False,False
JBCHEPHARM,TORNTPHARM,0.4790127455092663,73,27527,1e-07,5.8003712167105515e-06,0.00012925780697782674,93546.96774627695,50,False,0.7614109523488747,1.242304240608769,-4.1188495262630976e-08,0.0005510006761926948,1.6726287375985402,-1.1439404533408616e-07,0.0010076337624040056,0.4144058779924613,0.006906764633207689,0.1877528633481475,-9.291623577263368e-08,-0.007983027432451946,0.5165952219011509,False,False
BANKBARODA,SBIN,0.4782819134034267,74,27527,1e-07,0.0015376889411209678,0.9518922568646058,-25179.981021271356,50,False,1.3667575996288126,-3.858498344435296,-1.0798531195189848e-06,0.002201022462952479,0.1093942328359533,-1.8015184613005347e-06,0.0010295293662541088,6.336231468430179,0.10560385780716965,0.8963769665982126,-1.8667880768928186e-07,0.16528791104268703,0.6296351221836809,False,False
HINDALCO,TATASTEEL,0.4779999217409171,75,27527,1e-07,5.51887299836461e-05,0.00975590372010798,37339.83474914212,50,False,1.2174119012618965,0.42610556134169336,2.241120571697046e-06,0.0018092086589461072,0.19038333079557643,1.1192989074640173e-06,0.0011160611150274355,3.64079763529408,0.06067996058823467,0.8266421957905967,1.9403920085194613e-07,0.06900765381568338,0.37905816691697825,False,False
INFY,TECHM,0.4764960470803809,76,27527,1e-07,0.00017077659183978818,0.12050959248579125,3292.9081355685826,50,False,0.5537624686919218,3.2231370403573414,2.0832676329071023e-06,0.001840180070067509,0.10970143541735049,1.7961934372010832e-06,0.0008618724975342316,6.318487793007642,0.1053081298834607,0.8961016395729204,1.8662155313507304e-07,0.17984832003856757,0.6879008380326281,False,False
GODREJPROP,LODHA,0.4764081396639686,77,27527,1e-07,3.3343393220307534e-05,0.013917586757031817,32796.11226935705,50,False,1.1256432690147067,-0.2621792265864672,-3.6008172229956723e-06,0.002340703847942708,0.16991446772865615,-3.010439737788274e-06,0.001364368880825653,4.079388823245248,0.06798981372075413,0.8437369802505167,-4.704204042006384e-07,0.10521402018045475,0.9770453658549473,False,False
COFORGE,MPHASIS,0.4741179636834753,78,27527,1e-07,2.381463318204446e-05,0.012391466730208195,34432.715136773644,50,False,0.2163149316744439,5.563529379178798,1.8158549003253156e-06,0.002491607503812132,0.11375026091489224,-3.936641509252432e-07,0.001186984068424859,6.093587610129148,0.10155979350215247,0.8924808153951976,-4.2326448515624e-08,0.1413003644881569,0.5706689877777112,False,False
GRSE,HAL,0.4714150431742225,79,27527,1e-07,0.0002614284118046235,0.3081049208233937,-9509.097398896485,50,False,2.9083122169259883,-16.43814872604316,1.0500040860032485e-06,0.006792682667131946,0.0724310581433491,-8.188392809937279e-06,0.0025846772897132634,9.569750854504019,0.159495847575067,0.9301298693300032,-5.721240756075801e-07,0.24286854543226255,0.621291084238161,False,False
ABCAPITAL,LTF,0.4705120209065774,80,27527,1e-07,0.0002842786526565907,0.07639016028971614,9243.747396301998,50,False,0.10061765026867193,5.253786526255328,-1.4358969644595519e-06,0.0021344570614954504,0.13238604435130896,-1.1518364433917405e-06,0.0010982564399245366,5.23580248927569,0.0872633748212615,0.8760027538806552,-1.4282454696047644e-07,0.10038714631884468,0.29815252728272756,False,False
RAILTEL,RVNL,0.4699994052765276,81,27527,1e-07,3.0737098210778693e-06,0.00011088043593875925,96504.27265365813,50,False,0.7222977915920995,1.6206334071187505,9.270593157753748e-07,0.001007986195113953,0.8804507459139737,2.1514348363467505e-07,0.00133382033343389,0.7872640051436457,0.013121066752394096,0.4145959921087364,1.2594585759142727e-07,-0.00567127898916605,0.3842447828843136,False,False
NATIONALUM,NMDC,0.4691436224178821,82,27527,1e-07,2.479645591205726e-05,0.002053014828759035,58243.824953363684,50,False,1.0772488147423755,1.153759377095029,6.623070382881555e-07,0.001657844056090067,0.31855064374634023,7.559534053888414e-07,0.0013232717081037458,2.175940291339966,0.03626567152233277,0.7272022487767792,2.0622238901961174e-07,0.028183255170812157,0.3804551643398131,False,False
DLF,OBEROIRLTY,0.4648631863423103,83,27527,3.1504209485737905e-07,1.7174949086237256e-05,0.00010999361989953728,92452.50878650435,50,False,0.656679357086747,1.5994643065949161,-1.6485932613095047e-07,0.0005517487336440336,2.0930691563957007,-4.0842657013852096e-08,0.001128288180887246,0.33116305710297506,0.005519384285049584,0.12330810260712784,-3.580642647204029e-08,-0.00895813694934988,0.9380439843545997,False,False
GODREJPROP,OBEROIRLTY,0.4640758114186854,84,27527,1e-07,0.00010277546944814934,0.06823825814477708,11096.75249240203,50,False,1.05547773483794,-0.28559878128751903,-4.7494037868213405e-06,0.002453196481492514,0.12339922654723658,-2.6644224639274648e-06,0.0012179318184321753,5.61711122471754,0.093618520411959,0.8839107114903764,-3.093109081263977e-07,0.1582377674741515,0.6403338018743142,False,False
BSE,MCX,0.463030605662351,85,27527,1e-07,0.0005590866059787317,0.5144292265599355,-16611.101038973244,50,False,0.4583272735578089,4.370532794823099,6.76297935024036e-06,0.003014752003840226,0.07288623560760683,1.424002480685261e-05,0.0011551490603030983,9.509987376650914,0.15849978961084857,0.9297065915152205,1.0009798805814838e-06,0.2012160957438958,0.32312116011922676,False,False
HCLTECH,WIPRO,0.4627431248243272,86,27527,1e-07,0.00010622423620655198,0.02348566847245463,25381.086292150354,50,False,0.945115509785586,2.2086079398548613,5.1714556952584775e-06,0.0015457136684860402,0.17269754284030028,2.6485566037811238e-06,0.0009049878790008005,4.01364819186179,0.06689413653102984,0.8413920614161796,4.2008210314828836e-07,0.08415880096344036,0.484663316383906,False,False
INOXWIND,SUZLON,0.4625751671253411,87,27527,1e-07,1.006761444015976e-05,0.0004284385615315438,79067.11189683214,50,False,0.9677609189319559,0.8992413064432879,3.045076773249313e-07,0.0012220360368692844,0.471134624406413,1.514514137927304e-07,0.0011862086574004466,1.4712295481004989,0.024520492468341648,0.6242935276083117,5.690127641480062e-08,0.006633523554076307,0.7619503555164977,False,False
IRFC,RECLTD,0.4615128760475941,88,27527,1e-07,0.0008566959990977645,0.2695051305483717,-8039.271461019888,50,False,1.3113036193895518,-2.989277879594056,-4.865130311841469e-06,0.0021976270291588795,0.1545073323761617,-3.0873582523113766e-06,0.0012204732249783254,4.486176609873876,0.0747696101645646,0.8568372094663341,-4.419948227780383e-07,0.10346938173029792,0.5808008970034892,False,False
IRFC,RAILTEL,0.4613122591566238,89,27527,1e-07,5.887119953843231e-06,0.00047613860444365406,77985.6093815501,50,False,0.7500755923078318,0.3746177499161908,-1.0670869530311193e-06,0.0011032016821357446,0.4907858100992232,-2.6349497238500805e-07,0.00109097463093708,1.4123211517052832,0.02353868586175472,0.6121451752749174,-1.0219779633032778e-07,0.010306956566489833,0.2102515049927865,False,False
MAZDOCK,RVNL,0.4590766839318652,90,27527,1e-07,2.0368745653661235e-06,3.937829451164058e-05,108740.23939290199,50,False,0.5563866912042803,4.591066882986673,-4.87144472818126e-08,0.0008174991651316287,1.0386093826105791,2.115878794391468e-11,0.001178227921095066,0.6673800489051013,0.011123000815085021,0.35394654410264526,1.3669708073765363e-11,-0.008758969490345122,0.5247044525740352,False,False
INOXWIND,IREDA,0.4576168238007745,91,27527,1e-07,8.94487598413857e-06,0.000691836354840796,72982.39884032919,50,False,1.0451376495261875,-0.45779969068115545,-3.0472646313992914e-07,0.001424828001157935,0.36549692096393044,-4.435251935835695e-08,0.0012181578044338857,1.896451490567685,0.03160752484279475,0.6938517757040159,-1.357844504461424e-08,0.01943314592836123,0.5299131537998815,False,False
COFORGE,INFY,0.4562941791942968,92,27527,1e-07,4.376922756656964e-06,0.00033563935039506663,82319.43663704385,50,False,0.545889194109415,3.281417778736632,9.472538592171883e-07,0.0011554345891347728,0.4256072756108084,1.778009068203319e-07,0.0010645156866636715,1.6286074517057496,0.02714345752842916,0.6533728872096654,6.163061498263496e-08,0.008097383440119219,0.4565490639958056,False,False
COFORGE,TCS,0.4554210412371164,93,27527,1e-07,3.717984311772837e-05,0.026020184415481915,24347.526251856252,50,False,0.712689062764627,1.5893377490326959,1.1774739146766357e-06,0.002413802654031413,0.10334665681506415,-1.7421887945067972e-06,0.0010956889825143646,6.707011159541543,0.11178351932569239,0.9018142992165695,-1.7105802768568983e-07,0.16983535381480677,0.4639697643757588,False,False
TECHM,WIPRO,0.4549057636397376,94,27527,1e-07,8.017563553005252e-05,0.017305862783036415,29567.27688603563,50,False,0.7132736920649694,3.46699911399618,-6.283347207456317e-07,0.0014717991512412786,0.1613228164911632,-1.0217783161647382e-06,0.0008359331736005755,4.296646907338825,0.07161078178898042,0.8510173043398093,-1.5222728790935333e-07,0.08050745453879818,0.4521762499411598,False,False
MPHASIS,PERSISTENT,0.4546500005033262,95,27527,1e-07,9.85867918041115e-05,0.11783987023115451,3713.0270046753158,50,False,-0.2847356652248367,10.278106460148592,8.759352989969022e-07,0.0038292410052265897,0.06817562400174162,-8.22794610420898e-07,0.0014132802734694951,10.167082307046256,0.16945137178410427,0.9340964094213984,-5.4225119135458884e-08,0.23344433514089824,0.6655583524807009,False,False
HEROMOTOCO,TVSMOTOR,0.4536269495107646,96,27527,1e-07,1.2155449430090635e-05,0.00213946253084022,57975.39765844615,50,False,0.23079432044254478,6.72702300825167,1.471697384415569e-06,0.0012706265456405986,0.22407425635374242,1.0408242606604229e-06,0.0008504012227329863,3.093381595187289,0.05155635991978815,0.7992557823456554,2.089394519219382e-07,0.05127209211858013,0.31461451838584487,False,False
COFORGE,TECHM,0.4532038590612501,97,27527,1e-07,2.3281123039877104e-05,0.00982101580686849,37562.91567917894,50,False,0.27641572930330455,5.230070916550582,2.069207805983425e-06,0.002362663367398754,0.1242848989512987,3.0069306340277435e-08,0.0011764240990500775,5.577082866934273,0.0929513811155712,0.8831282027399086,3.514253874352487e-09,0.1258070256159289,0.5121070170614574,False,False
PNB,SBIN,0.4529470429005133,98,27527,1e-07,0.0006577822710512288,0.4021958655791863,-13327.406486677253,50,False,1.2710805770438411,-4.078613980732371,1.0796589185596305e-07,0.00213976766809867,0.10575401858003936,-5.403567750211234e-07,0.0009839834223135653,6.5543341980460115,0.10923890330076685,0.8996459170409168,-5.4227008627972475e-08,0.15786428539099598,0.7113866081252835,False,False
BAJAJFINSV,BAJFINANCE,0.4525360244465841,99,27527,1e-07,2.1623500008300425e-05,0.007217122106856128,41725.6574838768,50,False,0.9595600617073572,0.9908105185985389,2.473891398874904e-07,0.001364690162734799,0.18513287994940944,1.1415265379725887e-06,0.0008303582732784113,3.744052276123825,0.062400871268730417,0.8309938540940462,1.9292500063211357e-07,0.08131196359284704,0.3159881635554961,False,False
HUDCO,IREDA,0.451602489844018,100,27527,1e-07,4.378609561720361e-06,0.00019133605648820638,89804.61024194263,50,False,0.811432876653166,1.3381311629744903,-8.621071571209477e-07,0.0009327141245462514,0.5629921571765016,-4.831478876604932e-07,0.0009891041384006243,1.2311844343199958,0.02051974057199993,0.5695024710193888,-2.0799397177004425e-07,0.0019219405800156484,0.39415742556470984,False,False
BDL,DATAPATTNS,0.4515159768437161,101,27527,1e-07,5.107256850708022e-06,0.0004891906665307946,77382.53093412009,50,False,0.5892189736870853,2.5218763655038328,-2.3482508499623762e-07,0.0013482803387333988,0.4371010029219301,1.6059161702165718e-07,0.0012602925119032198,1.5857826358814078,0.026429710598023463,0.6459061897034256,5.68644975728868e-08,0.010180785792130801,0.891366902541834,False,False
HINDCOPPER,HINDZINC,0.4513475888226203,102,27527,1e-07,9.7273603501178e-05,0.03864509469250949,18758.56334178934,50,False,1.0002682341424614,-0.10763415788998273,4.940393627319923e-06,0.0031153032314225407,0.1487488934581157,3.7498130131317888e-06,0.0016988805501206975,4.659847642867472,0.07766412738112453,0.8617854877051715,5.182785768068116e-07,0.10514720114486763,0.0322584874024043,False,False
ADANIGREEN,ADANIPORTS,0.4510643713535888,103,27527,1e-07,0.0004365270025322042,0.3140302067492685,-9878.782823310106,50,False,1.0362158370699155,-0.7124469740113225,-1.626125622876067e-06,0.002401656796863377,0.11663227961091814,-1.2923806535734247e-06,0.0011599091985866252,5.943013228175458,0.09905022046959096,0.8899123719282275,-1.4227512071774547e-07,0.16184942108881162,0.7685880939682835,False,False
INOXWIND,NBCC,0.4508601763647956,104,27527,1e-07,8.442929925114963e-06,0.0005568455372263591,75831.83484440226,50,False,0.6102685184468952,1.8118927609752107,3.5025897542847306e-06,0.0013032963600958963,0.36278984585599866,2.051791443747066e-06,0.0011066450723070675,1.9106024837174593,0.03184337472862432,0.6957326292318875,6.242931879534293e-07,0.01784837858920677,0.5585481135846453,False,False
COCHINSHIP,DATAPATTNS,0.4501642511212119,105,27527,1.0363554181117431e-06,8.783316028630931e-06,0.00014756687601237976,86398.13698559064,50,False,0.561306178218902,2.8431590637391597,-9.855099752574458e-08,0.0006040006065095605,6.002088080726475,-4.5222768396310695e-08,0.0020924981689785667,0.11548433998923402,0.0019247389998205669,0.0024735817420416225,-4.5110906182081004e-08,-0.007941953641495518,0.8701212273406262,False,False
ANGELONE,BSE,0.4499359434692785,106,27527,1e-07,0.0006649878810999487,0.6673649120741468,-20174.89782695213,50,False,-0.7240329744924893,11.24415093233916,2.1107560490420445e-06,0.0063124674356480805,0.061645908874162735,2.1131572365506947e-05,0.0022227672994392113,11.244009427695529,0.1874001571282588,0.9402157499090882,1.2633352071136684e-06,0.22046735031030876,0.5857113005610326,False,False
IRCON,RITES,0.4496740661359125,107,27527,1e-07,3.195844179246774e-06,0.00011335334384290589,96277.45184477263,50,False,0.9105922247192499,0.10717373265715953,1.6558555767829054e-08,0.0010930404197149607,0.8510658151267099,7.365634912121205e-09,0.0014260675148775933,0.81444603723949,0.013574100620658168,0.42695962932618575,4.220806160289923e-09,-0.005387819099436119,0.5870861250073566,False,False
BANKINDIA,SBIN,0.4495806841433655,108,27527,1e-07,0.0003808004510476495,0.22920080200836535,-5593.894326971048,50,False,1.1118904988714413,-2.7119923081095116,4.421935209792762e-07,0.002242823617757123,0.10691138944385505,1.4239466465951727e-07,0.0010371186881880188,6.483380154028906,0.10805633590048178,0.8986052953775396,1.4438064962966048e-08,0.15820349165504538,0.36197358297641236,False,False
SAIL,TATASTEEL,0.4488452454778146,109,27527,1e-07,0.0001327957478925908,0.0256356460979252,24108.86184726698,50,False,1.630663285597064,-3.5551848309220833,5.972837249511417e-07,0.0023041897791788043,0.19037877631587755,-5.492007074823461e-07,0.0014213595144318331,3.640884735018317,0.06068141225030529,0.8266459607242693,-9.52061610151537e-08,0.07054172609246007,0.1940434234681937,False,False
JINDALSTEL,JSWSTEEL,0.4484393236501749,110,27527,1e-07,0.00018345005313751548,0.11160305762954555,4309.685374824239,50,False,1.10825507032622,-0.8178012346800334,-5.413707305620785e-07,0.0019303874382484423,0.13801962885962565,-4.2288475124161796e-07,0.0010141920669848677,5.022091323437176,0.08370152205728627,0.8710815932396706,-5.4517628373307616e-08,0.14775943134860592,0.685699319835719,False,False
HINDALCO,HINDZINC,0.4484242441754669,111,27527,1e-07,8.18702475444338e-05,0.031813744423333276,21427.626934794625,50,False,0.11343842553982533,6.1028400866386505,5.8037054682336565e-06,0.0021407875781693413,0.11876940277795098,3.3378680752886495e-06,0.0010423305972912429,5.836075321990464,0.0972679220331744,0.8880125503809586,3.737993329163943e-07,0.132356235481829,0.08506189619736743,False,False
CDSL,IREDA,0.4480484736918682,112,27527,1e-07,3.056195311365776e-06,8.960400890825821e-05,99382.11016867434,50,False,0.5853318205185429,4.3525191709893365,1.0017922777901761e-07,0.0007877855471800451,0.7245495230423609,1.0253470765961418e-07,0.0009483444364821167,0.9566594946463313,0.015944324910772186,0.484542795162944,5.285225380900941e-08,-0.005538882493517968,0.08550079705955999,False,False
LODHA,PRESTIGE,0.4468063157310514,113,27527,1e-07,1.8802025192039583e-05,0.006859273874462912,42431.85298771948,50,False,0.834450819212977,0.8037466719028113,9.131604992959675e-07,0.0020200830668718125,0.18881807499086428,7.614896503716332e-07,0.0012413851869914189,3.6709789600041325,0.06118298266673554,0.8279371154618618,1.3102410578888157e-07,0.10817394651366521,0.9086207869621408,False,False
IRCON,IREDA,0.4461297770220658,114,27527,1e-07,4.7109174374371195e-06,0.00022251631353256351,87791.88196200287,50,False,0.9686315513681917,0.31308984000677026,-9.650177589351364e-07,0.00126984695743199,0.5497720130877515,-4.5575578861660125e-07,0.0013307979151747245,1.2607902258737007,0.021013170431228346,0.5770813623817752,-1.9274761720835265e-07,0.0037296253603180695,0.6355546568834419,False,False
IRCON,TITAGARH,0.4447936331762743,115,27527,1e-07,6.563948922817213e-06,0.0007554011575794585,71885.63394575547,50,False,0.7737845599573153,-0.11187575608170917,-1.1907671712001906e-06,0.0014973440833139667,0.38137193912306616,-6.113481488596733e-07,0.0013071844028935981,1.8175096525291845,0.030291827542153076,0.6829238362838526,-1.9384392573539344e-07,0.020563947245304207,0.26770684876130924,False,False
JINDALSTEL,NMDC,0.4444617821542842,116,27527,1e-07,5.557379402758536e-06,0.00023690189334525942,86999.85251409742,50,False,0.8054879302126178,3.4894449827676803,2.8102562732435156e-08,0.0010011951776924767,0.49598196556578555,-4.195658686553669e-08,0.0009971775440915734,1.397524968008153,0.023292082800135883,0.6089726234505821,-1.6406174090998577e-08,0.004025768145026479,0.6446474944150663,False,False
IREDA,JIOFIN,0.444377483908364,117,27527,1e-07,7.450656922108901e-05,0.017620017426753735,29358.266855788348,50,False,1.3094867329860627,-2.444514418882372,2.0728072048879935e-06,0.001907339931365621,0.1736882892060726,-8.711807153463532e-07,0.001120447636672244,3.990753687127175,0.06651256145211958,0.8405588680989211,-1.3890203934521417e-07,0.0852945640308617,0.19105924818566483,False,False
EICHERMOT,HEROMOTOCO,0.4440949957619368,118,27527,1e-07,0.00010620734352836081,0.12815345961095567,2563.523446735766,50,False,-0.007056060159831027,8.956533024026974,-5.394419672749203e-06,0.0026946031903831613,0.0583523096141367,4.468188814359057e-06,0.0009203812585738619,11.878658876460655,0.19797764794101091,0.9433175490449497,2.532678933278117e-07,0.24081508860741838,0.5147995233759918,False,False
IREDA,PFC,0.442774412243711,119,27527,1e-07,9.200164509785152e-05,0.02737659753938226,23395.856279536936,50,False,1.2357419514689245,-2.5315720876897156,5.943617926042726e-07,0.002149495234641188,0.16196205399085312,-2.0996577104177347e-06,0.0012231163846251104,4.279688751039741,0.07132814585066234,0.8504734760022421,-3.139545190238548e-07,0.09425053693830501,0.679137407302101,False,False
IRFC,MAZDOCK,0.4425387484227279,120,27527,1e-07,2.080286907353576e-05,0.009414730872740428,38151.20434331454,50,False,1.0480949396392045,-3.4554164606683377,-1.203384432039682e-06,0.0023954680291346014,0.13526006612108643,-1.9120784381668966e-06,0.0012458994279940453,5.124551543095,0.08540919238491668,0.8734887173240092,-2.4189949578959917e-07,0.12523727800034098,0.8529177483357469,False,False
IREDA,SUZLON,0.4418098829164624,121,27527,1e-07,2.0612079285357693e-06,2.8356043549946206e-05,113474.43742943475,50,False,0.7205140520155032,2.083598940797574,2.6046452410141016e-07,0.0007094641037276028,1.0356050591234978,1.1248995545354705e-07,0.0010208067663692146,0.6693161398290217,0.011155268997150362,0.35501151297272837,7.25547261737485e-08,-0.009039673749556715,0.023340498417481,False,False
COFORGE,WIPRO,0.441016396569352,122,27527,1e-07,2.1668268575161453e-05,0.0036129342034817167,50921.493666207076,50,False,0.6177684274247194,3.9119979389433785,1.151404586297319e-06,0.0017631914231664287,0.1947258978335137,-2.2692022521607714e-07,0.0010988468611135207,3.5596044916047616,0.059326741526746024,0.8230602297318818,-4.015121251892234e-08,0.06363952059498643,0.5287872679207367,False,False
NATIONALUM,TATASTEEL,0.4407815355836502,123,27527,1e-07,2.5948305246549834e-05,0.0039060905818357862,49784.522310950735,50,False,1.3448197174345344,-1.1876527366156315,8.219907984804134e-07,0.0021529376122800758,0.21334633443505488,1.3497631319840405e-06,0.0014062667399831815,3.2489294104602835,0.05414882350767139,0.8078762933798451,2.593214959760032e-07,0.05934337012319337,0.38953902387915085,False,False
BAJAJ-AUTO,HEROMOTOCO,0.4377974391045469,124,27527,1e-07,0.0005698672458635619,0.8007306671388005,-22612.614825760993,50,False,0.4800995814741421,5.011582166876928,-9.421102988633384e-06,0.0020574774134417173,0.06399954341066269,-4.821191733046986e-07,0.0007341050208882159,10.830501963307178,0.18050836605511963,0.9380054278139084,-2.988877189173695e-08,0.25370918124570907,0.0596228578415803,False,False
TATASTEEL,VEDL,0.4374737008870804,125,27527,1e-07,9.043719536559292e-06,0.0009277230692871181,69179.08831690272,50,False,0.4452760315042204,2.7990375557170246,3.671534653355837e-07,0.0011011831384046575,0.2655561825009491,4.678652829053314e-07,0.0008025478964067546,2.6101715050730103,0.043502858417883504,0.7667793620932095,1.0911583973362239e-07,0.03113729658183566,0.25761380771254094,False,False
OBEROIRLTY,PRESTIGE,0.4372672569365171,126,27527,1e-07,8.546320377507099e-06,0.0015667338179461566,62252.95987421652,50,False,0.7428107527233696,1.9477763910724237,5.475628181834371e-07,0.0014144015320266667,0.2858151038514053,-1.478609061482931e-08,0.0010690651898288112,2.425159381780996,0.04041932302968327,0.7514015343535012,-3.6757994397566625e-09,0.04412124630170542,0.9012693479082509,False,False
NTPC,POWERGRID,0.4356307003914136,127,27527,1e-07,5.420321148749924e-06,0.0003678708534397621,81362.38328781784,50,False,0.38863773042834543,3.690470110261115,8.930943057355929e-07,0.000832831567072557,0.37307222167749077,5.525092354794553e-07,0.0007190502488686989,1.8579436910184894,0.030965728183641492,0.6886154980815958,1.7204281309508846e-07,0.012795119662119174,0.15922479669225736,False,False
CDSL,IRFC,0.4348688507704701,128,27527,1e-07,2.2298695322352008e-06,4.2021774986316396e-05,108564.36064245836,50,False,0.49698179808216175,4.8545416132468455,4.081262727537393e-07,0.0007026596826583282,0.9007934676142615,2.0084540475124618e-07,0.0009424668592442989,0.769485132253163,0.012824752204219383,0.4062471878350792,1.1925252388145418e-07,-0.009040500981176326,0.01670490592557888,False,False
COFORGE,HCLTECH,0.4340540584473479,129,27527,1e-07,5.895587087198831e-06,0.0007490518960733414,71966.82610692605,50,False,0.5489355600431087,3.2350131931182835,-6.877262496759209e-07,0.0013960930015522988,0.30031602688131037,-9.512684611621482e-07,0.0010818308641492068,2.308059239322209,0.03846765398870348,0.7405841391997865,-2.4677412670447314e-07,0.026679298471529847,0.499606252994677,False,False
BEML,GRSE,0.4328365089747346,130,27527,1e-07,4.670824689406852e-06,0.0003938552970254181,80194.70043646582,50,False,0.6428660655419902,2.4240555112427145,-4.981496974796451e-07,0.0012776377226774453,0.5604642706924767,-1.8694988830542865e-07,0.0013523607171183124,1.2367374992584867,0.020612291654308112,0.5709439297729457,-8.021198440571394e-08,0.006465733527344997,0.6253759102189917,False,False
HUDCO,NBCC,0.4323975734044227,131,27527,1e-07,2.1823215709999096e-06,4.0180010525567165e-05,109167.68883086064,50,False,0.5738984309978612,2.644163668425104,7.811951427783028e-07,0.0007023419498453983,0.9859907229241461,4.224981766031522e-07,0.0009847810296366069,0.7029956412817793,0.011716594021362988,0.37306943534451,2.6487702042372915e-07,-0.007980643259197038,0.2929736812673216,False,False
BEL,COCHINSHIP,0.4323371507799407,132,27527,1e-07,6.6046461760117425e-06,0.00088547572791009,69789.51033299406,50,False,0.48547586321631775,2.5099373636859044,-1.6912279417337415e-06,0.001209795307694717,0.34118584321510576,-3.464759047171694e-07,0.0009968331579403632,2.0315824772452244,0.033859707954087076,0.7109267750111883,-1.0015690715750839e-07,0.028203760690325572,0.4889111381702453,False,False
BEML,COCHINSHIP,0.4322308320996462,133,27527,1e-07,2.1569351033964547e-05,0.008578131076439387,39398.76153245192,50,False,0.990548901184248,0.19410598680914987,2.2862065342215816e-07,0.0022741324532712646,0.19345030917221637,3.741324871180371e-07,0.001414529264136415,3.583076106344606,0.059717935105743435,0.8241107859248274,6.580586911918116e-08,0.10637589078727608,0.0013629879449534837,False,False
COFORGE,OFSS,0.4322087525884033,134,27527,1.6727173164421808e-07,6.6955646462244305e-06,0.0009666010844321841,68180.77458902099,50,False,0.19970849579540204,5.481955182319698,1.2920098674058683e-06,0.0013906609846097398,0.34529324715320137,5.110641185026442e-08,0.0011531416831645274,2.007415975477813,0.03345693292463022,0.7080127003136425,1.492242319281757e-08,0.017548564296868328,0.5722276373240818,False,False
COFORGE,LTM,0.4317479445854765,135,27527,1e-07,8.762832880462738e-06,0.0003176099273993052,82323.64565232198,50,False,0.3136538132373289,4.575338603749442,1.2224505294307825e-06,0.001045001999162199,0.5618364781602367,5.593641920260017e-07,0.0011059603196157436,1.2337169398998307,0.020561948998330512,0.5701610135334438,2.4043653736614067e-07,-0.0011459110170285371,0.4811400445002554,False,False
BEML,MAZDOCK,0.430909387491743,136,27527,1e-07,2.062983089348276e-05,0.009285377445336805,38338.5521524506,50,False,1.1501433820538651,-1.5167545963920306,-1.5750218778656482e-06,0.0025008241895605418,0.18054876952316135,-1.347644040460571e-06,0.0015028197526689836,3.839113289946993,0.06398522149911655,0.8348119663226143,-2.2261466914072891e-07,0.1148968828171006,0.4859726404864978,False,False
JWL,TITAGARH,0.4305128114508857,137,27527,1e-07,0.0005442437896612233,0.27239810182659613,-8025.068240415747,50,False,1.5181919181118952,-4.356296418702789,-3.828080489828817e-06,0.003711638752031469,0.15389585007230902,-1.216301726223111e-06,0.002058178981509233,4.5040017663521486,0.07506669610586915,0.8573613104801224,-1.7349168428922945e-07,0.12830957627757048,0.2559730676343225,False,False
ADANIGREEN,ADANIPOWER,0.4302712636199267,138,27527,1e-07,0.00019958168406698052,0.03221148575870925,20876.446502937397,50,False,1.3246910019198135,0.23547850949840834,9.452119910583713e-07,0.002469519159649594,0.20756311449117434,4.771827737141196e-07,0.00159098863171279,3.339452591367905,0.05565754318946508,0.8125619557202852,8.944220586894428e-08,0.06719035339626274,0.5761817800202471,False,False
MAZDOCK,NBCC,0.430165078104502,139,27527,1e-07,4.466832585620205e-06,0.00018474750481402044,90193.62865893859,50,False,0.5459051820307155,5.283009925919469,1.201041242057542e-06,0.0011523971542015848,0.4881245271943372,9.153899320277304e-07,0.0011383932126761414,1.420021207588248,0.0236670201264708,0.6137764364261187,3.5354516160740305e-07,0.00439063935629001,0.42063923991891705,False,False
SBIN,UNIONBANK,0.4301468816912476,140,27527,1e-07,4.724846152711637e-06,0.00023736947668888788,87043.1988445221,50,False,0.3266479896134455,5.287149222908473,-2.2661930501354876e-07,0.0007406282043350533,0.4571530980134642,-1.5800322306380175e-07,0.0007081645255973621,1.5162254911362987,0.025270424852271645,0.6330834088307105,-5.7974004000331006e-08,0.005512325677327236,0.6264165110932427,False,False
ANGELONE,CDSL,0.4300193943003585,141,27527,1e-07,0.0002312163884246795,0.1554056081251343,-220.2090054404533,50,False,1.965464378841526,-8.624324213871956,-5.723287763919441e-06,0.0040094193438549855,0.10882291666775873,-4.7108489022039516e-06,0.0018701434164941626,6.369496442336267,0.10615827403893778,0.8968892275695814,-4.857392691092387e-07,0.15446286820943048,0.6134930729114203,False,False
KAYNES,PGEL,0.4297864488642019,142,27527,1e-07,0.0001449261262281746,0.0582209236497329,13126.511942809459,50,False,1.306843845940603,-0.04528941508158774,-3.265253044228622e-06,0.00368404078045548,0.13422268636670773,-2.687524783280858e-06,0.0019086272471606836,5.16415815629117,0.08606930260485283,0.8743953270029979,-3.37565671575331e-07,0.11838832777242458,0.908559394328647,False,False
BAJAJ-AUTO,EICHERMOT,0.4285022187519102,143,27527,1e-07,6.331277356414455e-05,0.0736380565246722,10168.926228778904,50,False,1.4527486397906197,-3.7724922350221823,-3.8778209255567994e-07,0.0029953347009871963,0.07294512416914295,-4.3058618638872085e-06,0.0011445372191364969,9.502309968692309,0.1583718328115385,0.9296518440434113,-3.0290944192826514e-07,0.2164343950611616,0.4158335387884101,False,False
IREDA,MAZDOCK,0.4273649158838812,144,27527,1e-07,5.729332340422237e-06,0.0006649709041355738,73471.39610256127,50,False,0.6950751245399054,-0.5657613662758351,1.3881250017752033e-06,0.0012564922392732862,0.3567420816234911,4.759688186891139e-07,0.001060084852138647,1.9429924762604802,0.03238320793767467,0.6999530051982477,1.4281301366700876e-07,0.016817376772529605,0.6069240693696031,False,False
COCHINSHIP,HAL,0.4272991443967269,145,27527,1e-07,0.00011835415890445357,0.12767848841798907,2590.7712513630167,50,False,1.7013783792790973,-6.8671057504810715,-5.038564549534595e-07,0.004107261827565082,0.08049425290187784,-2.044888606362504e-06,0.001647809582182864,8.611138753034814,0.1435189792172469,0.9226602061872576,-1.5815126318610214e-07,0.22528897942994114,0.23992335289335126,False,False
PERSISTENT,TECHM,0.4272975611488798,146,27527,1e-07,1.40078751425172e-05,0.001459647285068691,62932.8983235931,50,False,0.8529630138992533,2.3707106046829196,8.285331622909465e-08,0.001379311114436337,0.33317801181820084,-7.112317913779739e-07,0.0011249559404499327,2.0804109394174617,0.03467351565695769,0.7166426119461126,-2.015327827057501e-07,0.025798295801252015,0.4335153331242138,False,False
EICHERMOT,TVSMOTOR,0.4272410789154419,147,27527,1e-07,3.3977085964984496e-06,0.0001660987739507758,90980.05461113485,50,False,0.46287482837519134,5.096314501708779,-3.7006368459343847e-07,0.0006657797196776155,0.6311827286484571,-8.753694889719312e-09,0.0007476885822866699,1.0981719700159918,0.018302866166933197,0.5319622617863344,-4.0970595571967494e-09,-0.003207384174621646,0.4947635130508541,False,False
INOXWIND,IRFC,0.4269554912261741,148,27527,1e-07,3.81414088538385e-06,0.0001380382661609803,93880.66239038156,50,False,0.7704020940150391,0.9850394716053532,7.599384730745806e-07,0.001110884045710949,0.5520285044322265,3.840030651830183e-07,0.0011667083551128797,1.2556365749135772,0.02092727624855962,0.5757806513559968,1.6290153018924074e-07,0.0002827981365844454,0.15381381520895104,False,False
ADANIENT,AMBUJACEM,0.4269141314653081,149,27527,1e-07,6.257045722055687e-05,0.02160008094102926,26708.77974111823,50,False,1.05230144334123,1.1048887908468303,3.506266055132406e-06,0.0018786588958958682,0.15778962381638795,1.435040083710207e-06,0.0010544453576017173,4.392856537680365,0.07321427562800609,0.8540294305232163,2.094736182411902e-07,0.10712473979450568,0.9101319844441107,False,False
HUDCO,IRFC,0.4261704819524359,150,27527,1e-07,9.527307142825619e-07,5.103231175389947e-06,130643.87740895423,50,False,0.6211483900108118,2.3519333357793655,,,,,,,,,,,0.1419221661257669,False,False
JWL,RVNL,0.425487250223018,151,27527,1e-07,0.00016913863754348507,0.04713266430291476,15898.301227180169,50,False,1.2319058297676289,-1.383384987183312,3.6939099264288254e-06,0.0030705258481355047,0.1863441307128703,2.049615314644906e-06,0.001873960419812409,3.719715656770463,0.06199526094617438,0.8299879214951438,3.4845935977816535e-07,0.08075482287741992,0.14380873563502933,False,False
JBMA,OLECTRA,0.4251303424657204,152,27527,1e-07,0.0001401102284714807,0.07941125510920194,8968.071406720113,50,False,0.5518815969203702,2.507049701499453,-1.1537615009807803e-05,0.0031801584325706366,0.12161160879437696,-6.037227586366683e-06,0.001563840842342624,5.69967939271267,0.09499465654521116,0.8854922191145795,-6.91309533615092e-07,0.15576246618724376,0.004192692532782785,True,False
IRFC,SUZLON,0.4250767320016936,153,27527,1e-07,8.618577729441845e-06,0.00034457182111982253,81961.3314458219,50,False,0.9282307132810176,1.1435639589555626,-8.297351103559416e-07,0.001072496380290929,0.500485455570515,-4.5954721583758844e-07,0.0010725039681187688,1.3849496980283087,0.02308249496713848,0.6062362874832882,-1.809530177849275e-07,0.004016145758191102,0.2396980391543807,False,False
PREMIERENE,WAAREEENER,0.4246042699104623,154,27527,1e-07,5.305458897316559e-05,0.03977924783468072,18532.10424859064,50,False,0.008364231476079955,6.605493588767915,1.4020794628225177e-05,0.0038583247604895947,0.08948441819815348,5.2073748071163214e-06,0.0016265288064013796,7.74600980279099,0.12910016337984984,0.9144025130520664,4.457381970851374e-07,0.16320565886148047,0.7152872040854316,False,False
BDL,RVNL,0.4244406964385059,155,27527,1e-07,1.1431234541324453e-06,8.698016949441319e-06,124206.82649925018,50,False,0.5211790872453418,4.220119495414332,-4.257245655047582e-08,0.0005880546977193699,3.255729061428569,-1.54451599215476e-08,0.0015005589719283995,0.21290075662985355,0.0035483459438308924,0.038552703126097224,-1.4849707256357077e-08,-0.008525960242791968,0.5036444620253852,False,False
M&M,MARUTI,0.4231775320759573,156,27527,1e-07,5.495553611014411e-05,0.008757922428207639,38713.572533306564,50,False,0.6235877748467783,2.150049005490749,-1.5814611668580077e-07,0.00122198771565052,0.21596807086260536,7.699283923648777e-08,0.0008030220928590947,3.209489151759437,0.053491485862657284,0.8057610287173527,1.495500988942563e-08,0.050508362260785235,0.08039276502995002,False,False
NBCC,RECLTD,0.4230526235767605,157,27527,1e-07,0.0025055343861396678,0.7942241819476678,-22910.120055473424,50,False,0.6943964233041555,0.5063385106836933,-1.4379920821478548e-05,0.0018915683310993157,0.13750828553544675,-8.177408795609646e-06,0.0009809919108733792,5.040766655339227,0.08401277758898712,0.8715271288983233,-1.0505751861440754e-06,0.11048100108831817,0.7034384369156338,False,False
HINDCOPPER,NATIONALUM,0.4226072861337199,158,27527,1e-07,0.00016993517907329465,0.05030759059088535,15025.801026770387,50,False,0.9612474382579664,0.6311100681880386,-2.9426331132697937e-06,0.003102555209574615,0.16225909031773147,-3.849796693441462e-06,0.0017674455415178604,4.271854225255686,0.0711975704209281,0.8502208919999922,-5.766191147250418e-07,0.09429877186725182,0.7582308330317491,False,False
MAZDOCK,SUZLON,0.4223957342968477,159,27527,1e-07,6.941618141006908e-06,0.00025191740702936084,86046.83096063453,50,False,0.7746553589631827,4.813804811758555,-7.408524825236203e-07,0.0011980021194337362,0.4662701231396178,-1.894649707862441e-07,0.0011561232494073882,1.4865785864482517,0.024776309774137528,0.6273378027010881,-7.060643232437588e-08,0.005516615859148518,0.21151176904383295,False,False
JIOFIN,NBCC,0.4221384652906303,160,27527,1e-07,9.717599922614891e-07,5.367428817777357e-06,130670.75222535561,50,False,0.39659011770808783,3.7529644355043694,1.9599860022381683e-08,0.0003767764165244747,2.988638990877299,8.08400373067786e-08,0.0009208738707129726,0.23192736984150625,0.003865456164025104,0.05035592497972865,7.676926245279999e-08,-0.008752430234776518,0.2669710536126134,False,False
CDSL,NBCC,0.4218075505702004,161,27527,1e-07,2.100416924921997e-06,3.6732730416307014e-05,110206.5933229915,50,False,0.4422718306289009,5.166698245114293,9.007315262241122e-07,0.0006843819975721482,0.9646151893565098,4.838157214076701e-07,0.0009480831809158032,0.7185737776142013,0.011976229626903355,0.38112983434105613,2.994191156559662e-07,-0.009330036282561899,0.04447488588290377,False,False
ACC,AMBUJACEM,0.4217223055630862,162,27527,1e-07,4.3447481644918684e-05,0.013962169022182655,32677.761716868557,50,False,0.3880463694346057,4.9582626206906255,-8.857011036359354e-08,0.0011811949558986384,0.215832374327964,2.121312419538821e-07,0.0007760861535757153,3.21150699804973,0.053525116634162165,0.8058703751154945,4.1180958426791404e-08,0.08448989036617881,0.8074179417200336,False,False
NMDC,VEDL,0.4216221425316362,163,27527,1e-07,1.006582948365438e-05,0.0011167102305640318,66706.81346187397,50,False,0.5514171643878942,1.3452020062503913,4.0577975386697605e-07,0.0012967777107073246,0.2687619564349571,8.320471223908189e-07,0.0009508080891716769,2.5790375608003635,0.04298395934667273,0.7643251766846839,1.960925585594734e-07,0.030433353458268426,0.5296624383909384,False,False
RVNL,TITAGARH,0.4216162845256309,164,27527,1e-07,2.7139891092458887e-05,0.00901173811150973,38676.84983819183,50,False,1.0881575123210927,-1.4605022348917545,-5.6188145099700834e-06,0.0023224364352735596,0.1971984164434459,-2.702261032797318e-06,0.0014558350354341252,3.5149733606442597,0.05858288934407099,0.8210277117514978,-4.836298404844969e-07,0.08091034961983073,0.2527959954857399,False,False
NBCC,SUZLON,0.4203649231670744,165,27527,1e-07,0.00013134122417126224,0.008012049896515567,39336.12960626563,50,False,1.2433403579418616,-0.1807075268671943,-5.992227080767054e-06,0.0014475277069846476,0.3771271713249195,-3.8140679571482555e-06,0.001249487164999804,1.8379666946955515,0.03063277824492586,0.6858288505863886,-1.198270114038892e-06,0.017337694368650618,0.10055953104577503,False,False
DIXON,KAYNES,0.4201113090749536,166,27527,2.1792357940446258e-06,1.2423754319920001e-05,0.0005005318873486286,71530.95727752913,50,False,0.1462690197033735,8.09926106699774,3.85850416521212e-07,0.0007392721147591973,1.5399317089751154,2.4055240336873965e-07,0.0012969542926779994,0.4501155320850311,0.007501925534750518,0.2143957422320224,1.8897899230280185e-07,-0.010113354989781232,0.08917314426520956,False,False
IRFC,PFC,0.4200080575355092,167,27527,1e-07,0.00034498423449092646,0.11200478702630436,4053.395727216556,50,False,1.7099754314499458,-5.504849647796233,-3.4488861189256346e-06,0.003091154486100134,0.14162248780762918,-5.222596585861308e-06,0.001645823312746451,4.894329928037076,0.08157216546728459,0.8679488559210974,-6.896498542255565e-07,0.10837172511283134,0.8665111446438243,False,False
BAJAJ-AUTO,TVSMOTOR,0.4176882174787611,168,27527,1e-07,3.264274993339807e-06,0.00014839249937950307,92348.35466132658,50,False,0.7190447123431599,3.248541483132605,-1.2655825403789486e-07,0.0006770127628101917,0.7015298380368404,8.61640122544762e-08,0.0008016941709772245,0.9880508896095522,0.01646751482682587,0.49582618951413415,4.344163838509011e-08,-0.004713496123174881,0.0005256768401187096,False,False
JWL,RAILTEL,0.417427350486923,169,27527,1e-07,0.00022054694628435641,0.06341281501967319,11828.919515019845,50,False,1.6773316194983838,-3.9841511751517333,-1.16694919501732e-06,0.0035893676591544047,0.2009583839047334,1.6718567528634405e-06,0.0022735227129882635,3.4492075776671234,0.05748679296111872,0.8179464705838115,3.043674225370777e-07,0.08983843286525109,0.4572727595339684,False,False
OFSS,PERSISTENT,0.416993509840718,170,27527,1e-07,0.00012107324622549777,0.15023450043689532,382.16124834797137,50,False,1.3987482957755137,-3.1776577261572676,-1.9621236095337004e-06,0.0037725604291599917,0.09327132810984567,3.879161838456482e-06,0.001626273477055326,7.431513999067598,0.12385856665112664,0.9109463014235195,3.4545370909128947e-07,0.2056547343887124,0.6120993080315325,False,False
OIL,ONGC,0.4167035459923878,171,27527,1e-07,0.0005120466915264949,0.12856691635638232,2052.5393284727147,50,False,0.5373870758907032,3.1406122553558444,-3.251032140047892e-06,0.0018587973187258625,0.15592397771477357,-1.6579258095618287e-06,0.0010373092763157241,4.4454175087034775,0.07409029181172462,0.8556242344081838,-2.393643080499207e-07,0.09896879831789548,0.1850047161319074,False,False
KEI,POLYCAB,0.4163102999792911,172,27527,1.3510881291343033e-07,7.3828064531278785e-06,0.0012105221742680185,65397.49993025943,50,False,1.124061505762771,-1.646377254134191,2.1267256152869813e-06,0.0014514721275531996,0.37484756365085703,1.2873076890088112e-06,0.0012556650940299873,1.8491441529164132,0.030819069215273553,0.6873940546450577,4.024200370852856e-07,0.02179436337381504,0.00019914452832835332,False,False
LODHA,OBEROIRLTY,0.4161911398381362,173,27527,2.7892892027932915e-07,1.5594197245542826e-05,0.004604315224131759,47606.248831321296,50,False,0.9063682313931993,0.208510232458148,3.059182715952394e-07,0.0017295081617624353,0.27411210117567014,8.269870694369696e-07,0.0012804078509534543,2.528699672823741,0.04214499454706235,0.7602468459185896,1.9827275828205582e-07,0.05496047212441919,0.9930896857509447,False,False
MPHASIS,TECHM,0.4161297551380843,174,27527,1e-07,5.832744632524632e-05,0.03495229179652714,20257.240259514656,50,False,-0.3971627688968455,10.733687860809876,1.0689045119924581e-06,0.0031550690758546515,0.09656072245794868,-5.794161442001533e-07,0.0013857360240530081,7.178355369718828,0.11963925616198047,0.9079547626809067,-5.33324964994171e-08,0.16452607480017237,0.7044603848119212,False,False
BEL,DATAPATTNS,0.4157603096465196,175,27527,1e-07,4.8418875770631475e-06,0.0004253068177323955,79215.54031603567,50,False,0.38711677441568426,2.9775090802075046,-1.6029292070140138e-06,0.0010630553302161927,0.46134527068530873,-4.6039801534242145e-07,0.0010180425586427445,1.5024477860807042,0.0250407964346784,0.6304349691022462,-1.7014700676528653e-07,0.010280792117733714,0.35505079494199693,False,False
HINDZINC,NMDC,0.4157447539876389,176,27527,1e-07,0.0001781949506957904,0.017899349074135273,28670.006909672422,50,False,0.7801392704051522,2.9673286808749846,-2.7579885363385455e-06,0.0017327814763613344,0.2577513294005574,-2.4546310172208125e-06,0.0012439352067943597,2.689208944807275,0.04482014908012125,0.7727873777159143,-5.577231501625935e-07,0.03897645523825891,0.7036462024855061,False,False
IRFC,JIOFIN,0.4153938272300104,177,27527,1e-07,0.0002685535281499448,0.06881139566299135,10659.497596220175,50,False,1.8927664072785015,-5.83334291514538,-8.62985784561781e-07,0.002757339964109352,0.1605678722317988,-3.11859522429551e-06,0.001561068320652655,4.316848513501537,0.0719474752250256,0.8516600175441367,-4.626123608589351e-07,0.09083018245853985,0.06369319331496173,False,False
MAZDOCK,SOLARINDS,0.4146047602734972,178,27527,1e-07,2.3591851108881362e-05,0.005753192359995856,44627.65268327476,50,False,0.872711960217575,-0.5017359921079797,-7.107282771041179e-08,0.001889419007625196,0.2119056043647053,6.880927877584814e-07,0.0012295573073034115,3.271018634160272,0.05451697723600454,0.8090410639073256,1.3139746668340206e-07,0.06889558233961723,0.4047411099292612,False,False
IRCON,NBCC,0.4145407365105659,179,27527,1e-07,4.4689187504989085e-06,0.00018532862627239943,90129.09175028205,50,False,0.6226542012902362,2.1565941492604987,1.7493170402930369e-06,0.001239915161065463,0.521583248784336,1.0957203039238813e-06,0.0012652169412419789,1.328929144437588,0.0221488190739598,0.593580018777675,4.4532262534566415e-07,0.0033129062120746382,0.3837116876795497,False,False
BDL,NBCC,0.414422280399625,180,27527,1e-07,2.7390935389482964e-06,6.79643059550226e-05,102677.71057714302,50,False,0.5511058035512709,4.686469054560954,7.510846340362613e-07,0.0009955399919049502,0.739517545972171,5.510097402508629e-07,0.001210509080658882,0.9372964635324952,0.015621607725541586,0.4773441565872097,2.8798846051947726e-07,-0.005262310570591236,0.4757299328173717,False,False
MPHASIS,OFSS,0.4140224496257736,181,27527,1e-07,1.8457643232216016e-05,0.002663135660659455,54876.72766757041,50,False,-0.00883785275621629,7.902150880591214,1.0705775312154774e-06,0.001591503372446183,0.23821520945962474,1.356957060320941e-07,0.0010976420842539747,2.909751993301785,0.04849586655502975,0.7880330806700838,2.8763000773920912e-08,0.0427810613947007,0.655975636457066,False,False
M&M,TVSMOTOR,0.4138283917466371,182,27527,1e-07,2.805036018093802e-06,9.632102373375116e-05,97506.49312485468,50,False,0.38449626460861447,4.980244810104747,1.0904872694398375e-07,0.000619162438209066,0.8192725128246161,2.1204714909877924e-07,0.0007925033174478884,0.8460520397177407,0.01410086732862901,0.44075217946104644,1.185869059849908e-07,-0.00741763163537603,0.7864139348558826,False,False
CDSL,JIOFIN,0.4133061161960127,183,27527,1e-07,2.795415524701425e-05,0.005507743639604448,45238.830495788265,50,False,0.8216962663119827,2.6138975021825073,1.872196687061136e-06,0.0013856023345808447,0.2442787813283917,1.0888874900811148e-06,0.0009668897875887776,2.8375251292420915,0.04729208548736819,0.7832692429825243,2.3599541003213907e-07,0.05568726466197084,0.03055738951221673,False,False
JIOFIN,RECLTD,0.4131983099925035,184,27527,1e-07,9.195167360691234e-05,0.026271165719645096,23949.344603108908,50,False,0.5523331148363726,2.325949796349393,-1.6657709591656705e-06,0.001481256722194544,0.14892656805413548,5.250381979722019e-07,0.0008060275578484198,4.654288281913427,0.07757147136522378,0.8616323839185173,7.264828380513116e-08,0.10037847025944119,0.3429522420473845,False,False
KPITTECH,TATAELXSI,0.4131823424266871,185,27527,1e-07,1.7155950243777955e-05,0.00025246462253187624,84340.91063558566,50,False,0.7275586158913291,0.6240105667309612,1.2663859079333677e-06,0.0008677710588557853,0.8811060489862086,5.665878390836635e-07,0.0011474216739511358,0.7866784950091685,0.013111308250152809,0.41432439508027397,3.31836675395485e-07,-0.0068393206115739,0.7274638263782013,False,False
PERSISTENT,TCS,0.413080672193186,186,27527,1e-07,0.00031407382943027587,0.3194058860681794,-10031.512769995972,50,False,-0.1545948783573337,9.850388416032468,-1.1171869863076446e-06,0.0035271233540519805,0.08095391575416774,-3.8216079073779105e-06,0.0014179779992769185,8.562244013801891,0.14270406689669818,0.9222361910246626,-2.9718278728797475e-07,0.2097144399468708,0.6754857514850142,False,False
INFY,PERSISTENT,0.4125166075812397,187,27527,1e-07,0.00015529121522033358,0.199718260466108,-3524.7136308735735,50,False,0.7356954096512853,0.9383300388629323,3.826201848546851e-06,0.002369282880536061,0.09072908070924608,4.738188262332033e-06,0.0010091577280305795,7.639746541478046,0.1273291090246341,0.9132650985194746,4.1096629212955086e-07,0.2164388022980727,0.5497041926740717,False,False
HINDALCO,NMDC,0.412056623901929,188,27527,1e-07,4.959914251496266e-05,0.004584963445085364,47328.51664604998,50,False,0.8997046151730601,2.877442996917833,1.7722690158682821e-06,0.0014246000164752917,0.29083216368886605,7.86786862980987e-07,0.001085876283672245,2.383323672898429,0.03972206121497381,0.7476411488209882,1.9855262886462044e-07,0.02981146041229247,0.23272442034195512,False,False
BDL,BEML,0.4118253170116504,189,27527,1e-07,4.062088944299428e-06,0.0002717751557520062,84958.12457258023,50,False,0.6243375314601941,2.567602091670818,-5.96722917900158e-08,0.0011839146948221912,0.5862780015347445,6.67581875045887e-08,0.0012819484785152391,1.182284136101715,0.019704735601695247,0.5563943344291506,2.961431020027663e-08,0.0015006900595180086,0.5586819671728396,False,False
EICHERMOT,M&M,0.4117117786198543,190,27527,1e-07,0.0001341014165622629,0.136597494328077,1653.9014590737768,50,False,0.6294942321077857,3.77399248808445,-3.3987962192052292e-06,0.0020411165485341907,0.07588810992445554,9.616945997668033e-07,0.0007948430505315423,9.133804771919523,0.15223007953199205,0.9269199138965527,7.028072415617827e-08,0.21299511941467225,0.5327899850789507,False,False
EICHERMOT,MARUTI,0.4113704001706336,191,27527,1.2698559562480494e-05,6.55096553415721e-05,0.006694771829913702,37690.45217868586,50,False,0.9178297055725717,0.08509284128913684,-2.6400208674816083e-07,0.0005741872682636638,1.2666909293564093,-9.350320455489168e-08,0.0009133536910657946,0.5472109766445752,0.009120182944076254,0.2817624526970531,-6.715751230447114e-08,-0.00912551561995791,0.5922261078920488,False,False
DLF,NBCC,0.4109518175538043,192,27527,1e-07,2.3374592910146425e-06,4.717072444985614e-05,107228.25549026324,50,False,0.46338640578499496,4.304997921056584,6.005320931777627e-07,0.0007580144977644296,0.8321785360203316,4.366675272132793e-07,0.0009776843031473797,0.8329308562495902,0.013882180937493169,0.4351003712427813,2.466733240131142e-07,-0.007323793247743843,0.4825458161811775,False,False
CANBK,RECLTD,0.4107447056522535,193,27527,1e-07,0.00010666355752704883,0.03093376612670557,21707.003559918678,50,False,1.1928752337162989,-2.008016646778123,5.033893614755299e-06,0.0021109572212340243,0.14884495785591592,1.6860290150685232e-06,0.001149299941389065,4.656840181519093,0.07761400302531822,0.8617027047775718,2.3317325245051137e-07,0.10690905567800695,0.13403716195137966,False,False
COFORGE,TATAELXSI,0.4106080967666428,194,27527,1e-07,8.229014801070319e-07,3.6396155458497047e-06,126855.75578236737,50,False,0.2120585591236694,5.455604246290973,,,,,,,,,,,0.473449970924848,False,False
INOXWIND,RVNL,0.4104463667523582,195,27527,1e-07,3.204648562928059e-06,0.00012277362023241364,95192.29173378048,50,False,0.6061330786322672,1.1287533677964499,9.072199946192507e-07,0.0010638915910900486,0.6333628648907097,3.935531496322289e-07,0.0011962299714182436,1.0943918865207731,0.01823986477534622,0.5308037748684181,1.846536521960864e-07,-0.0018400741211955197,0.2666224547668765,False,False
ADANIGREEN,TATAPOWER,0.4099692520367084,196,27527,1e-07,6.972242340424626e-06,0.0006919683167151479,73038.60804250806,50,False,0.7529736834854991,2.364557402387709,8.13398235970816e-07,0.0014318349937867954,0.3482362133611046,5.3321518455144e-07,0.0011949378133829618,1.9904511764294432,0.033174186273824055,0.7059321059230226,1.5680146641090884e-07,0.02269366319144366,0.5638641400078032,False,False
RECLTD,RVNL,0.4092639024332515,197,27527,1e-07,2.4301469625426476e-06,6.133498338556544e-05,103715.10353820893,50,False,0.33097046263319224,3.9673856975354376,3.748318867389487e-07,0.0007224637672165566,0.7847288943977428,7.238250727880045e-08,0.0009043177785344797,0.8832950914747648,0.014721584857912747,0.4562433751556074,3.935846785569521e-08,-0.007154039999113101,0.08780114767276709,False,False
IDEA,INDUSTOWER,0.4089774490355869,198,27527,1e-07,0.0012595269946044441,0.4571495428633213,-15258.056642382791,50,False,2.3201375937280977,-11.756863862048485,-8.019546044221089e-06,0.00432467392875671,0.14414322726499001,-3.2357533722547048e-06,0.00232038240538654,4.808739152798886,0.0801456525466481,0.8657637382062702,-4.343554367779267e-07,0.11853347371705784,0.299841509673627,False,False
HCLTECH,PERSISTENT,0.4087845326671565,199,27527,1e-07,0.0001648923252019763,0.21365244547181622,-4450.822459913804,50,False,0.33075920760905664,4.472819414505367,1.1371457888269056e-05,0.0022512890989523577,0.07139636191848152,5.49762009245058e-06,0.0008472411892419545,9.708438384456654,0.1618073064076109,0.9310927692629919,3.7882577621490395e-07,0.23558208511541792,0.6339748490090289,False,False
GRSE,ZENTEC,0.408225235415158,200,27527,1e-07,2.8403011922690597e-05,0.012129527022251516,34657.35324110589,50,False,1.5162391391497254,-3.144667087089168,1.060133698463349e-06,0.003733517159659288,0.13908268854700498,-2.297095096030473e-06,0.0019689237145556243,4.983705648785229,0.08306176081308715,0.8701560735419801,-2.982638467160589e-07,0.12236552393667169,0.35286649120776054,False,False
HINDALCO,JSWSTEEL,0.4081430046600817,201,27527,1e-07,0.00013517763246000578,0.07991302362759745,8893.273758538793,50,False,1.531158460464727,-4.009457802896289,2.2372985211074874e-06,0.0029366705145406537,0.10266792845639013,4.0398238556885575e-07,0.0013309206529303515,6.751350601705876,0.11252251002843126,0.9024265939230905,3.9417937355028565e-08,0.16257575527219392,0.1718742106605865,False,False
IRFC,JWL,0.4080058729150222,202,27527,1e-07,5.4655897513089e-06,0.0003886780832307171,80610.11644647279,50,False,0.34514128058353216,2.7373763481172366,-6.65753001017022e-07,0.001121011769996448,0.40110962511052567,-3.8749344345038386e-07,0.0010038486105231603,1.7280741651835174,0.028801236086391957,0.6695766545996478,-1.2803687990557805e-07,0.010711874201787349,0.7829427691607214,False,False
MPHASIS,TCS,0.4075552426257124,203,27527,1e-07,0.0003622616243957445,0.37077401536176535,-12081.496912042525,50,False,0.22196258603048008,6.058536565193515,9.263150162829581e-07,0.00273628772947921,0.0758313510522882,-1.5115620669090454e-07,0.0010651986893743576,9.140641317098485,0.1523440219516414,0.9269725263185516,-1.1038555905907598e-08,0.2195629446222679,0.6221117400903375,False,False
BDL,IREDA,0.4075426935251148,204,27527,1e-07,8.801306207282753e-06,0.0006746450295497326,73301.88790014604,50,False,0.8723288503055042,2.982480544696385,-1.696363409729151e-06,0.0015232126702935155,0.347929728218915,-5.741122316231986e-07,0.001269067632997542,1.992204529656695,0.03320340882761159,0.7061484967834806,-1.687037422774675e-07,0.019871003823013073,0.3202121793372956,False,False
NMDC,SAIL,0.4069324564327131,205,27527,1e-07,2.7672620409571312e-06,7.120168944994444e-05,102104.18288208624,50,False,0.4620629633511595,2.0713787393952985,-1.1444108291485104e-07,0.0008287120105516349,0.6968518184535566,8.550111139586071e-08,0.0009781239896638253,0.9946837508412727,0.016578062514021212,0.49815110790561984,4.2908638026850886e-08,-0.006321125906434563,0.23833288553860643,False,False
INOXWIND,MAZDOCK,0.406892211528141,206,27527,1e-07,1.3580346623305012e-05,0.0001773504812926451,88830.47915225646,50,False,0.7092230407159489,-0.9143846184820038,4.793272952227623e-07,0.0009217090324642177,0.8930504863597262,1.662950312117453e-07,0.0012310307189799085,0.7761567695745495,0.012935946159575825,0.4094049617104702,9.821302032585925e-08,-0.007783390971572421,0.7089854107995749,False,False
IREDA,RAILTEL,0.4065903268464725,207,27527,1e-07,2.1214082834217926e-06,4.3163220476400564e-05,107800.7218278736,50,False,0.5426228123984288,1.7152506129838898,1.8176246941952562e-07,0.000727241892435949,1.086384733943913,1.8927338876678527e-07,0.0010719950337141865,0.638031039007338,0.0106338506501223,0.33743420563392007,1.2540607318062494e-07,-0.008968417329031633,0.1211019457265089,False,False
COFORGE,KPITTECH,0.4065336095403944,208,27527,1e-07,1.006322421011153e-06,6.4769777384350305e-06,125504.94218295813,50,False,0.291224957408155,5.282690030330141,,,,,,,,,,,0.43443199224779344,False,False
DLF,PHOENIXLTD,0.4062318976162066,209,27527,1e-07,9.708632356468383e-06,7.467238143296896e-05,99116.69501517525,50,False,0.5749548748698928,2.1413938569935262,4.474834211504797e-08,0.000641395870783861,1.3858994517465077,1.8846166621261032e-08,0.0010678414741962699,0.5001424740347812,0.008335707900579687,0.25009874684008876,1.4132763966544137e-08,-0.009532781981835574,0.644328514536931,False,False
DATAPATTNS,HAL,0.4061131507027407,210,27527,1e-07,9.808527634473423e-05,0.10235807948109951,5619.539329578006,50,False,2.0373809390303417,-9.016048563824485,1.917751113533841e-06,0.005056022263634003,0.0836689841515351,-2.9531071086225816e-06,0.0020678229820557358,8.284398186364593,0.13807330310607654,0.9197356527897518,-2.370292143155351e-07,0.22069497207442831,0.872883824028517,False,False
MOTHERSON,TMPV,0.4060769345853303,211,27527,1e-07,0.0002200419791255273,0.06692527636924075,11114.289414714058,50,False,0.9255313412307672,-0.6423509712569251,-5.358794750015911e-06,0.002016836240554926,0.14009607396460158,-2.3919420475069734e-06,0.0010660624658461663,4.9476559973770895,0.08246093328961816,0.8692747167185216,-3.126873017532285e-07,0.10439365636278716,0.2648757754584201,False,False
PERSISTENT,WIPRO,0.405981639531794,212,27527,1e-07,6.057492814931897e-05,0.012670099240109648,33834.293216269005,50,False,0.8792557030081245,3.8620078256888606,-1.0453162398414736e-06,0.0018493955121067572,0.19746775136290706,-2.2978471038957764e-06,0.0011612038998730229,3.5101791344454845,0.05850298557409141,0.8208066100954128,-4.1175901202952237e-07,0.06967846396638151,0.34178386843685404,False,False
JSWSTEEL,NMDC,0.4059626174589758,213,27527,1e-07,1.3352680755508419e-05,0.0009209060204221733,69088.80639254632,50,False,0.45069793161291877,5.099041372856412,7.039434438980828e-07,0.000954279471648948,0.3484048969560158,4.5994041155935005e-07,0.0007963535414092725,1.9894874802734226,0.03315812467122371,0.7058130368004184,1.3530847292941093e-07,0.022131139087999036,0.2597558948602542,False,False
RECLTD,TATAPOWER,0.4057838110183748,214,27527,1e-07,9.614315103327054e-06,0.0012644207437467884,65085.888983420205,50,False,0.40358122643394856,3.4687210494980896,1.011816263138403e-06,0.0013104785773892919,0.23613423235111738,4.784570477963472e-07,0.0009003249554761741,2.9353947272214103,0.04892324545369017,0.7896746669310174,1.0063163793696886e-07,0.04273854277706552,0.623015876928783,False,False
GODREJPROP,PHOENIXLTD,0.4055657069123026,215,27527,2.557160223461108e-06,1.563583346011268e-05,0.0034828578595185898,49640.64113699467,50,False,1.0419404575841906,-0.29238817073615153,3.784732113365721e-07,0.0011658112588223777,0.6295114149843616,2.328231254117405e-07,0.001308013769325453,1.10108754831263,0.018351459138543833,0.5328520809595857,1.0876283854057997e-07,-0.0015974058513732608,0.22675802505076725,False,False
LTM,PERSISTENT,0.4049649538356738,216,27527,1e-07,0.00023338877702654552,0.3131145534042133,-9702.271616955446,50,False,1.0176824082996654,-0.22291649696524793,-1.1334311945724967e-05,0.0030440376812806286,0.08393171654534191,-9.472258693090336e-06,0.001246778932403974,8.258465441791492,0.13764109069652486,0.9194940401811442,-7.625732777397379e-07,0.21282241638184016,0.6937596105644229,False,False
HEROMOTOCO,M&M,0.4034126680584442,217,27527,1e-07,0.00014454212559792673,0.14864646929667322,493.20114679178,50,False,0.32671043061278343,5.963155717183552,1.560610103283353e-06,0.0022730394912805455,0.07322955644338312,-2.717282910019337e-07,0.0008697581360526117,9.465401870839498,0.15775669784732496,0.9293874586568093,-1.91874251824886e-08,0.21479349805528378,0.04728428380772855,True,False
RVNL,SUZLON,0.4032485583961727,218,27527,1e-07,1.8523334705849156e-05,0.0009377328956587914,68556.54477602636,50,False,1.2164967900175592,1.0772695461622117,-1.8594203808956985e-06,0.0014953057864880632,0.44271776439292176,-9.003592042445453e-07,0.001405316627013131,1.5656638073026632,0.02609439678837772,0.6422884581817501,-3.220688791405689e-07,0.010557321761127744,0.07710964451961386,False,False
COCHINSHIP,RVNL,0.4031673725799162,219,27527,1e-07,3.2300260764580904e-06,0.00012532334227432996,94918.08786964678,50,False,0.5677772309188853,4.050580147159217,-2.99813443840683e-07,0.0011142936403563575,0.62194731519822,-3.095551563199816e-07,0.0012427911123856759,1.114478933539625,0.018574648892327083,0.5368979095062805,-1.433556400148936e-07,-0.002029269510629958,0.012939472955411247,False,False
IRCTC,IRFC,0.4031231384278647,220,27527,1e-07,7.183094613910482e-07,2.406055194766573e-06,137098.54620191155,50,False,0.414220987100403,4.451929269009071,,,,,,,,,,,0.5317570103299818,False,False
IRFC,TITAGARH,0.4029233905967023,221,27527,1e-07,1.2060352046680632e-05,0.0024974432397766554,56019.88192623396,50,False,0.8221077096675485,-0.7381374927488963,-2.554443163549612e-06,0.0016178297327822647,0.24791022020871842,-1.3805634092681947e-06,0.001138138267692742,2.795960489149567,0.04659934148582612,0.7804300069759713,-3.0313029814224675e-07,0.05086935371454565,0.1850499303128924,False,False
ETERNAL,SWIGGY,0.4025692562581107,222,27527,1e-07,1.6465982320486102e-05,0.0029953191341925613,53507.34738372015,50,False,0.23524901738291945,4.2125592223624375,3.6126928712807394e-07,0.0018791923788412778,0.2059963322623669,6.267113177179508e-07,0.0012061928242099438,3.3648520483224886,0.056080867472041475,0.8138360612145956,1.166710473877647e-07,0.056385756604001865,0.6584168470283741,False,False
OFSS,TATAELXSI,0.4019318576877203,223,27527,1e-07,3.962549129250344e-06,0.00027740759888703114,84559.17891932232,50,False,0.3637574907896502,5.791775293971506,1.907795068207838e-06,0.0008480228286373705,0.5350005213120095,8.010690161655332e-07,0.000871466934105649,1.295600944201147,0.021593349070019117,0.5856689848284389,3.3190773869034907e-07,0.0031488991214411494,0.3638020631499105,False,False
DLF,IREDA,0.4016844533245575,224,27527,1e-07,4.13621657179105e-06,0.00017084730615776444,91237.93490645562,50,False,0.6317537867318622,3.36315576150043,-6.871694248659202e-07,0.0009851099144086246,0.5121155584527675,-1.4374329676472772e-07,0.0009960056369448524,1.3534976024827694,0.022558293374712823,0.5992265381528157,-5.76084986617271e-08,0.0013923854996475478,0.5823555371702112,False,False
BAJAJ-AUTO,M&M,0.4015605437208577,225,27527,1e-07,0.0004985897299654933,0.5584901107825097,-17699.336526998683,50,False,1.4736850645750867,-2.839557564651733,-4.079386591408009e-06,0.0033215766472217433,0.07449416685828275,-4.385388914426842e-06,0.001282180889699532,9.304717534173975,0.15507862556956625,0.928212888440514,-3.14814403231693e-07,0.21942839731205233,0.709134880944799,False,False
CDSL,MCX,0.401495758193605,226,27527,1e-07,0.00032195839025946874,0.2891959691898592,-8691.760240844455,50,False,0.6234425777985433,2.336509321317469,3.213045540169395e-06,0.002725919424764993,0.0772852576916017,1.887928115845219e-06,0.0010709723716976324,8.968685636345715,0.14947809393909525,0.9256257740713282,1.4041319222496402e-07,0.21300146149817575,0.338358774298282,False,False
NHPC,TATAPOWER,0.4011185361872017,227,27527,1e-07,1.9019078175539005e-05,0.0038109925996805583,50275.904569821134,50,False,1.0852334784630364,-2.0888072698844655,-7.288584619752774e-07,0.0014277660180304684,0.23654338838928607,-3.9811925549560625e-07,0.0009819220889786984,2.9303172888485625,0.04883862148080938,0.78935163286303,-8.386317109593563e-08,0.06281897244795735,0.694807987073733,False,False
HUDCO,RECLTD,0.400880000586332,228,27527,1e-07,0.0003271607511398447,0.10100476841002821,5457.992220055716,50,False,1.0239686027560826,-0.7354459261634182,-3.0783730609824533e-06,0.0018954248913937964,0.15225476730944354,-1.6855478290156868e-06,0.0010454169017603855,4.552548290006504,0.07587580483344174,0.858769466482539,-2.380508191610835e-07,0.10791952946859283,0.39609926759450376,False,False
JIOFIN,RVNL,0.4007368087328064,229,27527,1e-07,1.3778168332169452e-06,1.3662915093276835e-05,120419.73215512684,50,False,0.3329501588390671,3.65726705187801,-1.6645353547845855e-07,0.000453378004766544,1.743247548338937,-5.203206239868378e-09,0.0008455285330177676,0.39761833092518295,0.0066269721820863825,0.17495131419950757,-4.292898470152327e-09,-0.009796927797044054,0.2325036141344623,False,False
BDL,SOLARINDS,0.4005316142755274,230,27527,7.129773258606145e-07,1.4881878392790864e-05,0.006061338067022332,43373.61343504596,50,False,0.9924807130446583,-2.209773844533947,-2.839227266237056e-07,0.0016540059464498586,0.34016261676799947,2.4249638012386994e-07,0.0013637757937953721,2.03769358063438,0.03396155967723967,0.7116545863837571,6.992271902725893e-08,0.025619872733380077,0.729150779562688,False,False
INFY,MPHASIS,0.400297715408787,231,27527,1e-07,0.0001384313873753917,0.12305129309240005,3057.6000865086653,50,False,-0.527608408434682,11.408719591475604,2.665083820275483e-06,0.0037560123093904356,0.07894226096107361,1.0788658666394046e-06,0.0014918300712695952,8.78043233271132,0.146340538878522,0.9240932791625641,8.189317016003561e-08,0.21333348333742497,0.7444867296804264,False,False
LTM,TECHM,0.3999833727427641,232,27527,1e-07,0.0002072847994682652,0.14845796442861672,427.51732415950914,50,False,0.9839381763888043,1.340723838157123,-9.674490123855461e-06,0.0022938364966730027,0.09847831300190142,-9.602771131620099e-06,0.0010180285475977478,7.038576915371834,0.11730961525619724,0.9062153454916386,-9.005925729018574e-07,0.16959924320222824,0.7052119021801867,False,False
HINDZINC,TATASTEEL,0.3999282153012343,233,27527,1e-07,0.000344383428826607,0.06913951760094723,10483.597601651669,50,False,0.732783202993685,2.5392370760174847,-4.169044367289121e-06,0.0021718323814417756,0.16718884500019032,-3.4943433012381636e-06,0.0012556053102474956,4.145893708154729,0.06909822846924547,0.8460398258592434,-5.379897031662139e-07,0.0775537157057948,0.7710644952367909,False,False
BEL,RVNL,0.3998071395942168,234,27527,1e-07,1.496634724354868e-06,1.73148266624469e-05,117820.08487217657,50,False,0.37243090576791793,3.9226436141283214,-4.838121802836462e-07,0.0005919968061954894,1.722721337207828,-2.0538632548213645e-07,0.0010966902790075178,0.4023559501987665,0.0067059325033127755,0.17857951099241945,-1.6870853591300664e-07,-0.009352089746119901,0.6390248447496685,False,False
ADANIENSOL,ADANIPORTS,0.3995314952279385,235,27527,1e-07,0.0007396567093589704,0.539443910572801,-17320.466455272366,50,False,0.903982447578121,0.30644592340103316,-2.8204070682088274e-06,0.0025109838181928187,0.10608585664560746,-2.5436854347810755e-06,0.0011566137914091632,6.533832147630071,0.10889720246050119,0.8993474298075618,-2.5602847677178495e-07,0.1676850990065913,0.6239848838686822,False,False
HAL,RVNL,0.3991711713597898,236,27527,1e-07,1.027206936132697e-06,6.307633106407624e-06,127523.77183308195,50,False,0.33693448610427507,6.399501829985659,,,,,,,,,,,0.2801150829626614,False,False
RITES,RVNL,0.3986225867514147,237,27527,1e-07,2.271758718138498e-06,5.194807146083002e-05,105646.17058336666,50,False,0.5271313392354162,2.354674305771705,1.1262672666068494e-07,0.000806068032087496,1.1795377822019868,4.420776603931911e-08,0.0012380351347085314,0.587643050539647,0.009794050842327451,0.3074208011324497,3.061737918723573e-08,-0.00816792627132961,0.1933263319145191,False,False
M&M,TMPV,0.3981426709980387,238,27527,1e-07,3.241021974164216e-05,0.007661117632063865,40787.76460879302,50,False,0.1251755570172708,7.403325020698527,-1.2043114329469634e-06,0.0015898081440723077,0.1544543686715715,5.785731699792944e-07,0.0008835535494531678,4.487714957637999,0.07479524929396665,0.8568825919409796,8.280389245992765e-08,0.08171298921480101,0.6941913985213897,False,False
JSWENERGY,TATAPOWER,0.3972150534619093,239,27527,1e-07,4.381047807904277e-06,0.00025797563202219177,85870.25293643448,50,False,0.9635992743823226,0.4701019471201654,1.8146712322753781e-07,0.0010898410264929058,0.5434490044066561,1.4234838344574496e-07,0.0011362289724315135,1.275459472626565,0.021257657877109416,0.5807418131813772,5.968072514002509e-08,0.0038137674436811834,0.051809682384473824,False,False
IREDA,TATAPOWER,0.396973687563545,240,27527,1e-07,7.75605781374706e-06,0.0008502203888074826,70350.63212522706,50,False,0.918082958322169,-0.6028618741402751,1.3929367024593023e-06,0.0013200596233310115,0.3021046793292737,5.750928233022186e-07,0.0010255285996887864,2.2943940560565155,0.038239900934275255,0.7392606755273966,1.4994931425686276e-07,0.026492470745367633,0.8356829455299029,False,False
LTM,MPHASIS,0.3969289798007929,241,27527,1e-07,0.0003820052862934667,0.3652834622553087,-11891.446564875681,50,False,-0.141832453684983,9.660463829241776,-1.1529680986242107e-05,0.0033036913209553162,0.06900848535128604,-1.2828618180755034e-05,0.001226958689467165,10.04437609420778,0.16740626823679636,0.9333187605070571,-8.554281612744481e-07,0.22035370880730165,0.8201255360369822,False,False
ADANIENSOL,ADANIPOWER,0.3967440733859262,242,27527,1e-07,0.0002905162691483855,0.04744185695864681,15556.839385587587,50,False,1.4975515894296352,-0.5686194993035948,4.6538312259858966e-07,0.00274941904370857,0.20887950850396814,-7.892163005520685e-08,0.0017768654400263295,3.3184067959772006,0.05530677993295334,0.8114930077594632,-1.4877279104427393e-08,0.06509558308747217,0.6257065390896146,False,False
MPHASIS,WIPRO,0.3960862959436563,243,27527,1e-07,0.000113541532195708,0.025227075026587213,24393.93342783685,50,False,-0.46725901524884655,10.352732714383258,1.843686080383443e-06,0.0024744902088429995,0.1569066824166376,3.3341568518888273e-07,0.0013852024346770859,4.417575911263085,0.07362626518771807,0.8547838214565144,4.841735166958737e-08,0.08826369135904637,0.6738920011148594,False,False
ABB,SIEMENS,0.3955989624503326,244,27527,3.335760556169041e-06,1.8078702016165013e-05,0.004390919525879284,46204.78644990192,50,False,1.006927280318718,0.5364122084699938,3.846359113042473e-08,0.0010248664462240615,0.7406893297665073,1.1428641237011444e-07,0.0012473841472439508,0.935813643728945,0.015596894062149085,0.4767851400274369,5.979634924499603e-08,-0.003487955881921192,0.8179059733525402,False,False
HEROMOTOCO,MARUTI,0.395087363717399,245,27527,1e-07,0.00015425620549829543,0.29817340846796536,-8968.96962102131,50,False,0.22799922377781184,6.432619472638464,1.1756157300124733e-06,0.0028337653446894916,0.051231520282600744,-1.3516141065878991e-06,0.0009070434902151884,13.529701573102683,0.22549502621837805,0.9500586872123586,-6.75013828652947e-08,0.2732414361842355,0.07719292298546138,False,False
IRCON,MAZDOCK,0.3948478825845978,246,27527,4.02039260673285e-07,7.5649783301574545e-06,0.0012298218530372976,64640.0476475259,50,False,0.8997296942861528,-1.9957234023750425,3.619547180864619e-07,0.0014856369658110356,0.4481863016898171,9.580582391951312e-08,0.0014064712182917912,1.546560387826538,0.025776006463775633,0.6387856660966145,3.460643687115197e-08,0.00803721520257692,0.8410577584811716,False,False
PERSISTENT,TATAELXSI,0.3945918649658542,247,27527,1e-07,1.7622340957332647e-06,2.7357658205913322e-05,111013.62356052802,50,False,0.29558530108284836,6.111160234456255,8.802120969711295e-07,0.0006456766866271498,2.036900960730882,2.690828432268057e-07,0.0012907890883225265,0.3402949843527148,0.005671583072545247,0.13043230000582087,2.339857490926277e-07,-0.008895912610603903,0.6114160548534572,False,False
GODREJPROP,NBCC,0.3940729004431391,248,27527,1e-07,5.329056197457244e-06,0.0002562036786541379,85999.63635705478,50,False,0.5443999092182785,4.9754661173612735,1.4576720082294205e-06,0.001174804198228431,0.41941148207354734,1.177971272656938e-06,0.0010757920184377258,1.6526662005843609,0.027544436676406013,0.657433617454545,4.0353335761655313e-07,0.007219554539070824,0.376928639749339,False,False
HDFCLIFE,SBILIFE,0.3939321257429384,249,27527,1e-07,0.00037590626665980157,0.3182118071926729,-10020.716063421432,50,False,1.5829895194706411,-5.478678508632052,1.4995437609810813e-06,0.002499064148676129,0.09887661753782133,9.690493552312831e-07,0.0011112033912916816,7.010223426128117,0.11683705710213528,0.905854467683414,9.123166738929355e-08,0.1853140333931465,0.354940876387811,False,False
BDL,IRFC,0.3939261059329093,250,27527,1e-07,1.48727062106631e-06,1.6187280848694584e-05,118975.7275432846,50,False,0.647648999006185,4.165768222733026,-1.4821341850123975e-07,0.0007519291554078456,1.5031913136458424,-3.0048538399210994e-08,0.0013035284506886333,0.461117074232411,0.007685284570540183,0.22241921684845883,-2.336516602101764e-08,-0.0096760587026045,0.4096607103189657,False,False
KAYNES,MAZDOCK,0.3938977595829767,251,27527,1e-07,0.0001954825036115695,0.17255454873919296,-1594.2028262230483,50,False,1.465949411018422,-3.1749792972342585,-9.767864114926853e-06,0.004499747551920804,0.07677786888389657,-7.313644933708412e-06,0.0017632291234053218,9.02795545951037,0.15046592432517283,0.9260955453974936,-5.405109399821041e-07,0.21377644244077956,0.18405959358788815,False,False
CENTRALBK,MAHABANK,0.3936158148388284,252,27527,1e-07,0.0003274050278064754,0.02736416247160272,22699.732987405314,50,False,1.1750224600456227,-1.3039185303437977,-9.827649538487992e-08,0.001625727005577184,0.3641748379575879,-4.4252676491732175e-07,0.0013872897791868037,1.903336277836608,0.031722271297276804,0.6947697120058822,-1.3507257190081937e-07,0.023804829803993087,0.6002094287639724,False,False
INDIANB,SBIN,0.3935672196071045,253,27527,1e-07,0.0008689959500990381,0.5341514344928776,-17230.855678627948,50,False,1.871133542394132,-6.27376071781571,2.5460473124281387e-06,0.0029862345111143157,0.1158630093355256,8.649449107240162e-07,0.0014373366638706251,5.9824717529360285,0.09970786254893381,0.8905972184459175,9.462737912425489e-08,0.15321781057674336,0.7685076560197048,False,False
GAIL,IOC,0.3932674691839778,254,27527,1e-07,1.1625642750771032e-05,0.0011909103766778806,65818.79525276541,50,False,0.7614436109692015,1.2038995919179243,-2.4735920354714123e-08,0.001122746272701588,0.28556899364922383,-1.3038728904951637e-08,0.0008485144171279745,2.427249442253407,0.040454157370890115,0.7515864846951898,-3.238996482385474e-09,0.02895318304844301,0.5919675139944968,False,False
AMBER,DIXON,0.3927387308802699,255,27527,1e-07,3.824528227591627e-05,0.00036269421309218636,78712.60712613066,50,False,0.36071035008234387,5.459118573429821,-1.01953952235652e-06,0.0008256459631151796,1.0059487196899974,-4.216050227773711e-07,0.0011671806616694246,0.6890482258117014,0.01148413709686169,0.36569752573219955,-2.6742510911141887e-07,-0.008203413527774043,0.7316966798720782,False,False
BANKINDIA,CENTRALBK,0.3926611219076742,256,27527,1e-07,1.6680828139932795e-06,1.6011936547263312e-05,119971.90897603224,50,False,0.583741490767008,2.9421624389652945,1.0700303210666427e-07,0.0006607905693965265,1.425133684900254,6.305701938196584e-08,0.0011155792890392418,0.48637344545572164,0.008106224090928694,0.24047631300747396,4.7893299851749865e-08,-0.009013340083877422,0.43832454214487515,False,False
BANKINDIA,MAHABANK,0.3926045279171048,257,27527,1e-07,2.5435077577029605e-05,0.0017621988801512088,60225.4492586575,50,False,0.5940082644005601,2.563284368279559,7.065368979583172e-07,0.0012459430914414985,0.3400697790497443,3.295801682988042e-07,0.0010273652656150691,2.03824986300401,0.03397083105006683,0.7117206578386569,9.501115410660403e-08,0.0238773355615181,0.8208468393511263,False,False
CANBK,PFC,0.3923501684624094,258,27527,1e-07,0.00013161349451459208,0.04057359650509335,18002.364140857833,50,False,0.8601076341284233,-0.14708291518308503,6.696357139753108e-06,0.0018853018251662893,0.15077576961484096,1.447076481289174e-06,0.0010297147375039693,4.597205388708017,0.07662008981180028,0.8600405242577251,2.0253206568020862e-07,0.10426143264007326,0.7508290209184836,False,False
RAILTEL,RITES,0.3923104640071137,259,27527,1e-07,9.883010670293977e-06,0.0010659714272701216,67317.90371941162,50,False,1.050555816409401,0.11255177205841829,8.66039829539395e-07,0.0015634513501858937,0.45914763097311473,2.8156698435352004e-08,0.0014966130531426259,1.509639021965317,0.025160650366088617,0.6318219615228926,1.036667799991934e-08,0.016225415301551357,0.28600429294143037,False,False
CDSL,RECLTD,0.3920484334731902,260,27527,1e-07,3.7386849944896423e-05,0.009166693824394698,38343.254079439146,50,False,0.8705169560362339,2.082497150668048,2.633874774673702e-07,0.0017224894025838458,0.1772856247104022,1.0708234452151074e-06,0.0010260699489524831,3.9097765636227297,0.0651629427270455,0.8375405280850606,1.7396541142378235e-07,0.08266655079476141,0.04690529476186234,False,False
BDL,SUZLON,0.3915323893378264,261,27527,1e-07,6.360638001152067e-06,0.00022080999004752685,87748.10563411312,50,False,0.7670326434440702,4.270164750442278,-8.143480290623538e-07,0.0012161556974059978,0.5140091994360526,-3.0177955482227763e-07,0.0012322852980776676,1.3485112354417677,0.022475187257362795,0.5980928919201404,-1.2128734815624906e-07,0.0040330955668251385,0.3263233375959424,False,False
CENTRALBK,IOB,0.3911564607225164,262,27527,1e-07,0.0009459763458194813,0.04361480936819566,15763.181841479178,50,False,1.293990989688529,-0.982680790224687,-1.6707329478430226e-06,0.001235780685043391,0.6702297009138163,-6.825125208001033e-07,0.0014269417043251136,1.0341934707084488,0.017236557845140815,0.5115910513570981,-3.3334522271959513e-07,0.005159341624800562,0.11312996361551203,False,False
JIOFIN,MAZDOCK,0.390117444927003,263,27527,1e-07,4.075431715442e-06,0.0002770707383157446,84708.33881629999,50,False,0.40923251759132345,2.3803176686087553,-2.9711621386306943e-07,0.000842242800974882,0.486484666680862,1.6375763706740435e-07,0.0008298341598628959,1.4248078676129285,0.02374679779354881,0.614783769885759,6.30820996035216e-08,0.002479515997512936,0.5677291291405826,False,False
PFC,TATAPOWER,0.390040797316927,264,27527,1e-07,7.796291988953535e-06,0.0008584575072577874,70223.0518823759,50,False,0.5354725139169193,2.791023291246045,3.1102943362025455e-07,0.0012817962625779604,0.2805234952718482,7.755770191485773e-07,0.0009601599797094604,2.470905974874703,0.041181766247911714,0.7553881957827117,1.8971529396339987e-07,0.03070919784778991,0.1987622147974198,False,False
LTM,TCS,0.3896691376134766,265,27527,1e-07,0.0008675724707789408,0.9093808878005286,-24422.61403334193,50,False,-1.0398384678259773,16.81801378451418,-9.553274421139765e-06,0.005023993344480682,0.06382191139392408,-9.083889691056815e-06,0.0017951051685213644,10.860645903907129,0.18101076506511882,0.9381720624091442,-5.616381649008793e-07,0.22927482835621332,0.802148588734668,False,False
CDSL,MAZDOCK,0.389541715884188,266,27527,1e-07,3.4941256531172996e-06,0.00018314432805441834,89850.483953011,50,False,0.4634127584792409,3.58074769807948,6.460751454622285e-07,0.000871838851477106,0.6407269366719391,3.258116826165508e-07,0.000986096081464905,1.081813703916191,0.018030228398603184,0.5269092551298167,1.5413849161647178e-07,-0.004231279182487988,0.320642348883187,False,False
BANKINDIA,RECLTD,0.3892338919434939,267,27527,1e-07,2.9727261128909256e-05,0.0068365383294192285,42333.19229518753,50,False,0.4489222933184323,2.4120122144344447,2.664772228136374e-07,0.001855536688649101,0.15348215857594158,8.137301538434764e-08,0.0010280904082126071,4.5161417261211,0.075269028768685,0.8577160669383881,1.1578072673968037e-08,0.09150841044668032,0.5800998790140312,False,False
CANBK,IREDA,0.388919223359527,268,27527,1e-07,5.144681574812842e-05,0.006908907355636922,41936.60796957687,50,False,0.4274886014043429,2.9153332255777733,4.561985610594841e-06,0.001425059169991844,0.21684578846471117,2.2247990686079205e-06,0.0009344481428575518,3.196498237145823,0.05327497061909705,0.8050541083629593,4.3371543814302873e-07,0.05480437323751749,0.42879611492003084,False,False
IRFC,RITES,0.3888919594555273,269,27527,1e-07,1.6215447698446708e-05,0.002296060532163143,57038.01755565531,50,False,0.986909437549654,-0.6092168241079613,-7.331692595254037e-07,0.0015562547944495604,0.32449225580035906,-5.007823545008357e-07,0.0012537307377791917,2.1360977594066153,0.03560162932344359,0.722894305866014,-1.3876964195400594e-07,0.03144302049006124,0.4092210234104084,False,False
BHEL,MAZDOCK,0.3887137874275322,270,27527,1.519726880583681e-07,1.6142565335434704e-05,0.005444546352344154,45481.57537234677,50,False,0.5179978113282567,1.5478901767423643,3.85700033747506e-06,0.001955427723759465,0.16174535354284614,8.734350929648229e-07,0.0011091193416862576,4.285422519889151,0.07142370866481919,0.8506577939556801,1.304407236198923e-07,0.09049364245499959,0.12027310241810002,False,False
HCLTECH,MPHASIS,0.3886557873676952,271,27527,1e-07,0.0001512458133928903,0.1357640204601564,1710.3402234430407,50,False,0.005068824963686122,7.284783820377705,9.819084942063652e-06,0.002502976506263118,0.0793086587197827,3.5354755095881723e-06,0.0009920813570694356,8.739867648108984,0.1456644608018164,0.9237547554771878,2.695631947329644e-07,0.20758163629267357,0.7071015126268999,False,False
HDFCBANK,ICICIBANK,0.3882552438315978,272,27527,1e-07,0.00024273913631004944,0.1638271475208445,-942.5330694113597,50,False,0.5342786280372861,2.947560714278953,-2.8482498891643936e-06,0.0015365960642628976,0.11234141672324643,-1.649142106657996e-06,0.0007279004622805199,6.17000569137842,0.10283342818964034,0.8937390679408984,-1.75239377351389e-07,0.16470998728952413,0.8073729980947073,False,False
CANBK,CENTRALBK,0.3881942367396391,273,27527,1e-07,2.409108581454361e-05,0.0010136854442691183,67358.0983958444,50,False,0.47166830911111807,3.286101687405131,3.035540349632289e-06,0.0010020805919187608,0.4476114102636788,1.666315788258163e-06,0.0009425405171292298,1.548546718573654,0.025809111976227563,0.6391530040788046,6.012850464490169e-07,0.010261896834211331,0.41540916869335387,False,False
PNB,RECLTD,0.3877565155627224,274,27527,1e-07,3.445426972416809e-05,0.008268489844664247,39750.19462985861,50,False,0.6165942844484709,1.1727046265659753,3.4414475533575067e-08,0.0016024397527109038,0.15337256132157193,-4.947288838021082e-07,0.000887517061218668,4.5193688792002575,0.07532281465333762,0.8578100754157947,-7.034546267744984e-08,0.08638770775295017,0.6670659296649243,False,False
CAMS,CDSL,0.3874674577882195,275,27527,1e-07,2.3406422629226513e-05,0.009464826917634336,38064.22761500064,50,False,1.1726948108026547,-1.875448646600212,8.762121622725749e-08,0.0020195863742994533,0.18931074213174526,-5.010573726383111e-07,0.0012431560526928382,3.661425510009199,0.06102375850015331,0.8275293185126849,-8.641770652317313e-08,0.09428328672075734,0.21546649192998507,False,False
CENTRALBK,PNB,0.3871070346256773,276,27527,1e-07,0.00014099865766789292,0.01967375957233663,27574.426397257343,50,False,1.7160714554745744,-4.613402335143361,-2.1358908955593563e-06,0.0022140458462401712,0.23975841580943116,-1.0730556455735346e-06,0.0015327047958877198,2.8910233587415934,0.048183722645693226,0.7868179208784466,-2.2875623353648683e-07,0.05070601962571801,0.6632934819639456,False,False
ABCAPITAL,IREDA,0.3867327004679275,277,27527,1e-07,1.6640977221151096e-05,0.0017293060116021985,60745.689839282946,50,False,0.5691350017173767,3.0671853458718967,-1.000434986235899e-06,0.0014299556246153585,0.2544892414205576,-6.506603627048499e-07,0.0010199883222966905,2.72367969934918,0.045394661655819665,0.7753123943058867,-1.4619531901621603e-07,0.038151164021703286,0.06801888583650156,False,False
NBCC,PFC,0.3865636053871193,278,27527,1e-07,0.0014329630508730549,0.4767435126033865,-15867.568213902654,50,False,1.6591914146011861,-5.3226421862728195,-1.4212828983235834e-05,0.003002378239971669,0.14165376664658103,-1.1570940112538452e-05,0.0015950408556792987,4.893249201691279,0.08155415336152132,0.8679217079131959,-1.5282700079027715e-06,0.10806238655547173,0.6896915978052535,False,False
LTM,WIPRO,0.386426856288408,279,27527,1e-07,0.0004864012323753538,0.11390106966827741,3688.15521832128,50,False,0.2863335915163808,7.001012335881283,-6.16692521788152e-06,0.0017873920649356285,0.15241628130939644,-7.043803099306865e-06,0.0009863960694628476,4.5477240003835,0.07579540000639166,0.8586307743916287,-9.95776989486857e-07,0.0914874819993691,0.8355950732665347,False,False
INFY,LTM,0.3859689439936086,280,27527,1e-07,5.613205252133563e-05,0.05770577715927933,13496.085753496478,50,False,0.1278844417307958,6.187553296006803,3.4008074936952612e-06,0.0024352110074591766,0.08647108866355797,2.5372696453160027e-06,0.0010124593327365263,8.015941412011648,0.13359902353352746,0.9171620647824241,2.1018217850820876e-07,0.21332650356561825,0.7394858507394109,False,False
CDSL,RVNL,0.3857321884154729,281,27527,1e-07,1.7980443226321204e-06,2.8068869843304003e-05,112681.01877443888,50,False,0.37502260713837837,5.0383130688839906,3.5191368458253823e-07,0.000630232433355521,1.2124962175088136,1.2647033058260488e-07,0.0009803558648122357,0.5716695611505335,0.009527826019175558,0.29745384243615003,8.885124479663892e-08,-0.010199845225525968,0.062297224309060886,False,False
MAZDOCK,ZENTEC,0.3857281983005267,282,27527,1e-07,1.1473838876824015e-05,0.00011787463823736705,93830.31033228636,50,False,0.5964005321290062,3.478885232684195,-1.0366968716603539e-07,0.0008649281885087511,1.099206190934211,-4.897121130851683e-08,0.0012824157820848878,0.6305888615591241,0.010509814359318735,0.33313542468631374,-3.2657166031850867e-08,-0.009385968331279302,0.31108979950604865,False,False
HUDCO,RVNL,0.385404528036754,283,27527,1e-07,9.320403697616638e-07,4.953382905514004e-06,129405.06938349476,50,False,0.46363515664843086,2.610828499372692,,,,,,,,,,,0.35847783688202484,False,False
BANKINDIA,RBLBANK,0.3847823444657154,284,27527,1e-07,7.858112400775267e-06,0.0008002676097378284,71125.94541221668,50,False,0.4947509764756191,2.2105300012547473,4.763202573490405e-07,0.0013790042790625297,0.27945938718951496,3.909579922022012e-07,0.0010309719818325197,2.4803145370453725,0.04133857561742287,0.7561924382917314,9.531851480917894e-08,0.03203013165169007,0.6127589849058708,False,False
COCHINSHIP,NBCC,0.3847362709362036,285,27527,1e-07,3.818392436083578e-06,0.0001362517149050202,94045.8907397741,50,False,0.5755951218538228,4.672640922316355,8.409418071316127e-07,0.0011476954032495364,0.5670235572894121,4.6963956043422e-07,0.0012215985839732315,1.2224310112854075,0.020373850188090126,0.5672112003110936,2.0325474164675168e-07,0.0006048016007372451,0.04890387062537594,False,False
NTPC,TATAPOWER,0.3845857981161767,286,27527,1e-07,2.802136511736176e-06,8.76943330012425e-05,99433.17695378419,50,False,0.4209000955106197,3.3867457181308716,3.2259736036623084e-07,0.0006352814083975585,0.7136067081779272,1.866021297957846e-07,0.0007588336425677489,0.9713294068237927,0.01618882344706321,0.4898741742107735,9.519056555610305e-08,-0.005153236107644811,0.20956320018248759,False,False
HCLTECH,LTM,0.3845300728806048,287,27527,4.213900526460938e-06,2.352896413767528e-05,0.00034869766966403324,71251.74699228482,50,False,-0.0922772306853081,8.115046263012697,,,,,,,,,,,0.730148060287855,False,False
INOXWIND,JIOFIN,0.3844654923859696,288,27527,1e-07,0.00016663799414005323,0.04189980196081686,17474.404251850552,50,False,1.7990733232800185,-5.40669184544415,2.080584142366705e-06,0.002709641263966496,0.16352648675748127,-1.4074339959597426e-06,0.0015459761110357612,4.238745626498541,0.07064576044164235,0.8491440076323267,-2.123198521525069e-07,0.0861848436099944,0.16141728166902436,False,False
OFSS,TECHM,0.3843912513660482,289,27527,1e-07,3.951298710930081e-05,0.021099460003866005,27156.546672215725,50,False,1.5200829103968398,-2.2576073297977293,-1.8330309373790843e-06,0.0025763921336312947,0.12751820853103538,1.1101812689516362e-06,0.0013001702265794462,5.435672195718207,0.09059453659530345,0.8802773871301687,1.3291380227803482e-07,0.133006953507367,0.731396329931362,False,False
TATAELXSI,TCS,0.384353387387838,290,27527,1e-07,0.004558529768679852,4.843507281456854,-47440.06363245472,50,False,-4.981838974918389,48.10351707980215,-2.3143291242424666e-05,0.01398549173022245,0.06427245370949314,1.5647143672051833e-05,0.0050119451487807744,10.784514057809597,0.17974190096349327,0.9377494714004584,9.740429646581991e-07,0.23309294324501517,0.7844170637883379,False,False
BANKINDIA,IREDA,0.3843404434886044,291,27527,1e-07,1.8375409935679237e-06,2.7353370800272594e-05,113353.86808330622,50,False,0.47691155513800143,2.73722051951461,-7.286255233380718e-09,0.0007108236540721857,1.0670692776856865,2.0071536796603316e-08,0.001038427005926193,0.6495802991004275,0.010826338318340458,0.3440152546477529,1.3166621954348084e-08,-0.00886796806054041,0.5568801513355885,False,False
BANKBARODA,RECLTD,0.3843088911710001,292,27527,1e-07,0.00015110440446766343,0.045029913943039665,16556.765415556863,50,False,0.5150529506520037,2.6553871804181792,-5.968612421596369e-07,0.0016702792592488385,0.1530006766334899,-1.1573267567374688e-06,0.0009240688864791838,4.530353693927548,0.07550589489879247,0.8581291411722818,-1.6419094092264243e-07,0.10662089184488145,0.5283681144298541,False,False
JIOFIN,SUZLON,0.3841504914365032,293,27527,1e-07,4.151853918147417e-06,0.00010889102821042862,97003.2717848877,50,False,0.49238302168748505,3.6808702125700146,-5.608607166928548e-07,0.0007466551655552425,0.6034627524142927,8.477002702585556e-09,0.0008181527303892132,1.1486163442347506,0.019143605737245842,0.5469145237868952,3.840806806360753e-09,-0.003031679149482877,0.5390929659084968,False,False
BEML,DATAPATTNS,0.3838663776411734,294,27527,1.4530117600603475e-06,1.0054419779102652e-05,0.0004185993345776265,74926.2346365085,50,False,0.727423338975612,1.6484613032596835,-8.306612763766053e-08,0.0008882492627702931,1.873511485049608,6.140723034620066e-08,0.0017189807779835647,0.3699722078520334,0.006166203464200557,0.1535834079826391,5.197609863485623e-08,-0.008808685175521446,0.9080149594438491,False,False
HAL,NBCC,0.3836635549875819,295,27527,1e-07,8.552739661509962e-07,3.964511848901963e-06,133013.01013701083,50,False,0.36369473388498813,6.667711971513799,,,,,,,,,,,0.29998315414878163,False,False
TATAELXSI,WIPRO,0.3834050117895309,296,27527,1e-07,0.004056448136927285,0.9633350138798674,-25688.436900216973,50,False,-0.41158636370434887,10.723635987830942,-1.8679949993017623e-05,0.0025316774049465207,0.1410067333011083,-5.650243382568227e-06,0.0013131689225302462,4.91570270676214,0.08192837844603566,0.8684834639173103,-7.431004376995127e-07,0.10162754265352936,0.849768138572671,False,False
OFSS,WIPRO,0.3832517760101223,297,27527,1e-07,0.0004521154111911292,0.10575717601947576,4708.387097059699,50,False,1.0538407101022829,3.1771788739286704,-2.753151875094395e-06,0.001844220026291033,0.16299001809954652,-1.0742902714872892e-06,0.0010525932797112933,4.252697119995434,0.07087828533325724,0.8495996689915852,-1.6157361243080806e-07,0.0856957992724108,0.6769825197446045,False,False
DLF,JIOFIN,0.3832351678070441,298,27527,1e-07,5.7520626260365335e-05,0.013162720566232968,33352.104863123524,50,False,1.0094601228937032,0.80530580753055,1.5569658224585707e-07,0.0016593771054081218,0.20004707689107618,-3.97971112916621e-07,0.001049322811082002,3.464920314418579,0.057748671906976315,0.8186922106867336,-7.215526269345287e-08,0.06800251331112069,0.2421593794466717,False,False
ADANIENT,JIOFIN,0.3832117020433284,299,27527,1e-07,0.00014478092952042497,0.03613290227237726,19510.807150887344,50,False,0.57946865727686,4.421918774087981,4.191753851492651e-06,0.001672569618999815,0.1674354584946456,1.3962181839780978e-06,0.0009647803359156215,4.139787275597369,0.06899645459328949,0.8458312067465414,2.1525327254243872e-07,0.09155496984096544,0.20305654810973595,False,False
ADANIPORTS,AMBUJACEM,0.3830514452903683,300,27527,1e-07,1.919953632056946e-05,0.004653600887426842,47617.21127722516,50,False,0.47884147979918046,4.302803480083126,1.0969810396347997e-06,0.0015072738264713236,0.16530022571738262,6.397489160435491e-07,0.0008666150068363348,4.193262154070098,0.06988770256783497,0.8476391828011716,9.747266765045983e-08,0.08388323079666261,0.5942709614257018,False,False
BAJFINANCE,CHOLAFIN,0.3825763834581577,301,27527,1e-07,1.082548716606507e-06,6.9137678423781365e-06,124697.56276880755,50,False,0.24071955464495906,5.068497589342037,,,,,,,,,,,0.4773745571311783,False,False
MPHASIS,TATAELXSI,0.3825329711458428,302,27527,1e-07,2.2657247706248804e-06,5.608745317300416e-05,103491.13725316507,50,False,0.1853460276721787,6.249875870444,8.915137037835938e-07,0.0006825240779922526,1.1095787278342648,3.677524911168788e-07,0.001012646120886446,0.6246940060872175,0.010411566768120292,0.32969782434001915,2.4650529490002166e-07,-0.009353861460715205,0.5677823361504784,False,False
CENTRALBK,UCOBANK,0.3823552651588581,303,27527,1e-07,0.00011166325726737634,0.00399719656045052,48366.014402914305,50,False,1.10666292252253,-0.07560691413335922,-7.193479288432238e-07,0.000949648884416936,1.0851171404180926,-6.061143587244914e-07,0.0013988941352155227,0.638776363161011,0.010646272719350184,0.33786220625647206,-4.01331224242108e-07,-0.003545595067724113,0.7104413564969998,False,False
KPITTECH,MPHASIS,0.3823546208049427,304,27527,1e-07,0.0038506271055973092,3.8172305935730098,-44176.9535792548,50,False,-0.9944260574009056,14.585145291508576,-1.7067006198007617e-05,0.00577075068995592,0.065082088670736,-3.3715074953122058e-06,0.0020817060267159892,10.650352419798985,0.1775058736633164,0.9369905439120964,-2.1243685347591243e-07,0.2257526539158096,0.7944862913977113,False,False
TATAELXSI,TATATECH,0.382140167730068,305,27527,1e-07,0.0006096845707238111,0.2723100341103134,-8056.51495061505,50,False,1.951025052268745,-4.001486175107485,-2.0336971738242877e-05,0.003076462233730439,0.1407850064172033,-1.0183498866405202e-05,0.0016152451276883796,4.923444606777713,0.08205741011296189,0.8686760513996099,-1.3373372817039275e-06,0.13939762957960897,0.15562764986035965,False,False
OFSS,TCS,0.3821018446046828,306,27527,1e-07,0.0009263643193153282,0.972227326931514,-25342.16810145427,50,False,-1.457777222316509,20.471368889486254,-4.200010522593432e-07,0.005675559409892896,0.06252360206639607,5.482591158300151e-06,0.0020082448540396534,11.086168385242221,0.18476947308737035,0.9393908909856454,3.3229496519455037e-07,0.23477068718109861,0.7046967289342894,False,False
JINDALSTEL,NATIONALUM,0.3819020391418558,307,27527,1e-07,6.525680639722226e-06,0.0005590221936607786,75837.89822487795,50,False,0.5192558786950148,3.972144060548177,-2.6402313678120788e-08,0.0011902314681173653,0.3494623716602809,-1.9814629089137594e-07,0.0009950223124252223,1.9834672822336565,0.03305778803722761,0.7050670518676762,-5.8439869734078537e-08,0.017691343948407944,0.5742128811143563,False,False
DLF,IRFC,0.38145025236467,308,27527,1e-07,1.1885693980932925e-06,8.995461906757998e-06,125295.74450670907,50,False,0.4966497638306204,4.091716806540901,-5.550546986201235e-08,0.0005370841056162594,2.078737987543209,4.699538512494856e-09,0.0010949875668963514,0.333446150844221,0.005557435847403684,0.12508797521111134,4.111682755540236e-09,-0.00906236508870372,0.2225527173256283,False,False
CANBK,JIOFIN,0.381284955068915,309,27527,1e-07,0.00023560243502855442,0.06010601357400779,12520.485519096319,50,False,0.30267173392915175,3.3007870908443477,6.7776502816711015e-06,0.001795690263020919,0.14719299741448155,2.381587358978676e-06,0.0009679725038204157,4.709104323815816,0.07848507206359694,0.8631273799876942,3.259741016115993e-07,0.09688645613926873,0.42018864275652773,False,False
GAIL,TATAPOWER,0.381046617354473,310,27527,1e-07,6.208703502785412e-06,0.0005459657436477542,76201.0912915741,50,False,0.4748811892369583,2.256496965684125,-4.4266070479876396e-07,0.0009314843767526129,0.3688216851894111,-1.013757121787364e-07,0.0007997382347754248,1.8793558198834606,0.03132259699805768,0.6915487128344032,-3.126946890886031e-08,0.014638670299453977,0.8085047400348161,False,False
GMRAIRPORT,IREDA,0.3806721824488246,311,27527,1e-07,1.3389179406071294e-05,0.0012747920804226274,64852.44577484828,50,False,0.5250457355897232,2.0288302847390587,9.629804635797075e-07,0.001242497975977161,0.28963427226700517,1.156543629632819e-06,0.0009456535029818318,2.3931808039656084,0.03988634673276014,0.7485372783655803,2.90827608796419e-07,0.03238260675714761,0.13830100020198327,False,False
BAJFINANCE,SHRIRAMFIN,0.3804679153254594,312,27527,1e-07,3.992279582144149e-07,6.609244266937562e-07,137823.62654117073,50,False,0.17196380376879955,5.660255342514991,,,,,,,,,,,0.4821079026789221,False,False
GRSE,RVNL,0.3804428082710422,313,27527,1e-07,6.362062581539645e-06,0.0005566300339073555,75840.11743975944,50,False,0.819770734724349,3.0866044499744354,1.7985797475837454e-07,0.0017779735351633338,0.34835136208220147,-1.445825582264078e-07,0.0014838784417589947,1.9897932260600186,0.033163220434333646,0.7058508234237221,-4.2528840449589615e-08,0.02117037335677179,0.7423474616249013,False,False
INOXWIND,RECLTD,0.3800017682980119,314,27527,1e-07,0.0005930757561459892,0.18561502662735915,-2910.051315374141,50,False,1.4032505874750851,-3.6228767617012827,-1.7013587724265513e-06,0.002666724501789988,0.1389261713954761,-1.3869099541234075e-06,0.0014056515508851296,4.989320396563642,0.08315533994272736,0.8702922785509284,-1.7989293000438363e-07,0.10926703446748727,0.2563966440671456,False,False
BEL,BHEL,0.3798900197374842,315,27527,1e-07,8.216074594960115e-05,0.019318762654959732,28092.225909381796,50,False,0.4779644315545485,3.390333307011549,-5.189248148822457e-06,0.0017079121302475341,0.17614310329716482,-9.213941551500307e-07,0.0010071871845069484,3.9351366450638783,0.06558561075106464,0.8384979829250289,-1.4880701457781887e-07,0.09177106350050256,0.24648447623401426,False,False
BDL,INOXWIND,0.3797284828456299,316,27527,1e-07,8.116097826412301e-06,0.0005377971767212636,76278.24091922988,50,False,0.6273779364828235,4.317063205854765,-1.2654661036771471e-06,0.0014364797332651119,0.3665246074032307,-4.3904539880979615e-07,0.0012288529086855533,1.8911340918438855,0.031518901530731426,0.6931390799198623,-1.3472587503572503e-07,0.01874001908608614,0.35030313390128187,False,False
IREDA,SJVN,0.3797236282424062,317,27527,1e-07,2.674804954601992e-06,5.5547117859612215e-05,105252.16110163702,50,False,0.46440499439855726,2.849703542289828,8.453155884522007e-07,0.0008330519621470854,0.7241267699607891,4.287247972907302e-07,0.001001401578361388,0.9572180028608509,0.01595363338101418,0.48474768042763966,2.2090144626223876e-07,-0.006356371618768958,0.4722456022973393,False,False
NBCC,TATAPOWER,0.379610915790244,318,27527,1e-07,0.00012969300918079188,0.039880871648491446,18235.654436615667,50,False,1.9272890933857258,-6.852060631936538,-9.97370116423802e-06,0.0026509852235733385,0.16299603876356025,-6.3515187217817535e-06,0.001509826679014168,4.252540036052133,0.07087566726753554,0.8495945538528303,-9.553030070616854e-07,0.10571680149349454,0.9167663844856495,False,False
ADANIGREEN,IREDA,0.3795623043562164,319,27527,1e-07,4.279167026924949e-06,0.00018373244293715273,90242.01393788272,50,False,0.6508829787832732,3.6789439307394827,-1.1067289588642155e-07,0.0011689651993330797,0.5326667835468928,6.123370256353647e-08,0.0012064557912702394,1.3012772749681412,0.021687954582802354,0.5870373787714411,2.5287230318167946e-08,0.0025764162476867363,0.6960990334838926,False,False
DLF,RECLTD,0.3795248895766527,320,27527,1e-07,0.00014075260120181615,0.04174353506942315,17596.43163822101,50,False,0.9482147194020845,0.8632949467909686,-2.1500615689966693e-06,0.001948517146145686,0.15397833173178924,-5.325434847373816e-07,0.0010804253628389723,4.501589105195138,0.07502648508658563,0.8572905968127903,-7.599896287810865e-08,0.0994115397556265,0.2911470830966353,False,False
POWERGRID,TATAPOWER,0.3794665162015451,321,27527,1e-07,7.747188772692938e-06,0.0008468591053543837,70426.15481242978,50,False,0.6994236850401999,1.4921913209129345,-1.2251485384964554e-06,0.0009946558980307373,0.34751886639724944,-8.620219469241905e-07,0.0008287338604569035,1.9945598572700438,0.03324266428783406,0.7064386858509577,-2.5305629556438136e-07,0.02543369456592214,0.5306485904814481,False,False
RAILTEL,TITAGARH,0.3791027531768002,322,27527,1e-07,1.3753523612770547e-05,0.00314315648328101,52927.46485175036,50,False,0.8759715962735225,-0.029778278005512263,-9.515877015511335e-07,0.0018986215892809223,0.2688341392066291,-1.3511731542191972e-06,0.0013920696564288433,2.578345081489759,0.04297241802482932,0.7642700075661261,-3.185120374209449e-07,0.051608714869327194,0.06241025373948784,False,False
KPITTECH,OFSS,0.3790562413712799,323,27527,1e-07,0.00018443533759021982,0.2685726899711573,-7578.91065883092,50,False,2.146142100273951,-12.255347390598127,-1.1251691223283504e-05,0.00517597751730372,0.06952941276224281,-4.468561156267737e-06,0.0019275155618464694,9.96912174319918,0.16615202905331966,0.9328326957947566,-3.0014120654276936e-07,0.2467873164920752,0.8163882582642796,False,False
IREDA,NHPC,0.3788642373533032,324,27527,1e-07,3.8122562604988923e-06,0.00011802381686425815,95909.02100571031,50,False,0.6730760427754302,1.9157169385905797,8.636440622556163e-07,0.0009646830368564516,0.5477192371950251,3.5411676325519933e-07,0.001008751059647588,1.2655154931378427,0.021091924885630713,0.5782671978013804,1.493426548731204e-07,-0.001173924367629818,0.49420818652494103,False,False
ABCAPITAL,JIOFIN,0.3784864643218194,325,27527,1e-07,8.701739486085773e-05,0.0209093501360271,27014.424083064918,50,False,0.8119561605312705,1.3046610162077252,-3.5330382466987815e-07,0.0017834992303134498,0.16755121896056566,-1.7572947789754495e-06,0.0010318944757240743,4.136927113153873,0.06894878521923122,0.8457332985990145,-2.710920689417165e-07,0.08377067755095778,0.2120560077023141,False,False
IRCTC,IREDA,0.3782862855486453,326,27527,1e-07,2.6296638892047577e-06,6.356159530893292e-05,103647.00362545167,50,False,0.5210452344440089,3.8732606520501824,-4.878895490324925e-07,0.0006470887753806978,0.8682393941000135,-2.0686511616790458e-07,0.0008517544557153988,0.7983364787063565,0.013305607978439275,0.4196898075172852,-1.2004593538135585e-07,-0.00610141072447339,0.8203406487710507,False,False
ADANIENSOL,TATAPOWER,0.3781103238325251,327,27527,1e-07,4.916593740523017e-06,0.0003344442471736512,82496.97794955892,50,False,0.8620429981044277,1.7741869986086458,5.225509926448923e-07,0.0013066035762293357,0.4131930230594882,2.239691587211702e-07,0.0011876987944643973,1.6775384429958091,0.02795897404993015,0.6615345790749501,7.580581558079019e-08,0.010393012443719018,0.19806744304217094,False,False
TATAELXSI,TECHM,0.3779785062950869,328,27527,1e-07,0.0021540608822121056,1.6420824214218501,-32629.443671546305,50,False,2.7279248641095957,-11.493875827128196,-2.9415122245385115e-05,0.005459972645887129,0.09552207247974055,-5.626700782840038e-06,0.0023570194480396107,7.256408519684873,0.12094014199474788,0.9088982997929561,-5.126020078730323e-07,0.17663189637914758,0.630925120987446,False,False
JIOFIN,PFC,0.3775238166553995,329,27527,1e-07,4.631305594721968e-05,0.012306995615260243,34335.66784085895,50,False,0.5910447997514264,2.0373482561671876,-9.82282975367019e-07,0.001533461674060317,0.15193271896149063,-1.9660991779891157e-08,0.0008444015847521077,4.562198223646828,0.07603663706078047,0.8590460763089702,-2.7712939350327416e-09,0.09445356248616116,0.5092010994004946,False,False
ADANIENT,TATAPOWER,0.3774754831201102,330,27527,1e-07,2.8904391752881914e-05,0.006826167473945859,42365.30654591177,50,False,0.4653350737064609,4.886362907530023,4.037744703151296e-06,0.0017446293661868392,0.1654292845181274,1.910695210826029e-06,0.0010021446514384574,4.189990802287436,0.06983318003812394,0.8475297945636842,2.9132409132082946e-07,0.08568458252471178,0.5814265485199228,False,False
GODREJPROP,IREDA,0.3774686009131475,331,27527,1e-07,1.2446826703303106e-05,0.0011485422404751042,66225.82412431613,50,False,0.887485124441722,3.167516590754805,-1.5646186430602435e-06,0.0015819164900101994,0.2783410019034894,-1.2420968778537981e-08,0.0011784776101504482,2.4902805401278383,0.04150467566879731,0.7570386258817957,-3.0178156423129015e-09,0.029223807675037038,0.3418346608146755,False,False
MAHABANK,PNB,0.377158540880367,332,27527,1e-07,3.653089625349089e-05,0.004468389801358244,47858.352354296614,50,False,0.6823014946694498,0.9089752757535299,-9.663790468998863e-07,0.0016193314299220336,0.23291666638029543,1.1886192038918888e-09,0.001104614017868636,2.975944964918084,0.04959908274863473,0.7922195892995862,2.469717863510555e-10,0.04609912799318475,0.6719837816455289,False,False
MARUTI,TVSMOTOR,0.3769813905273965,333,27527,1e-07,1.750654095967036e-06,2.4802825623325496e-05,112424.32138972268,50,False,0.3653274300209432,6.600964672258655,-1.5682146393803248e-09,0.0004433197125429036,1.807556035687026,1.6678209508532386e-08,0.0008429144756556467,0.3834720290131919,0.006391200483553198,0.1640545908210607,1.3942072671982182e-08,-0.009401624185791732,0.7900725263198612,False,False
BAJAJ-AUTO,MARUTI,0.3766027965640554,334,27527,1e-07,0.00021529484894423017,0.43434234957559686,-14137.553080080646,50,False,2.0005289471982954,-10.05380501240692,-2.6161822993478975e-06,0.004796923046939548,0.06164051313338674,-1.0266295580207018e-05,0.0016867940493570355,11.244993679076165,0.18741656131793608,0.940220823083235,-6.137106997689983e-07,0.2632876502908077,0.7107592292567038,False,False
BEL,NBCC,0.3765854507509666,335,27527,1e-07,1.3646294181820213e-06,1.3001212160670462e-05,121694.65493655577,50,False,0.4032485792452367,4.213563710298386,-2.187901524064616e-07,0.000597569789025845,1.7430393403844693,-3.20384623557824e-08,0.0011147851594794612,0.3976658268694354,0.006627763781157257,0.17498774424714972,-2.6432124098996818e-08,-0.009191374106207219,0.554846689339069,False,False
KPITTECH,PERSISTENT,0.3765017911129131,336,27527,1e-07,0.0029692504183601717,4.293244717570618,-45718.4349358707,50,False,2.886047222649157,-18.07589775211768,-1.6875571007376026e-05,0.00889121839547712,0.07729079307401605,3.6122714520374095e-06,0.0034820288548478026,8.968043320453008,0.1494673886742168,0.9256206503928769,2.6867840120692074e-07,0.23299248638988568,0.4821600562068293,False,False
ADANIENT,ADANIPOWER,0.3762445585746092,337,27527,1e-07,0.00024027717346647453,0.03902346311440075,18242.202570550005,50,False,1.2385842811167784,1.4802143563361128,3.4300143052896894e-06,0.0022927206286955095,0.20530683693828314,1.5423828325821554e-06,0.0014675096767849127,3.3761524501413014,0.05626920750235502,0.8143973908682214,2.862702780073113e-07,0.06718162431611127,0.9301683533642437,False,False
JINDALSTEL,SAIL,0.3758926857239155,338,27527,1e-07,8.143056394021715e-06,0.0006172823047084836,74528.6773211659,50,False,0.48147006723193847,4.609420843191853,-1.819889010906848e-07,0.0011369729762920244,0.35493308474420066,1.2149270665476553e-07,0.0009577682841478035,1.952895377616022,0.03254825629360037,0.7012203639787246,3.629954667355044e-08,0.01946394867233713,0.4892079588426223,False,False
ADANIGREEN,NHPC,0.3758155116286237,339,27527,1e-07,3.5325399142033025e-06,0.00010224287733310569,97622.16504710757,50,False,0.6103023335489296,4.177386051750899,5.162534418138608e-07,0.0010881967896718423,0.6229156216698467,3.17487002189597e-07,0.0012145177093980772,1.1127465044171299,0.01854577507361883,0.5363782794070978,1.4719387022102347e-07,-0.002930106002075418,0.506370806222911,False,False
INFY,OFSS,0.3756800131667737,340,27527,1e-07,4.076459363513769e-05,0.01891060873788101,28603.790088937596,50,False,0.2690233427018021,4.8917002772138485,1.6764703528511893e-06,0.0017788441759728124,0.1437525270578321,5.770934322157945e-07,0.0009531984131453326,4.8218086648389145,0.08036347774731524,0.8661020583647115,7.727162270493875e-08,0.12844963818109525,0.7876054152590242,False,False
HINDALCO,JINDALSTEL,0.3755279415644123,341,27527,1e-07,2.2482203073666697e-05,0.0077581212319137735,40735.63783224096,50,False,0.8576550048339079,0.8020080388610119,3.198369098439632e-06,0.0019380838599712118,0.15794537896069313,1.6603674258888771e-06,0.0010886922431962997,4.388524597053545,0.07314207661755907,0.8538964214047204,2.4258562270539756e-07,0.09907264394211394,0.49326703046777043,False,False
NBCC,RAILTEL,0.3754817861342336,342,27527,1e-07,0.00013001085555267751,0.03629219516886843,19495.58291458903,50,False,1.0075907709153171,-1.228517861553242,-1.2055940318485817e-05,0.0022117293327028288,0.19239077442099908,-6.747427523384098e-06,0.0013608905732672147,3.602808828260996,0.06004681380434993,0.8249844226838912,-1.1809049234036704e-06,0.08619676692463735,0.09436478481993527,False,False
ADANIENT,IREDA,0.3747742925038957,343,27527,1e-07,1.8637025057236513e-05,0.0020135203201562136,58694.75577800654,50,False,0.5646007419443131,4.912738033117007,1.9757302167694366e-06,0.001342102779196062,0.2619918764158716,1.1040476930581455e-06,0.0009708934446092829,2.6456819579385784,0.04409469929897631,0.7695172749205057,2.5446392091377046e-07,0.039397564835971524,0.2696483221207434,False,False
IREDA,LICHSGFIN,0.3747386615234426,344,27527,1e-07,5.280489093589263e-05,0.017561317059054962,29534.15677778759,50,False,1.530036306387427,-4.723212928036445,8.84801487728304e-07,0.0023123166595740794,0.16115686087202113,-8.061822128665299e-07,0.001312148281780336,4.301071495245813,0.07168452492076355,0.8511585471631475,-1.1999333181428297e-07,0.09695363913004709,0.5122362521218566,False,False
PNB,YESBANK,0.3745825911477751,345,27527,1e-07,2.9887621533986513e-06,3.6349596757696176e-05,110511.66416809813,50,False,0.7475948627001607,2.5251010217839136,2.0179569551762704e-07,0.0006838455179828391,0.9154562435589971,8.863092125552328e-08,0.0009252156478593368,0.7571603617724139,0.012619339362873565,0.4003339346389618,5.314895581862365e-08,-0.00783580839676046,0.23266989147300393,False,False
BHEL,INOXWIND,0.3743146797370817,346,27527,1e-07,6.98495926875582e-06,0.0004207133811784591,79526.20274389797,50,False,0.4802736959639847,3.367782841470933,1.5059664321049705e-06,0.0013127362063244312,0.3521225627905942,5.019792150432011e-07,0.0011001362593814413,1.968482721092079,0.03280804535153465,0.7031939312840159,1.4899047739410812e-07,0.016078601809230653,0.658496373944021,False,False
CANBK,MAHABANK,0.3743137663672979,347,27527,1e-07,0.0002969100656338024,0.024772294821488648,24068.25501888593,50,False,0.15282933439124885,4.346567211963942,4.129618632857082e-06,0.001361783373611072,0.2599473053753008,1.8939918046368033e-06,0.000976864861417656,2.666491116571526,0.04444151860952543,0.7710922171480212,4.3354946473922876e-07,0.03535064183496839,0.6136049871711495,False,False
ADANIGREEN,JSWENERGY,0.374224450371165,348,27527,1e-07,7.840109336776205e-06,0.0009379220496050631,69022.29322942818,50,False,0.5715834567401556,3.2949292068193428,6.239739470163745e-07,0.0015612402921290646,0.3007245556599876,4.2000748835504943e-07,0.0012108066603512702,2.304923783289742,0.03841539638816237,0.7402816510576541,1.0908365141899502e-07,0.033543113517021536,0.5014937676215635,False,False
JIOFIN,TATAPOWER,0.3741614461184183,349,27527,1e-07,3.096950210666885e-06,0.00011281781691755755,96308.77383917081,50,False,0.5708428410212018,2.178687810180906,-3.76207676508073e-07,0.0007361677711726172,0.6159851303586534,8.154940020200704e-08,0.0008155758026083661,1.1252660923103204,0.018754434871838675,0.5401085558051733,3.7503871432122915e-08,-0.00360906690662105,0.7582627684295915,False,False
RECLTD,SUZLON,0.373661145246351,350,27527,1e-07,5.1434203750663655e-06,0.00015675520776079236,92286.12991563985,50,False,0.45927232398802104,4.106466820889461,2.752595155423785e-07,0.0008860495761922126,0.5378311977475391,6.002668092951074e-08,0.0009187935696759832,1.2887820257784905,0.02147970042964151,0.5840134896251145,2.4970289529253864e-08,0.0005642220998585383,0.03908642511787728,False,False
COCHINSHIP,IREDA,0.3736209112495761,351,27527,1e-07,2.3858218830189196e-05,0.002775411593443636,54338.41302495143,50,False,0.9607520285052834,2.6529119920226787,-2.9464681122078564e-06,0.0018147937160713228,0.2664466100435436,-1.4031918995763683e-06,0.001323680594075,2.601448674639429,0.04335747791065715,0.7660969045147121,-3.2821092887079373e-07,0.04129750884869174,0.0693818589513828,False,False
HAL,SOLARINDS,0.3735596554208756,352,27527,8.762074043497865e-07,8.134047527593066e-06,0.00010897941682924994,88250.69637899316,50,False,0.41544223489506477,4.387938557126334,,,,,,,,,,,0.6679730724499614,False,False
MAHABANK,UNIONBANK,0.373413153691586,353,27527,1e-07,7.613294442085811e-05,0.013178451073385486,33200.30650167927,50,False,0.2539490445698776,2.8637051182680686,-1.2151990382480872e-06,0.001936906745553524,0.17947309360677213,-1.1088540125569839e-07,0.0011600162083419247,3.8621230995139566,0.06436871832523261,0.8357104365942841,-1.8217314160366307e-08,0.06497233323748736,0.09455997306781494,False,False
CDSL,DLF,0.3733932050786627,354,27527,1e-07,5.2183364806603425e-06,0.0004452759726226919,78826.3526066496,50,False,0.6615261647359368,2.9373314931939194,9.09455771351616e-07,0.0010780422857311705,0.4377307971993534,5.532436428633869e-07,0.0010079913328403646,1.5835010581726763,0.026391684302877937,0.6454995297508951,1.9612513155739852e-07,0.010158085271085216,0.06771134641444357,False,False
BANKINDIA,PFC,0.3733234415450538,355,27527,1e-07,1.4287641698458214e-05,0.0024097074069624113,56438.4539615959,50,False,0.508514826671707,2.0090486933224443,6.321415986182549e-07,0.0016329353854775577,0.20037361826392774,-1.6170345519036392e-07,0.0010337597018788389,3.4592736636963206,0.057654561061605346,0.8184249174518381,-2.9361318224513328e-08,0.0611074795504204,0.7371188886866638,False,False
IREDA,PNB,0.3732706289030812,356,27527,1e-07,2.5758836745585576e-05,0.0029346757320815116,53547.98754042857,50,False,1.4831679292961477,-2.2593842997916913,-1.4846678488478794e-07,0.002026660986474517,0.225025901962786,5.585172507272783e-08,0.001359617939773611,3.0802995322492945,0.051338325537488246,0.7984955358898593,1.1254371930406928e-08,0.04289662480690535,0.6344050567972588,False,False
BANKBARODA,CENTRALBK,0.3730571401236278,357,27527,1e-07,4.592562893631511e-06,0.00010800286376938231,97019.6810519473,50,False,0.5704259777780691,3.6204832234331596,2.44859696913625e-07,0.0007771695454127875,0.7572218697104043,1.0649795777092135e-07,0.0009562990474166137,0.9153818824924271,0.01525636470820712,0.46896747167521957,5.6553879776518066e-08,-0.004130413209520066,0.40441202539924576,False,False
IREDA,TITAGARH,0.372102386719088,358,27527,1e-07,3.4309327953893125e-06,0.00016219604406968717,91612.92188128493,50,False,0.5755513241643476,1.0360233010730506,2.240853397310146e-07,0.0009617603746594339,0.5992735335885592,1.0625405420971447e-07,0.0010528900995994794,1.1566457414016829,0.01927742902336138,0.549210474167548,4.789821471497284e-08,-0.0021080435344037773,0.04064642150130832,False,False
CANBK,RBLBANK,0.3720587152879473,359,27527,1e-07,0.00011945518535406375,0.031873748978142595,21263.102880541137,50,False,0.5899873952304941,1.6064601678823627,6.462053713296616e-06,0.0018014145336999131,0.1572526927852141,2.9652367885639127e-06,0.0010059055477979434,4.407855714793327,0.07346426191322213,0.8544881085542145,4.314772136885616e-07,0.0960101214021356,0.6317008265490226,False,False
BHEL,SUZLON,0.3720250088925423,360,27527,1e-07,1.0939983244167734e-05,0.00047945451215321153,77564.49482601821,50,False,0.58786895212163,3.328369180718276,1.5404253217664754e-06,0.001240741161763818,0.39213736316518427,5.391290173278265e-07,0.0010969827630194853,1.7676132031008822,0.02946022005168137,0.6756113034793211,1.7488735918744815e-07,0.011288457155119133,0.14906834136861136,False,False
PFC,PNB,0.3717860662220968,361,27527,1e-07,3.41372913851832e-05,0.004124217377948501,48950.97121204557,50,False,0.8396521274162385,1.9469273087936676,-5.259791589764487e-07,0.0015059914967244597,0.22685609318440839,8.473480746920936e-07,0.00101414890648225,3.055448812637776,0.05092414687729627,0.7970354728743783,1.719816012906868e-07,0.047268770871107826,0.8691733100907564,False,False
LTM,OFSS,0.3717542891411456,362,27527,1e-07,4.194406394445591e-05,0.009602646510544018,37631.94798326006,50,False,0.5702760467443164,3.4858883270209646,-4.438842953323589e-06,0.0015747868925831655,0.1873833544458179,-5.8258047769333885e-06,0.000963070602859186,3.699086200105194,0.0616514366684199,0.8291258263815048,-9.954795769211747e-07,0.07435154102590659,0.877634222298119,False,False
COCHINSHIP,IRCON,0.3715156866886872,363,27527,1e-07,1.1801800655741938e-05,0.0011668189871940108,66040.08934586708,50,False,0.7552171381606062,3.5253035012118135,-1.316002607484259e-06,0.0016799316766915547,0.31429684533590696,-7.605972151971248e-07,0.0013318544518292755,2.2053901935259304,0.036756503225432176,0.7303022091755687,-2.0513138864587916e-07,0.029141815271757267,0.0628907482164763,False,False
BANKINDIA,YESBANK,0.3714889143099602,364,27527,1e-07,6.316090277525262e-06,0.0001121580183579715,96167.23951584447,50,False,0.7417681445374317,2.7993685122881016,1.3304709583954156e-07,0.0008767452655384897,0.7476581488013,1.0720701588909825e-07,0.0010721324096268495,0.927091053138723,0.01545151755231205,0.47347406122265373,5.6447274684525326e-08,-0.00400882170415948,0.4734069587231205,False,False
BHEL,NBCC,0.3712428584542409,365,27527,1e-07,4.423084519571226e-06,0.00018132291110320594,90418.81947227052,50,False,0.41486974621116396,3.6824939108841406,2.589795171647922e-06,0.0011528294934054662,0.4611308707867477,1.1561525293335403e-06,0.0011018067225792598,1.5031463397307328,0.025052438995512214,0.6305701487864085,4.2711725689190725e-07,0.004202338268598662,0.16499882757924256,False,False
IRFC,TATAPOWER,0.3710475911921532,366,27527,1e-07,1.3487505818523576e-05,0.002249094939225761,57370.278066522515,50,False,1.311492992096791,-3.0793898149503978,-3.7142899569132277e-07,0.0017029674161480675,0.2477307202121932,-2.3772221429193604e-07,0.001198677124236475,2.7979863779761818,0.04663310629960303,0.7805701067330885,-5.21633601092534e-08,0.051318949208525595,0.9542095722699264,False,False
INOXWIND,IRCON,0.3709940369650644,367,27527,1e-07,1.2154174581084961e-05,0.0012196987965124488,65444.94497899576,50,False,0.7913042114457174,0.6427234268284496,1.1131869502232346e-06,0.001685552129648102,0.29982334741881406,5.987644427879338e-07,0.0013049599662305045,2.3118519172281444,0.03853086528713574,0.740949099692308,1.5511046797644777e-07,0.032684242986152454,0.10657266147805827,False,False
BHEL,IREDA,0.3709126423153575,368,27527,1e-07,1.2038729528532362e-05,0.0010930927068625086,66894.34025752259,50,False,0.6078700331323772,2.634546554853829,1.665389732097722e-06,0.0014929214767643187,0.2735130768645726,6.028617965686098e-07,0.0011030874594639647,2.5342378086849227,0.04223729681141538,0.7607023886887052,1.4426338786970408e-07,0.035128260477976396,0.1106700185333942,False,False
ADANIGREEN,AMBUJACEM,0.3706762812712839,369,27527,1e-07,1.237341943196866e-05,0.0023234297464376154,56967.15957693124,50,False,1.1329181916294044,-0.21278458443025727,-1.969820278697343e-08,0.0018588669007136055,0.24630894352645002,-1.1004185560804431e-07,0.0013047152867550521,2.8141372807500646,0.04690228801250108,0.781680692427771,-2.4024261720311433e-08,0.05034722174314932,0.9960905527677396,False,False
LAURUSLABS,ZYDUSLIFE,0.3706521113465602,370,27527,1e-07,2.647645329840196e-05,0.009375328653994727,38159.62322363779,50,False,0.6241060794994752,2.6920565845855218,-4.503491806715926e-06,0.0019198741399574302,0.14120270716407576,-8.945425159010434e-07,0.0010162035282790022,4.90888025081925,0.0818146708469875,0.8683132805342553,-1.177993693416422e-07,0.10434035897953717,0.4223267017544341,False,False
PHOENIXLTD,PRESTIGE,0.3706381143723766,371,27527,1e-07,0.00011823275799420794,0.07803201750474141,9252.092524161453,50,False,0.691442058961031,2.422791053263625,-5.119328222244845e-06,0.0022993984776762217,0.1136957345113281,-3.7890765882176477e-06,0.0010960113793048655,6.09650998376622,0.101608499729437,0.8925294804910654,-4.0721402939489206e-07,0.16449575995273877,0.15448370009845053,False,False
HINDCOPPER,VEDL,0.3706146596509931,372,27527,1e-07,6.042610904542766e-05,0.012930534555478277,33552.20287451452,50,False,1.2837040294869446,-0.8033437600261175,-7.399543630483651e-07,0.002944958468560393,0.19746687930625814,1.2431799215186878e-07,0.001850644978375521,3.5101946361593104,0.058503243935988505,0.8208073258855867,2.2276873454228016e-08,0.07178729882220912,0.5601875801753283,False,False
CGPOWER,NBCC,0.370599510175222,373,27527,1e-07,2.5210506982235036e-06,5.640572512098978e-05,104950.70270797313,50,False,0.48669444691237446,4.266796601057279,6.391916518316391e-07,0.0009122343681064019,0.8227964338937072,6.124703283551672e-07,0.001170204172580188,0.8424285181691604,0.014040475302819341,0.43920173699248827,3.434722962852181e-07,-0.005772310598422421,0.9139557441192465,False,False
MARUTI,TMPV,0.3704284359567293,374,27527,1e-07,2.715985900217799e-05,0.006076958578858433,43942.48690425131,50,False,0.2458910368400932,8.159786696887755,-1.4206687542792318e-06,0.001371308425598051,0.18142326801688435,4.6174363709805567e-07,0.0008269621222543556,3.8206079525336123,0.06367679920889353,0.8340822436327243,7.661146828417496e-08,0.06933350953431429,0.7589242745266076,False,False
MAZDOCK,TITAGARH,0.3702932416261129,375,27527,1e-07,4.025922200184189e-06,0.00024350368751664757,86465.28503649069,50,False,0.6388871651601464,3.55491228090823,-9.882430617092895e-07,0.0012382920807707243,0.4866704596377209,-2.761465589790468e-07,0.0012204167802300546,1.4242639281536142,0.02373773213589357,0.6146695580015334,-1.0640767562775172e-07,0.0040790538508223935,0.46904538255331735,False,False
PFC,RVNL,0.3701927367228034,376,27527,1e-07,1.8573539007671635e-06,3.067752808347287e-05,111657.941904765,50,False,0.3503591671337157,3.9613138860339556,5.972742803225335e-08,0.0006789419343208196,1.0480984508498294,5.428498850525958e-08,0.0009830050513019452,0.6613378542806937,0.011022297571344895,0.35060380600985613,3.525246492611428e-08,-0.01008685178907885,0.7729642673862585,False,False
CANBK,YESBANK,0.3698742259520958,377,27527,1e-07,7.896407756683953e-05,0.002006942203223039,57406.77193891052,50,False,0.7771220706386053,2.632062583323037,2.2346819671113517e-06,0.0009133395035776082,0.5985787062433499,1.2419367207294382e-06,0.00099449770799953,1.1579883703349598,0.019299806172249332,0.5495922132292862,5.593779696930244e-07,0.001249969109000189,0.17292092986690172,False,False
CENTRALBK,UNIONBANK,0.3693060227263405,378,27527,1e-07,0.0005592150366248218,0.10602851679345703,4573.302001620481,50,False,0.6748433912379017,0.11772412276183747,-2.968130340254117e-06,0.0013685868036568082,0.27354779412474906,-2.217828127113341e-06,0.001011896079559047,2.533916176431829,0.04223193627386382,0.7606759796443877,-5.307795438385227e-07,0.05508123517588984,0.8168508621454648,False,False
ADANIGREEN,ATGL,0.3692629323298539,379,27527,1e-07,9.118657824736425e-05,0.03390397285478842,20533.94276544751,50,False,-0.11876798355385731,7.576609368162396,1.5665982803690962e-06,0.0028729687798667754,0.1272056958994775,1.202366254937455e-06,0.0014491144869935317,5.449026285015531,0.09081710475025885,0.880552527923169,1.4361960966276558e-07,0.1253137563790028,0.4772503341019195,False,False
HEROMOTOCO,MOTHERSON,0.3691604258756783,380,27527,1e-07,1.3585805215874537e-05,0.0012440556101108674,65164.78930712772,50,False,0.2509640637117389,7.422281051399533,1.3898780247807375e-06,0.0011468647305167615,0.27035629546610646,8.187905361816614e-07,0.0008428967926178483,2.5638285188252348,0.042730475313753916,0.7631075541325101,1.9396529276922728e-07,0.03503470819393067,0.32710909003320476,False,False
HEROMOTOCO,TMPV,0.3690581208120288,381,27527,1e-07,5.145376592437634e-05,0.013542922075806804,33018.3963390285,50,False,0.2724503247619337,7.025825940460267,9.607092881871259e-07,0.0016095015508912633,0.14387073236391154,5.292386820122181e-07,0.0008632424102874597,4.8178470295589735,0.08029745049264955,0.8659996865563712,7.091814927613024e-08,0.10032397728288808,0.12272671027701204,False,False
BDL,CDSL,0.3688537701270125,382,27527,1e-07,0.0002146948846502265,0.14363745815148513,862.3572943511398,50,False,1.4100990839317151,-2.9257784191223335,-6.211578516615178e-06,0.0034849016747437647,0.1043879718194655,-5.347013511255104e-06,0.0015917711264400128,6.640105832870414,0.11066843054784023,0.900875715221222,-5.300188900056245e-07,0.17191265241422776,0.15396144909008352,False,False
COCHINSHIP,ZENTEC,0.3688477254447679,383,27527,1e-07,2.5588719037788132e-05,0.010372813276034187,36803.30940717779,50,False,0.9125757773512241,0.7253339590383859,-5.516466311570926e-07,0.0025679306723583283,0.1489230005102416,-1.1953436735741818e-06,0.001401453516129308,4.65439977830877,0.0775733296384795,0.8616354578353504,-1.6539318012350195e-07,0.11688461469968336,0.8595950653138564,False,False
ADANIPORTS,JIOFIN,0.3685282778521582,384,27527,1e-07,2.22058855263208e-05,0.004066663349960802,49352.042510003586,50,False,0.3642867680187572,5.252503690022526,1.4949471336191756e-06,0.0014633038982608674,0.17938516836292587,5.467985684856145e-07,0.0008760178072398904,3.8640161106162014,0.06440026851027002,0.8357839198686766,8.979311753812659e-08,0.07018978129278751,0.31577157036446124,False,False
IOC,PETRONET,0.3685053882570376,385,27527,1e-07,8.677304779796056e-06,0.0009443939790905704,68957.23699418924,50,False,0.3845449995563533,2.9082168594514624,1.332501723787827e-07,0.0011983136370557186,0.2681448357027388,3.764435616974046e-07,0.0008775405917964262,2.5849730752538433,0.043082884587564055,0.7647970031693512,8.854065384883281e-08,0.02864965389939094,0.8686897183539595,False,False
IREDA,JWL,0.3684127895203972,386,27527,1e-07,1.6422744748826669e-06,2.1535914221789062e-05,115504.83651563934,50,False,0.28800023092173654,3.2064362149287757,2.5522686555938437e-07,0.0006399687742159831,1.3102410359377306,9.713125278119448e-08,0.0010355241922713374,0.5290226466337659,0.008817044110562765,0.2697550278917944,7.092960897803843e-08,-0.010029329444435978,0.33948071158705095,False,False
CDSL,INOXWIND,0.3684056352631363,387,27527,1e-07,1.9080502795327813e-06,2.9982981151925265e-05,112539.13776859468,50,False,0.4208289964851361,5.2502399731254075,1.4397955920605946e-07,0.0006917150570187667,0.9951208486388348,6.383839435023746e-08,0.0009757220069833714,0.6965457326193689,0.01160909554365615,0.3696787666687251,4.0238695460729965e-08,-0.009767559456471866,0.015027374937039869,False,False
CANBK,NBCC,0.3682070840427761,388,27527,1e-07,6.555210081187467e-06,0.0003675843419293633,81304.39159684574,50,False,0.26190665924252277,3.7907697249556924,3.7582179930782275e-06,0.0010971948176689147,0.36995944861357094,1.841546250527653e-06,0.0009361934156015757,1.8735760991036332,0.031226268318393886,0.6907623414400508,5.694754506430251e-07,0.014112176592363546,0.3951361173124458,False,False
BDL,ZENTEC,0.3681303653941957,389,27527,1e-07,1.3274871070702988e-05,0.0018556179556467331,59822.22313532573,50,False,0.8169750175991636,1.3167160976993408,2.2761493420424642e-07,0.0018411175190512876,0.2751677435706394,-8.109076884409561e-09,0.0013659006542935807,2.518998671739316,0.041983311195655265,0.7594447205706474,-1.950681255843246e-09,0.037763940722037787,0.8504087521929604,False,False
BSE,IREDA,0.3680690282999973,390,27527,1e-07,3.232774963689829e-05,0.004033151097363108,49254.975964639416,50,False,0.05655933392014781,7.662409435001535,1.6723163544408863e-06,0.0020579621152073666,0.18372718222807233,4.289994836427327e-06,0.0012485508115572263,3.7726980414879345,0.06287830069146558,0.8321628016621725,7.200207142297093e-07,0.052934584901368355,0.48577687435715766,False,False
BAJFINANCE,JIOFIN,0.3680441023854173,391,27527,1e-07,2.2410095132158865e-05,0.004116904621246542,49187.79217731192,50,False,0.2823603833557506,5.277479469406227,6.493882247346375e-07,0.0014014016265053546,0.18838773228867722,6.940539408304846e-07,0.0008602245518088121,3.6793647449282765,0.06132274574880461,0.8282934888332105,1.1917358074156385e-07,0.06558123343308232,0.5491461197896651,False,False
JIOFIN,RELIANCE,0.3680054590225962,392,27527,1e-07,0.00047906613429203376,0.34855843481052123,-11311.280594749083,50,False,0.07092597369694563,5.048277172436348,-1.1119888908161531e-06,0.00236185252943739,0.07975198438261646,2.2168105438957262e-06,0.0009420565823831836,8.691284435438206,0.14485474059063677,0.9233453220507983,1.699288983167215e-07,0.18111097138943122,0.6124847736646298,False,False
HCLTECH,OFSS,0.3680030720073613,393,27527,4.306703898340224e-06,2.3204112290343338e-05,0.0003993223786087698,69663.39395311869,50,False,0.14668767909991426,6.021631625315371,,,,,,,,,,,0.7095967800587166,False,False
MANAPPURAM,MUTHOOTFIN,0.3679405491499131,394,27527,1e-07,0.0002698907468498888,0.29750547991392445,-9039.579572156375,50,False,1.8631842083067738,-9.589587715473693,3.5186762235002947e-07,0.005399943154612633,0.07348281839175569,-3.6328248402006715e-06,0.0020701779293045767,9.432778923429426,0.1572129820571571,0.9291521099819268,-2.5737797473346166e-07,0.22285690880745043,0.27589109708040155,False,False
ABCAPITAL,BANKINDIA,0.3677503398686217,395,27527,1e-07,0.00018968428942346343,0.03236412181700627,20842.699817342975,50,False,1.1684536997716697,-0.07083960474258351,-1.7323358365216436e-06,0.0020679630188603377,0.20074389110949478,-1.3847444615101767e-06,0.00131026822478747,3.4528930206990536,0.057548217011650894,0.8181219330256847,-2.518546459128601e-07,0.07049749144796724,0.5314171977677885,False,False
GMRAIRPORT,NBCC,0.3673064454044245,396,27527,1e-07,3.5353744101956767e-06,0.00011570246843229881,96189.6397917011,50,False,0.37349385455374934,2.8659760490098773,1.4774204320853873e-06,0.0008771705909654702,0.5823666001888348,1.0632116604749544e-06,0.0009458194186392296,1.1902248177268226,0.019837080295447045,0.5585748776875901,4.693283372691372e-07,-0.0014545478364660716,0.07815995930092043,False,False
DLF,RVNL,0.3672998216572605,397,27527,1e-07,9.95111794359431e-07,5.8835539739296065e-06,127960.35087885501,50,False,0.37942003464652074,4.24859817878175,,,,,,,,,,,0.37092958649853924,False,False
BEL,IRFC,0.3670158019136598,398,27527,1e-07,2.2480755394405546e-06,4.30156122185516e-05,108244.28161277343,50,False,0.4617458009372403,3.888789393879126,-8.968611535150595e-07,0.0007664165396676047,0.9600492679482159,-3.550832182159122e-07,0.0010591971232531909,0.7219912599291028,0.012033187665485048,0.38287402209292976,-2.1913107827988443e-07,-0.007117465642773065,0.6988136679507642,False,False
BANKINDIA,JIOFIN,0.3670027670750753,399,27527,1e-07,9.000050002626915e-06,0.0010230952080169408,67889.34997426113,50,False,0.6035724142030144,1.6863488860568723,9.408774885849363e-07,0.0014080365704322393,0.26249999034729626,1.0684308444984011e-07,0.0010195921311765843,2.6405607849466524,0.04400934641577754,0.7691263717927195,2.466725055579146e-08,0.03834000339025037,0.40934146971990815,False,False
HUDCO,PFC,0.3668778178690055,400,27527,1e-07,0.00012406938613149752,0.03805801489194512,18879.31998436425,50,False,1.206129517033624,-1.929149419022949,-1.85000458297776e-06,0.0022449753959898743,0.15218334005136389,-2.9025310232496e-06,0.0012387870820797324,4.554685028768582,0.07591141714614304,0.8588308082215624,-4.097479586639874e-07,0.09876128154634688,0.7066079043764483,False,False
BANKINDIA,NBCC,0.3668770308115784,401,27527,1e-07,8.033432601047752e-07,3.4710187642023737e-06,133707.8461643396,50,False,0.3945278691652409,3.246053413219227,,,,,,,,,,,0.5368896720847484,False,False
LICHSGFIN,RECLTD,0.3667351399064597,402,27527,1e-07,5.2359285660237365e-05,0.013807132897300615,32755.362288366043,50,False,0.5965008751292772,2.7544216189475383,-7.192900497320656e-07,0.0014391896630355958,0.16594439506389358,9.30761079833951e-08,0.0008288026886674142,4.176984587476201,0.06961640979127001,0.8470933354506501,1.4231957220976059e-08,0.09013062196178039,0.17698825906514126,False,False
IREDA,LTF,0.3665224967497851,403,27527,1e-07,0.0004986509247594238,0.13582106544256872,1332.1119642916944,50,False,0.5289369648476284,1.853153609999702,-7.738194269537164e-07,0.0019015018984173291,0.14270847843354345,-2.862837127007071e-07,0.0010158216213854612,4.857084793898426,0.08095141323164043,0.867006783233436,-3.807379185994186e-08,0.0971763869048896,0.3916549215963031,False,False
CDSL,KFINTECH,0.3665139304681098,404,27527,1e-07,1.3353230519061434e-05,0.0033643401471739735,52033.662321937314,50,False,0.40564261380980354,4.387103405878152,5.244694532692505e-07,0.00157228768922612,0.19971182257677592,1.3428075256332867e-06,0.0009942281066544331,3.4707368427999614,0.05784561404666602,0.8189667267962342,2.430928416480436e-07,0.06664276723953401,0.3109092800525696,False,False
ABCAPITAL,CANBK,0.3662651691116586,405,27527,1e-07,5.9701718969464486e-05,0.009062149744747696,38276.550614873406,50,False,0.2808010351520329,4.422616560458085,-2.19509273000885e-06,0.0017108210943569012,0.18402059998001272,-1.315696963204508e-06,0.0010373443992980247,3.7666825379073376,0.06277804229845563,0.8319186661422596,-2.2114410052799206e-07,0.0629404205617719,0.20287553591467578,False,False
IRFC,NHPC,0.366202920841743,406,27527,1e-07,5.953631013887645e-06,0.0002653575820035834,85510.18798080565,50,False,0.8617841411827665,0.9514194246391509,-5.530581992176116e-08,0.0011007669404360836,0.4711753662178902,-4.234651288752295e-08,0.0010685830301580285,1.4711023331372688,0.02451837221895448,0.6242680932772273,-1.5910936030289464e-08,0.005218676157317851,0.8637362738812023,False,False
BSE,JIOFIN,0.3661991882873839,407,27527,1e-07,0.00014115835460606262,0.03518548297584747,19871.32455041091,50,False,-0.0849772365673653,8.408361446151638,2.8581009981420832e-06,0.002708575224340748,0.1230930433899165,7.871528568982594e-06,0.0013458036560784325,5.631083296594536,0.0938513882765756,0.8841813914995248,9.116694856313009e-07,0.09875946734019474,0.2934144297276723,False,False
PNB,RBLBANK,0.3658907726022502,408,27527,1e-07,7.327890928951492e-06,0.0007006667431638869,72898.82615853817,50,False,0.5418487090675838,1.684552356913242,5.966241594546756e-07,0.001214016518850049,0.2789275813022188,2.567373963293542e-07,0.0009066325863821628,2.4850435275130374,0.04141739212521729,0.7565946928335302,6.249124481466615e-08,0.0270040796241905,0.8332909142594652,False,False
LTF,SHRIRAMFIN,0.3657491185715352,409,27527,1e-07,6.586810051282278e-07,2.0334859427068834e-06,132667.46525594802,50,False,0.24374514869068392,3.966082834372519,,,,,,,,,,,0.4062897890730286,False,False
JIOFIN,PNB,0.3656833365474388,410,27527,1e-07,4.709509750735811e-05,0.005989367449007442,43867.210303399035,50,False,0.791805937600504,1.7731799375044726,-1.3154443114583474e-06,0.0013231169289329007,0.21880548114958903,4.927282120036098e-07,0.0008725944978011592,3.1678693646895746,0.052797822744826244,0.8034779945696136,9.6831936355078e-08,0.04855154738935115,0.3198007158816373,False,False
LUPIN,ZYDUSLIFE,0.3653962137671607,411,27527,1e-07,7.872455211727737e-06,0.0004453776334875931,78542.54150095575,50,False,0.6900011609206234,3.010536235728616,2.643039142426561e-07,0.0007958510760875024,0.4791287127724102,1.2120933602530233e-08,0.0007787621014494069,1.446682618015413,0.024111376966923552,0.6193227648123502,4.614163491704289e-09,0.007565445714873377,0.46258388821906743,False,False
BANDHANBNK,BANKINDIA,0.3652880191960281,412,27527,1e-07,0.0003069852307666722,0.0531688926732287,14022.94060134797,50,False,0.9391459849340723,0.32047695274988314,-5.179431256556882e-06,0.001903905133489575,0.1915527764640064,1.1025648296685051e-06,0.0011649168715872264,3.6185702622284395,0.06030950437047399,0.82567604769435,1.9220345878101963e-07,0.07309201981675165,0.8018647769382845,False,False
CGPOWER,HAL,0.3651389762331444,413,27527,1e-07,4.233092034363695e-05,0.00815717494208273,39788.136974780726,50,False,1.1418725903296927,-3.020964622638989,1.1227600999118556e-06,0.0021432575015121603,0.19104434305768303,1.5958407361743262e-06,0.001324941853996936,3.628200497675347,0.060470008294589116,0.8260959557183867,2.7752315805006243e-07,0.07106421342115975,0.8713849969338172,False,False
JIOFIN,LT,0.3651089656223866,414,27527,1e-07,0.0004752870846060255,0.5627823151543994,-17793.08691011803,50,False,0.4833409477336153,1.56362904559536,3.170911779629814e-07,0.0021651849258166396,0.07167420485870424,2.405073500989137e-06,0.0008191623454482904,9.670803909529083,0.16118006515881805,0.9308341076456759,1.6634905487365214e-07,0.212565681443422,0.6364712578410022,False,False
BDL,IRCON,0.3650790133697436,415,27527,1e-07,3.7650375391009518e-06,0.00014881661188028512,92856.78763132126,50,False,0.6396290235342283,4.00470695228013,-4.4081599148216224e-07,0.0012128700154758329,0.5778850645823562,-1.1556944623614347e-07,0.0013035918096220634,1.1994550872514593,0.019990918120857657,0.5610837685335817,-5.0725305814628935e-08,-0.0002843329659357116,0.42879221664617073,False,False
ABCAPITAL,RECLTD,0.3650574566393236,416,27527,1e-07,0.00022269360916373531,0.06778375168817573,10939.014200534526,50,False,0.35457655346420835,3.7436169030230713,-1.7421656907953509e-06,0.0020853209890814056,0.12667963138686059,-1.5825249486466563e-06,0.0010496176850698982,5.47165454281421,0.09119424238023682,0.881015877224731,-1.8829534278470009e-07,0.1081535644555356,0.1831035334732955,False,False
INFY,TATAELXSI,0.3648648065484947,417,27527,1e-07,3.595090662111926e-06,0.00021112992420763358,87934.88876141248,50,False,0.1329378297603753,6.152318876894167,8.989386498442427e-07,0.0007937278456941633,0.632540213271488,2.2222223078815696e-07,0.0008898616449526934,1.095815200388603,0.018263586673143383,0.5312406211148021,1.0416875487873957e-07,-0.0021354332209987427,0.733188300922127,False,False
LODHA,PHOENIXLTD,0.3647961367165349,418,27527,1e-07,2.200964633380089e-05,0.009280722470977928,38339.073886675906,50,False,0.6495041932180343,2.0290629289153714,3.921090182340866e-06,0.0021921677009179986,0.16464973900641555,3.8754227516836465e-06,0.0012579745336942477,4.209828601871862,0.07016381003119769,0.8481907401962081,5.883250593598687e-07,0.11075709567281104,0.9543485819856193,False,False
JIOFIN,TMPV,0.3645109582938822,419,27527,1e-07,7.440960588114369e-05,0.020747578406758897,27183.376980575686,50,False,0.7103813331214339,1.4034344756770623,-9.01936545384997e-07,0.0015272805835427805,0.15322810149017646,7.686045813338615e-08,0.0008449546116358076,4.523629633330564,0.07539382722217607,0.8579340034657557,1.091925757879807e-08,0.09503445041118339,0.45769599602928557,False,False
LTM,TATAELXSI,0.3644750592542215,420,27527,1e-07,2.1037332247542817e-06,4.5125672554718784e-05,105928.47832631451,50,False,0.36467789601650585,5.452600541412608,7.740604487209992e-07,0.0006039734021028106,1.3335465969556664,-9.081898798542285e-08,0.0009698124605790008,0.5197772482358851,0.008662954137264752,0.2635409284291693,-6.688446757274694e-08,-0.009964619781527862,0.76536177907657,False,False
IRFC,SJVN,0.3644735382743992,421,27527,1e-07,2.956494695895365e-06,6.852874091699115e-05,102695.57657197252,50,False,0.5122237860228015,2.499847373549051,1.9436367742644554e-07,0.0008563710355602606,0.717768511964577,1.8239016110777643e-07,0.0010260716154413905,0.9656973926910758,0.016094956544851262,0.487839650598197,9.341300864040992e-08,-0.005945530584211851,0.8378109620458574,False,False
BDL,BHEL,0.3644213939346432,422,27527,1e-07,0.00018083432173801635,0.04513478982810351,16449.516834345242,50,False,0.9002341142298337,2.1858209911238213,-5.012340300927136e-06,0.0023582146874208732,0.15800895286517608,-1.190684214549452e-06,0.0013220474889956723,4.386758901892004,0.07311264836486674,0.8538421376007227,-1.7402785959111038e-07,0.0991645748369378,0.5951980962013081,False,False
COFORGE,TATATECH,0.3643564479003976,423,27527,1e-07,7.556362975221611e-06,0.0009834402791529988,68404.45835913798,50,False,0.3094131532559828,5.27440467727882,1.721929565971896e-06,0.0015611284030818818,0.269394899024853,6.531578558006849e-08,0.001142877945161533,2.572978118995487,0.04288296864992478,0.7638415557961049,1.5424874304544182e-08,0.035521132432029534,0.5105798146510139,False,False
RECLTD,UNIONBANK,0.364234791541381,424,27527,1e-07,3.755496772436569e-05,0.005852157104513827,44292.87941700704,50,False,0.6418166527268752,2.5486201636715755,-5.825490475055201e-07,0.0014804918655818326,0.20393501011814189,-2.53986979466537e-07,0.0009455707239184276,3.398863099368751,0.05664771832281252,0.8155153697126212,-4.685669400469216e-08,0.06454278109362029,0.7543606818131798,False,False
BEML,IRCON,0.3639014632505705,425,27527,1e-07,1.1419637127887926e-05,0.0011109292196501007,66679.37770562364,50,False,0.8959765348054456,2.9453397942998483,-1.1589267887100218e-06,0.0018234625095437179,0.33775181224238154,-5.440454652907726e-07,0.0014984355023400376,2.052238227703485,0.03420397046172475,0.7133723162047503,-1.5593849159560309e-07,0.02952550558213019,0.07712541039576312,False,False
ADANIENT,NBCC,0.3636163689002418,426,27527,1e-07,4.985757799381941e-06,0.0002262905973105953,87616.05506993053,50,False,0.35658667390587434,6.018131179639334,2.493905485663444e-06,0.0010208967026673996,0.43919576618717593,1.298205989106527e-06,0.0009531178548442623,1.5782191767862823,0.02630365294643804,0.6445545852843235,4.6144136618434445e-07,0.006778659162454983,0.19373865385309674,False,False
IREDA,KAYNES,0.3634963794400603,427,27527,1e-07,4.36492952482698e-06,0.0003471720723184588,81756.57778368932,50,False,0.4023935423916806,1.5304749567694742,1.2979789590395674e-06,0.0010658146327078186,0.4318301129233397,5.014532925425576e-07,0.0009891037850582238,1.6051385945912384,0.026752309909853975,0.6493196783374402,1.7584980192757379e-07,0.004696061823393131,0.7352585072673102,False,False
COCHINSHIP,IRFC,0.3634326361959878,428,27527,1e-07,5.3215342245429255e-06,0.000263877356802188,85583.8535038596,50,False,0.7083839824034907,3.9779029911562236,-6.997838076088181e-07,0.001303767912611195,0.46249703939369097,-4.553654710357211e-07,0.0012539136858202445,1.4987062003004914,0.024978436671674858,0.6297092718300933,-1.6861761185324972e-07,0.007588427314198931,0.05047509192584614,False,False
HAL,IREDA,0.3632272278328848,429,27527,1e-07,5.271947025041648e-06,0.0002745533748878059,85143.81030292198,50,False,0.4716111269699422,6.046179126462828,-1.2479772300885483e-06,0.0009994667067680213,0.4341135096739358,-5.336828949677889e-07,0.0009301316019219241,1.5966957146313427,0.02661159524385571,0.6478387153503288,-1.879424538874121e-07,0.009618832777850915,0.29955474570693497,False,False
BANKINDIA,IRFC,0.3631698634501251,430,27527,1e-07,8.99174870672434e-07,4.4743208712798534e-06,131448.8360390875,50,False,0.4231221018722781,3.0622257011241696,6.90881567759597e-08,0.00045664980361518416,6.888081882134198,3.2914782363043275e-08,0.0016947977310899874,0.10062992752130018,0.0016771654586883362,0.0010198681934596868,3.288121362341656e-08,-0.008014853250041002,0.5530058155166946,False,False
MAZDOCK,RECLTD,0.3630605320468285,431,27527,1e-07,0.0003319894184294535,0.10255256870168657,5247.922195716625,50,False,1.266879910192554,0.3520941777165483,-3.351656369663688e-06,0.0026036326525548984,0.14458493337851377,-9.579932869972436e-07,0.0013987430211887262,4.794048483221498,0.07990080805369162,0.8653814095149136,-1.289637059897438e-07,0.11417273997654165,0.2301044700472893,False,False
BEL,JIOFIN,0.3628918571686149,432,27527,1e-07,5.7858968076755803e-05,0.013253349279146273,33255.95715860429,50,False,0.9025445883732993,1.0343770501165772,-2.835184033407966e-06,0.0018103564862447857,0.18356928060231614,-1.1204318732323708e-06,0.0010964484068695538,3.775943220377798,0.06293238700629664,0.8322942118961205,-1.8790291031714073e-07,0.09204419119974463,0.44310868930706304,False,False
BHARATFORG,MOTHERSON,0.3628219236934565,433,27527,1e-07,2.1539963037111653e-05,0.00231986085559479,56754.90474804179,50,False,0.6919962350072351,4.0772468852005135,1.073622560293824e-06,0.001563872519327439,0.23877537958347844,6.281371096177701e-07,0.0010807038026024868,2.9029256775513304,0.04838209462585551,0.7875917716972749,1.3342149058510518e-07,0.03912312806320483,0.7129054155923197,False,False
INDHOTEL,JIOFIN,0.3627297758454614,434,27527,1e-07,4.365424460090957e-05,0.009545685298360598,37744.71651231576,50,False,0.6240953644594257,3.0274527622430565,1.6863980922113133e-06,0.0013986533968990262,0.1901580278728242,1.8159627166006136e-06,0.000862588440911799,3.645111323007174,0.060751855383452895,0.8268284616757149,3.1447305717327606e-07,0.07349993423790331,0.17072842545963884,False,False
JIOFIN,LTF,0.3624371114510952,435,27527,1e-07,0.00015980404394873996,0.041895566264498724,17496.408382085385,50,False,0.08184979921195355,5.101418638609128,-1.0976237695624468e-06,0.001723573010611411,0.13385484174279283,1.3002794590325714e-06,0.0008899220716411994,5.178349707303483,0.08630582845505805,0.8747170277875369,1.6290287533441418e-07,0.09708689839562387,0.6060348653810235,False,False
DIXON,KALYANKJIL,0.3623884636365798,436,27527,1e-07,5.479074186214898e-05,0.01634928864276946,30475.304738894134,50,False,0.27612318703059285,7.635640901130871,6.352139543615884e-06,0.0024699524922930064,0.13862040007943366,4.354958787578926e-06,0.0012996638287090935,5.000325927228252,0.0833387654538042,0.8705584296548955,5.637127042524287e-07,0.10384691868919639,0.046251376678166256,True,False
BDL,JIOFIN,0.3621838051167453,437,27527,1e-07,0.00012983597739395203,0.03219726964266017,21089.38592922331,50,False,1.530406527852893,-1.3083248820903892,-6.883295431873617e-07,0.0026517424065683097,0.16267140769593888,-1.6747599710148085e-06,0.0015120827776519642,4.261026509683606,0.07101710849472677,0.8498704034121388,-2.514310388299513e-07,0.09716543951979759,0.3121403160410775,False,False
BANKBARODA,MAHABANK,0.3621264959377001,438,27527,1e-07,5.819065881347976e-05,0.0045130050892648885,47418.90196678772,50,False,0.8500786412921532,2.12571965258441,6.761151165724682e-07,0.0013249692829557234,0.3499367652099886,7.534472602207174e-08,0.0011079878679531704,1.9807783847576128,0.033012973079293545,0.7047326519310165,2.2246837443521253e-08,0.025690656397981244,0.7126648725270552,False,False
GLENMARK,LAURUSLABS,0.3621003367537788,439,27527,1e-07,0.00015071024283664662,0.08437386797222837,8132.529821098158,50,False,1.0380129564623084,0.4272585019637096,4.890565217129054e-06,0.0024014341241286865,0.12364898304985798,2.371241496982418e-06,0.0011929727645028536,5.605765316164818,0.0934294219360803,0.8836899766085784,2.7579915398073463e-07,0.13678121905618987,0.5253055197132019,False,False
AMBUJACEM,ULTRACEMCO,0.361821385726686,440,27527,1e-07,0.0018639425809060255,3.7256907773757058,-43711.73147498823,50,False,0.3230889200936066,3.1814257876978873,2.68743887385243e-07,0.0028509372814813465,0.0518665195864168,-1.2644045351588858e-07,0.000918209942513865,13.364058087704654,0.22273430146174425,0.9494555921101446,-6.390857856285369e-09,0.2677118641592586,0.8836896283817629,False,False
BEL,SOLARINDS,0.361516134433656,441,27527,8.381654060305746e-07,8.806208544361887e-06,0.00010151176732983412,88995.3652417185,50,False,0.5276005466115036,1.050205281848795,,,,,,,,,,,0.013621151374723934,False,False
CGPOWER,RVNL,0.3613712435106703,442,27527,1e-07,1.680355847375517e-06,2.3793465277886488e-05,114287.33037774099,50,False,0.43685842471042885,3.988354987579439,-5.07002114296417e-08,0.0007241162114516209,1.463400234827413,4.654824611063311e-08,0.0012387289849177113,0.4736552339296925,0.007894253898828208,0.23144795785100378,3.577474960678115e-08,-0.008775670761354727,0.908083647607506,False,False
JSWENERGY,NHPC,0.3613113285638066,443,27527,1e-07,6.749029378575821e-06,0.0003271695517240187,82785.18713056706,50,False,0.6835181694532424,3.2133403270078946,3.4620503597804694e-07,0.0011507292623380919,0.46007252178011704,2.4749347327064587e-07,0.0011038122418871072,1.5066041716162781,0.025110069526937968,0.6312378653532442,9.126622151442317e-08,0.007543684633482562,0.25371233350966793,False,False
KAYNES,NBCC,0.3613021246247626,444,27527,1e-07,5.401384633478039e-06,0.00026354564326576125,85586.69829780025,50,False,0.7876911475267538,4.623092031501311,1.3203913400095942e-06,0.0013855428748370474,0.4299130796247375,1.0472840063961375e-06,0.0012845544721875378,1.6122960975390177,0.026871601625650294,0.6505656396753602,3.6595701685326034e-07,0.0065395112840036605,0.8418660315873232,False,False
JWL,RITES,0.3608175515569184,445,27527,1e-07,0.00017927472239931993,0.03925174464418567,18303.452840468686,50,False,2.263765557284367,-6.491286670290966,7.714253713654392e-07,0.004001100484820018,0.22809408516348856,7.355068402005572e-07,0.002702448965999933,3.038865212410596,0.0506477535401766,0.7960493598778525,1.5000709087312168e-07,0.0672161517210788,0.2508755493681082,False,False
CONCOR,IREDA,0.3607942150465507,446,27527,1e-07,2.3111524758633774e-06,4.711020453982267e-05,107235.2380071197,50,False,0.46819427919007645,3.9307658948364272,-9.577906671668072e-08,0.0006574626028815627,0.9547170396386583,1.8709493835519798e-08,0.0009083435817599084,0.7260236821815687,0.012100394703026145,0.3849210465431966,1.1507815888058032e-08,-0.007565914236497742,0.4482144435034519,False,False
CDSL,PFC,0.3607696218366206,447,27527,1e-07,1.7181291884450597e-05,0.003213610007191938,52565.5726086279,50,False,0.780350106903924,2.530006288038446,1.0921521646388215e-06,0.0016284620862262184,0.20656526658080618,5.070968159500274e-07,0.001046290471609969,3.355584373081393,0.055926406218023215,0.8133731736385869,9.463786941873125e-08,0.05988970025672301,0.2929837667876363,False,False
UNIONBANK,YESBANK,0.3606829545230711,448,27527,1e-07,2.4802051180922806e-05,0.0005866174742529567,74162.08504594372,50,False,0.6807857007918584,3.102474848535315,8.207160419125095e-07,0.0009747855914716113,0.5889783808375257,5.268086540085027e-07,0.0010576667887570318,1.1768635371204827,0.01961439228534138,0.5548938854866867,2.3448575307771303e-07,-0.00020023570286122332,0.7166166202843502,False,False
GRSE,IRCON,0.3606086415473282,449,27527,1e-07,2.9221251152235013e-05,0.0039998225904222555,49403.111852085865,50,False,1.209421562606045,1.734158273908597,-1.1793603629801534e-06,0.002569538460486954,0.23931681452447076,-7.795216267519611e-07,0.0017777538293414087,2.8963580429450735,0.04827263404908456,0.7871654574139789,-1.659091288656647e-07,0.049088531697575086,0.8349213872956573,False,False
CAMS,IREDA,0.3605812008981326,450,27527,1e-07,2.1885923097102752e-05,0.002484130509006111,55856.42905562769,50,False,0.6534886254506196,3.387666380472281,3.62782902446995e-07,0.0013854228175592634,0.2839922293060008,7.112945793499292e-07,0.0010440885808073123,2.4407258686401634,0.04067876447733606,0.7527724942481725,1.7585158470747834e-07,0.04179234024671845,0.06087646225546635,False,False
IOB,MAHABANK,0.3602551640622758,451,27527,1e-07,1.6409565865760206e-05,0.001022528679671336,67585.66450832109,50,False,0.39816421304772226,1.8802427782123676,1.15794494509805e-06,0.0010814604026227821,0.45005578217938963,8.201116355106555e-08,0.0010230730332737021,1.5401361520196197,0.02566893586699366,0.6375925843258555,2.972145383897126e-08,0.013186121824205326,0.557681215715052,False,False
CDSL,TATAPOWER,0.360233451986118,452,27527,1e-07,5.352581521374283e-06,0.000400717401409155,80202.24447452553,50,False,0.5952713524243294,3.6556163991992023,8.590683159804573e-07,0.0010926009232455336,0.39326894338015717,6.052216147849776e-07,0.0009686594304778917,1.7625271260993218,0.029375452101655364,0.6748472274834633,1.9678948603427087e-07,0.011675105346102842,0.5613163918420254,False,False
KPITTECH,TCS,0.3600007679060498,453,27527,1e-07,0.005105973559482175,5.426537680746795,-49004.26261522867,50,False,-4.999893189922353,46.55676361648529,-6.3917500802722005e-06,0.014211349068795424,0.06474630895839983,1.615256335812982e-05,0.0051168383943716944,10.705586028159527,0.17842643380265877,0.9373052191552176,1.0126814198194117e-06,0.23089850413890947,0.7763026192471797,False,False
CDSL,HDFCAMC,0.3595660988537721,454,27527,8.764552333128233e-07,6.425070294027913e-06,0.0001573706258785363,86718.04558479185,50,False,0.3490658422021097,4.444957931218019,-2.632717810771721e-07,0.0005213207389860612,1.8061189393121766,-1.6270922138530175e-07,0.0009905221207640999,0.38377715081373115,0.006396285846895519,0.16429052256653032,-1.3597763837751725e-07,-0.00996876186271581,0.4082083098250863,False,False
CDSL,SUZLON,0.3592805044529604,455,27527,1e-07,3.19404097914973e-06,6.799010600758637e-05,102880.48250659721,50,False,0.5352461697942539,5.138688425647228,2.90045728568508e-07,0.0008145774689234151,0.7243735554794553,1.6707074852864617e-07,0.0009802685274295784,0.956891889987837,0.01594819816646395,0.4846280664800052,8.61035747038412e-08,-0.007038635296585585,0.13073239363455913,False,False
IRCTC,RVNL,0.3591724349370344,456,27527,1e-07,5.770153102734495e-07,1.4451211428994636e-06,137977.21918965923,50,False,0.29771528373913386,4.690179326142021,,,,,,,,,,,0.6351894215249921,False,False
GRSE,NBCC,0.3590974408626138,457,27527,1e-07,1.1565811071107883e-05,0.0008972563075320491,69450.5603205564,50,False,0.7699423414734368,4.263347117747219,3.0146452929981312e-06,0.0017917325642562137,0.31949353751163917,1.830100274033783e-06,0.0014304973335720354,2.169518626130877,0.03615864376884795,0.7265168974678102,5.005015008877697e-07,0.02526867429006978,0.5524683495415568,False,False
AUROPHARMA,LUPIN,0.3589066061554236,458,27527,1.701514723847962e-06,1.5936094311137223e-05,0.00011685774500029276,85960.55878035382,50,False,0.8075740284911401,0.8819887881689168,,,,,,,,,,,0.4092304242513205,False,False
ADANIPORTS,GMRAIRPORT,0.3588273913373008,459,27527,1e-07,3.92761136822e-06,0.00013862027932914098,93922.62500948673,50,False,0.5108986792428463,4.944230648390516,1.4677227975710618e-07,0.0008411387139831468,0.5202013928367144,1.823192463535812e-08,0.0008579393809034927,1.332459293851827,0.02220765489753045,0.594400827846346,7.394853538869065e-09,0.00043936955723253003,0.18153495143310472,False,False
HCLTECH,TATAELXSI,0.3588269871092244,460,27527,1e-07,1.966949516021525e-06,3.7047029749959596e-05,108038.06895471949,50,False,0.0883523919501148,6.575203310410499,9.531455665133877e-07,0.0005344863278770167,1.4336740131833745,4.1599486328440573e-07,0.0008972923374846287,0.4834761418468203,0.008057935697447005,0.2384313112728634,3.1680866254872934e-07,-0.009352781791282225,0.6747321386912489,False,False
JSWSTEEL,NATIONALUM,0.3588174019527576,461,27527,1e-07,3.827406561376149e-06,0.00017379660024856934,90903.6365559498,50,False,0.30268976148801335,5.297094699921921,4.3816216819741604e-07,0.0007974770746142902,0.5320932416413374,2.334977934518863e-07,0.00082233969598256,1.3026799183199695,0.02171133197199949,0.5873741658798217,9.634722178830568e-08,0.0013813909831321169,0.3770369365137272,False,False
ANGELONE,IREDA,0.3586341465564278,462,27527,1e-07,2.0954891741796944e-05,0.002352975586744143,56557.51141575107,50,False,1.1011684083965596,0.16687644473897958,-1.1697747608824723e-06,0.0020383856017318893,0.23930438050109695,1.9153050629085365e-07,0.0014099017526959159,2.8965085348981647,0.048275142248302746,0.7871752451085255,4.076243305559093e-08,0.04304932776173184,0.8463410235559962,False,False
CGPOWER,MAZDOCK,0.3584833948790364,463,27527,1e-07,5.425268824984062e-06,0.0005816431959763216,75180.73178778424,50,False,0.6428154469342443,1.490043830244891,-2.4687373469001747e-08,0.001378213081303814,0.39420089437159384,4.718998955955689e-07,0.0012238188367136925,1.758360243359949,0.02930600405599915,0.6742185959131483,1.537362105755632e-07,0.018472720438792875,0.7822009342632451,False,False
HAL,IRFC,0.3584362203377386,464,27527,1e-07,1.5720093253420895e-06,1.801722746744006e-05,118193.84824280783,50,False,0.41079491818113534,6.401594729710171,-2.409236809088462e-07,0.0005899429359813644,1.3719963825148462,-1.1718462142303719e-07,0.000976945368746931,0.5052106473410799,0.008420177455684665,0.25360017090216774,-8.746658140304913e-08,-0.009892843687754158,0.11171143044082704,False,False
DLF,PFC,0.3582978856519603,465,27527,1e-07,4.043329815588069e-05,0.010408339383057495,36617.39948457936,50,False,0.9958989976234232,0.48006660062811896,-9.042620117596414e-07,0.0020107061722590344,0.16600830875284123,-1.2346355707143644e-06,0.001158739326492478,4.175376436079029,0.06958960726798381,0.8470391963208327,-1.8885084914735658e-07,0.08216022105338756,0.6316237545257143,False,False
JINDALSTEL,VEDL,0.3581503694026211,466,27527,1e-07,1.888910854676221e-05,0.0029658290512786832,53594.10703845254,50,False,0.5871222873153743,3.7835507024059254,6.512754395084796e-07,0.0014716040270921795,0.218174042917263,1.0042720463364196e-06,0.0009721079012029258,3.1770377964843592,0.05295062994140599,0.8039855015069967,1.9685188151317548e-07,0.04825200373454946,0.40673526153758677,False,False
CHOLAFIN,SHRIRAMFIN,0.3579035902057069,467,27527,1e-07,1.684494597173043e-06,2.3023946602934173e-05,113719.92140182256,50,False,0.04933057086961628,7.055055713629628,8.566894169641569e-07,0.0006240149233206684,1.414853867783571,4.559663808571704e-07,0.0010461323643763851,0.4899072592180774,0.008165120986967957,0.2429611153009821,3.4518428042435995e-07,-0.009644712666621764,0.5724143943699312,False,False
NBCC,TITAGARH,0.3578757520170532,468,27527,1e-07,0.0001881466865377408,0.09030151838922325,7152.524848910275,50,False,1.0346960466579094,-2.263288238022251,-1.694013422075502e-05,0.0026156802967390383,0.13258207450597126,-9.929959547009403e-06,0.001337900777640226,5.228061056841641,0.08713435094736069,0.8758310477556663,-1.2329926727807757e-06,0.1283301878165468,0.1334418772275538,False,False
CDSL,HUDCO,0.3577023052178679,469,27527,1e-07,5.479609514226531e-06,0.00035123680195767154,81958.62227161281,50,False,0.5428932092738232,4.326818082807882,8.356449867107826e-07,0.0010253003510278865,0.4361865734621363,6.451256157449783e-07,0.0009573380754389308,1.5891070994190397,0.02648511832365066,0.6464970954812038,2.2805377894532667e-07,0.00785868849152685,0.033483492507529265,False,False
ABCAPITAL,CDSL,0.3576008146540296,470,27527,1e-07,9.021718875705066e-05,0.05526190808496116,13975.758550277425,50,False,0.7762877491643185,0.24408911744585168,-3.2987037256864356e-06,0.0022479518294386876,0.11408917219887876,-4.593169313231502e-06,0.0010746558811879508,6.0754861061806995,0.10125810176967832,0.8921783948258851,-4.952428881891074e-07,0.14825489301865583,0.02426293855261715,True,False
BAJAJ-AUTO,TMPV,0.3574754733117714,471,27527,1e-07,0.0002542052260118697,0.07778014268913591,9049.581677124008,50,False,0.6407146098387755,5.398369150023519,-4.692066011881761e-06,0.0015240978284431445,0.13439909835946348,-2.0747469348104238e-06,0.0007894680636366439,5.1573796924296,0.08595632820716,0.874241086786217,-2.609179197153863e-07,0.11592522989366875,0.0434805509953385,True,False
EXIDEIND,NBCC,0.3574689589827151,472,27527,1e-07,1.3640362303659056e-06,1.2726629808627591e-05,122203.63184967928,50,False,0.3883596736839655,4.0256333503182695,1.6365848877583739e-07,0.00047833163295287465,2.0901283565262285,1.8272146424812126e-07,0.0009779891876288275,0.33162900182453325,0.005527150030408888,0.1236712607852159,1.6012407039203533e-07,-0.008808484371078762,0.12633510359058753,False,False
CDSL,LTF,0.35709494685727,473,27527,1e-07,0.0001520043984175155,0.039736360864236354,18223.114508983996,50,False,0.45783323101974316,4.599119465251606,-1.8739180637800084e-08,0.0017332217648489048,0.16233238240033096,1.6018519082412264e-06,0.000988179233593383,4.2699255090741035,0.07116542515123506,0.8501585798236704,2.40023764843029e-07,0.08949141624114455,0.23630484810457747,False,False
LTF,RECLTD,0.3568560686579949,474,27527,1e-07,5.479776551588967e-05,0.014573094574676114,32012.722284824198,50,False,0.5712698717083017,2.300581483327841,2.455035759969574e-06,0.0020537257167428415,0.15300989578194332,3.9259697184669777e-07,0.0011350029288311873,4.530080731168915,0.07550134551948191,0.8581212299888044,5.570117547572948e-08,0.09373761588667376,0.19741158595502772,False,False
BHEL,RVNL,0.3568242292535681,475,27527,1e-07,4.691283615148468e-06,0.00029391025006117406,84178.23262345644,50,False,0.39486502856878547,3.3152708226373866,2.061772808009861e-06,0.001249333418206724,0.40070921612525867,7.284501371548526e-07,0.0011150452156518866,1.7298009445913836,0.028830015743189726,0.6698448127913664,2.4050159140451516e-07,0.010577166021935015,0.23601968659975775,False,False
DIVISLAB,LAURUSLABS,0.3568156536462744,476,27527,1e-07,0.0002782113430284189,0.16242897001646697,-864.3328229115097,50,False,0.5892363363699258,4.647671719864535,1.0360227904480526e-05,0.0017528353907242512,0.11169992012263896,8.152657801518362e-06,0.000826869960275571,6.205440252767563,0.10342400421279271,0.8943125824489486,8.616333492199076e-07,0.15653583837672938,0.40756884916221514,False,False
BANKBARODA,IREDA,0.3564424572469104,477,27527,1e-07,2.4741869153965372e-06,5.547782436424781e-05,105215.31324531087,50,False,0.5123577196951546,3.1943617148566403,-3.6492113413689316e-08,0.0007394092918113921,0.8101011394042898,-3.192682565932471e-08,0.0009411897479232725,0.855630422973671,0.014260507049561184,0.4448130758183195,-1.7725356136685236e-08,-0.007218635899222358,0.5236373485414124,False,False
GLENMARK,ZYDUSLIFE,0.3564418672976064,478,27527,1e-07,3.7252542694967546e-05,0.01504536046433235,31721.60970870309,50,False,1.2134253103738666,-0.6253226631617433,-3.635349589396883e-06,0.0018754386317604034,0.16038392694897655,-2.1334624419142484e-06,0.0010613266365208176,4.321799532820133,0.07202999221366889,0.8518166907961433,-3.1614352470499425e-07,0.11012187370130642,0.30750577074295393,False,False
NBCC,NHPC,0.3562257900677917,479,27527,1e-07,3.7682119072432764e-05,0.0032761297046113866,51889.83347276303,50,False,1.2914812861865146,-1.03678550905154,-5.216651959043863e-06,0.0016208210753652975,0.31308416583307547,-3.441920275071575e-06,0.0012790960594202929,2.2139324060530896,0.03689887343421816,0.7311883689007777,-9.252282032554741e-07,0.031068488013086898,0.6630349549066434,False,False
EICHERMOT,TMPV,0.356220146478998,480,27527,1e-07,5.7274857687447026e-05,0.015362223723773834,31296.00119346581,50,False,0.3715173265534082,6.7199670960538045,-3.3161596615626245e-06,0.0014919062312841265,0.13433620518505301,1.9018030539299368e-08,0.0007732421763540652,5.159794261011839,0.08599657101686398,0.8742960723124541,2.3906411356716274e-09,0.10357563506242588,0.28656807335873535,False,False
GRASIM,ULTRACEMCO,0.356206688558053,481,27527,1e-07,0.0009192856944263061,1.8141794745099282,-33810.2745000479,50,False,-0.6400209908672241,13.939482284605498,2.5936727383480495e-06,0.004136671195814706,0.04478175922263799,5.260603755050202e-06,0.0012378077361294992,15.478337443463964,0.2579722907243994,0.9562061422349672,2.3038213260686576e-07,0.2743912200683927,0.5549947492559048,False,False
CANBK,IRFC,0.3561877010491867,482,27527,1e-07,1.8804014337557354e-05,0.0018541476649651353,59764.53793063857,50,False,0.29230714866230084,3.612823627518011,4.52046759717269e-06,0.0013581855796447398,0.252281146914179,2.105823942792928e-06,0.0009591227011237107,2.747518746597977,0.04579197910996628,0.7770262488245038,4.6954346383971275e-07,0.037908904861845144,0.2648038122152452,False,False
AMBER,PGEL,0.3561411478118175,483,27527,1e-07,1.146051841968545e-05,0.0020815350920173497,58446.93784276893,50,False,0.4193419432987149,6.159496274177057,-1.3591854300719547e-06,0.001702136495159139,0.2352383580554701,-5.95096666289623e-08,0.0011658680847879091,2.9465737913223258,0.04910956318870543,0.790382433154491,-1.2474271522550462e-08,0.052206250221733926,0.8406147331153386,False,False
JWL,MAZDOCK,0.3561338296473642,484,27527,1e-07,0.0006177030425665641,0.5784943895181864,-18224.524527497386,50,False,2.3080926225842586,-12.273651448693272,1.8673337885906546e-06,0.0071014804542323786,0.07777243850746288,-4.948791540925926e-06,0.0028003977351492996,8.912504144941172,0.14854173574901955,0.9251749367800907,-3.70293639911935e-07,0.21561336314778687,0.01656223953919111,True,False
ADANIENT,MAZDOCK,0.3560593726163176,485,27527,1e-07,1.9272606385768202e-05,0.008272682306121711,39908.26719771011,50,False,0.43899296573742624,4.231109543918724,4.790158378725711e-06,0.0020065366018572096,0.12926174525685613,1.5946241087372955e-06,0.0010182419619148514,5.362353565492961,0.08937255942488267,0.8787439283860826,1.933578551263287e-07,0.12452423170350108,0.3916854475740259,False,False
ADANIENSOL,JSWENERGY,0.3558355961689901,486,27527,1e-07,6.651380283128058e-06,0.0006737933766613968,73372.21450225778,50,False,0.6603697066583537,2.8022693662783484,3.6745488929584365e-07,0.0015215838871397028,0.3103523509935673,1.0534288374935307e-07,0.001198742344631967,2.233420105698868,0.03722366842831447,0.733188570984356,2.8106685349793757e-08,0.026663552388552694,0.2556779611093355,False,False
BEL,BEML,0.3556937779359168,487,27527,1e-07,3.414669417135516e-06,0.00017066775651613153,90811.25555402857,50,False,0.42011328924940955,2.93488050017322,-1.112946318255284e-06,0.0008973415343890212,0.7314991140917947,-4.638808191076222e-07,0.001083021666804694,0.9475707724137631,0.01579284620689605,0.48118709476911553,-2.406673554421079e-07,-0.002380992560297746,0.5072532729574198,False,False
GRSE,IRFC,0.3556605973340428,488,27527,1e-07,1.2300263908108716e-05,0.0010382606007135024,67510.52011754208,50,False,1.0449667417563349,2.877607341869197,-4.296512672050033e-07,0.001913918254089674,0.310596299546079,-2.91053474972157e-07,0.0015085302080799345,2.2316659328296744,0.037194432213827906,0.7330097325083268,-7.77084451371972e-08,0.02834046200415205,0.8063123926165978,False,False
EXIDEIND,IREDA,0.3555651018897553,489,27527,1e-07,8.14707313324293e-06,0.0005920488341370298,75098.35049917776,50,False,0.5303599070662135,3.2314985262249047,-9.70170554509619e-07,0.0009294137344402384,0.4190711483211916,-5.7665347625881064e-08,0.0008491982443970203,1.6540083547548154,0.027566805912580258,0.6576574023831203,-1.9741304898724488e-08,0.017589871481436654,0.34941755000902663,False,False
DLF,MAZDOCK,0.3555613245090387,490,27527,1e-07,2.7198332738399226e-06,9.153050469980475e-05,98197.72480674247,50,False,0.5368730749607924,2.2451950079939045,1.4561516697080965e-08,0.0008165073623712388,0.8406049556163366,5.606351665971299e-08,0.0010586960853547409,0.8245813636105983,0.013743022726843305,0.43144943670420244,3.187494397722315e-08,-0.007784339427095299,0.7242890281869114,False,False
MAZDOCK,RAILTEL,0.3552863733308314,491,27527,1e-07,4.338264416890032e-06,0.00024851782820088804,86322.43940669014,50,False,0.5955635338963744,4.3478409002283716,-8.239805084907898e-07,0.0012523493652116925,0.49014069136522037,2.395760365481523e-08,0.0012381305509069432,1.4141800360000267,0.02356966726666711,0.6125402090035458,9.282608104870597e-09,0.005778168617226636,0.5526718031470514,False,False
IREDA,JSWENERGY,0.3551721830486309,492,27527,1e-07,1.2675057133442725e-05,0.0022498945454743594,57391.06642511527,49,True,0.7137218595628357,0.4275219048135222,1.311172214927925e-06,0.0016116429316924725,0.226110453398606,4.480630715069527e-07,0.0010833833526161124,3.0655247032653055,0.05109207838775509,0.7976299958560984,9.06745256375913e-08,0.05007207353182956,0.7284114419238107,False,False
OBEROIRLTY,PHOENIXLTD,0.3550690178259847,493,27527,1e-07,2.860045746196017e-05,0.013885871676572827,32868.63968134879,50,False,0.4774203861993554,3.788965500273056,3.78507924347522e-06,0.001975424313827218,0.13734497070395943,3.253304524944673e-06,0.0010351208634883592,5.04676055488039,0.08411267591467317,0.8716694738277186,4.1749828148481374e-07,0.11799504340473226,0.22937904268411652,False,False
CANBK,LTF,0.3549413617069317,494,27527,1e-07,0.00015954669705893184,0.041828977602070626,17516.829931469852,50,False,1.103062981141848,-1.246981725400029,2.967088677746189e-06,0.0022635760713771522,0.166300588176102,1.8996524702462225e-06,0.0013051369471393606,4.168038057844663,0.06946730096407773,0.8467916603696475,2.910426008411214e-07,0.09059965268323719,0.07775227503783523,False,False
INDHOTEL,IREDA,0.3549078042158365,495,27527,1e-07,7.023608253996351e-06,0.0004609230949543634,78391.18465843458,50,False,0.44995212246267435,4.321873403699346,1.2708875063798305e-07,0.0010036083095360958,0.37554206941190493,8.573075899799481e-07,0.0008687445490438958,1.8457244527767733,0.030762074212946224,0.6869168212538487,2.684085854341243e-07,0.015080713249675646,0.33831461873476526,False,False
AUROPHARMA,ZYDUSLIFE,0.3548557618981131,496,27527,1e-07,3.998563495029578e-06,0.00023921083414095909,86709.43956859196,50,False,0.8631927742512535,1.2316973131252755,-1.0297596318168578e-07,0.0010021004952511239,0.5014793303436456,-1.3116399108572504e-08,0.0010035766322809656,1.3822048858623082,0.023036748097705135,0.6056340638476143,-5.1726610134005126e-09,0.002287502422461868,0.7398032695671233,False,False
BANKINDIA,IDBI,0.354848740179191,497,27527,1e-07,5.9729057486620414e-05,0.006652458480429445,42340.14217951033,50,False,0.452256374283142,2.9771142564788313,3.1108962476133103e-07,0.0015820718315662779,0.22528890195886797,3.3093501580257943e-07,0.001061984096513048,3.0767036215858354,0.05127839369309726,0.7982855591801961,6.675437166031029e-08,0.05259608128783957,0.4877233849601636,False,False
BIOCON,LAURUSLABS,0.3546501672904937,498,27527,1e-07,2.6192302015435233e-05,0.009716085214333673,37686.46198156337,50,False,0.709976889040958,1.01079004304727,1.82161254805363e-06,0.001728054932858333,0.1603517069510074,1.5319218663735667e-06,0.0009785485743840129,4.3226679262711185,0.07204446543785198,0.8518441367703431,2.2696320651296289e-07,0.09271286257737114,0.9224999084198463,False,False
CANBK,IDFCFIRSTB,0.3546490953157672,499,27527,1e-07,9.943991972014447e-05,0.009444484789611473,37418.22997226785,50,False,-0.1681387170029219,5.713134544090469,4.080780991531903e-06,0.0016909230172762744,0.2274742275295839,1.7877495445840243e-06,0.001137039840985564,3.0471459913840078,0.050785766523066794,0.7965429501125711,3.6373024827866006e-07,0.04065905793804817,0.640987810071712,False,False
LODHA,NBCC,0.3545987845415033,500,27527,1e-07,4.892185638417227e-06,0.00021939001629648751,87982.2985285254,50,False,0.4379299804841872,4.8633447139737855,1.8247868823200162e-06,0.0012190103729862486,0.5095538879594743,1.5247485398664264e-06,0.0012303451046635195,1.3603020150345166,0.02267170025057528,0.6007635268832431,6.087352294461969e-07,0.003912389510940809,0.9105245345629478,False,False
