symbol_a,symbol_b,pearson_rho,stage1_rank,n_obs,Q_beta,Q_alpha,R,log_likelihood_final,em_iterations,em_converged,beta_mean,alpha_mean,spread_mean,spread_std,ou_kappa,ou_mu,ou_sigma,half_life_minutes,half_life_hours,ar1_phi,ar1_c,hurst_exponent,adf_pvalue,tradeable,skipped
PFC,RECLTD,0.6613012626349547,1,27527,1e-12,3.0230550738393723e-05,0.009180840400580845,38457.80215114404,15,False,0.9724185855097056,0.266157309170965,-1.1722555443753047e-06,0.0012630049646441585,0.207224806239789,3.56291766090953e-07,0.0008126690265400708,3.344904469389992,0.05574840782316653,0.812836898639774,6.668467193069495e-08,0.08548348428081139,0.8766421542216445,False,False
BDL,MAZDOCK,0.6481262601604594,2,27527,1e-12,2.4660370007154254e-05,0.02276763832815617,26297.139299692637,15,False,0.9769098953853939,-0.39235380528984554,-2.087353651048667e-06,0.0022720041654484967,0.11151120930345809,-1.385296843580944e-06,0.001073028073400613,6.2159417415487574,0.10359902902581263,0.8944813648340165,-1.461746322344061e-07,0.19142210237742072,0.7462999564833916,False,False
GRSE,MAZDOCK,0.6223135583329398,3,27527,1e-12,6.149732815094309e-05,0.056737167560093414,13729.631018376625,15,False,1.6658447660298166,-5.171251864774263,-3.7312251934703605e-06,0.003412120894725852,0.11330518572255224,-5.7846983719535626e-06,0.0016239217186298546,6.117523890364899,0.10195873150608166,0.8928781248755074,-6.19667736633265e-07,0.1893209278025996,0.1760379806120303,False,False
BANKBARODA,CANBK,0.600743730963829,4,27527,1e-12,5.10652427838107e-05,0.00826196292905227,39610.87815387455,15,False,0.31176308148276255,4.120583428491335,-1.3813691142784087e-06,0.0013073263444663334,0.2130904284301446,-9.848971627339974e-07,0.0008532435011798484,3.2528311368390397,0.05421385228065066,0.8080830602298565,-1.8901844946020575e-07,0.06073876202205671,0.5259124278710372,False,False
BPCL,HINDPETRO,0.5993120769439445,5,27527,1e-12,9.26726485941742e-05,0.03158484801180151,21497.63670685306,15,False,0.23259014471314673,4.4439549975943065,3.1332500484001576e-06,0.0018938090990463516,0.13726207679585734,3.2277692223009912e-06,0.0009923077303463145,5.049808342844955,0.08416347238074924,0.8717417329118551,4.1398808701277433e-07,0.11295427955641907,0.8917106684131366,False,False
BPCL,IOC,0.5970018243000894,6,27527,1e-12,9.06443538838227e-05,0.01572860836094019,30791.238177311363,15,False,0.6551556415259825,2.519847986496275,2.3078113878602234e-06,0.0012963554750229668,0.22306467652709,1.869752179328716e-06,0.0008655099769239537,3.1073820891393638,0.051789701485656064,0.8000631023182541,3.7383245016866697e-07,0.06260473083993538,0.8189148216462478,False,False
INFY,TCS,0.5963448240610343,7,27527,1e-12,0.00042605970508908115,0.43889175417056414,-14397.266239222843,15,False,1.0339351599421132,-0.9392184145388255,-3.2786516210196213e-07,0.0017826751359582282,0.09148073528448475,-2.3271037909169336e-06,0.0007623201666646762,7.576974303982272,0.12628290506637121,0.9125788965554973,-2.0343798123184365e-07,0.21767980630098668,0.12503895537086052,False,False
IRFC,RVNL,0.59629915020758,8,27527,2.0968171469579035e-07,2.202138771189629e-06,1.5862756557478935e-05,116263.14511478739,15,False,0.6587428379222332,0.9189982209321002,,,,,,,,,,,0.6949328437888216,False,False
BEL,HAL,0.5919494727331697,9,27527,1e-12,6.219834788398517e-05,0.07608001301309521,9756.439422143165,15,False,1.031385033108676,-2.53490888200394,-2.155971136541034e-06,0.0025048021369211216,0.07306571431767468,1.3343230943705257e-06,0.0009564005841164791,9.486627032020573,0.15811045053367623,0.9295397439486747,9.401674688454397e-08,0.23997181754749555,0.6365839708621119,False,False
CANBK,PNB,0.5912896020465772,10,27527,1e-12,0.00019663837638266485,0.027160910150693954,23146.382180706438,15,False,0.8813431503981909,0.7655730821226571,4.444604263847532e-06,0.0011354916676633074,0.2535208074968708,2.5922673354531727e-06,0.0008043779010709079,2.7340839886229094,0.04556806647704849,0.7760635968162742,5.805030231920441e-07,0.05026836635161986,0.04242464081585359,False,False
COCHINSHIP,GRSE,0.5888668206027302,11,27527,1e-12,1.0197834264280919e-05,0.009603129541247896,38176.854800145826,15,False,0.600613546033899,2.627789952696217,-1.1737743881915005e-06,0.002082953708628856,0.13295645245104776,6.551753261445872e-07,0.0010742640018184908,5.2133399153015905,0.08688899858835984,0.875503217297849,8.15672202108336e-08,0.16460891133492386,0.6965647613299829,False,False
BANKINDIA,CANBK,0.5871819129252358,12,27527,1e-12,1.451509545872384e-05,0.0023737672503675736,56753.232314399385,15,False,0.38380150816475433,3.13030174079706,-1.3329274783016813e-06,0.0015733738154778308,0.18056162994097355,-4.2278308791167057e-07,0.0009449775694230404,3.83883985089489,0.0639806641815815,0.8348012303609674,-6.984324594719892e-08,0.07344234325424134,0.42084549853891545,False,False
BDL,HAL,0.5812755295762134,13,27527,1e-12,0.00011872887942794048,0.1450770607774736,871.9121564046307,15,False,1.671186978705844,-6.713520317038105,5.278323953337656e-07,0.0036799338096628943,0.07179004003702176,-1.5628231979738262e-06,0.0013943279048859794,9.655199804910163,0.1609199967485027,0.9307262905554592,-1.0826256012962692e-07,0.24305736824238078,0.24528048776196787,False,False
BANKINDIA,UNIONBANK,0.5785955089782444,14,27527,1e-12,4.2922303597500174e-05,0.007769328709631971,40514.85646947899,15,False,0.4942683263620875,2.4916037044044455,-5.470465904565036e-07,0.0014616959857230549,0.19219338331790256,-2.566459513120947e-07,0.0009062001314942427,3.606509072237033,0.06010848453728389,0.8251472833422159,-4.487524180614115e-08,0.07344259210354374,0.749172308639094,False,False
HAL,MAZDOCK,0.5763677642469147,15,27527,1e-12,6.237320950116804e-06,0.004458498502360082,48658.638858231934,15,False,0.5098077196762533,4.363913215837429,-1.7229715279335004e-06,0.0018608307920538764,0.09813054259532676,-1.8045592811408516e-07,0.0008243066318220144,7.063521328098259,0.11772535546830433,0.9065305551779079,-1.6867115415678896e-08,0.19807146580992116,0.6341868946684538,False,False
HINDPETRO,IOC,0.5760675120342044,16,27527,1e-12,5.307552776008308e-05,0.009225510841448088,38131.23733107606,15,False,1.1132064921106186,0.3825073755420272,-9.70394551441382e-07,0.001543919219841403,0.21238771278505322,-8.31697417483601e-07,0.0010063553645864125,3.2635936018645495,0.05439322669774249,0.808651112405013,-1.5914437565111057e-07,0.061661137730150216,0.6174213987097812,False,False
ADANIENT,ADANIGREEN,0.5750074400452473,17,27527,1e-12,6.0886456631231755e-05,0.033557150688055114,20827.00075767984,15,False,0.7672897570668857,2.405455063952669,4.33382575487921e-06,0.001693300768489505,0.14275783911528547,2.3148698081690053e-06,0.0009035349611205784,4.855405383379245,0.08092342305632075,0.8669639882437443,3.079610470137731e-07,0.12330001265100016,0.9607325067648588,False,False
IREDA,IRFC,0.5729160670388255,18,27527,1e-12,3.5719618824976893e-06,0.00033747584577067404,83191.11739995456,15,False,0.6813285205232775,1.6406710529004678,1.7803457689601052e-06,0.0011500057305642982,0.30376099082888586,9.03001599039611e-07,0.0008952852170926862,2.2818834593228194,0.03803139098871366,0.7380372430416509,2.3655278842221425e-07,0.03130099099230976,0.0655229092983848,False,False
BANKBARODA,PNB,0.5692820524600195,19,27527,1e-12,3.790630006644002e-05,0.005262266894080825,45730.898290281206,15,False,1.0900983180242434,0.4561530310704187,-4.883903083119555e-07,0.001259552251858617,0.24520575235078115,-3.305867373138435e-07,0.0008820258103734948,2.82679820483313,0.047113303413885504,0.7825435115095403,-7.188823103778645e-08,0.054067075597718735,0.30835119385289295,False,False
BANKINDIA,PNB,0.56893308926589,20,27527,1e-12,1.782150978427119e-05,0.002489577144121699,56023.857365496246,15,False,0.7318321221423891,1.540040124083023,1.6991892199788203e-07,0.0013222038101035746,0.2208225793325,3.4079040831877843e-07,0.0008786680546822624,3.138932543289653,0.05231554238816088,0.8018589340177608,6.752457478080533e-08,0.05951972208667395,0.4320790665998164,False,False
BEL,MAZDOCK,0.5688595618037797,21,27527,1e-12,1.833772686121616e-05,0.017102854808379243,30236.881562610197,15,False,0.5975290070383628,1.4080773715343164,-3.901487143812278e-06,0.002074541268518238,0.09274216028158555,5.272168148175931e-07,0.0008915049102319246,7.473916700402475,0.12456527834004125,0.9114284724629549,4.669639863160966e-08,0.22103769403208984,0.42132468723988203,False,False
CANBK,UNIONBANK,0.5659548629723078,22,27527,1e-12,6.771864146322283e-05,0.012291046354033677,34203.191108893734,15,False,1.2606479307212946,-1.5238366447125837,2.274151847987309e-06,0.001739785731457858,0.2142827268462901,9.000848568115179e-07,0.0011374173213637645,3.234731939253114,0.0539121989875519,0.8071201582243683,1.7360822476644766e-07,0.06730812396606599,0.6742497012503461,False,False
ADANIENSOL,ADANIGREEN,0.5639436106949239,23,27527,1e-12,2.057481186241654e-05,0.011458682993161228,35609.87032744904,15,False,1.0533486677902364,-0.3079431653191557,-1.3334098506020695e-06,0.002223773023458984,0.14347668538888214,-1.3529261002719455e-06,0.0011912514618944955,4.831078852157931,0.08051798086929884,0.8663409983552597,-1.8083075186146007e-07,0.12890219968611044,0.4280882374901438,False,False
COCHINSHIP,MAZDOCK,0.5620628166964209,24,27527,1e-12,4.737563837169338e-05,0.04372266180773654,17318.67954244033,15,False,1.001104821188545,-0.4826135758416438,-3.4171246541498792e-06,0.0024388776225337124,0.12354821428986003,-2.5964594068143163e-06,0.001212548865665605,5.6103375070539885,0.09350562511756648,0.8837790294385401,-3.017630322833922e-07,0.1779728899496518,0.5873599512260285,False,False
BDL,BEL,0.5607663087083288,25,27527,1e-12,7.151735684476237e-05,0.024415685225512164,25039.68059636311,15,False,1.2470241969025777,-0.34536195816786486,2.7105703049852287e-06,0.002237903381336535,0.14846243038592577,-1.2086464956303764e-07,0.0012178358483971368,4.6688389699543515,0.07781398283257253,0.8620323927864538,-1.6675406496916083e-08,0.12010754442401464,0.7483881436718856,False,False
BANKBARODA,BANKINDIA,0.5583763155555549,26,27527,1e-12,9.17857881062134e-05,0.015331131024321633,31120.392920253547,15,False,1.1900456205429801,-0.32729214047299937,-6.081198742790923e-07,0.0016120408348340002,0.23198996010357611,-7.548216088689532e-07,0.00109807240049969,2.9878326641828687,0.04979721106971448,0.7929540844435958,-1.5628273109003042e-07,0.06558948560856116,0.46781784854848807,False,False
BDL,GRSE,0.5521512399588028,27,27527,2.0927679107527961e-07,3.106676033563344e-06,3.263408479675998e-05,107169.84366026497,15,False,0.5420769897180745,2.985632855963989,-1.0040162901340686e-07,0.0005488752805601989,3.821854489140096,-6.213347009086432e-09,0.001516924352604356,0.18136409497785486,0.003022734916297581,0.021887173708617817,-6.077354403786637e-09,-0.008243962301787009,0.7662982180508422,False,False
HINDZINC,VEDL,0.5498326743172866,28,27527,1e-12,7.59144320608568e-05,0.017695401582473052,29311.66419591199,15,False,0.8544065670308322,1.6735437057756608,-4.316963433745542e-06,0.0018990317029058054,0.15722545398125198,-2.7059854463073946e-06,0.0010640584566811119,4.408619361611754,0.0734769893601959,0.854511384105289,-3.936900772144945e-07,0.08634200389018125,0.8737533245980549,False,False
DLF,GODREJPROP,0.5496385403433995,29,27527,1.9632300278195902e-07,3.2221779326271583e-06,4.1662052270826693e-05,105387.89694208004,15,False,0.6046687127480612,1.9079606365935005,1.4399531365114332e-08,0.0005014214747207781,2.301498413484937,2.3685153091950663e-08,0.0010757955940095757,0.3011721305123037,0.005019535508538395,0.1001087270159216,2.1314062566738265e-08,-0.008729825301155365,0.8553877554023506,False,False
NATIONALUM,VEDL,0.5405240156365909,30,27527,1e-12,7.862411140790704e-05,0.01832795099634078,28828.18141918898,15,False,0.6569374925161642,2.255283947131543,2.3284553750228913e-06,0.0018893050057238025,0.17527048373499804,3.3497760592601206e-06,0.0011185826474090917,3.954728518967039,0.06591214198278399,0.8392299920040377,5.385435238319327e-07,0.08824262012333359,0.15108710930695363,False,False
PNB,UNIONBANK,0.5388344203166681,31,27527,1e-12,5.9465116071758176e-05,0.010799361098279803,35988.955473531656,15,False,0.56232712395871,1.8839490954380482,-7.403961554069779e-07,0.0012725740071755033,0.18502670676316638,-7.113942121312773e-07,0.0007741482439548074,3.746200711701428,0.06243667852835713,0.8310820880432407,-1.2016722489133927e-07,0.06927066057453574,0.9406081549201684,False,False
IRCON,RVNL,0.538437730038286,32,27527,2.0565384663908204e-07,2.396496905071401e-06,2.0635752063268593e-05,113645.62657649732,15,False,0.6628818570166464,1.2048045528618982,1.0038430971987963e-07,0.0006055501773124142,3.8902042004762403,2.817524176056959e-08,0.00168879745738979,0.17817758267678852,0.0029696263779464753,0.020441171514774124,2.7599306811271563e-08,-0.008061084807221133,0.5232410026463603,False,False
GRAPHITE,HEG,0.5346864588112443,33,27527,1e-12,0.0002468458842539134,0.0985978028653961,5886.987972214261,15,False,1.4796024508876238,-2.879918374176324,-8.475821335683003e-06,0.003670838738279109,0.1652220686847499,-5.441791054782928e-06,0.00210870355329154,4.195245744577239,0.06992076240962065,0.8477054343534212,-8.287552050276041e-07,0.10879173224400028,0.43095886201835815,False,False
BANKBARODA,UNIONBANK,0.5329333603719645,34,27527,1e-12,0.000157006528955645,0.028406891485997007,22678.06778365048,15,False,0.4074049413277698,3.571258135070093,-8.035044057240685e-07,0.0012680255020257772,0.22122899456142145,-8.329660213296992e-07,0.0008434782724730384,3.133166074971704,0.05221943458286173,0.8015331125494173,-1.653161736054011e-07,0.06288183813999612,0.8390022601014853,False,False
ADANIENT,ADANIPORTS,0.5304318931027404,35,27527,1e-12,0.00015146682738519725,0.10766475438164126,4852.853509723046,15,False,1.616741533190032,-4.121761463616114,1.4175916055387442e-06,0.002883144904759025,0.0959650172241079,-9.431466616795389e-07,0.0012628182272875947,7.2229151894094175,0.1203819198234903,0.9084957972176795,-8.630188338379318e-08,0.18056392728395396,0.2176517841111802,False,False
HINDZINC,NATIONALUM,0.5296621477584993,36,27527,1e-12,0.00014544559343273157,0.04300818769298246,17192.677470452672,15,False,0.36631809857299175,4.237405206519956,-5.420858515019756e-06,0.0022928166822698327,0.13930288102032043,-5.049490247195516e-06,0.001210130790049235,4.975828033727704,0.08293046722879507,0.8699644928170673,-6.566130253093409e-07,0.10499477463560986,0.800878322446912,False,False
BANKINDIA,INDIANB,0.5289658710719399,37,27527,1e-12,1.301747638663444e-05,0.00696701605938663,42442.331256440935,15,False,0.6106483418139996,0.9048419761305665,-1.0830758476255228e-06,0.0019138610023131696,0.12060800088039789,-3.620289874377732e-07,0.0009399130247568615,5.747107783067489,0.09578512971779148,0.886381352209325,-4.113324401370705e-08,0.15153434184312586,0.8655841723645409,False,False
HCLTECH,TCS,0.5257685934461046,38,27527,1e-12,0.00031501869964342726,0.32451123623084416,-10241.662307722017,15,False,0.9497744708689888,-0.2267219841283517,7.954156318301248e-06,0.0017865491448499575,0.0899203392882481,1.3863048298834376e-06,0.0007525276471459082,7.7084582425561905,0.12847430404260318,0.9140039925798417,1.1921668043725744e-07,0.2098712029456913,0.48979224683244277,False,False
IRCON,RAILTEL,0.5250220898277165,39,27527,2.942458330412849e-07,2.6894671315678603e-06,4.0631375188522656e-05,106012.87714307512,15,False,0.7415603927123744,0.7302731210062493,-2.305841597375445e-07,0.0006716220264945116,2.953384740306125,-2.1315697816288798e-08,0.0016303620083066483,0.23469586305511247,0.0039115977175852076,0.05216284911217523,-2.0203810287377e-08,-0.00822503385354573,0.37437679689785847,False,False
HINDALCO,NATIONALUM,0.5206130824877278,40,27527,1e-12,1.3434642492402202e-05,0.004090411539477124,49569.487729985216,15,False,0.8026541432770833,2.1052286200430066,2.1900306909643592e-06,0.001704901245084186,0.18507820525391705,4.3920780860536795e-07,0.0010364002686884804,3.745158321634823,0.062419305360580386,0.8310392896720518,7.42088633235445e-08,0.09252686965924402,0.1805079620434893,False,False
DATAPATTNS,GRSE,0.5205539292447271,41,27527,2.4180615060928475e-07,3.520901797670746e-06,4.4933372818010924e-05,103409.83951484013,15,False,0.6911318194898877,2.5728568007640393,-4.100430160151225e-08,0.0008007275080300278,2.4688743695920223,-4.33017465769859e-08,0.0017793325480104274,0.2807543344842155,0.004679238908070258,0.08468012389738443,-3.963494931187359e-08,-0.008780629938858739,0.8692486271761414,False,False
IREDA,RVNL,0.5201343852105098,42,27527,1.8724469124737176e-07,2.465867941072931e-06,2.71609955151879e-05,111420.84687504271,15,False,0.5312518071731914,1.7977310853859798,3.549973803513493e-07,0.0005225721645163471,2.149804169378232,1.3323531175644008e-07,0.0010814928242997121,0.3224234050864353,0.005373723418107255,0.11650697117224801,1.1771246913050703e-07,-0.008976077326368412,0.15879328923305858,False,False
JSWSTEEL,TATASTEEL,0.5192555579901201,43,27527,1e-12,3.498191671802396e-05,0.0068574197423925416,42277.33223436152,15,False,0.533281229804966,4.273502465636187,1.0995592149441407e-06,0.001129070456968274,0.2072259873207273,8.895952604769844e-07,0.0007267488426336182,3.344885405164697,0.055748090086078284,0.812835938614174,1.6650026194045415e-07,0.07707424664020517,0.21440628481944263,False,False
IRCON,IRFC,0.5192069147185588,44,27527,6.5643899068134e-08,2.1985050114548726e-06,4.8122529783165875e-05,107232.78942798007,15,False,0.8482171294929194,1.0206084089701206,1.0355576427241761e-07,0.0009534734164476539,0.8682519426017256,7.275356472518268e-08,0.001256465681695239,0.7983249406651748,0.013305415677752914,0.4196845410720601,4.2220018302137965e-08,-0.006516623097654498,0.18771102976148984,False,False
INDIANB,UNIONBANK,0.5182389585985556,45,27527,1e-12,6.712930046073099e-05,0.012184142356700532,34328.020066251345,15,False,0.7926073923401826,2.685266133945095,3.1057569542132167e-07,0.0013910209541789424,0.22789456177806713,1.2647785156475969e-07,0.0009391192192660126,3.0415257615272093,0.050692096025453486,0.7962082061873477,2.577514824795275e-08,0.05902788885595145,0.047343824154561724,False,False
BSE,CDSL,0.5170386436157088,46,27527,1e-12,0.00018191797659142047,0.12420691150954269,2874.600468788489,15,False,0.1123766855231446,7.127873031771182,5.090635171129179e-06,0.003305387311211711,0.07415873207850462,1.489365802525212e-05,0.0012765485571327318,9.346804632880966,0.15578007721468276,0.9285242955518033,1.064534699165434e-06,0.1845728550263375,0.5640630670550598,False,False
HCLTECH,INFY,0.5147451028025671,47,27527,1e-12,6.313007860411802e-05,0.045028432611909724,16852.35664571119,15,False,0.5062693242545777,3.6382360850913917,8.463996446525105e-06,0.0017230590933059785,0.0960823599821834,3.6672852050037782e-06,0.0007508091918726765,7.214094040659242,0.12023490067765404,0.9083891980695753,3.3596293853797806e-07,0.1809353698862913,0.4434046378839541,False,False
NBCC,RVNL,0.51143815131968,48,27527,1e-12,3.596781109221836e-05,0.00991599275938085,37352.089056923876,15,False,0.9414781269841912,-0.8212472553475643,-8.322940966462559e-06,0.001897578570820973,0.1780580600973169,-6.08584177215192e-06,0.0011300332450929107,3.892815524223439,0.06488025873705731,0.8368938319408403,-9.926383308700652e-07,0.09311690536218341,0.1153386626624962,False,False
COFORGE,PERSISTENT,0.5107200689117879,49,27527,1e-12,5.405727553514463e-05,0.07507893820518187,9961.59611461898,15,False,0.3289261559196921,4.419769091385975,3.893283538911458e-06,0.003238737490252876,0.06128558883400117,1.4480557612778182e-06,0.0011331114391179525,11.310117007073416,0.18850195011789025,0.9405545895275425,8.60802691161669e-08,0.25385662005930465,0.5578818380815678,False,False
CHENNPETRO,MRPL,0.5105018132920021,50,27527,1e-12,0.0001306025303651277,0.023243897280087182,25419.996763911946,15,False,0.0372844714942531,6.6107915240473,6.909051669694753e-07,0.002808410153938088,0.17261183951515816,-1.55473233179319e-06,0.0016489841577910951,4.015641004156471,0.06692735006927451,0.841464174603717,-2.4648077349112105e-07,0.07040429671890382,0.4756068504218533,False,False
TCS,WIPRO,0.5093176230410128,51,27527,1e-12,4.794200944903664e-05,0.01073542186523787,36173.13764397982,15,False,0.3498026721950601,6.057010694707713,5.831932367585803e-07,0.0012291832749683415,0.15871986457041928,8.639005839521454e-07,0.0006926423273552723,4.36711045864342,0.07278517431072368,0.8532353469435187,1.2679006947902826e-07,0.08741420825176252,0.7242068056767073,False,False
DLF,PRESTIGE,0.5057851997209861,52,27527,1e-12,4.472579098337109e-05,0.031661498732661164,21696.2483708955,15,False,0.7899599541224823,0.6848319602785274,-2.598062949820355e-06,0.0020186852340878586,0.12588751526247416,-3.0757196001145608e-06,0.0010130026928415485,5.506083578778568,0.09176805964630946,0.8817140205757198,-3.638145053340063e-07,0.16606027689914096,0.025302265093102863,True,False
NMDC,TATASTEEL,0.5052796974587704,53,27527,1e-12,2.1227715739537694e-05,0.0041866239106386986,49058.96148491342,15,False,1.0276246925388222,-1.013230611570389,2.797000358277488e-08,0.001568216215544226,0.18942427732706185,4.317217418986758e-07,0.0009652807249582963,3.659230962054301,0.060987182700905015,0.8274353701432015,7.449990259187731e-08,0.0746536269929031,0.5935818050906903,False,False
CANBK,INDIANB,0.5036951498492792,54,27527,1e-12,0.00013316703070200388,0.07032372682423214,10631.850016493427,15,False,0.9582554697654257,-1.509760851651269,5.240956761731571e-06,0.0018582853757946282,0.1388949739176883,2.9841370837753175e-06,0.0009771051454642843,4.990441057793186,0.08317401762988644,0.870319429898482,3.869845982850646e-07,0.13707697872260188,0.7724125980213878,False,False
INFY,WIPRO,0.5017377637905855,55,27527,1e-12,6.263289777701462e-05,0.014008847883923826,32506.46147348874,15,False,1.3326816404298074,0.06747636441336181,-7.727402227758584e-07,0.0018185840213777536,0.1741175814326982,-5.89283654850461e-07,0.0010732272868415808,3.9809143617577067,0.06634857269596178,0.8401981001538028,-9.41686475934144e-08,0.07898686572688204,0.4858498144291229,False,False
IREDA,NBCC,0.4994554830038932,56,27527,1e-12,8.780124781511701e-06,0.001066394474513178,67576.8341970953,15,False,0.43450718439888003,2.85260342436983,4.540867000317714e-06,0.0013779232930513693,0.2257308276858899,2.415782742582139e-06,0.0009224399492815412,3.070680188726712,0.0511780031454452,0.7979328541945281,4.88150323679688e-07,0.045507022832912754,0.18843880070277702,False,False
ADANIENSOL,ADANIENT,0.494596789181081,57,27527,1e-12,0.00011456118358493965,0.09922315011185995,6026.59139801389,15,False,0.7541303304198337,1.1202016818057228,-5.0935463616532584e-06,0.002416582917602539,0.09627516803812534,-2.9663013728550914e-06,0.001059939477595234,7.199646541104517,0.11999410901840862,0.9082140701978316,-2.722647295809531e-07,0.18432620670027278,0.7945586156937299,False,False
IREDA,RECLTD,0.4919581390053796,58,27527,1e-12,0.0002347194250487706,0.07110666805787119,10285.026971811058,15,False,1.1375689055252767,-1.8271618065640851,-8.111139465065815e-07,0.0018858400891931383,0.16049936039980475,-1.1397681250522702e-06,0.001068495947307294,4.318691232371967,0.07197818720619946,0.8517183683310116,-1.6900667730705428e-07,0.09722833827392716,0.14062380157082305,False,False
IRFC,NBCC,0.4918517329534817,59,27527,1e-12,1.0942211345040706e-05,0.0013042154093464186,64811.16915997387,15,False,0.6026795365434988,1.9392251412297903,3.4260215611905664e-06,0.001250884899966657,0.267843530030833,2.298898070675985e-06,0.000914205304596885,2.587880993355162,0.0431313498892527,0.7650274755638389,5.401778830881565e-07,0.04540632437469918,0.5356591913209268,False,False
BANKBARODA,INDIANB,0.490853095776424,60,27527,1e-12,6.977575771992646e-05,0.03687764910364263,19515.96188930606,15,False,0.8083839202872658,0.19590462002819484,-2.98300005962064e-06,0.0016481455396740114,0.14934681598868305,-2.416882970958367e-06,0.0009006831857343835,4.641191551164167,0.07735319251940279,0.8612703607639057,-3.352933026369139e-07,0.13305706785655055,0.8948204246425016,False,False
JINDALSTEL,TATASTEEL,0.4899341491815708,61,27527,1e-12,2.489819418947971e-05,0.004871851276631532,46970.1358496103,15,False,1.2181599460463306,0.6203228441330738,-3.9805098988324643e-08,0.0016425409018808457,0.20419776320757355,6.135978479903455e-08,0.0010496836671751164,3.39448958535035,0.05657482642250584,0.8153011186785434,1.1333083610507e-08,0.07116307241700798,0.043153950063783766,False,False
BEL,GRSE,0.4897875038779575,62,27527,1e-12,9.31933637617152e-06,0.008903352930773854,39218.54567232119,15,False,0.3244986826726228,3.529246425047016,-2.7853469595953587e-06,0.002276820457168651,0.08599769455779199,3.0729139984034435e-06,0.0009414456557681614,8.060067006728163,0.13433445011213604,0.91759634668306,2.532193397972093e-07,0.21695263480791435,0.24966835078133198,False,False
CANBK,SBIN,0.4889886701577006,63,27527,1e-12,0.0014928029105915534,0.8949520065512879,-24339.867398292165,15,False,2.787946609451715,-14.461229136387075,7.387667125393347e-06,0.004483685209981514,0.09655347546515951,2.8808243659527424e-06,0.0019683167105712515,7.178894153945412,0.1196482358990902,0.9079613426463672,2.6514720671392097e-07,0.1656020552854735,0.5807660029249564,False,False
HCLTECH,TECHM,0.4889432467740169,64,27527,1e-12,0.00016261313122947491,0.11988499995728856,3383.8901712659176,15,False,0.27466799999827013,5.311670442294252,9.660864588965175e-06,0.002029051655852394,0.08824213141896668,4.288659124395596e-06,0.0008475739306033728,7.8550593623916125,0.13091765603986022,0.9155391690850861,3.622237131572789e-07,0.1928538446419986,0.6409347792914903,False,False
BDL,COCHINSHIP,0.4888114438584767,65,27527,1e-12,1.3117953028973502e-05,0.009591920928273247,38125.8284951652,15,False,0.8586047220948133,0.9348902626633965,6.645711498628946e-07,0.0025570204727826808,0.1225304232796522,8.701624963577561e-07,0.0012658081985333503,5.656939411512272,0.09428232352520453,0.8846789896977546,1.0034801820710036e-07,0.16239439109431597,0.5317201478576293,False,False
INDIANB,PNB,0.4885112244404392,66,27527,1e-12,3.73307600599576e-05,0.005175908641343102,45955.80904370836,15,False,0.9638063405169213,2.1634856811775993,1.4873788561168176e-06,0.0014250785115223648,0.22814805753065256,1.0840466645360651e-06,0.0009626122631379084,3.0381463163096107,0.050635771938493515,0.7960063963689521,2.2113858560292963e-07,0.053035057675602,0.9226641242766002,False,False
GODREJPROP,PRESTIGE,0.4872327692702434,67,27527,1e-12,0.00015203244817043465,0.1079021642969122,4822.612157944155,15,False,1.0491935379927066,-0.1548042881748347,-4.079153578273746e-06,0.0026734276411806463,0.11003439274876642,-3.732171872435832e-06,0.0012541338050891717,6.299368436035796,0.10498947393392993,0.8958033256279943,-3.8887989729255536e-07,0.1750556819127318,0.658213714747657,False,False
HINDALCO,VEDL,0.486793396431593,68,27527,1e-12,8.467802010902403e-05,0.019868358998034363,27723.21580150233,15,False,0.47593775192099114,4.199098950953682,3.860149895974453e-06,0.001481398718338331,0.18288503353951163,2.846983427663032e-06,0.0008953662042419056,3.790070554954369,0.06316784258257283,0.8328639016480422,4.7583370217228235e-07,0.08443184233022145,0.1474466886695866,False,False
IRCON,JWL,0.4842259742459245,69,27527,1e-12,4.491459200280795e-06,0.0007962650150190938,71726.01988632636,15,False,0.39278071106022455,2.772473156697284,-4.0545712812189904e-07,0.001939380796434158,0.20352570543215406,-2.4576250041954644e-07,0.0012373373834361765,3.405698455082904,0.056761640918048396,0.8158492322960386,-4.5257353125104625e-08,0.0683221980865595,0.7158952922819612,False,False
DLF,LODHA,0.4839862606122131,70,27527,1e-12,1.9765968804293843e-05,0.011333996673446407,35771.34121521452,15,False,0.8218097152286982,0.7807008462303708,-2.8882190930734236e-06,0.001984743965127114,0.14583424048345375,-2.9836144305626215e-06,0.001071934122942308,4.752979672415061,0.07921632787358436,0.8643009574202908,-4.04873621654352e-07,0.14527833346176022,0.7848185395699381,False,False
TCS,TECHM,0.482298287993059,71,27527,1e-12,4.056864734441691e-05,0.02979163634566394,22540.383405835277,15,False,-0.16584856342198023,9.165721444670949,1.9538131189979994e-06,0.00241050719989913,0.08137294072909146,2.681679287042229e-06,0.0009726754887563491,8.518153262613254,0.14196922104355422,0.9218498319805423,2.095736868566498e-07,0.19156662067252545,0.7515477529587676,False,False
DATAPATTNS,MAZDOCK,0.481835436142987,72,27527,1e-12,1.982530984254409e-05,0.018276683630849208,29303.626549966524,15,False,1.2195963729957524,-1.5324174394314518,-1.6422056863586297e-06,0.0037771128889311227,0.0958822976257985,-3.103452976016979e-06,0.0016538768409648076,7.229146544496699,0.12048577574161165,0.9085709507333826,-2.8374575504088685e-07,0.20395531142186263,0.8395268740523173,False,False
JBCHEPHARM,TORNTPHARM,0.4790127455092663,73,27527,1e-12,1.492098679160844e-05,0.018217179822563004,29430.546455790784,15,False,0.7889623621817173,1.013179272323232,-1.8332507637877518e-06,0.0012417781301894766,0.22516522594743926,-2.3842402262348793e-06,0.0008333207287414925,3.0783935558581677,0.051306559264302797,0.7983842940595788,-4.807002763438948e-07,0.12359156429036376,0.512041851575032,False,False
BANKBARODA,SBIN,0.4782819134034267,74,27527,1e-12,0.0012536244833372227,0.7516844735277515,-21938.113938574952,15,False,1.3541667245016367,-3.7706834311751547,-1.0358096986771454e-06,0.0021695014219325374,0.11128868168015545,-1.7487938462940867e-06,0.0010235344627575233,6.2283708468400745,0.1038061807806679,0.8946804337945714,-1.8418220927441617e-07,0.1625375092066928,0.6306869422173808,False,False
HINDALCO,TATASTEEL,0.4779999217409171,75,27527,1e-12,6.355434144955252e-05,0.012423368862345604,34091.89502479744,15,False,1.2499261836630506,0.2548550222378534,2.3567331582321485e-06,0.0019232851984078481,0.17484838494950705,1.1319956220617274e-06,0.0011370208745084508,3.9642755680020336,0.06607125946670056,0.8395843047366367,1.8158986474811544e-07,0.0785357447537299,0.39406112518247105,False,False
INFY,TECHM,0.4764960470803809,76,27527,1e-12,0.00018803338330084632,0.13858307410081594,1389.179301787078,15,False,0.5512920887302472,3.2412411698759622,2.23297305505793e-06,0.0018810037546883186,0.1054329208410558,1.9378168477621693e-06,0.0008636840304131862,6.574295533412107,0.10957159222353512,0.8999348376941663,1.9390795739030057e-07,0.1868827247577467,0.688623592455738,False,False
GODREJPROP,LODHA,0.4764081396639686,77,27527,1e-12,5.6152627927448794e-05,0.031985284374808194,21493.10178340678,15,False,1.1818511257902056,-0.6476990847905872,-4.560656665462265e-06,0.0026852950960933003,0.13805561425416327,-4.065525164672132e-06,0.0014109249702963698,5.020782271728891,0.08367970452881485,0.8710502475888596,-5.242484634057321e-07,0.14060583766213136,0.9773167036326629,False,False
COFORGE,MPHASIS,0.4741179636834753,78,27527,1e-12,5.301039324863752e-05,0.050159150445704494,15430.9086086749,15,False,0.11626437799088016,6.345970813482678,2.7394405503925874e-06,0.0033203046740990067,0.07258690310891718,-3.273144197507624e-07,0.001263739179092146,9.549204482795924,0.15915340804659872,0.9299849245672928,-2.291694378906243e-08,0.22111286228892157,0.5774334286546289,False,False
GRSE,HAL,0.4714150431742225,79,27527,1e-12,0.00028917292607185665,0.35385522100806954,-11401.23246151325,15,False,2.9266027835161856,-16.590459908592223,8.783064161113193e-07,0.006965074598636604,0.06986956781585096,-8.960581817918446e-06,0.002603024965142534,9.920587778456165,0.1653431296409361,0.9325154419999109,-6.047009034058614e-07,0.24925135482725716,0.6217125271485656,False,False
ABCAPITAL,LTF,0.4705120209065774,80,27527,1e-12,0.0002393278630657603,0.06266373132544263,11963.16779463681,15,False,0.12274318419353604,5.128712422304402,-1.4931130878147041e-06,0.0020935683075248715,0.1343946781172928,-1.1460438313415493e-06,0.0010853349587482061,5.157549318694017,0.08595915531156696,0.8742449511520769,-1.4412079799221747e-07,0.09908033132160042,0.28580848742828924,False,False
RAILTEL,RVNL,0.4699994052765276,81,27527,1e-12,8.584782016805512e-06,0.0024137843520655746,56783.11759681342,15,False,0.7464225069247047,1.4817916673465223,2.9891443873390568e-06,0.0018122335203374364,0.24033259875864924,7.467428643089947e-07,0.001253359171701149,2.884116362658022,0.04806860604430037,0.7863662731207682,1.59529461122803e-07,0.07470799727230777,0.3372514531729054,False,False
NATIONALUM,NMDC,0.4691436224178821,82,27527,1e-12,2.9969370016921302e-05,0.0029402397801137066,53491.0112389811,15,False,1.1173669811520826,0.9776905082452754,7.303252924643849e-07,0.001790640574267686,0.28003524831465826,8.2034072824101e-07,0.0013400831127877919,2.4752140479869116,0.041253567466448524,0.7557571018220969,2.0036239695895592e-07,0.037835363893599164,0.389406645015551,False,False
DLF,OBEROIRLTY,0.4648631863423103,83,27527,1e-12,4.2449606799814036e-05,0.03134756275184169,21844.185197981984,15,False,0.8005872987324657,0.5430838592320387,-3.4282031948525992e-06,0.0020261162131546447,0.12751409542362932,-2.6286796808874295e-06,0.0010228953132816257,5.435847529303807,0.09059745882173012,0.8802810078130552,-3.147028821781428e-07,0.15382126458080972,0.9601872634866573,False,False
GODREJPROP,OBEROIRLTY,0.4640758114186854,84,27527,1e-12,0.0001348875084681437,0.09997044149315354,5884.591753889734,15,False,1.064281947043844,-0.3502175406240781,-5.215597795156549e-06,0.002561389063316271,0.11411231418000867,-2.994456187694852e-06,0.0012228699340554661,6.074253997395293,0.10123756662325488,0.8921577482892094,-3.2292889793032277e-07,0.17241806359843231,0.640170183906873,False,False
BSE,MCX,0.463030605662351,85,27527,1e-12,0.00048116821324076307,0.433829174138664,-14268.024686071358,15,False,0.45928226391069893,4.363109047566208,6.741313826031888e-06,0.0030067796531338888,0.07325816401446666,1.415961096712881e-05,0.0011550141285138534,9.461705598069123,0.15769509330115206,0.9293608715193201,1.000222578343456e-06,0.20033213443188444,0.3223838778011061,False,False
HCLTECH,WIPRO,0.4627431248243272,86,27527,1e-12,0.00010172019732183698,0.02276454525604498,25828.66458448986,15,False,0.9426839270513686,2.2218373402748215,5.240911854433145e-06,0.0015616768070725463,0.1691301792703263,2.6665678179352816e-06,0.0009048347542445378,4.0983057166401125,0.0683050952773352,0.8443989729886922,4.1492069106603197e-07,0.0866920128978683,0.48325782633588055,False,False
INOXWIND,SUZLON,0.4625751671253411,87,27527,1e-12,1.355240011266454e-05,0.000809425998907258,70822.19814646216,15,False,1.0188413378760555,0.7047001342399741,3.7911279541233917e-07,0.0013801806006634152,0.3754391850733574,1.903857993318537e-07,0.0011959442154763791,1.846230250112307,0.030770504168538448,0.6869874978723368,5.959313541843871e-08,0.01735391995799869,0.7524430639462488,False,False
IRFC,RECLTD,0.4615128760475941,88,27527,1e-12,0.0006954057704314947,0.21044316081964773,-4648.535860466677,15,False,1.2888855302362503,-2.857852495507913,-4.7362254793770434e-06,0.0021494631386595295,0.15775690322119928,-2.9982151167784437e-06,0.0012061979820369878,4.393767666623419,0.07322946111039032,0.8540573753316746,-4.375673834628959e-07,0.10067151060649912,0.6016832855615933,False,False
IRFC,RAILTEL,0.4613122591566238,89,27527,1e-12,1.4517661669257943e-05,0.004160715651114523,49312.38785273062,15,False,0.8791896568406535,-0.36786830176122165,-2.3323215428785766e-06,0.0017443547446009018,0.22329268613991862,-6.499614123699346e-07,0.0011638975320758705,3.1042090654308696,0.05173681775718116,0.7998807010354692,-1.3006982219746764e-07,0.0781330204849573,0.006360887157179566,False,False
MAZDOCK,RVNL,0.4590766839318652,90,27527,1e-12,7.405980664632855e-06,0.0021737571418491888,58215.820835627565,15,False,0.5444379060364554,4.656953291014912,1.1272341787286695e-06,0.002090172104888053,0.14265920386069647,1.3559483645178392e-06,0.0011164792723398047,4.858762433840497,0.08097937389734162,0.8670495056748917,1.8027400534196886e-07,0.11522759262463864,0.4998691791886212,False,False
INOXWIND,IREDA,0.4576168238007745,91,27527,1e-12,1.571641609449206e-05,0.0022700783514936324,57290.69719120999,15,False,1.1606791680192012,-1.0161631171640184,-5.10818969248237e-07,0.0018203268701794373,0.2406033432851907,-7.679274613313221e-08,0.0012626876511204303,2.880870943419717,0.04801451572366195,0.7861533975752087,-1.642186785143985e-08,0.052977484426930704,0.4703710341535744,False,False
COFORGE,INFY,0.4562941791942968,92,27527,1e-12,1.4665097871842168e-05,0.01033223332752324,37089.895391819555,15,False,0.397829145039,4.358940221203189,1.959460157435593e-06,0.0027157302156298915,0.0874038680052007,-4.39020677703823e-07,0.001134225053910204,7.930394802649944,0.1321732467108324,0.9163069538323723,-3.6742977847609277e-08,0.18854279595490556,0.50039425576375,False,False
COFORGE,TCS,0.4554210412371164,93,27527,1e-12,7.554078690052958e-05,0.07696421356117221,9558.61784640685,15,False,0.6837965240492931,1.8190656299762562,1.2632741609639795e-06,0.0028033752706937086,0.07806183201207663,-2.5263688054817135e-06,0.0011060122244352768,8.879463403481376,0.1479910567246896,0.9249072359000713,-1.89712016739457e-07,0.2202031433596544,0.4730539497190537,False,False
TECHM,WIPRO,0.4549057636397376,94,27527,1e-12,8.223601482813193e-05,0.018400805412259545,28757.06477907437,15,False,0.7146110825125312,3.459757688477605,-6.921407285554092e-07,0.0015043324985877626,0.15532460165106945,-1.0928040001122931e-06,0.0008383781092877961,4.462571757415949,0.07437619595693248,0.85613722881674,-1.5721381181630603e-07,0.0849370241282102,0.45190036529983013,False,False
MPHASIS,PERSISTENT,0.4546500005033262,95,27527,1e-12,0.0001518613292321143,0.21314698353781203,-4396.356788463822,15,False,-0.3322063504902063,10.687265137919299,9.90724518197209e-07,0.004234964358655729,0.06023599459407802,-6.405268518409708e-07,0.0014693086550030584,11.507192422586655,0.19178654037644424,0.9415423084684228,-3.7443721122611726e-08,0.25553531665664475,0.6664915618038902,False,False
HEROMOTOCO,TVSMOTOR,0.4536269495107646,96,27527,1e-12,2.7343541525592328e-05,0.03150677375005684,21874.05769603504,15,False,0.12550876438121675,7.591114362076755,1.8526073951346576e-06,0.0025720825935194994,0.0652354956734477,8.802167080263902e-07,0.0009289593617447097,10.625307179846747,0.17708845299744577,0.936846814026053,5.558848945936605e-08,0.22897208109798126,0.30897992567358923,False,False
COFORGE,TECHM,0.4532038590612501,97,27527,1e-12,4.908151831339066e-05,0.03576826289834174,20020.450138538927,15,False,0.18529450866069877,5.8977327269370905,2.8253581961551045e-06,0.0030357644682234798,0.08300684204902194,1.4222589411451979e-07,0.0012355239005291396,8.35048248372813,0.13917470806213553,0.9203448501540005,1.1329024907673336e-08,0.19648807387268474,0.5383432560473865,False,False
PNB,SBIN,0.4529470429005133,98,27527,1e-12,0.0005709350569845219,0.342455207019874,-11117.68189672561,15,False,1.2639085533841363,-4.028601551955334,1.1344248265608731e-07,0.0021265519684399476,0.1063745040277036,-5.364968913424536e-07,0.0009807694589952694,6.516102583937085,0.10860170973228475,0.8990878729883532,-5.413904244050333e-08,0.15681150508116026,0.712539754747159,False,False
BAJAJFINSV,BAJFINANCE,0.4525360244465841,99,27527,1e-12,4.398144114793505e-05,0.024813507589294723,24987.738963735017,15,False,1.0222295507295547,0.5618259031779879,3.2657264891650666e-07,0.0016859815771765633,0.1329582369750447,1.6305227985611792e-06,0.0008694239836884741,5.213269943478899,0.08688783239131498,0.8755016549427423,2.0299738999899511e-07,0.1322928417280639,0.2041316706022548,False,False
HUDCO,IREDA,0.451602489844018,100,27527,1e-12,9.88394221682631e-06,0.0014582828678147747,63397.33980843182,15,False,0.9090562622474225,0.8660818568781523,-1.8281857636334602e-06,0.0014285581534804754,0.2450008661909653,-8.368352897638837e-07,0.0009993630201393323,2.829162163123429,0.04715270271872382,0.7827038602705623,-1.818410780550574e-07,0.05447248306751601,0.23713528198468764,False,False
BDL,DATAPATTNS,0.4515159768437161,101,27527,1e-12,1.406258933076482e-05,0.014169594784724328,32829.83627091786,15,False,0.7273141039745008,1.4213376379885967,-1.1346988357639085e-06,0.0031858969162369254,0.0892089475082846,1.2648596321379555e-06,0.0013455642675969206,7.769928913190848,0.12949881521984746,0.914654438840647,1.079501550926266e-07,0.2105137268234393,0.9027165222378066,False,False
HINDCOPPER,HINDZINC,0.4513475888226203,102,27527,1e-12,0.00010192079373078416,0.04252334703857542,17474.143134057755,15,False,1.000142576509852,-0.10683381512744786,5.143203304477745e-06,0.0031833746452145585,0.14270402908710278,3.90400815073734e-06,0.0017003626501658747,4.857236232180007,0.08095393720300012,0.867010640855563,5.191915420612175e-07,0.111415824146556,0.03224552893515538,False,False
ADANIGREEN,ADANIPORTS,0.4510643713535888,103,27527,1e-12,0.0003808770098160738,0.2707285690446605,-7836.72844568369,15,False,1.034705296751917,-0.7014496745569142,-1.6248230089579548e-06,0.0024007621181195123,0.11664636524523049,-1.2916707389365872e-06,0.001159547246312586,5.942295579486881,0.09903825965811469,0.8898998370362676,-1.4221315885240287e-07,0.16184635930578223,0.7688908274679629,False,False
INOXWIND,NBCC,0.4508601763647956,104,27527,1e-12,1.4367008072064708e-05,0.0016889594757974894,61232.91706179067,15,False,0.5547383725072299,2.06404986207853,5.126230751380212e-06,0.0016058606786403763,0.23656708530524245,3.0270310395116223e-06,0.0011013253250050014,2.9300237590769553,0.04883372931794926,0.789332927885352,6.376957662940727e-07,0.04826140980844928,0.5850106255342308,False,False
COCHINSHIP,DATAPATTNS,0.4501642511212119,105,27527,1e-12,2.2874197285406932e-05,0.02283587763850343,26266.19951062276,15,False,0.7588865114019726,1.2681430000973302,-2.379976654141138e-06,0.00329666856782253,0.08747027789633768,3.4112449056899947e-07,0.001378973361367432,7.9243738242309485,0.1320728970705158,0.9162461040078577,2.8570505103488523e-08,0.20971044940369585,0.8962643320215608,False,False
ANGELONE,BSE,0.4499359434692785,106,27527,1e-12,0.0005874596069490824,0.5815805999073004,-18282.4089583223,15,False,-0.7027775390946284,11.075504688525486,2.020307072913334e-06,0.006232967723142127,0.061842609890091986,2.069347033072162e-05,0.002198227341322952,11.208245929332888,0.1868040988222148,0.9400308267037758,1.2409703083633188e-06,0.22005617711513253,0.5863671332655189,False,False
IRCON,RITES,0.4496740661359125,107,27527,1e-12,8.658905376196944e-06,0.001936914684456364,59704.97989932664,15,False,0.9946943883084122,-0.3444579099255019,-7.67306025211788e-08,0.001844915619106617,0.2806080454385363,-7.236780663260278e-09,0.0013821460386073709,2.470161464817197,0.04116935774695328,0.7553243302848013,-1.7706641553652085e-09,0.05523370838936353,0.48127975389404476,False,False
BANKINDIA,SBIN,0.4495806841433655,108,27527,1e-12,0.0003537036910403368,0.21213643402727567,-4526.470095551925,15,False,1.1107975216605794,-2.7043752023568133,4.377068580658755e-07,0.0022475474654145384,0.10641525346936813,1.356632188817256e-07,0.0010368887732431769,6.513607382041986,0.1085601230340331,0.8990512364059868,1.369503421129418e-08,0.1589864844948988,0.36147487609590273,False,False
SAIL,TATASTEEL,0.4488452454778146,109,27527,1e-12,0.0001288269548034204,0.025126495974352885,24400.26395824858,15,False,1.6283544027620056,-3.5431821876031786,5.791230344892184e-07,0.002321258449454403,0.1873922805507764,-5.922120420504314e-07,0.0014206100424601772,3.6989100005756534,0.06164850000959422,0.8291184255503851,-1.0119812615359927e-07,0.07240404100294695,0.19314066806875801,False,False
JINDALSTEL,JSWSTEEL,0.4484393236501749,110,27527,1e-12,0.000201401337214214,0.12795484715300023,2447.727393616555,15,False,1.1116674491333456,-0.8419576522891464,-5.751452179644954e-07,0.0019653023220530556,0.13339756343173734,-4.6145747174264804e-07,0.0010151022104980404,5.196100758726714,0.08660167931211189,0.8751171083797723,-5.76281434309814e-08,0.15389383972142262,0.6851178300438108,False,False
HINDALCO,HINDZINC,0.4484242441754669,111,27527,1e-12,9.303877744411737e-05,0.03916704415470267,18611.46547065859,15,False,0.09635301139531134,6.211915234097581,6.198115123640904e-06,0.0022506941235533157,0.11058176269681945,3.5445555824342737e-06,0.001057436251774846,6.268187119248024,0.1044697853208004,0.8953131239812437,3.710684507998872e-07,0.1440505730583628,0.0802595459713159,False,False
CDSL,IREDA,0.4480484736918682,112,27527,1e-12,7.788169200665547e-06,0.0011646976977166036,66492.90084980446,15,False,0.5784465456095423,4.385122223621289,6.001154650269264e-07,0.001363258223418524,0.2354925162935261,1.1338723598174504e-06,0.0009359911338892284,2.9433936647735437,0.04905656107955906,0.7901815764736613,2.3790731101698696e-07,0.05266898660728755,0.08908871040530775,False,False
LODHA,PRESTIGE,0.4468063157310514,113,27527,1e-12,3.948322321360446e-05,0.027784906666497793,23489.056749474887,15,False,0.8859113147873949,0.4304379694479782,7.536948286939485e-07,0.0026188050727869723,0.11465489028721768,6.310162721209982e-07,0.0012540564353137917,6.045509082286575,0.10075848470477625,0.8916738161080178,6.835558473261234e-08,0.19501578226628777,0.8881888714277382,False,False
IRCON,IREDA,0.4461297770220658,114,27527,1e-12,1.0364060228499977e-05,0.0015267797133822795,62744.96262153351,15,False,1.0901311734627215,-0.2741437320752379,-1.9297734838544536e-06,0.0018731487109471226,0.25646389433856953,-8.654786987960469e-07,0.0013407795538739966,2.7027086301859335,0.045045143836432225,0.773782931999683,-1.9578605365837124e-07,0.05139587055578181,0.5216835716347867,False,False
IRCON,TITAGARH,0.4447936331762743,115,27527,1e-12,1.709734429528936e-05,0.008375186760054462,39878.58945421093,15,False,0.7871676484650844,-0.20023987711261865,-2.6022978859219885e-06,0.002346875255086384,0.14875217672432128,-1.0437453145067715e-06,0.00127958140379351,4.659744790454648,0.07766241317424413,0.8617826582386482,-1.4426370284699206e-07,0.13018576530189463,0.24040332300189782,False,False
JINDALSTEL,NMDC,0.4444617821542842,116,27527,1e-12,1.0592845480843277e-05,0.0010641740817573758,67475.61665096851,15,False,0.9582385951770747,2.8188914314364912,3.3556646847507657e-08,0.0014128412486778526,0.2797598567723708,-1.4674593614973718e-07,0.001056855499091295,2.4776506127679743,0.04129417687946624,0.7559652595970922,-3.5811106433482805e-08,0.03533972053621985,0.6560787620214399,False,False
IREDA,JIOFIN,0.444377483908364,117,27527,1e-12,8.24656208812452e-05,0.020774060536010493,27139.25974042247,15,False,1.3242303462905605,-2.5263657010965948,2.082068583922323e-06,0.0019727494093599177,0.1645012843951969,-1.0240737735654933e-06,0.0011278347673969293,4.213627772624149,0.07022712954373582,0.8483166673697867,-1.5533492283361244e-07,0.0923870718167833,0.19956861691661026,False,False
EICHERMOT,HEROMOTOCO,0.4440949957619368,118,27527,1e-12,0.00016541402207574305,0.2328843558310379,-5613.190948178071,15,False,-0.03244130198104388,9.175357530450796,-5.6371423397296665e-06,0.0029170377371284363,0.05184673194326633,5.522164110138045e-06,0.0009392300691572527,13.369158567572333,0.22281930945953887,0.9494743797844698,2.7901076659666614e-07,0.26126232729366583,0.5144149123550259,False,False
IREDA,PFC,0.442774412243711,119,27527,1e-12,0.0001031902759208417,0.033029638580380785,20857.22455945525,15,False,1.2555640362851872,-2.650026902279395,4.930604779053603e-07,0.002234481984384943,0.15316730519497102,-2.4209600351575652e-06,0.0012365155530630189,4.5254251857315015,0.07542375309552503,0.8579861642602726,-3.4380982076531104e-07,0.10255319501650687,0.6767704974086171,False,False
IRFC,MAZDOCK,0.4425387484227279,120,27527,1e-12,4.5739819357434044e-05,0.04198403332699581,17871.265051957722,15,False,1.1686431787279752,-4.39277160230236,-2.880899574265596e-06,0.0033938554412853085,0.07917919021944579,-4.802803441881086e-06,0.0013505408936662776,8.754158493398101,0.14590264155663502,0.923874360362424,-3.6561648406674934e-07,0.2177998412907652,0.8062328546410424,False,False
IREDA,SUZLON,0.4418098829164624,121,27527,1e-12,5.036508185423109e-06,0.0003211239844727783,83558.3321964598,15,False,0.8192160354490066,1.7067819828489543,6.927183840943085e-07,0.0011763060472359443,0.364198677860413,2.788711665669031e-07,0.0010037170075919324,1.9032116882796837,0.03172019480466139,0.6947531489608937,8.512454544014928e-08,0.01745363195985412,0.013508009879833102,False,False
COFORGE,WIPRO,0.441016396569352,122,27527,1e-12,3.366683568917708e-05,0.007493960396335839,41106.046434801094,15,False,0.5965674958299922,4.026441055354001,1.2511572112786868e-06,0.0019877718413606137,0.1563563748167149,-3.292973267127301e-07,0.0011101629556886266,4.433123890039474,0.07388539816732458,0.8552543449442042,-4.7664357263156534e-08,0.0906057319291635,0.5324480150602902,False,False
NATIONALUM,TATASTEEL,0.4407815355836502,123,27527,1e-12,3.596391118855012e-05,0.007007147855237638,41950.0871917199,15,False,1.432144278960271,-1.647467919016373,8.656621070885877e-07,0.0024764910706639664,0.17303970934869387,1.5374968133552396e-06,0.00145681388966638,4.0057116552546805,0.06676186092091134,0.8411042144809335,2.443017638911423e-07,0.08201925352412462,0.4032055420167972,False,False
BAJAJ-AUTO,HEROMOTOCO,0.4377974391045469,124,27527,1e-12,0.0005346772018198886,0.7535973406993429,-21774.646900764226,15,False,0.48032631657955993,5.009625563084375,-9.472662180621578e-06,0.002065894771973058,0.06349810448114218,-4.4648574683735453e-07,0.0007342232684995162,10.916029481884735,0.18193382469807892,0.9384758981977407,-2.746963454167918e-08,0.25510778133516293,0.05960515559834252,False,False
TATASTEEL,VEDL,0.4374737008870804,125,27527,1e-12,1.862764948464767e-05,0.0044170266648735955,48410.93743309742,15,False,0.43285318717776317,2.867922054915272,9.853129160417521e-07,0.0015232269366091042,0.1456697370144741,1.2441584250594149e-06,0.0008222238861764758,4.758347167820262,0.0793057861303377,0.8644431496212633,1.6865419747322375e-07,0.09041928969485741,0.25814051212146905,False,False
OBEROIRLTY,PRESTIGE,0.4372672569365171,126,27527,1e-12,2.3666621657461585e-05,0.016947655343631445,30295.706463960247,15,False,0.8534828500816556,1.1447088198805075,1.2573086185670377e-06,0.002367008328353096,0.11362865702069208,-1.2220159034676337e-07,0.0011280668071512502,6.10010888744132,0.10166848145735534,0.8925893511368993,-1.3125752111248675e-08,0.17736688731700118,0.8992775407015309,False,False
NTPC,POWERGRID,0.4356307003914136,127,27527,1e-12,1.271294547876528e-05,0.0033605445534694604,52223.079141156944,15,False,0.31669672664794296,4.096719276034057,2.023825805354779e-06,0.001323644956482795,0.15017282613409597,1.230874800752806e-06,0.0007251197516063442,4.615663155603155,0.07692771926005258,0.8605592364463547,1.7163412205591233e-07,0.09242972993887981,0.19002192940268542,False,False
CDSL,IRFC,0.4348688507704701,128,27527,1e-12,4.476494788303972e-06,0.0004499617308927432,79260.44887116883,15,False,0.42686625562652014,5.180296023921695,1.5408645137666005e-06,0.0013075882859145498,0.2642439595947116,1.32198280754172e-06,0.0009503075000595714,2.623133492334398,0.04371889153890663,0.7677862079948296,3.069826407049042e-07,0.03654107385004445,0.03716107216051724,False,False
COFORGE,HCLTECH,0.4340540584473479,129,27527,1e-12,1.7064377506268193e-05,0.012478947648341053,34504.45688735603,15,False,0.4527722166445403,3.9392566272498866,-1.5781148940417308e-06,0.002751941518967641,0.08568705950027206,-1.7604556468997732e-06,0.0011391953366831505,8.08928658075546,0.134821443012591,0.9178814285529111,-1.4456610281937012e-07,0.19224479531346209,0.5177308081025896,False,False
BEML,GRSE,0.4328365089747346,130,27527,1e-12,1.41314978694872e-05,0.013211688657905637,33780.03928843224,15,False,0.7036926444401492,1.9505636999109806,-1.7437872909899602e-07,0.0028641426143363137,0.10299756432434364,1.922657086990468e-06,0.0012997370116978632,6.729743417787977,0.11216239029646628,0.9021291707729007,1.8817204342311638e-07,0.21202951690441746,0.6078662098273,False,False
HUDCO,NBCC,0.4323975734044227,131,27527,1e-12,4.015601878377523e-06,0.0003150174727850963,83970.43660925233,15,False,0.5223523623528838,2.876340632591363,2.810028810902815e-06,0.0011726170798014289,0.320645611817903,1.792122656823735e-06,0.0009374484320643032,2.1617235820884666,0.03602872636814111,0.7256803779760019,4.916144098405302e-07,0.028093853784639588,0.34743985935308336,False,False
BEL,COCHINSHIP,0.4323371507799407,132,27527,1e-12,1.9086005205908705e-05,0.013943103199611442,32986.72036105145,15,False,0.4851895989661397,2.51191009343336,-2.459057561993168e-06,0.0021529079576549336,0.10562630442028247,1.3601005107565294e-06,0.0009872503022285615,6.56225913009266,0.10937098550154434,0.899760821900623,1.3633535733077736e-07,0.1855976443302101,0.4887288132753965,False,False
BEML,COCHINSHIP,0.4322308320996462,133,27527,1e-12,4.412469005246408e-05,0.03179328072732735,21639.752457043316,15,False,1.0539463083227598,-0.26863650123916705,4.935268002372756e-07,0.0028784611516582508,0.12613727554530282,4.089728345472223e-07,0.0014458041274304921,5.495181163247799,0.09158635272079665,0.8814938309310254,4.84658038754709e-08,0.1775800283096729,0.0009270804291235189,True,False
COFORGE,OFSS,0.4322087525884033,134,27527,1e-12,1.843945824057038e-05,0.028819238137828815,23149.119833809516,15,False,0.060990792609457695,6.713847859861844,3.726929421258082e-06,0.003965332796105036,0.05536305500188593,-4.17479658047511e-07,0.0013180180827625655,12.520031283250777,0.2086671880541796,0.9461415841563598,-2.248479302938354e-08,0.26974311360781583,0.580884259528214,False,False
COFORGE,LTM,0.4317479445854765,135,27527,1e-12,2.410792281045827e-05,0.0324711879197458,21482.42211428447,15,False,0.04386736661122555,6.880428966934338,3.8333835597856635e-06,0.003827088011304338,0.05967702553601834,2.280383692140915e-07,0.0013208163196973184,11.614975349962661,0.19358292249937767,0.942068748603877,1.3210548094903447e-08,0.2559359761912342,0.5731655393622973,False,False
BEML,MAZDOCK,0.430909387491743,136,27527,1e-12,4.611234028090052e-05,0.0424825637619006,17710.030305774155,15,False,1.251351539746725,-2.303764156877303,-2.65431860933804e-06,0.003404548446323282,0.10538077758654509,-2.4072620010604586e-06,0.0015630276300310625,6.57754854760576,0.10962580912676266,0.8999817644488974,-2.4077009785528346e-07,0.20906327516560885,0.4170465290283892,False,False
JWL,TITAGARH,0.4305128114508857,137,27527,1e-12,0.00044198550699550064,0.2151561479053413,-4784.833877589508,15,False,1.498669675908408,-4.227187339786379,-3.809009210606511e-06,0.0036652143580821355,0.15544730175101604,-1.2328638050255516e-06,0.0020426502536178806,4.45904929035164,0.07431748817252733,0.8560321871376403,-1.7749270556669532e-07,0.12652997044924982,0.2421027740154144,False,False
ADANIGREEN,ADANIPOWER,0.4302712636199267,138,27527,1e-12,0.00017728898371444316,0.028036348651944844,22781.91796254333,15,False,1.3018733540087337,0.3490096031154702,9.206473369366212e-07,0.002434117813627792,0.20883475837517954,4.666196413403842e-07,0.0015729814690417705,3.3191178803419312,0.055318631339032184,0.811529322988621,8.794411971022906e-08,0.06670688615225599,0.5713401449077322,False,False
MAZDOCK,NBCC,0.430165078104502,139,27527,1e-12,1.0222490596868744e-05,0.0012411924135275483,65469.730424604706,15,False,0.4628553267559776,5.660153881946275,2.7882509455373034e-06,0.0016799694722253833,0.22385311939916214,2.280322248970211e-06,0.001123911805275462,3.0964374426427566,0.05160729071071261,0.799432546879159,4.573584257707435e-07,0.05301481702441889,0.24423182291039747,False,False
SBIN,UNIONBANK,0.4301468816912476,140,27527,1e-12,1.070777482684961e-05,0.0019888846512681334,59264.41453634035,15,False,0.23632688896893245,5.754880152538224,-3.540073604479927e-07,0.0012443948204242967,0.17516236045142394,-2.2013176513189965e-07,0.0007365291631166224,3.9571696726030874,0.06595282787671812,0.8393207372121936,-3.537060973757219e-08,0.07367041602674802,0.6005653529598389,False,False
ANGELONE,CDSL,0.4300193943003585,141,27527,1e-12,0.0002255453605806473,0.15394598089012862,-80.29883906919686,15,False,1.9642946618669772,-8.61583809633634,-5.875285006931095e-06,0.004045044635234203,0.10689908583752633,-4.849163709883456e-06,0.0018700105175305153,6.4841263620667915,0.10806877270111319,0.898616351531354,-4.916259089297396e-07,0.1575996239187376,0.6137219606048654,False,False
KAYNES,PGEL,0.4297864488642019,142,27527,1e-12,0.00013594599758973825,0.05555084476816274,13787.575025012233,15,False,1.3030713253141433,-0.021243577698889703,-3.495183598482815e-06,0.003718894484388141,0.13136567533293544,-2.897685830602878e-06,0.0019060631073342922,5.276471032506939,0.08794118387511565,0.8768970561322881,-3.567136561509703e-07,0.12187340872241947,0.908605068618423,False,False
BAJAJ-AUTO,EICHERMOT,0.4285022187519102,143,27527,1e-12,0.00012211024184301218,0.19335911966285804,-3032.7656408772486,15,False,1.514493872772951,-4.321772097260696,-8.221081542213097e-07,0.0034988568857327977,0.05841955624785463,-5.988336494277818e-06,0.0011963667034390483,11.864985376115383,0.19774975626858973,0.9432541162480943,-3.398134465715836e-07,0.25511760276676054,0.43055061924828186,False,False
IREDA,MAZDOCK,0.4273649158838812,144,27527,1e-12,1.7317939164256682e-05,0.016104601683776684,31058.001019096075,15,False,0.7990514856254829,-1.3741994418030044,1.9268011488482275e-06,0.0026630106435011564,0.08949589906359723,-1.8518307633104514e-06,0.001125432634170508,7.745016115960618,0.12908360193267696,0.9143920149801162,-1.5853150024484103e-07,0.19251031712912628,0.5642042047452578,False,False
COCHINSHIP,HAL,0.4272991443967269,145,27527,1e-12,0.00016884056129628532,0.20643978532555846,-3983.1120396974575,15,False,1.737256200697438,-7.165901264314991,-6.640665403442759e-07,0.004398600371180268,0.07265284909545773,-2.600706260069288e-06,0.0016765220152736805,9.540536801925377,0.1590089466987563,0.9299235978161231,-1.8224813784274177e-07,0.2438462096831866,0.25347458846552917,False,False
PERSISTENT,TECHM,0.4272975611488798,146,27527,1e-12,2.997862797026065e-05,0.02190999817432348,26768.094367018217,15,False,0.883251885672816,2.148986285545596,-4.907171836228025e-07,0.0024056705623803293,0.10918739965007604,-1.9919602292212062e-06,0.0011235016655898368,6.3482341623790335,0.10580390270631722,0.8965623862767715,-2.0604361274221673e-07,0.17077583376616212,0.4155998121632329,False,False
EICHERMOT,TVSMOTOR,0.4272410789154419,147,27527,1e-12,1.1575355479265381e-05,0.013473748850071039,33564.25542494607,15,False,0.42794571911260154,5.383029710695015,-1.1452575545935433e-06,0.0021128017597497393,0.06958020084945207,4.437067408908261e-06,0.0007887512613498576,9.96184506652518,0.166030751108753,0.9327853202095188,2.982360650985491e-07,0.226382194105871,0.4755994664765605,False,False
INOXWIND,IRFC,0.4269554912261741,148,27527,1e-12,8.888000226311774e-06,0.0011618883927363222,66420.05187417989,15,False,0.8180980330449776,0.7599110421189799,1.9261571946081707e-06,0.0017137990676344284,0.23072691513253668,1.0459021759443885e-06,0.0011636305060758593,3.0041886537675073,0.050069810896125125,0.7939562538715169,2.1550160241551366e-07,0.05042223341543965,0.11683914938167028,False,False
ADANIENT,AMBUJACEM,0.4269141314653081,149,27527,1e-12,7.880861883417923e-05,0.03053570944923366,22009.835418729243,15,False,1.0653562030260473,1.0238170348374593,3.7567733557203445e-06,0.00197311343612682,0.14466722340358432,1.4941863406087804e-06,0.0010604276682978937,4.791321518809019,0.07985535864681698,0.8653102001869779,2.0125165909994868e-07,0.12040204754002441,0.9140380881583682,False,False
HUDCO,IRFC,0.4261704819524359,150,27527,1.566392905174083e-07,1.8681412203824328e-06,1.5592166717129433e-05,118545.84799699324,15,False,0.643162848592189,2.2482012935343074,-5.160229326751954e-09,0.0005303768892924162,2.129877249463089,-3.2085784960360454e-08,0.0010946442739965254,0.32543996642749135,0.005423999440458189,0.11885188208937375,-2.827232902950669e-08,-0.009252230594308486,0.11984261624700332,False,False
JWL,RVNL,0.425487250223018,151,27527,1e-12,0.00015347318567132906,0.042618828794154386,17289.867938998632,15,False,1.2236770687937764,-1.3360931917903083,3.658350867019031e-06,0.003073045046034509,0.18489443512388407,2.024360054628421e-06,0.0018682036567759495,3.748880706417793,0.06248134510696322,0.8311920239039423,3.4172812371152853e-07,0.08174300378624791,0.13685716609313103,False,False
JBMA,OLECTRA,0.4251303424657204,152,27527,1e-12,0.000146439265918247,0.08680503909366485,7766.008115352712,15,False,0.5471654844534253,2.5397790416504136,-1.1925014473958941e-05,0.003250482411923961,0.11630289661381854,-6.181550053103227e-06,0.001563145225861233,5.959844515838043,0.09933074193063404,0.8902055422124521,-6.786999363670569e-07,0.16313959470038442,0.004450660713283099,True,False
IRFC,SUZLON,0.4250767320016936,153,27527,1e-12,1.2418850033094103e-05,0.0007493083490623323,71890.16893389811,15,False,1.036599377560626,0.7313504611639279,-1.149537841232386e-06,0.0012906832524851217,0.37843800765643026,-6.747611484057641e-07,0.0011224036485254587,1.831600332251056,0.030526672204184264,0.6849304301815413,-2.1259670475841326e-07,0.017035352249570188,0.10360192848017868,False,False
PREMIERENE,WAAREEENER,0.4246042699104623,154,27527,1e-12,8.825565985340153e-05,0.0883609548151607,7650.640498155455,15,False,-0.07466180144106503,7.266454121184924,1.6549290878144762e-05,0.004508064360156123,0.07289229412422668,6.160538430768662e-06,0.0017160336022154935,9.509196944448604,0.15848661574081008,0.9297009588894469,4.330799444077483e-07,0.19948445874651768,0.7117167296670365,False,False
BDL,RVNL,0.4244406964385059,155,27527,1.8881747856570694e-07,2.344963979172132e-06,2.0581751744038782e-05,113880.49361107376,15,False,0.5414224775106852,4.103610276068385,-3.377917987803019e-08,0.0006283592212021385,2.4522162180819476,-1.0720520016604001e-08,0.0013915656214804695,0.2826615269277131,0.004711025448795219,0.08610255285691128,-9.79745587522078e-09,-0.008958356716670638,0.5035492594403291,False,False
M&M,MARUTI,0.4231775320759573,156,27527,1e-12,0.00011308277895678375,0.2455959139090003,-6271.555084563194,15,False,0.6059618884255846,2.319158861059982,-1.437093958929544e-06,0.0024708392103551147,0.05626980890378261,1.9921185096928533e-07,0.0008287949531380972,12.318278559381246,0.20530464265635412,0.9452840554256958,1.090006459617996e-08,0.26779375881134293,0.10115430950186577,False,False
NBCC,RECLTD,0.4230526235767605,157,27527,1e-12,0.001958313467013069,0.5918579415456937,-18880.70476210626,15,False,0.6966504332890584,0.4931246882432305,-1.4082154156423817e-05,0.0018693715727427466,0.14082764476577295,-8.019532722391845e-06,0.0009811048744994995,4.921953936762914,0.08203256561271523,0.868639013276964,-1.0534537314710678e-06,0.10694159881378157,0.7028583713379614,False,False
HINDCOPPER,NATIONALUM,0.4226072861337199,158,27527,1e-12,0.0001556017263192024,0.04570234148347162,16351.580922880805,15,False,0.9596478895382421,0.6404562343743626,-2.9621891948249933e-06,0.0031126348407393817,0.16122045005422503,-3.8774560920555214e-06,0.0017675037729396725,4.2993750502917685,0.07165625083819614,0.8511044244080367,-5.773360566591715e-07,0.09518037306923403,0.7572437839083181,False,False
MAZDOCK,SUZLON,0.4223957342968477,159,27527,1e-12,1.1018233102634699e-05,0.0006746738353040368,73323.01081221185,15,False,0.8276224203894421,4.6119140178644455,-9.544483162286467e-07,0.0014406161940373051,0.32474908164524513,-1.9024632098455885e-07,0.0011602741989066739,2.134408439427512,0.03557347399045853,0.7227086717639846,-5.275365503782366e-08,0.023825132838430445,0.2529080318256661,False,False
JIOFIN,NBCC,0.4221384652906303,160,27527,1.6432930008602762e-07,1.9109881115672704e-06,1.9094381356427452e-05,116656.50270257167,15,False,0.37718703765783046,3.8425061310465813,2.428367488279467e-08,0.00046833026943910144,1.505869535585986,1.2860980965372757e-07,0.000812409103555567,0.4602969674197026,0.00767161612366171,0.2218243258027009,1.0008102533567577e-07,-0.010081184411430287,0.2963940051390609,False,False
CDSL,NBCC,0.4218075505702004,161,27527,1e-12,4.0010203066828535e-06,0.00034607884658546096,82734.99020177705,15,False,0.33875211205732486,5.635120806649929,3.2500759234959217e-06,0.0012443071981919007,0.2928681295613422,2.3447467942097007e-06,0.0009503062012560651,2.3667552409958055,0.03944592068326343,0.7461205254510413,5.952830840643141e-07,0.029737155722680972,0.11859922459718353,False,False
ACC,AMBUJACEM,0.4217223055630862,162,27527,1e-12,6.0590820586468995e-05,0.023348701066444755,25702.97127938585,15,False,0.37135833054321365,5.061849113478553,-9.44097485670251e-09,0.001271598911087647,0.18605034866881842,3.7146647703084286e-07,0.0007757123740636015,3.7255892586032817,0.062093154310054695,0.8302317928640196,6.306319781664503e-08,0.10360610675934268,0.8157692294430601,False,False
NMDC,VEDL,0.4216221425316362,163,27527,1e-12,2.0257239215869663e-05,0.0048174862133125275,47217.618963192406,15,False,0.5687176331309061,1.2495332777221695,9.27034681210521e-07,0.0016804012571078426,0.16247909380258316,1.8199534508968697e-06,0.0009580539712932033,4.266069956065482,0.0711011659344247,0.8500338610153471,2.729313921627987e-07,0.08242599754781456,0.5380743209139183,False,False
RVNL,TITAGARH,0.4216162845256309,164,27527,1e-12,4.6419507196366026e-05,0.022545763906131697,26255.13346362594,15,False,1.1568941225689071,-1.9142062133919806,-7.096057319121943e-06,0.0027084950306065785,0.15518058859953043,-3.2969203282064005e-06,0.0015063111677277882,4.466713181174534,0.07444521968624224,0.8562605326300642,-4.73897571937502e-07,0.11671296807777992,0.3152492424854987,False,False
NBCC,SUZLON,0.4203649231670744,165,27527,1e-12,0.0001126797056059005,0.006623584270483947,41930.79420741076,15,False,1.210996775425905,-0.05666507489950951,-5.92222915059628e-06,0.0014147241145568742,0.38234777221760724,-3.7709476875253993e-06,0.0012293401414865625,1.812870980101988,0.030214516335033133,0.6822577416548048,-1.198189434335912e-06,0.016685001308138058,0.13368944070487165,False,False
DIXON,KAYNES,0.4201113090749536,166,27527,1e-12,3.3189622483360095e-05,0.03826554395854129,19193.850193580856,15,False,0.0466813288790858,8.918420316765816,9.56762686193761e-06,0.0038579243805087595,0.06641854257355612,7.653117010537825e-06,0.0014057067320170703,10.436049237188696,0.17393415395314493,0.9357391356537675,4.917959140400152e-07,0.2263251953656884,0.09126230443626204,False,False
IRFC,PFC,0.4200080575355092,167,27527,1e-12,0.00031345478430362217,0.10021909008357592,5581.397393161813,15,False,1.6913400903251936,-5.393754743395364,-3.446227758763764e-06,0.003054957386698021,0.14219718424200536,-5.175039825705908e-06,0.0016298442648073317,4.874549269416462,0.0812424878236077,0.8674501921122598,-6.859505347087225e-07,0.10792302104055017,0.8685336324657058,False,False
BAJAJ-AUTO,TVSMOTOR,0.4176882174787611,168,27527,1e-12,1.1515638985820587e-05,0.013474139783106963,33565.530402663004,15,False,0.8481075871342408,2.189275237603847,-1.7072399137039529e-07,0.00217380703476047,0.07333393259936542,2.3425876127403227e-06,0.0008326952007819536,9.451929768265874,0.15753216280443122,0.9292904578288314,1.6564329759271913e-07,0.23360412458193003,0.000496931618299702,True,False
JWL,RAILTEL,0.417427350486923,169,27527,1e-12,0.00019129983028740111,0.05414309341292642,14002.725966658818,15,False,1.6518733479772627,-3.837254193883765,-1.2103223436322283e-06,0.003545260363995744,0.20154668423138683,1.5925718248904233e-06,0.0022488687384856335,3.4391395879486346,0.05731899313247724,0.8174654139247512,2.9069943885147696e-07,0.08957876899383621,0.4407368890975959,False,False
OFSS,PERSISTENT,0.416993509840718,170,27527,1e-12,0.00017333951227282065,0.24350453183894713,-6228.039935392573,15,False,1.431436350181569,-3.4593943003556067,-2.2932060426397e-06,0.004035948269531928,0.08543973049119488,4.017495090842628e-06,0.0016652392797418443,8.11270326550689,0.13521172109178148,0.9181084753335557,3.2899879832905814e-07,0.22095567667462146,0.615653326163401,False,False
OIL,ONGC,0.4167035459923878,171,27527,1e-12,0.0004500356294802169,0.1098685679011763,4205.767131624151,15,False,0.5433919949860743,3.107219996782424,-3.21125347754213e-06,0.0018462320807995252,0.158065235923055,-1.6407926147513232e-06,0.001037348694232753,4.385196887298889,0.07308661478831482,0.8537940821066404,-2.3989359031236273e-07,0.09730469952817343,0.18610031659138304,False,False
KEI,POLYCAB,0.4163102999792911,172,27527,1e-12,2.0792740427053203e-05,0.033117094266697275,21248.376692181442,15,False,1.2211420927190006,-2.5127015899539424,4.111833283645141e-06,0.0030986821885806625,0.0848985875727985,-8.641655652858733e-07,0.001275249539582312,8.164413571257452,0.13607355952095754,0.9186054376850034,-7.033837795413532e-08,0.22344216988462837,0.0005160683097767801,True,False
LODHA,OBEROIRLTY,0.4161911398381362,173,27527,1e-12,3.0564422476247746e-05,0.022479328037663605,26415.632874216168,15,False,0.9388259038764317,-0.02956361187197583,-2.630146012423557e-07,0.0025625050841420133,0.12430981079426728,1.0587297015539125e-06,0.0012776022830388574,5.575965212489171,0.09293275354148618,0.8831062026628331,1.2375893516828223e-07,0.17822597604666648,0.9934488573403114,False,False
MPHASIS,TECHM,0.4161297551380843,174,27527,1e-12,9.01581617069175e-05,0.06609767137199944,11571.735677344263,15,False,-0.47309897031554243,11.28999524366249,1.0779834404383876e-06,0.0035757296365927305,0.0825090821550257,-5.843631855494716e-07,0.0014518603102362728,8.400859183690788,0.1400143197281798,0.9208030749425532,-4.627976741229238e-08,0.19221653862943852,0.7106192972160283,False,False
BEL,DATAPATTNS,0.4157603096465196,175,27527,1e-12,1.3867137038647402e-05,0.014079229823315173,32928.077611253146,15,False,0.4352811164643418,2.5936447487970096,-3.3252088830741366e-06,0.0025059564320679224,0.0853337584880037,2.439226474850464e-06,0.0010327182349548641,8.122778052221719,0.1353796342036953,0.9182057742832248,1.995146408582527e-07,0.217153974940022,0.45619764852571065,False,False
HINDZINC,NMDC,0.4157447539876389,176,27527,1e-12,0.0001579003148895605,0.01543624602154295,30695.356628103043,15,False,0.7779070585849324,2.9771313722421606,-2.7269897276466216e-06,0.0017241299272456052,0.2599937346851892,-2.4247303593171426e-06,0.001243096159545453,2.666014938395479,0.04443358230659132,0.7710564166996202,-5.551264569992841e-07,0.03829530506881619,0.7034532819065525,False,False
IRFC,JIOFIN,0.4153938272300104,177,27527,1e-12,0.0002296892718039002,0.05774911379864861,13067.813647215547,15,False,1.8622582194093784,-5.663478844894281,-9.014951498524154e-07,0.0027087354543016123,0.16166823281247605,-3.0806013741987837e-06,0.0015388318549424216,4.287466798526511,0.07145777997544185,0.8507233998357991,-4.5986169960155953e-07,0.0902642576863961,0.05929517886674139,False,False
MAZDOCK,SOLARINDS,0.4146047602734972,178,27527,1e-12,4.4832446192215276e-05,0.0911976929687833,7350.00741671304,15,False,0.9267208765893558,-1.0143236541999285,1.3833149725197964e-06,0.003589418535080897,0.06047392791436903,2.9347193507946365e-06,0.0012480156683921044,11.461917630709229,0.19103196051182048,0.9413183108300821,1.7221428874427408e-07,0.2798782369263764,0.40337577540400427,False,False
IRCON,NBCC,0.4145407365105659,179,27527,1e-12,9.789376817251448e-06,0.001175606116417331,66199.04045745824,15,False,0.5351276070049028,2.5542815735123243,3.648535786538666e-06,0.0017935600783454814,0.23947770801879015,2.361616321853232e-06,0.0012402467091501277,2.894412120002246,0.04824020200003743,0.7870388178009462,5.029326038024454e-07,0.04912986325800507,0.5177646023487418,False,False
BDL,NBCC,0.414422280399625,180,27527,1e-12,7.2837189831070296e-06,0.0008919571457435314,69994.93714021925,15,False,0.5008097610838713,4.914475783403985,2.7728337033390024e-06,0.0017180717574749947,0.23864512847349886,2.1982835055089126e-06,0.0011867163525195409,2.9045100773423838,0.04840850128903973,0.787694363080925,4.667079797657666e-07,0.052221246185903944,0.476265597249317,False,False
MPHASIS,OFSS,0.4140224496257736,181,27527,1e-12,3.835183991021521e-05,0.060331011786814916,12990.758172625356,15,False,-0.19530112961012525,9.557772579313426,6.204882524888817e-07,0.003868303655257498,0.054906918409232744,1.1226213136538173e-06,0.0012820659166265392,12.624040842973091,0.21040068071621817,0.9465732523970802,5.997800557824073e-08,0.26815382924783693,0.6581615717990033,False,False
M&M,TVSMOTOR,0.4138283917466371,182,27527,2.238954000237146e-07,3.4691761140855238e-06,3.965113988941927e-05,104772.90221954552,15,False,0.3643937670813535,5.145245913554154,7.352539825578405e-09,0.0003945814448394067,2.5264578073450616,5.954849426501242e-08,0.0008868024082599401,0.2743553359746553,0.004572588932910921,0.07994168821903674,5.47880871025657e-08,-0.008922337601577195,0.7846214164417136,False,False
CDSL,JIOFIN,0.4133061161960127,183,27527,1e-12,4.147276412709511e-05,0.010416759716228728,36638.38175415255,15,False,0.8209406362530146,2.6180595831179487,2.148118322373634e-06,0.001503012633326768,0.2067135499757854,1.3901062390590483e-06,0.0009650414213864673,3.3531772863517713,0.05588628810586285,0.8132525728447833,2.5959876361669195e-07,0.07543139106289944,0.030609157853770157,False,False
JIOFIN,RECLTD,0.4131983099925035,184,27527,1e-12,0.000100786884168201,0.030552370706692502,21911.044432653845,15,False,0.5521409869913165,2.3270683575575064,-1.730879721948922e-06,0.001519072427916552,0.1418443375185947,5.550258186205033e-07,0.0008067292917186085,4.886675017739633,0.08144458362899389,0.8677563230757461,7.339865504226937e-08,0.10754532063038817,0.3430779954182303,False,False
KPITTECH,TATAELXSI,0.4131823424266871,185,27527,1e-12,4.74029493083169e-05,0.06175281642498381,12639.142951292137,15,False,0.8509238031585102,-0.42376592257787865,1.1666424701813908e-05,0.0028669095317252233,0.07798402277676149,2.08678502580542e-06,0.001124742204957391,8.88832296513045,0.14813871608550752,0.9249792050247291,1.5655227157841388e-07,0.2271732237078799,0.7028082290425365,False,False
PERSISTENT,TCS,0.413080672193186,186,27527,1e-12,0.00030411522640226286,0.3131412993523155,-9751.828455714392,15,False,-0.15283103877921173,9.83634685317498,-1.1221902953884272e-06,0.003555253921507957,0.07967644563913186,-3.836120184696387e-06,0.0014179770173528702,8.69952437009209,0.14499207283486817,0.923415073030646,-2.9378898419063774e-07,0.21262516760167366,0.6753925786403918,False,False
INFY,PERSISTENT,0.4125166075812397,187,27527,1e-12,0.00020173854031751485,0.2832092373810218,-8305.878498735126,15,False,0.7397219319970605,0.9036487461756956,4.1592690837031135e-06,0.0024577814849240545,0.08478204838608587,5.075621104272134e-06,0.0010119627043306387,8.175636160658064,0.1362606026776344,0.918712497453829,4.1258456343692044e-07,0.2282831617031039,0.5430552031874771,False,False
HINDALCO,NMDC,0.412056623901929,188,27527,1e-12,5.2078403203705875e-05,0.00511660012156686,45890.42916329689,15,False,0.912494553593138,2.8213257979509727,1.8509570110766497e-06,0.0014681524713823035,0.2768908221618649,8.071953277103962e-07,0.0010919375297872673,2.503323061227162,0.0417220510204527,0.758137264379785,1.9523047013989235e-07,0.03350052671331602,0.23187233591341488,False,False
BDL,BEML,0.4118253170116504,189,27527,1e-12,1.2497200422481455e-05,0.009791719557266133,37857.00162992381,15,False,0.6937348265835066,2.052188385139377,-3.392210364207593e-07,0.0027436194897771968,0.10777606815475343,4.823636438987891e-07,0.001273804416914674,6.431364517442495,0.1071894086240416,0.8978286263421072,4.928375609976589e-08,0.19332730275637,0.5360692559763698,False,False
EICHERMOT,M&M,0.4117117786198543,190,27527,1e-12,0.00017332618406453473,0.19341925244092056,-3102.920835353045,15,False,0.6288160332023788,3.779492474936114,-3.484388044069482e-06,0.0021165262746055138,0.07081957144423794,1.1658972285659394e-06,0.0007962036402426894,9.787508825942515,0.1631251470990419,0.9316299696140692,7.97124289439258e-08,0.22560602525781281,0.5326042479773035,False,False
EICHERMOT,MARUTI,0.4113704001706336,191,27527,1e-12,0.00014605256588910587,0.317397602257723,-9801.238999676472,15,False,0.9374526693003606,-0.10358966703622517,-2.575782545613426e-06,0.0026081156173061414,0.058081162141739265,-1.2118342575577242e-06,0.0008886000513203748,11.934113488783382,0.19890189147972304,0.9435733618939778,-6.837973309568983e-08,0.268784887283884,0.5967582527124139,False,False
DLF,NBCC,0.4109518175538043,192,27527,1e-12,6.256097457045591e-06,0.0007615842611534211,72187.46936424266,15,False,0.35523563691281707,4.795907577023877,2.396229115946134e-06,0.0014259300384281575,0.2276386822910991,1.9554632791056437e-06,0.0009619650870072849,3.0449446183033366,0.050749076971722276,0.7964119656024822,3.9810892532964275e-07,0.04415315306192334,0.5801899489804565,False,False
CANBK,RECLTD,0.4107447056522535,193,27527,1e-12,0.00011306504875264343,0.03428608432948626,20322.25123964516,15,False,1.2030197500000293,-2.067434807408661,5.115798054212822e-06,0.002166313616768442,0.1427087598397021,1.605189253048875e-06,0.0011549087503643519,4.857075216255289,0.08095125360425483,0.867006539252422,2.1347967391778961e-07,0.11316686439503723,0.13302967586868708,False,False
COFORGE,TATAELXSI,0.4106080967666428,194,27527,2.781037541711236e-07,3.142336762771746e-06,2.4663889037856568e-05,107460.41600733771,15,False,0.09622807906922956,6.440506311722216,,,,,,,,,,,0.5390192757718535,False,False
INOXWIND,RVNL,0.4104463667523582,195,27527,1e-12,8.826080162356547e-06,0.002470148740387129,56443.86562452459,15,False,0.646252119848004,0.8976164391060965,3.419253976113307e-06,0.0020968051256746367,0.1578577460987642,1.3724166139631175e-06,0.0011769850093289328,4.390960834612927,0.07318268057688211,0.8539712540707715,2.0041227702947223e-07,0.10553173231981626,0.2293893888101936,False,False
ADANIGREEN,TATAPOWER,0.4099692520367084,196,27527,1e-12,1.653506581508073e-05,0.005324441612656159,45953.85063132988,15,False,0.7198526687237108,2.560963599985133,1.967101154519251e-06,0.002187981524218179,0.15017333402960312,1.391399216747475e-06,0.0011990937081911986,4.615647545144784,0.0769274590857464,0.8605587993722958,1.9401837733571508e-07,0.11465738140852486,0.5633776858921182,False,False
RECLTD,RVNL,0.4092639024332515,197,27527,1e-12,8.033542291436905e-06,0.0023285302195160465,57280.71295749152,15,False,0.19086621892946015,4.7676601254520135,2.4013615442083513e-06,0.0018214408756157012,0.12940556364899605,1.3446268423549028e-06,0.0009262200173764846,5.356393968037269,0.08927323280062115,0.8786175579346148,1.632140897917058e-07,0.11024840250109186,0.19101535512033407,False,False
IDEA,INDUSTOWER,0.4089774490355869,198,27527,1e-12,0.0010310474834318017,0.3605563010311406,-12004.063955465304,15,False,2.277808652746307,-11.499455394872236,-8.00111308048796e-06,0.004220323521963923,0.1468014959721059,-3.2723873430315653e-06,0.0022850684382673438,4.72166292291498,0.078694382048583,0.8634653617577716,-4.467942220692619e-07,0.11631266656447435,0.30919108423443703,False,False
HCLTECH,PERSISTENT,0.4087845326671565,199,27527,1e-12,0.00021008194974653064,0.29501648026198635,-8867.90649492141,15,False,0.32581858616970055,4.515407652333652,1.1758095903786418e-05,0.0023318475547528107,0.06687964540460822,5.4687782613977225e-06,0.0008493405934043894,10.36409772160941,0.1727349620268235,0.9353077631503757,3.537874985644182e-07,0.2471743594645041,0.636704240616666,False,False
GRSE,ZENTEC,0.408225235415158,200,27527,1e-12,5.3011703759037595e-05,0.03614128533632173,19849.198399307945,15,False,1.6757496560783447,-4.294795377969593,1.2514569436063655e-06,0.0048099431093709425,0.09757516484481864,-5.463753771248873e-06,0.0021250731433965753,7.103725437331426,0.11839542395552377,0.9070341619114524,-5.079424484536143e-07,0.17790811028864179,0.3736768735560724,False,False
HINDALCO,JSWSTEEL,0.4081430046600817,201,27527,1e-12,0.00016047489564968042,0.10202721905654827,5562.449645464787,15,False,1.552657885825175,-4.1616555840864535,2.245853301811581e-06,0.003058716568751463,0.09675731429784917,3.049048328518763e-07,0.0013457432174784642,7.163770362891865,0.11939617271486443,0.9077762837278925,2.811945679492579e-08,0.17269568662275106,0.17158059698278239,False,False
IRFC,JWL,0.4080058729150222,202,27527,1e-12,1.3204744601779033e-05,0.0035447213025966724,51482.90903204615,15,False,0.34678978263243,2.7278297254800283,-1.9202321024151012e-06,0.0017709078740060003,0.16418026569193214,-1.217872467620892e-06,0.0010145968332899592,4.221866602777746,0.0703644433796291,0.8485890366017734,-1.8439924361865478e-07,0.09365600802316097,0.7819879472010138,False,False
MPHASIS,TCS,0.4075552426257124,203,27527,1e-12,0.0003384055676914115,0.34850188694835843,-11223.767266940511,15,False,0.22458790537601317,6.0376549503633115,9.354038061641373e-07,0.002751223810534292,0.07494093545381213,-1.345570585943317e-07,0.0010647133910425917,9.249246441381137,0.1541541073563523,0.927798284694856,-9.715250436925513e-09,0.22177027490323142,0.6215376239569952,False,False
BDL,IREDA,0.4075426935251148,204,27527,1e-12,1.5958080557640703e-05,0.0023281857491497084,56943.08551899652,15,False,0.9860519141470935,2.4328601221330546,-2.493036885747354e-06,0.0019773142725331883,0.22189693250022322,-6.81182019608002e-07,0.0013157111342726054,3.1237348473000996,0.05206224745500166,0.8009979169329658,-1.355566408498017e-07,0.05484322610344577,0.28272123387577697,False,False
NMDC,SAIL,0.4069324564327131,205,27527,1e-12,7.103070496089056e-06,0.0012176770445178266,65947.23264621163,15,False,0.49077117406578097,1.9271505784864522,-8.036217027294197e-09,0.0015486349738379676,0.19543664175270967,8.490866098388188e-07,0.0009680387239393232,3.546659287345921,0.05911098812243201,0.8224754525165098,1.5073371618592713e-07,0.0643903219301416,0.24743302185141514,False,False
INOXWIND,MAZDOCK,0.406892211528141,206,27527,1e-12,3.422081971779457e-05,0.03126059245288429,21924.729937370194,15,False,1.0638610107007256,-3.6723132262371814,1.7240941161772456e-06,0.0035835010368367175,0.07391237523766415,-2.9783440091215456e-06,0.001376809145735841,9.377958404545122,0.1562993067424187,0.9287530720430688,-2.1219786104884045e-07,0.2176111233585691,0.6819110370514313,False,False
IREDA,RAILTEL,0.4065903268464725,207,27527,1e-12,4.917053316538161e-06,0.0011341854452937945,67065.52066151776,15,False,0.6140004288090888,1.3037029738871078,1.1194549764447738e-06,0.0016483779842978196,0.20273045250974028,1.1067520499811718e-06,0.0010496375443269197,3.419058024973543,0.056984300416225715,0.8164982968332989,2.0309088615478292e-07,0.07008316502414855,0.10628907456518083,False,False
COFORGE,KPITTECH,0.4065336095403944,208,27527,2.5050062870651344e-07,2.867024807951149e-06,2.474159826893353e-05,109943.18797030453,15,False,0.20435228000623393,5.876686349886982,3.4196443996077315e-07,0.0005277760655595897,3.1194499352238063,8.540941828655878e-08,0.0013143691323980735,0.22220173266227308,0.0037033622110378846,0.04418146440422703,8.163590511274545e-08,-0.008692499783839777,0.4908122366829987,False,False
DLF,PHOENIXLTD,0.4062318976162066,209,27527,1e-12,2.605000469767325e-05,0.020450229555685897,27734.940702129643,15,False,0.6807560485180625,1.3540200591689175,1.8656786660716737e-06,0.0022986883275074284,0.10203706066421042,1.337315767981902e-06,0.0010383874094845142,6.7930923925866,0.11321820654311,0.902996085414035,1.2972486453178064e-07,0.1750675193289292,0.6052010179220032,False,False
DATAPATTNS,HAL,0.4061131507027407,210,27527,1e-12,0.0001488284335819743,0.18180347123617094,-2236.3561707843087,15,False,2.0915659460850446,-9.467371224150623,1.8554934232762973e-06,0.0054909143130335274,0.07378863084841092,-4.114085503973081e-06,0.002108945536939657,9.39368534949409,0.15656142249156818,0.9288680071358756,-2.926431007110109e-07,0.24360317133089734,0.8706667949269542,False,False
MOTHERSON,TMPV,0.4060769345853303,211,27527,1e-12,0.00020081166052520467,0.06070878342145163,12459.673617837445,15,False,0.9233861448511558,-0.6297901247523838,-5.382291346987481e-06,0.0020209133750041177,0.1394190751172059,-2.3976819361426366e-06,0.001065627902013845,4.971681098710739,0.082861351645179,0.8698634139509995,-3.120261416009603e-07,0.10509965537813704,0.2638832038628425,False,False
PERSISTENT,WIPRO,0.405981639531794,212,27527,1e-12,6.705133697511431e-05,0.014993333588161396,31572.505581075915,15,False,0.8842472691509871,3.8350329288630705,-1.1852373367138114e-06,0.0019055983864702778,0.18651677148758794,-2.476793335568376e-06,0.0011628662790573291,3.7162726709864367,0.06193787784977394,0.8298446441054862,-4.2143965149079693e-07,0.07630564299807177,0.33965145143073106,False,False
JSWSTEEL,NMDC,0.4059626174589758,213,27527,1e-12,1.9583480591216307e-05,0.0019448691348930612,59205.799901809994,15,False,0.4442688473089135,5.127202240628673,8.719833776432126e-07,0.0010859927914727175,0.26731482704197695,5.683574411937694e-07,0.0007938363295694944,2.5929993791593873,0.04321665631932312,0.7654320548184328,1.333184371094759e-07,0.04199024408079434,0.25722575595249525,False,False
RECLTD,TATAPOWER,0.4057838110183748,214,27527,1e-12,2.129303000814048e-05,0.006855415565771918,42489.50585661427,15,False,0.31277016991841206,4.0072727681378,2.140691386722082e-06,0.0018817640491826334,0.12138763894265102,1.433272209461526e-06,0.0009269941095001168,5.710195754671686,0.09516992924452809,0.8856905648865065,1.638365366274157e-07,0.11859595382773254,0.5774292931831364,False,False
GODREJPROP,PHOENIXLTD,0.4055657069123026,215,27527,1e-12,3.523758921818851e-05,0.027596453025352952,23607.979492098133,15,False,1.087686761561044,-0.632297968520187,2.5277857126610283e-06,0.0028949865519036708,0.10044389761499448,2.3206324211901102e-06,0.0012975304818647665,6.900839145219219,0.11501398575365365,0.9044358519978328,2.2176926015723925e-07,0.19109123906470274,0.2154483008524788,False,False
LTM,PERSISTENT,0.4049649538356738,216,27527,1e-12,0.00026308223857139613,0.3692321210696996,-11956.637362253328,15,False,1.0226572828358527,-0.265754011888323,-1.1616254510029317e-05,0.0031079330680382792,0.08112435326724707,-9.700295448129893e-06,0.0012514770927965298,8.544255240797028,0.1424042540132838,0.9220790207760262,-7.558565200801369e-07,0.2189891529667159,0.6878160073732448,False,False
HEROMOTOCO,M&M,0.4034126680584442,217,27527,1e-12,0.00018218659117421422,0.20336045968591682,-3792.821678486318,15,False,0.3197411338089598,6.0198281685942225,1.562531194580583e-06,0.0023563457551681946,0.06859811444627278,-3.8746530298105973e-07,0.0008726615068951108,10.104464038918008,0.16840773398196682,0.9337018459696601,-2.5688234338450612e-08,0.22613813318079284,0.05108449983591128,False,False
RVNL,SUZLON,0.4032485583961727,218,27527,1e-12,2.128253254744723e-05,0.0012656608100591012,64665.236344097684,15,False,1.2790655294398658,0.8396859277235106,-2.128062978296586e-06,0.0016221531223793374,0.39226143789792306,-1.0539245658005936e-06,0.0014351290179819233,1.767054096049892,0.029450901600831532,0.6755274823875539,-3.419695572389227e-07,0.01670414978457804,0.0707002883194113,False,False
COCHINSHIP,RVNL,0.4031673725799162,219,27527,1e-12,9.612803076231812e-06,0.0027504343008545803,54976.56232821591,15,False,0.6011765563994053,3.85760951343389,-5.555286139240753e-07,0.002222344288877588,0.15433862002528248,-1.291021313503272e-07,0.0012348190855239497,4.491080589203141,0.07485134315338568,0.8569817806813959,-1.8463956935960334e-08,0.10297953999357529,0.012037591885042907,False,False
IRCTC,IRFC,0.4031231384278647,220,27527,1.6469437027950118e-07,1.7612578720201935e-06,1.235957219671588e-05,120875.33434673597,15,False,0.4411887401819846,4.32516911364574,-4.8990099078474776e-08,0.0004038622913784278,2.945676296204278,-1.0049153824789224e-08,0.000980164621975102,0.23531003099461972,0.003921833849910328,0.05256649726964598,-9.520905007696189e-09,-0.00851196146919866,0.4878453516720623,False,False
IRFC,TITAGARH,0.4029233905967023,221,27527,1e-12,2.6588864090685567e-05,0.01293189975558722,33904.28710568117,15,False,0.9152119277572355,-1.3525822604681594,-4.618454530149282e-06,0.0022253891689445237,0.14616872718748009,-2.5101206063425485e-06,0.001202215894128355,4.742103142698201,0.07903505237830336,0.8640119085859473,-3.4134651047560774e-07,0.12349693024754255,0.09424943667998614,False,False
ETERNAL,SWIGGY,0.4025692562581107,222,27527,1e-12,2.9269347414166005e-05,0.008491985723101943,39497.1901268398,15,False,0.13984257641319217,4.761834866645803,8.69772252519873e-07,0.0023435258794283825,0.14551310199952136,1.1242307965675382e-06,0.001264275648200199,4.763469206795037,0.07939115344658394,0.864578562291836,1.5224495078697042e-07,0.0966118103970459,0.6732693060270474,False,False
OFSS,TATAELXSI,0.4019318576877203,223,27527,1e-12,1.4283812414188345e-05,0.018952462426539696,28893.959313519103,15,False,0.28717865644964463,6.4415971134771715,6.395125864479253e-06,0.0025537717818655535,0.0638893323791115,1.0031308546889267e-06,0.0009098702117786634,10.849184906908942,0.18081974844848236,0.9381088120566458,6.208496025932994e-08,0.2521277940661825,0.401541283552436,False,False
DLF,IREDA,0.4016844533245575,224,27527,1e-12,9.510045756327638e-06,0.001406439678216908,63893.91586889983,15,False,0.6963282708958548,3.0506523253876714,-1.2739354463649082e-06,0.0015115278763511853,0.2182118941487256,3.5276385628465814e-09,0.0009976240267383183,3.1764867046501157,0.05294144507750193,0.8039550702416206,6.915756542662085e-10,0.05215465549167502,0.5024825173703672,False,False
BAJAJ-AUTO,M&M,0.4015605437208577,225,27527,1e-12,0.00044709535378475285,0.4993248994756342,-16156.032044409238,15,False,1.4664205744103787,-2.780437036436553,-4.14409791181604e-06,0.003315099257587744,0.07413408270076986,-4.414284119360255e-06,0.0012765769142295835,9.349912419604905,0.15583187366008175,0.9285471833799844,-3.154130336892952e-07,0.22041183430126698,0.7083251544275753,False,False
CDSL,MCX,0.401495758193605,226,27527,1e-12,0.00030378493015470606,0.27385678983215195,-7936.523652262894,15,False,0.6217389239257634,2.349731444701542,3.185898400713344e-06,0.002740708844646869,0.07634692540541177,1.8775312854841762e-06,0.0010702437110554366,9.078914139361167,0.15131523565601945,0.926494726239249,1.3800845113388912e-07,0.2151645738152734,0.33850045385701016,False,False
NHPC,TATAPOWER,0.4011185361872017,227,27527,1e-12,3.467193877723523e-05,0.011117945740032567,35841.00467885813,15,False,1.1653341556001071,-2.5639345539383083,-9.976834094363e-07,0.0017453871699739307,0.16976253123732388,-5.814723190233588e-07,0.0010169271813264083,4.083039852833854,0.06805066421389756,0.8438651844261029,-9.078807329203837e-08,0.10725691824632251,0.700491789836452,False,False
HUDCO,RECLTD,0.400880000586332,228,27527,1e-12,0.0002867818220145227,0.08685081653372682,7532.258724217231,15,False,1.017974717119514,-0.70030072860516,-3.0562274054647736e-06,0.001886645476308198,0.15294298331022163,-1.6735328049842804e-06,0.0010429246244029566,4.532062639016276,0.07553437731693793,0.8581786509224066,-2.373426801284796e-07,0.10724271852701617,0.3997829837596689,False,False
JIOFIN,RVNL,0.4007368087328064,229,27527,1.7557479911923788e-07,2.402111632011367e-06,2.4500945501676297e-05,112668.86082231195,15,False,0.3250441528887899,3.702745865041258,-1.7561519978679666e-07,0.0004561245642207383,1.7042712714113009,-8.026012420710739e-09,0.0008410329818020115,0.4067117671859555,0.006778529453099258,0.18190489718622643,-6.566041456505975e-09,-0.009841550622133708,0.24273844823081409,False,False
BDL,SOLARINDS,0.4005316142755274,230,27527,1e-12,3.1760393751457716e-05,0.06425739987606141,12166.186857389192,15,False,1.039330801762685,-2.654752016187701,-1.189680985231721e-06,0.003776860586773042,0.06610544090763523,1.3469997652550148e-06,0.0013729117420189223,10.485478518000267,0.17475797530000445,0.9360321630072905,8.616466141305071e-08,0.2703280978158638,0.7216610559798231,False,False
INFY,MPHASIS,0.400297715408787,231,27527,1e-12,0.00016800567754585044,0.1607088731621507,-589.3337743733391,15,False,-0.5550069031138796,11.62293929673269,2.996249887138067e-06,0.003967091247530455,0.07380458036941938,1.4046721472841155e-06,0.0015235768418348518,9.39165532939129,0.15652758882318815,0.9288531922542271,9.993793920866492e-08,0.22511716222333278,0.7435653193136936,False,False
LTM,TECHM,0.3999833727427641,232,27527,1e-12,0.00021127567524170188,0.1548799813987852,-142.57488369710944,15,False,0.9851430936504766,1.3319267527419034,-9.848757028003928e-06,0.0023234139789966766,0.09618427282287308,-9.761839410669056e-06,0.001019076104608638,7.206450287734687,0.12010750479557812,0.9082966262631562,-8.951936078356354e-07,0.17373235239776072,0.7047516988910741,False,False
HINDZINC,TATASTEEL,0.3999282153012343,233,27527,1e-12,0.00030072056681094115,0.058549164053190335,12760.27743231469,15,False,0.733711659534965,2.5343523493527527,-4.109142764167562e-06,0.0021571013351666104,0.1692212648209241,-3.4402564537460482e-06,0.0012546449488031876,4.096099750190723,0.06826832916984538,0.8443220639460177,-5.355720242155771e-07,0.07612781738750043,0.771168965657536,False,False
BEL,RVNL,0.3998071395942168,234,27527,1.7521910922895827e-07,2.189455656773462e-06,1.6434191828933915e-05,116418.80376129065,15,False,0.3715296504464508,3.927923886119884,-3.476369875611604e-07,0.0005030082706698713,3.0627829198052794,-1.4825448084094283e-07,0.0012425482140306057,0.2263128660140279,0.003771881100233798,0.046757391920249684,-1.4132248797632971e-07,-0.008460575612791937,0.6379994108980653,False,False
ADANIENSOL,ADANIPORTS,0.3995314952279385,235,27527,1e-12,0.0006023727202205564,0.4282849353597727,-14149.39626035679,15,False,0.9024241211126227,0.3177882799433307,-2.7845070519230317e-06,0.0024994004195131305,0.10702380458141084,-2.5044806270315986e-06,0.0011563563728571942,6.476570173065397,0.10794283621775662,0.8985042842173495,-2.5419405390435343e-07,0.16607443672475974,0.6239913214093371,False,False
HAL,RVNL,0.3991711713597898,236,27527,1.676677324570656e-07,2.1974293984296287e-06,1.8580589154066792e-05,115482.65342787429,15,False,0.33473385495687946,6.4121775398862235,-1.265126026862027e-07,0.000477833829740945,2.257695500516727,-7.644704517635386e-08,0.0010152693899777266,0.30701535277954983,0.00511692254632583,0.104591237693926,-6.845135410331554e-08,-0.00947327295079172,0.2826313657044879,False,False
RITES,RVNL,0.3986225867514147,237,27527,1e-12,4.977820327969416e-06,0.001013735434326638,68548.84140879875,15,False,0.5709654762597859,2.1027470786111953,1.1612443302485558e-06,0.0016122736319741924,0.2500930067065624,5.971684159666099e-07,0.001140268124528316,2.7715576284515,0.04619262714085834,0.7787283527438085,1.3213643909030236e-07,0.05794670864564872,0.12385778161679845,False,False
M&M,TMPV,0.3981426709980387,238,27527,1e-12,4.7135126365742755e-05,0.014227777652873147,32422.36566517951,15,False,0.069147378330521,7.7312507938822295,-1.4220686943948038e-06,0.0018095142742612328,0.12893191521977918,9.224682361948085e-07,0.0009188765261115326,5.376071389138963,0.08960118981898273,0.8790338123321517,1.115874657771702e-07,0.10588088573820797,0.6997252306302988,False,False
JSWENERGY,TATAPOWER,0.3972150534619093,239,27527,1e-12,1.1690977393795152e-05,0.0038127258686159985,50559.271746480255,15,False,1.0635273655217763,-0.12261111466692258,7.4281916067576e-07,0.0019046226920386845,0.17285488063665375,4.5579613706626175e-07,0.0011198915382222387,4.009994846584412,0.06683324744307353,0.8412596890572278,7.23532205244128e-08,0.10552663171506918,0.0706301288685242,False,False
IREDA,TATAPOWER,0.396973687563545,240,27527,1e-12,1.7847931578082494e-05,0.005736525028188657,44939.81263531884,15,False,0.958190141534814,-0.84085957732256,2.4999678657120582e-06,0.0019129496950987554,0.14732998574419962,9.608961506581122e-07,0.0010378286285861605,4.7047257695620495,0.07841209615936749,0.8630091497078449,1.3163398072111354e-07,0.10578822833495145,0.8398317925213803,False,False
LTM,MPHASIS,0.3969289798007929,241,27527,1e-12,0.00034693697941081357,0.33181445091015016,-10565.261242015475,15,False,-0.1350005526936181,9.606995092360911,-1.1583768922328618e-05,0.003305303829842665,0.0684662569722603,-1.2865115831296465e-05,0.0012227337091518593,10.123923976752225,0.16873206627920376,0.933824969653761,-8.513494305439227e-07,0.2218254989768058,0.8206441011342583,False,False
ADANIENSOL,ADANIPOWER,0.3967440733859262,242,27527,1e-12,0.0002497424017714994,0.03946213543790299,18077.312860780963,15,False,1.4583505050923269,-0.373522045305825,4.449514473933072e-07,0.0026751046701734803,0.2119336337291223,-7.746771010247607e-08,0.0017414344602597225,3.2705860243300227,0.054509767072167044,0.8090183873183237,-1.4794908206127471e-08,0.06365354757486658,0.6141641900495934,False,False
MPHASIS,WIPRO,0.3960862959436563,243,27527,1e-12,0.00010637333217192004,0.023756335133710765,25234.42188407527,15,False,-0.45568298468457064,10.289737465837662,1.8677393023025421e-06,0.0024827756302258134,0.15456131725801306,3.640650854438994e-07,0.0013794267794129205,4.484609686671196,0.07474349477785328,0.856790954459362,5.2137413401091635e-08,0.09040882315170175,0.6736554454007887,False,False
ABB,SIEMENS,0.3955989624503326,244,27527,1e-12,4.075457767233608e-05,0.04297207001127983,17585.755732577174,15,False,1.0324613965869465,0.330990164879304,-8.60459140947736e-08,0.0026844587641138735,0.09629197870715085,2.3915856244867166e-07,0.0011780642905840817,7.198389625661215,0.11997316042768692,0.9081988026400225,2.195504239167901e-08,0.20452763381799496,0.8085650832452369,False,False
HEROMOTOCO,MARUTI,0.395087363717399,245,27527,1e-12,0.000239481944886269,0.5207939971376205,-16616.72526138244,15,False,0.21696630345484721,6.538498271340016,1.1385108361913544e-06,0.0029864057616023976,0.0466980215064658,-1.5302148744833197e-06,0.000912626733493606,14.843180892877276,0.24738634821462127,0.9543755549718717,-6.981520442208854e-08,0.288170779695684,0.08572257078353446,False,False
IRCON,MAZDOCK,0.3948478825845978,246,27527,1e-12,2.025657332555775e-05,0.018659238892373062,29024.84934827958,15,False,0.9869267619203711,-2.673396580150181,-5.605271436570576e-07,0.0033544339537447325,0.09051087491606195,-2.251071209510744e-06,0.001427120851355779,7.658164626104395,0.1276360771017399,0.9134643999982622,-1.9479779776164978e-07,0.19790319152539876,0.82860679341759,False,False
PERSISTENT,TATAELXSI,0.3945918649658542,247,27527,2.1543587232779133e-07,3.312054917890278e-06,3.7981427333904104e-05,104954.46222159862,15,False,0.2532212420674838,6.471431181371269,6.176804720192361e-07,0.0005721197710081661,3.263714646160722,1.7479944791417707e-07,0.001450509102084699,0.21237983577250863,0.0035396639295418105,0.038246063227598735,1.681140571771021e-07,-0.008263907860228258,0.6267997682984371,False,False
GODREJPROP,NBCC,0.3940729004431391,248,27527,1e-12,1.093094576885522e-05,0.0013061450832104124,64768.206759891305,15,False,0.48957469824314864,5.224055379166863,3.1063777096421445e-06,0.0016180900093300072,0.22057077176075063,2.7709835067698872e-06,0.0010745751225660631,3.1425160053018732,0.05237526675503122,0.8020608735927113,5.484860546190369e-07,0.04627093822014042,0.3787445298356963,False,False
HDFCLIFE,SBILIFE,0.3939321257429384,249,27527,1e-12,0.00037425823842738453,0.3204315582605858,-10110.010616454923,15,False,1.5833566915853277,-5.481457346520077,1.4729908733853858e-06,0.0025162279373553476,0.09758694670989229,9.422341865949334e-07,0.0011115161987978197,7.102867790510364,0.11838112984183939,0.907023475420293,8.7605660009784e-08,0.18769339109837332,0.3543768930101333,False,False
BDL,IRFC,0.3939261059329093,250,27527,8.667692081894657e-08,2.1532348587674716e-06,4.898224695726474e-05,106752.42371795903,15,False,0.6768274384914089,4.0280304975069505,-2.2422624118661622e-07,0.0009765029446619907,0.8179727658283172,-3.72444202857964e-08,0.0012487981394381802,0.8473964042776317,0.014123273404627195,0.4413254182344003,-2.080751092626952e-08,-0.006701346706995211,0.41669127015289975,False,False
KAYNES,MAZDOCK,0.3938977595829767,251,27527,1e-12,0.00021100314800396786,0.19441302059091897,-3218.3364555749677,15,False,1.4781204263771541,-3.2696040640704522,-1.0243595465256571e-05,0.004622148089258026,0.07372216677399027,-7.784914136788105e-06,0.0017747828966541476,9.402154208040624,0.1567025701340104,0.928929745539899,-5.532758286515679e-07,0.2213202065719131,0.1833890536864839,False,False
CENTRALBK,MAHABANK,0.3936158148388284,252,27527,1e-12,0.00027298320957214065,0.021596972150470052,25918.460367612428,15,False,1.1218345544727997,-1.0819352358276675,-1.1569133105885417e-07,0.001538445276267406,0.3804874106226497,-4.2288854430021956e-07,0.0013419010145176889,1.821734862201203,0.030362247703353384,0.6835281691160643,-1.3383231187453284e-07,0.021727010996806545,0.6263691478325984,False,False
INDIANB,SBIN,0.3935672196071045,253,27527,1e-12,0.0007354484084235265,0.44113309024811076,-14602.912496490562,15,False,1.8539359765686059,-6.153824090252026,2.544396470143535e-06,0.002946315196387075,0.11720645774386289,8.788638442706637e-07,0.001426317387675399,5.913899233050063,0.09856498721750104,0.8894015503693478,9.720097861277039e-08,0.1513093792334767,0.7699518621006507,False,False
GAIL,IOC,0.3932674691839778,254,27527,1e-12,2.0737689977642957e-05,0.0036458234592417656,50905.452580258694,15,False,0.8456686452975433,0.7761492777463102,-1.1190799942467341e-07,0.0014192807315539851,0.19828985601150068,-2.0619608908113078e-07,0.0008938097432625323,3.495626021937013,0.05826043369895022,0.8201320984632205,-3.7088057848113837e-08,0.061956778290974,0.6472308243102354,False,False
AMBER,DIXON,0.3927387308802699,255,27527,1e-12,9.811556313655151e-05,0.18639424685411718,-2497.937548015296,15,False,0.1320718196025478,7.585341647981262,-5.862734376112673e-06,0.0038777686147439803,0.050208505032436894,2.5637845145077034e-06,0.0012262965275811949,13.80537381290564,0.23008956354842733,0.9510311090543063,1.2554568429918593e-07,0.276876667374165,0.7318400396916946,False,False
BANKINDIA,CENTRALBK,0.3926611219076742,256,27527,1e-12,2.7958213968855506e-06,0.00010170415003558429,98572.63199245186,15,False,0.5367510210973748,3.1101510558331196,5.067866457891947e-07,0.0010617735617409463,0.4732144111277328,3.6456162075799764e-07,0.0010329245177398442,1.464763465060338,0.0244127244176723,0.6229964794786577,1.374410144727316e-07,0.008554812506540188,0.43353962980361765,False,False
BANKINDIA,MAHABANK,0.3926045279171048,257,27527,1e-12,2.847731548473536e-05,0.002273144406064681,56894.910665013966,15,False,0.5929210377143156,2.567935310039109,7.877993927550081e-07,0.001313221143441672,0.3046790539568715,3.6192168677151184e-07,0.001024947215981244,2.2750076566079365,0.03791679427679894,0.7373599891901969,9.505511572597205e-08,0.03137588388532962,0.820458055025579,False,False
CANBK,PFC,0.3923501684624094,258,27527,1e-12,0.00013732910057776576,0.043950819571341324,16927.436536386627,15,False,0.8640780374213307,-0.17082210963929134,6.831637659840161e-06,0.0019188813286395395,0.14599293039268166,1.3805049687037382e-06,0.0010313384043807246,4.747813326957449,0.0791302221159575,0.8641638124618605,1.8752253182617444e-07,0.10932732988776649,0.7504414719541419,False,False
RAILTEL,RITES,0.3923104640071137,259,27527,1e-12,1.9260121650190706e-05,0.004193225275380844,49081.594678281006,15,False,1.1382447266822862,-0.35820836270046275,9.868823206551387e-07,0.001955903190096078,0.30596303194730784,-1.471424297345923e-07,0.0015285398189507564,2.26546055629138,0.03775767593818967,0.7364138427386427,-3.8784707623840456e-08,0.05036345895312377,0.0891665224560011,False,False
CDSL,RECLTD,0.3920484334731902,260,27527,1e-12,5.208464205099015e-05,0.015741103789349384,31032.801800143126,15,False,0.8966546061318242,1.9293394166178945,1.8377117324604897e-07,0.0018779956892803166,0.15194974375157644,1.2704186934183103e-06,0.0010357771936250447,4.561687064725662,0.0760281177454277,0.8590314513543408,1.790890793834939e-07,0.1043313295866396,0.04287825839137102,False,False
BDL,SUZLON,0.3915323893378264,261,27527,1e-12,1.0225302654902131e-05,0.0006242542955283496,74370.04740139423,15,False,0.8485420145190584,3.959906188700933,-1.1392064572944465e-06,0.0015033519083368764,0.34325647185724506,-4.0316585988370973e-07,0.0012448710600465316,2.01932734671996,0.033655455778666,0.7094562326673476,-1.171373277905213e-07,0.02369072067042625,0.3068824348302113,False,False
CENTRALBK,IOB,0.3911564607225164,262,27527,1e-12,0.000787705022702455,0.033803597567642625,19197.149940486637,15,False,1.235402000323701,-0.7750945384163144,-1.570155942313813e-06,0.0011718670981238659,0.7033946649571923,-6.585210863105528e-07,0.0013862466689547868,0.9854313873735868,0.016423856456226446,0.49490242108993204,-3.3261740635668815e-07,0.0037506503365051943,0.11800840968852738,False,False
JIOFIN,MAZDOCK,0.390117444927003,263,27527,1e-12,1.2758769997109853e-05,0.01189783393567394,35225.12851848974,15,False,0.4375504385761362,2.160206411230785,-5.962365306150845e-07,0.0022448696592494207,0.0758042470220965,1.3197959563873236e-06,0.0008734813406626959,9.14390958013074,0.152398493002179,0.9269976513503851,9.634820455453928e-08,0.21426043322635988,0.5635080495521565,False,False
PFC,TATAPOWER,0.390040797316927,264,27527,1e-12,1.7941117712157377e-05,0.00576778056757223,44864.184575358835,15,False,0.471254716890191,3.171918102929085,1.1423534731727898e-06,0.001898598250974069,0.13044134735269958,2.7626601772433683e-06,0.0009700651151427932,5.313860939244584,0.08856434898740974,0.8777079713351275,3.3785131758674786e-07,0.11453641794066328,0.20774961523278923,False,False
LTM,TCS,0.3896691376134766,265,27527,1e-12,0.0006872108276000715,0.7079346997731704,-20978.502134290426,15,False,-1.0136293524631397,16.60963164894097,-9.568030950120551e-06,0.004955031560965627,0.06416762548613156,-9.160971341728746e-06,0.0017752372175897648,10.80213231062686,0.18003553851044765,0.9378477791641276,-5.693747139022228e-07,0.22829475633447666,0.8027335845619175,False,False
CDSL,MAZDOCK,0.389541715884188,266,27527,1e-12,1.1267964584348179e-05,0.01056190049481524,36861.307425187384,15,False,0.48716670223210234,3.3960804910282043,3.2496662163428894e-06,0.002495907380195746,0.08688521008721471,4.0976388162356265e-06,0.0010409829899646634,7.9777349892365965,0.13296224982060995,0.916782326956644,3.4099596725926083e-07,0.19629641772176487,0.3145345849033767,False,False
BANKINDIA,RECLTD,0.3892338919434939,267,27527,1e-12,4.478079140355764e-05,0.01356437857174746,33078.760183720944,15,False,0.4176529543718434,2.595144566448191,2.966401462504565e-07,0.0020919234015506593,0.12347194060395827,-5.0503609240142554e-08,0.0010396076865717763,5.613803242821343,0.09356338738035572,0.8838464410934731,-5.866173950867115e-09,0.1211156968983327,0.5714584047480944,False,False
CANBK,IREDA,0.388919223359527,268,27527,1e-12,5.610559003343802e-05,0.00813096742331417,39767.71002148854,15,False,0.4197656274508346,2.952493435791609,4.825082274629177e-06,0.0014752589491353043,0.20326636765176517,2.3301755049014157e-06,0.0009366119831635493,3.410043621911133,0.056834060365185554,0.8160608402628584,4.2861052441163606e-07,0.061264531757513896,0.4304639288819519,False,False
IRFC,RITES,0.3888919594555273,269,27527,1e-12,2.6821521101325918e-05,0.005808069149859638,44601.55000446385,15,False,1.0725010772849812,-1.0686623421776023,-1.1306796955132733e-06,0.0018560218541512654,0.2503092138538117,-8.16972404795185e-07,0.001313257675158626,2.7691636671623465,0.046152727786039106,0.778560004307903,-1.8091036579840793e-07,0.056001840012447235,0.19770284937656235,False,False
BHEL,MAZDOCK,0.3887137874275322,270,27527,1e-12,3.4311560633697436e-05,0.031749367259658066,21719.232284242287,15,False,0.5132620048636951,1.5847310681259676,5.757808156699613e-06,0.0029249811095323356,0.07331374290842944,2.8414967106241714e-08,0.0011171719537274322,9.454532711905081,0.15757554519841802,0.9293092201053663,2.008676185420589e-09,0.2232127497036864,0.12089589723064792,False,False
HCLTECH,MPHASIS,0.3886557873676952,271,27527,1e-12,0.00017852826948842478,0.1708310732609875,-1427.6854534211288,15,False,-0.0063043105448760605,7.373700886313417,1.0165296885687272e-05,0.002598165123961056,0.07503981427992173,3.5619037871576405e-06,0.0010017831577479508,9.237058849510097,0.15395098082516828,0.9277065496250017,2.5750231467739956e-07,0.21771089834897867,0.7078015047414979,False,False
HDFCBANK,ICICIBANK,0.3882552438315978,272,27527,1e-12,0.00025369431217072845,0.17544520217114928,-1873.2910399209454,15,False,0.5340550303524162,2.9491729745360855,-2.873127623758546e-06,0.0015553943091419257,0.10983854362892248,-1.650099266079802e-06,0.0007285528324991715,6.310600611217747,0.10517667685362911,0.8959787851021027,-1.7164533035974967e-07,0.16874056376174904,0.8074253030638148,False,False
CANBK,CENTRALBK,0.3881942367396391,273,27527,1e-12,2.59970248490657e-05,0.0012138788521858033,65044.97752714026,15,False,0.45345568160300365,3.351435175128603,3.291604412595119e-06,0.0010479729470960215,0.4082687548333368,1.8024211896617017e-06,0.0009414312878969957,1.6977718043667127,0.028296196739445213,0.6648001865479333,6.041712465366546e-07,0.014165020726068194,0.4246770788312744,False,False
PNB,RECLTD,0.3877565155627224,274,27527,1e-12,5.015209222365493e-05,0.015239457938755684,31481.81368954936,15,False,0.6209295299667602,1.1472541972323833,-1.2214239363912665e-07,0.0017464820316204313,0.13025178177872726,-8.063655524508459e-07,0.0008914209326624819,5.3215946154001115,0.08869324359000186,0.8778743703217551,-9.847790084390538e-08,0.1104373531273215,0.6653731275007759,False,False
CAMS,CDSL,0.3874674577882195,275,27527,1e-12,4.9871876859428224e-05,0.03408886077018378,20668.138521031266,15,False,1.2556583164495343,-2.471273000670435,1.1933612479165396e-07,0.002527106448809918,0.13190479980756323,-1.5117072456624395e-06,0.001299076082437136,5.254904913021984,0.0875817485503664,0.8764244268820439,-1.868100892693028e-07,0.15135737726695975,0.24984065580312392,False,False
CENTRALBK,PNB,0.3871070346256773,276,27527,1e-12,0.00012866300034756808,0.01779586841753327,28958.764934033476,15,False,1.6935212092654979,-4.505325297394744,-2.1406926170762794e-06,0.002187345851613757,0.24023400926240385,-1.0939880216116153e-06,0.0015157249233926735,2.8852999735055476,0.04808833289175913,0.7864438043973215,-2.3362791993027734e-07,0.05090565684916544,0.6602190023970398,False,False
ABCAPITAL,IREDA,0.3867327004679275,277,27527,1e-12,2.4834167611397848e-05,0.0036124456147901504,50923.78699485369,15,False,0.5583262738940097,3.11910506495022,-1.262275329931379e-06,0.0016199100335683061,0.19841665065494715,-8.556019682962417e-07,0.0010202880450854465,3.4933922040915317,0.05822320340152553,0.8200281166985216,-1.5398429759072642e-07,0.06052133910421563,0.06942472574027814,False,False
NBCC,PFC,0.3865636053871193,278,27527,1e-12,0.0011955677764788268,0.38179831513282797,-12825.888283242059,15,False,1.6259203931591157,-5.124150654349831,-1.3945557928871866e-05,0.002920042053147495,0.14462869760650635,-1.1273096882947237e-05,0.001567314660333878,4.792597817936535,0.07987663029894225,0.8653435375943308,-1.5179953466140512e-06,0.10504578779722727,0.6923537667094711,False,False
LTM,WIPRO,0.386426856288408,279,27527,1e-12,0.0003732895490586576,0.08346721878513903,7948.051911500894,15,False,0.30392435983599053,6.905771817534443,-6.04069307292215e-06,0.0017576390905020072,0.1560923849377708,-6.896840199114554e-06,0.0009816056039121416,4.4406213719925,0.074010356199875,0.8554801532394333,-9.967302887081518e-07,0.08841258406484148,0.8352514739773889,False,False
INFY,LTM,0.3859689439936086,280,27527,1e-12,0.00010341181646820141,0.14044831830355922,1339.5681459719203,15,False,0.09007387936913015,6.510787445040345,3.919538613078739e-06,0.002832533720797038,0.06808122476234814,2.8637334461422086e-06,0.0010449596669564627,10.181179656792626,0.16968632761321042,0.9341845915740665,1.8847778638085541e-07,0.25345336127676327,0.7488101174939621,False,False
CDSL,RVNL,0.3857321884154729,281,27527,2.3714575700507906e-07,2.529917108806927e-06,3.304060365743314e-05,108793.76422709992,15,False,0.35361474736846477,5.161074090739784,2.4514212123926124e-07,0.0005428612641945449,1.699352228302912,7.046246399699476e-08,0.000999747995122513,0.4078890585574298,0.006798150975957163,0.18280189960516727,5.7581791727483414e-08,-0.01006125076445937,0.07466931942475469,False,False
MAZDOCK,ZENTEC,0.3857281983005267,282,27527,1e-12,2.9606829139868828e-05,0.020256914815856834,27824.105062453793,15,False,0.8881360965631074,1.3754949666376988,2.0502107397361394e-06,0.003008145349891728,0.09939343364812661,6.592470938173982e-08,0.0013415509396194365,6.9737723622048335,0.11622953937008056,0.9053864284564473,6.2373722075771574e-09,0.1871214829076284,0.43192783094620846,False,False
HUDCO,RVNL,0.385404528036754,283,27527,1.9668496904831323e-07,2.2714525720374483e-06,1.824979684687342e-05,115080.19711622293,15,False,0.4879308214110777,2.4712311004140104,4.401352476962265e-08,0.0004974774895232697,2.9540223611054737,-2.7471602579953558e-08,0.001208910321336351,0.2346452043445437,0.003910753405742395,0.05212959959604603,-2.6039518937198875e-08,-0.008712890771287316,0.3301327031393098,False,False
BANKINDIA,RBLBANK,0.3847823444657154,284,27527,1e-12,1.753664378231935e-05,0.004873699210885166,47115.15366717854,15,False,0.43687243693593075,2.5419246689286665,8.10542358307739e-07,0.002055691490003305,0.13208132813119633,4.114109364459698e-07,0.0010565873789119857,5.247881667811838,0.08746469446353064,0.87626972680205,5.0903987563084305e-08,0.10959134611650335,0.5982654963301544,False,False
COCHINSHIP,NBCC,0.3847362709362036,285,27527,1e-12,9.101890971258363e-06,0.0011060790697524458,67045.87964634318,15,False,0.5309751280290791,4.87435405560108,2.20351016863928e-06,0.0017477000547348274,0.2357041769022098,1.5873581165279928e-06,0.001199479126046895,2.9407505190182603,0.04901250865030434,0.7900143438591171,3.333224356296867e-07,0.04951813985434242,0.04013808755615663,False,False
NTPC,TATAPOWER,0.3845857981161767,286,27527,1e-12,7.947952946732838e-06,0.0026101927364189834,55784.36037223135,15,False,0.36735712488092265,3.7043588617175685,1.6671586316393647e-06,0.0013713975916470836,0.14557678402074106,1.0021623623713752e-06,0.0007398756822732463,4.761385444956588,0.0793564240826098,0.8645235059345547,1.3576944333841822e-07,0.10101716563478819,0.22313790489293306,False,False
HCLTECH,LTM,0.3845300728806048,287,27527,1e-12,6.530111066499201e-05,0.08884598002531273,7640.569257499968,15,False,-0.24400132307481268,9.41080046413961,7.796627901491819e-06,0.003392548256560548,0.06090821874019225,-4.262348603726085e-07,0.0011794852772152242,11.380191292682637,0.18966985487804394,0.9409095936809873,-2.51863910867451e-08,0.2531009408037578,0.7494454874668678,False,False
INOXWIND,JIOFIN,0.3844654923859696,288,27527,1e-12,0.00014990729498713158,0.03745374472624256,19023.017976982206,15,False,1.7840033779936824,-5.322688004808086,2.0453631489142447e-06,0.0027003084950446665,0.16268511306313574,-1.4216506412069374e-06,0.0015367133979863102,4.260667540556983,0.07101112567594972,0.8498587557060086,-2.1344839622216038e-07,0.08698148942656761,0.16684451725519267,False,False
OFSS,TECHM,0.3843912513660482,289,27527,1e-12,7.25775974953661e-05,0.05353667972744063,14475.600480286266,15,False,1.604575044245574,-2.876585883951992,-2.0710721978972504e-06,0.003028514915029609,0.10216589488155722,1.6511360773107383e-06,0.0013680222166510157,6.784526102017932,0.11307543503363221,0.9028797561138615,1.6035873851762092e-07,0.16944124197760144,0.7330019288692047,False,False
TATAELXSI,TCS,0.384353387387838,290,27527,1e-12,0.0031891765244638245,3.285764307117957,-42106.19250534197,15,False,-4.86672115305336,47.188274185820745,-2.3232097270660307e-05,0.013597667437354381,0.06523327320278322,1.4633423524653137e-05,0.004908896470827133,10.625669179672128,0.1770944863278688,0.936848896142928,9.24116848789891e-07,0.23031175268018325,0.7852085506635338,False,False
BANKINDIA,IREDA,0.3843404434886044,291,27527,1e-12,3.8567895125382904e-06,0.0004477033181812875,79368.06722573745,15,False,0.4177580464633319,3.020946415867168,3.010793998456879e-07,0.0015740379243423083,0.2093694130176387,3.400263786219618e-07,0.0010185741816371471,3.3106420396829876,0.055177367328049794,0.81109555103802,6.423249568611926e-08,0.05561928922343758,0.5405747557062399,False,False
BANKBARODA,RECLTD,0.3843088911710001,292,27527,1e-12,0.0001489807565234725,0.04516210172996639,16532.388049370245,15,False,0.5148106695524268,2.6567947582978833,-6.300205089251837e-07,0.0016885806611087598,0.1498579400355793,-1.2161463847097844e-06,0.0009245546874262712,4.6253617285502395,0.07708936214250399,0.8608302572549649,-1.692507795003652e-07,0.10980097131417585,0.528431652076211,False,False
JIOFIN,SUZLON,0.3841504914365032,293,27527,1e-12,7.698312146200006e-06,0.00047393953649658234,78221.4052168065,15,False,0.4771110687289227,3.738192327121425,-6.977277264200603e-07,0.0009912896135705852,0.33467958147460564,2.3245891918933148e-07,0.0008090814703373715,2.071076991031014,0.0345179498505169,0.7155673306524464,6.61189108986688e-08,0.019844670093209883,0.5457903979443341,False,False
BEML,DATAPATTNS,0.3838663776411734,294,27527,1e-12,2.4852903841389182e-05,0.02477603466230512,25139.150987011802,15,False,0.9351436600753001,-0.008446876845525688,-1.3550464132923901e-06,0.003935572889548936,0.08823582494759184,8.407224631704314e-07,0.0016531272320447269,7.855620786360233,0.13092701310600388,0.9155449429248548,7.100326361141546e-08,0.211804882897427,0.916204546458985,False,False
HAL,NBCC,0.3836635549875819,295,27527,1.565350933518732e-07,1.8190729599365261e-06,1.4668916716725454e-05,119298.57630072936,15,False,0.3477951451514899,6.741012394269453,2.8814749390814533e-08,0.0005066676792164053,1.926089528172061,2.7162127006921678e-08,0.0009944528532132841,0.35987277352458835,0.005997879558743139,0.1457169076605625,2.3204145853989603e-08,-0.009661784330530363,0.31080774058069427,False,False
TATAELXSI,WIPRO,0.3834050117895309,296,27527,1e-12,0.002916057414198246,0.6530848666483429,-20365.323348982947,15,False,-0.3486354417773193,10.382886462750486,-1.828070877166668e-05,0.002418105226844992,0.1454760925912865,-5.622162023448655e-06,0.0012717016423489675,4.764681042866162,0.07941135071443603,0.8646105604249114,-7.611813655550597e-07,0.09752000977506749,0.8512112062094411,False,False
OFSS,WIPRO,0.3832517760101223,297,27527,1e-12,0.0003548313245441244,0.07973530926308699,8579.831041357653,15,False,1.030732327626471,3.302276620557262,-2.6767266139524703e-06,0.001806973249600081,0.1656141724297214,-1.0480025301981606e-06,0.0010396081577198793,4.185313191442497,0.06975521985737496,0.8473731110348451,-1.5995336581175601e-07,0.0836572588944167,0.6712681605669879,False,False
DLF,JIOFIN,0.3832351678070441,298,27527,1e-12,6.712782903921119e-05,0.0168184596345566,30044.9946311969,15,False,1.0207572188739455,0.7425644668349789,1.5545615840104787e-07,0.0017194131762929019,0.18737368097514057,-4.3329671248566517e-07,0.0010522797481192492,3.699277171439607,0.06165461952399345,0.8291338469446674,-7.403574239394811e-08,0.07641792383181062,0.23602701040283153,False,False
ADANIENT,JIOFIN,0.3832117020433284,299,27527,1e-12,0.00013705010045104212,0.03448758799276448,20165.11438642098,15,False,0.5810924115432856,4.412816973536989,4.252278354210481e-06,0.0016852750382408458,0.16502516726460406,1.412193056212994e-06,0.0009650766255865498,4.2002513437755935,0.07000418906292656,0.8478723651912309,2.1483358953504993e-07,0.09362296042043315,0.20303546100452746,False,False
ADANIPORTS,AMBUJACEM,0.3830514452903683,300,27527,1e-12,3.7064931063536344e-05,0.014410459771104386,32342.705143503565,15,False,0.43022531176253936,4.604408920387694,1.6642776629378027e-06,0.0018488054399853993,0.11441675303923907,1.106124765074428e-06,0.0008843660516317677,6.058091688043546,0.10096819480072576,0.8918861821418081,1.1958737137969196e-07,0.13762836045695181,0.49767542158992345,False,False
BAJFINANCE,CHOLAFIN,0.3825763834581577,301,27527,2.012110554056242e-07,2.5625576989919432e-06,2.2225120795574144e-05,111376.3365807756,15,False,0.19171877647406865,5.431172802574173,-1.613579581766882e-07,0.00038321287238479533,3.41753104686527,-8.437078410055821e-08,0.0010013667700064452,0.20282103397297135,0.0033803505662161892,0.03279330019299057,-8.16039876500306e-08,-0.008416739158034921,0.5014317108397658,False,False
MPHASIS,TATAELXSI,0.3825329711458428,302,27527,1.941832083085704e-07,3.5145892180586255e-06,5.237373774253149e-05,102257.05788877812,15,False,0.1515683489488432,6.537266106569671,5.165109380241093e-07,0.0005646725464381435,1.7438904787281453,2.1327619436484996e-07,0.0010516734714364386,0.3974717386297513,0.006624528977162522,0.1748388688341214,1.7598722579285338e-07,-0.009604462121020672,0.5869822425130321,False,False
CENTRALBK,UCOBANK,0.3823552651588581,303,27527,1e-12,0.00010066657528175533,0.0035000171862682554,50170.99103576534,15,False,1.0899011913314856,-0.019785728668884395,-7.044810079693156e-07,0.0009386888916978301,1.0939661894785007,-5.928263188104352e-07,0.001388375737614498,0.633609326528064,0.0105601554421344,0.33488563634772744,-3.9429729979192183e-07,-0.00370501963327557,0.6994529704126491,False,False
KPITTECH,MPHASIS,0.3823546208049427,304,27527,1e-12,0.0027322917136441086,2.611307994969777,-38959.276043226004,15,False,-0.9476079323598593,14.218871579188852,-1.681136571992064e-05,0.005590692754878622,0.0662381934791168,-3.3904385017042676e-06,0.002034410560108052,10.464463841068925,0.1744077306844821,0.9359079105782591,-2.1730028763014328e-07,0.22222312032798758,0.7967309975128468,False,False
TATAELXSI,TATATECH,0.382140167730068,305,27527,1e-12,0.0004908764274053469,0.21315208643036873,-4692.770383563925,15,False,1.921032899411603,-3.80933697471617,-2.0255578150203888e-05,0.0030088627129653024,0.14312673460061862,-1.020331082223386e-05,0.0015921759508468242,4.842891039847348,0.08071485066412247,0.866644228125193,-1.3606703903775678e-06,0.1372066183917604,0.139856742750055,False,False
OFSS,TCS,0.3821018446046828,306,27527,1e-12,0.0007297397102991427,0.7523176984504255,-21815.47414098526,15,False,-1.4266331827889192,20.223741830682837,-4.692046090388793e-07,0.005589470441190281,0.06286416692795115,5.328960194771168e-06,0.001983154578583988,11.026109378882946,0.1837684896480491,0.9390710219280831,3.2468809885333044e-07,0.23374665942425873,0.7040794054986046,False,False
JINDALSTEL,NATIONALUM,0.3819020391418558,307,27527,1e-12,1.5372771172217973e-05,0.004640476756879538,47821.78798429061,15,False,0.6362709222658398,3.2826107461806786,-2.3838054744137377e-07,0.0019443045647831864,0.15293620141662068,-7.486632123552617e-07,0.001075306414528519,4.532263611489281,0.07553772685815469,0.8581844710184434,-1.0617206948919287e-07,0.10148605800172576,0.5472620296634745,False,False
DLF,IRFC,0.38145025236467,308,27527,1.4322973298982293e-07,1.967945815189921e-06,2.1673266983267753e-05,115336.65894619466,15,False,0.5081044124703205,4.037608636549078,-5.916473640482496e-08,0.0006148681598822563,1.43356879312692,1.7484425279756155e-08,0.0010410258357703523,0.48351162768271694,0.008058527128045282,0.23845640034880988,1.3315152165377769e-08,-0.009541931239697859,0.20676192913641445,False,False
CANBK,JIOFIN,0.381284955068915,309,27527,1e-12,0.0002053658347119634,0.051646257155126774,14607.461548579431,15,False,0.3114015109576538,3.2521485884641317,6.791381143356089e-06,0.0017895616387740717,0.14756359987270207,2.384197964264996e-06,0.000965788320025614,4.69727752072936,0.07828795867882267,0.8628075621252168,3.2709393109361e-07,0.0967643372057874,0.41726709318506433,False,False
GAIL,TATAPOWER,0.381046617354473,310,27527,1e-12,1.5078415532183124e-05,0.004861434825250093,47222.129879105916,15,False,0.43424664330395785,2.4974540498138427,-7.845769220699828e-07,0.0014980208779035613,0.15097177229184083,2.89984064929509e-08,0.0008228990949002571,4.591236957992616,0.07652061596654361,0.8598719705316726,4.063489559578759e-09,0.10045731958336815,0.7992387844454125,False,False
GMRAIRPORT,IREDA,0.3806721824488246,311,27527,1e-12,2.14861950742954e-05,0.003132735991813673,52886.445323668086,15,False,0.5104590015622015,2.098978079469937,1.401426285875658e-06,0.0014622019183746701,0.2106666810363557,1.61970929022949e-06,0.0009491146312803574,3.2902553794936646,0.05483758965822774,0.8100440249226031,3.0767345756746125e-07,0.05998309892469386,0.13824309463445217,False,False
BAJFINANCE,SHRIRAMFIN,0.3804679153254594,312,27527,2.287172625833764e-07,2.250054485223933e-06,1.4556426033888417e-05,114995.67075474063,15,False,0.1217852173843276,6.006665842185664,,,,,,,,,,,0.5138690853907131,False,False
GRSE,RVNL,0.3804428082710422,313,27527,1e-12,1.588320177834291e-05,0.004498792719953159,48202.43402476126,15,False,0.9302708972938566,2.4527863476247456,6.076225115285832e-07,0.0027572595597959338,0.1516321829128238,-3.4288706860475683e-07,0.0015181467718570082,4.571240532482795,0.07618734220804659,0.8593042894215976,-4.824273976549166e-08,0.10421753439374745,0.8058815916411388,False,False
INOXWIND,RECLTD,0.3800017682980119,314,27527,1e-12,0.000492075654745692,0.14893684643474214,108.72922204305324,15,False,1.3819884047808615,-3.4982230535379872,-1.6300094478139196e-06,0.0026235968227551684,0.1410274794915782,-1.3258375801332078e-06,0.001393339421689519,4.914979570356274,0.08191632617260457,0.8684654463808462,-1.743934542743205e-07,0.10708928604392687,0.2636233195478066,False,False
BEL,BHEL,0.3798900197374842,315,27527,1e-12,8.715742312923612e-05,0.02163254098600668,26576.843639229694,15,False,0.4782542188546173,3.3886994775467385,-5.335194923468489e-06,0.0017491648902977512,0.16801284734514993,-8.654346882075464e-07,0.001007444894496815,4.125560583685653,0.06875934306142754,0.845342974201935,-1.338455549006548e-07,0.09830270584120239,0.24656253165688996,False,False
BDL,INOXWIND,0.3797284828456299,316,27527,1e-12,1.4206513257079913e-05,0.0017399230903909172,60837.65977605324,15,False,0.6926571672609833,4.018309726305738,-1.8488437386425582e-06,0.0018167240200942362,0.23389530266065872,-5.495728945704551e-07,0.0012415510913017275,2.9634933779135397,0.04939155629855899,0.791444673709585,-1.1461635434750908e-07,0.053565348565948065,0.3748034068812284,False,False
IREDA,SJVN,0.3797236282424062,317,27527,1e-12,6.6621432576130924e-06,0.0006294089251468454,74622.79722719417,15,False,0.41827135750853794,3.0466289006219887,2.5564737575901524e-06,0.0014250567799591824,0.24259964189229685,1.3479109997425601e-06,0.0009915280960532309,2.8571648958479128,0.04761941493079855,0.7845855660932373,2.903594849662422e-07,0.03800640564647043,0.47783498881640274,False,False
NBCC,TATAPOWER,0.379610915790244,318,27527,1e-12,0.00013506220798464082,0.042914814648394514,17250.32940222593,15,False,1.9379293342126884,-6.915199871479389,-1.023838962872973e-05,0.0027053529160116305,0.1579874172148343,-6.503468011272316e-06,0.001516977556227433,4.387356871701944,0.07312261452836573,0.8538605258444458,-9.504133953548039e-07,0.11046509458007507,0.9165659462767861,False,False
ADANIGREEN,IREDA,0.3795623043562164,319,27527,1e-12,9.969239073243641e-06,0.0014819714278746505,63153.889140777355,15,False,0.6816053710481569,3.5299033369527373,-5.18756569987059e-08,0.001790254456497101,0.22082520552485002,3.1951285716888854e-07,0.001189663249402257,3.13889521312794,0.052314920218799,0.8018568281847276,6.330929095520368e-08,0.05997660399729447,0.706082108070276,False,False
DLF,RECLTD,0.3795248895766527,320,27527,1e-12,0.00014040595418128284,0.04254509823952831,17353.11103202194,15,False,0.9498713927237268,0.8536126709503474,-2.205624889937626e-06,0.0019716238661264623,0.15055394277235976,-5.563491061172545e-07,0.0010810161710217527,4.603978931378743,0.07673298218964571,0.8602313254932625,-7.776017712501688e-08,0.1028350852348737,0.28999754644782877,False,False
POWERGRID,TATAPOWER,0.3794665162015451,321,27527,1e-12,1.7817552882509725e-05,0.005724662967599126,44974.9993466065,15,False,0.7619549018575155,1.1213242821159424,-2.283655310369279e-06,0.001445533475414057,0.16856266164046796,-1.5747979395892581e-06,0.0008388688032323563,4.1121039132520245,0.06853506522086708,0.8448783202986566,-2.442853015793004e-07,0.10603781262465255,0.5130898407126874,False,False
RAILTEL,TITAGARH,0.3791027531768002,322,27527,1e-12,2.9016588516959634e-05,0.014085242126810837,32728.077015276263,15,False,0.9253484229689393,-0.35566832456205827,-1.7963770136137404e-06,0.0024045461280747514,0.17150746766489403,-2.2128652934762343e-06,0.0014082097119373117,4.041498542292488,0.06735830903820814,0.8423939772806046,-3.4876089771857694e-07,0.11573223524046079,0.03367337759002498,False,False
KPITTECH,OFSS,0.3790562413712799,323,27527,1e-12,0.0002354679093253908,0.3703872940985049,-11980.606086579535,15,False,2.174491837271117,-12.507035408596767,-1.1747823017500662e-05,0.005420153545908655,0.06516303263480465,-4.670444706301543e-06,0.001954150291859832,10.63712280618634,0.17728538010310568,0.9369147032526405,-2.9463639023916725e-07,0.2580070214592858,0.8084843969691937,False,False
IREDA,NHPC,0.3788642373533032,324,27527,1e-12,8.093564070940219e-06,0.0007970058342189907,71420.29773579387,15,False,0.6925918143419306,1.8308756522149547,1.8478759274382156e-06,0.0014569717361192977,0.24282888356872653,7.241762832397775e-07,0.0010144502611111011,2.8544676002835043,0.047574460004725073,0.7844057269968591,1.561282593111965e-07,0.039558140656532015,0.4876397136376084,False,False
ABCAPITAL,JIOFIN,0.3784864643218194,325,27527,1e-12,9.251152448843136e-05,0.023302285341137704,25560.146810985647,15,False,0.8118855283756083,1.30501500017031,-3.962695664046418e-07,0.0018204387943380116,0.16078466017789655,-1.8641634214193684e-06,0.001031782487247441,4.311028053254758,0.07185046755424597,0.8514754079294523,-2.768741117191482e-07,0.08921889581925199,0.2120009229588002,False,False
IRCTC,IREDA,0.3782862855486453,326,27527,1e-12,6.836025598878575e-06,0.0010208278891708225,68312.76516790193,15,False,0.6249806666070108,3.370982890859586,-1.3382895320196623e-06,0.0012244627416629547,0.23567641709658962,-4.35837136465812e-07,0.0008397907961039025,2.9410969035389987,0.049018281725649974,0.7900362748081378,-9.150998874931592e-08,0.05981566952924324,0.7929742552510021,False,False
ADANIENSOL,TATAPOWER,0.3781103238325251,327,27527,1e-12,1.2687077793234644e-05,0.004118173239133933,49486.592425072835,15,False,0.8741646724453122,1.702293334828827,1.3305185814860664e-06,0.002248964511576393,0.13980393795634585,5.785596688403106e-07,0.0011891219263892104,4.957994679494524,0.08263324465824207,0.8695287002614043,7.548543196992685e-08,0.11118533519737389,0.19588689754167238,False,False
TATAELXSI,TECHM,0.3779785062950869,328,27527,1e-12,0.001636249562731837,1.2066217134734427,-28396.37087285304,15,False,2.681087236474643,-11.150651252287734,-2.917347481994366e-05,0.005318776732688866,0.09714047534145573,-5.823682284542028e-06,0.002314567705764329,7.135513575813618,0.1189252262635603,0.9074285258475489,-5.3910685407557e-07,0.17401757279704907,0.6267423689465494,False,False
JIOFIN,PFC,0.3775238166553995,329,27527,1e-12,6.07235564923537e-05,0.01935368094701745,28212.84218682221,15,False,0.6002488959951529,1.9823478166661288,-1.1019582614491124e-06,0.0016431498843834014,0.1336650836042927,-9.738803881559865e-08,0.0008487335704357502,5.1857011709353,0.08642835284892166,0.8748830282119119,-1.2184896504988486e-08,0.11334334721267904,0.5071046491658521,False,False
ADANIENT,TATAPOWER,0.3774754831201102,330,27527,1e-12,4.61662459680933e-05,0.01477373197307088,31926.195206589025,15,False,0.4301836720500771,5.094829807965637,4.837307504364239e-06,0.0019853230754586265,0.13133448756158703,2.23723036114783e-06,0.0010161755015094594,5.27772402686618,0.08796206711443633,0.8769244050236441,2.7534845779743673e-07,0.11798421807192737,0.5691186369512155,False,False
GODREJPROP,IREDA,0.3774686009131475,331,27527,1e-12,1.996499944300623e-05,0.002891191085747281,53970.1726285864,15,False,0.9736404328062097,2.751105492265539,-1.927202779829478e-06,0.0019026262028800736,0.2045140093832647,2.7773566036470775e-07,0.0012150683976096545,3.3892405838123736,0.05648734306353956,0.8150433235832296,5.1369064663473286e-08,0.05645385496888127,0.3311746545197818,False,False
MAHABANK,PNB,0.377158540880367,332,27527,1e-12,4.3252798502425116e-05,0.0060053820696989,43908.46625149318,15,False,0.6715131304852909,0.9604568812666875,-1.0136716996494397e-06,0.0017025343877581792,0.21074847622986087,5.1279841903762045e-08,0.001104729473673467,3.288978373461348,0.0548163062243558,0.809977769924544,9.744309916469683e-09,0.05477612253113906,0.6626488117629586,False,False
MARUTI,TVSMOTOR,0.3769813905273965,333,27527,1.9555997642764285e-07,3.079606728218087e-06,3.3411099344406944e-05,106935.69910084998,15,False,0.34942002529557936,6.731542558621664,-9.538482712155306e-09,0.0003964982045442287,2.5727422048612434,5.916283172520255e-09,0.0008994073681514703,0.2694196018746966,0.00449032669791161,0.07632595677803067,5.464717198807884e-09,-0.008738139242515992,0.7904013003577758,False,False
BAJAJ-AUTO,MARUTI,0.3766027965640554,334,27527,1e-12,0.0002916602915501923,0.6344552295940844,-19334.463974382936,15,False,2.022885286252102,-10.268416715042315,-2.783866038398003e-06,0.005009737954023314,0.05795126699923566,-1.1127480852288609e-05,0.001708120973916088,11.960863264112715,0.19934772106854526,0.9436959354509661,-6.265224001753968e-07,0.27335700013533953,0.7122289493010848,False,False
BEL,NBCC,0.3765854507509666,335,27527,1e-12,5.057698154456691e-06,0.0006427755049826274,74525.38725005799,15,False,0.31868900691564744,4.5974048446747275,-3.1244624681538193e-07,0.0014849960380306983,0.22775529464053038,1.0947419550511715e-06,0.0010014053767069507,3.043385584752047,0.05072309307920078,0.7963190995468278,2.229780271686888e-07,0.057038316462661734,0.4835550507092139,False,False
KPITTECH,PERSISTENT,0.3765017911129131,336,27527,1e-12,0.0021774495150675447,3.0555952786274396,-41043.188767068765,15,False,2.8384231416761962,-17.665303694727587,-1.677945664109453e-05,0.008669094579242401,0.07846219680797402,3.326613263836694e-06,0.0034204262641972694,8.834154647190577,0.1472359107865096,0.9245370097210558,2.510361843907153e-07,0.23054115017826646,0.47619166723894785,False,False
ADANIENT,ADANIPOWER,0.3762445585746092,337,27527,1e-12,0.00020976020206487552,0.03315410196568026,20475.658873114535,15,False,1.2112057872264017,1.6164560166581994,3.3862891945350826e-06,0.002243507772221184,0.20731051360551175,1.5283121871604112e-06,0.001442971799120202,3.343521601991326,0.055725360033188766,0.8127672355157934,2.861501157969479e-07,0.06622970884118427,0.9285892427053267,False,False
JINDALSTEL,SAIL,0.3758926857239155,338,27527,1e-12,1.4872778745783796e-05,0.002450986469974993,56327.44866513018,15,False,0.5108613705459599,4.461826628738471,4.382967760621003e-08,0.0014857281771546184,0.20869993273098877,5.747790931022551e-07,0.0009596871288392015,3.321262117766957,0.055354368629449285,0.8116387453286756,1.0826611113558674e-07,0.06246277576650115,0.48100598809251277,False,False
ADANIGREEN,NHPC,0.3758155116286237,339,27527,1e-12,7.70810163421758e-06,0.0007612439548519806,72013.0643953208,15,False,0.5511367260216858,4.43418453799727,1.2776270890782866e-06,0.0016618524777919886,0.26545414794934147,8.247927830221565e-07,0.0012107998139291411,2.6111747957776257,0.04351957992962709,0.7668576040732275,1.922941655768962e-07,0.03975573450599194,0.5106957432290796,False,False
INFY,OFSS,0.3756800131667737,340,27527,1e-12,7.141479754427814e-05,0.11211643886740731,4466.72304454245,15,False,0.22833102930355548,5.25309344783806,4.17995004586394e-06,0.0027754496759224362,0.06573228216860329,2.183269403802151e-06,0.0010058301400795947,10.545004032904608,0.1757500672150768,0.936381516767082,1.3889628795872995e-07,0.2627189248780642,0.7845282141977405,False,False
HINDALCO,JINDALSTEL,0.3755279415644123,341,27527,1e-12,4.4406367797059445e-05,0.02718509775190305,23751.174794134724,15,False,0.9114157862147294,0.423999270937586,4.3107218210469895e-06,0.002435233932799066,0.10597796438673786,2.088329984130145e-06,0.0011205973818355823,6.540484001282498,0.10900806668804162,0.8994444676679951,2.09993133239094e-07,0.16624593287683798,0.5073649646994584,False,False
NBCC,RAILTEL,0.3754817861342336,342,27527,1e-12,0.00012126296091760963,0.0340800024439549,20374.299622769453,15,False,1.0029508683922415,-1.2016491016920068,-1.2249233406775265e-05,0.0022206907690972646,0.1895219277257581,-6.876482186858773e-06,0.0013561524595818897,3.6573455582561545,0.06095575930426924,0.8273545746943297,-1.1871931917570986e-06,0.08827388160420242,0.09541680920958795,False,False
ADANIENT,IREDA,0.3747742925038957,343,27527,1e-12,2.6685486426970944e-05,0.0038706580010977494,49974.23913687857,15,False,0.5585870061920339,4.9415739751252135,2.4514455101438957e-06,0.001501324271402572,0.21075008758842761,1.360804146074323e-06,0.0009741018042535238,3.288953226503932,0.05481588710839887,0.8099764647609771,2.5858481460496265e-07,0.05996048014502268,0.2698336668992068,False,False
IREDA,LICHSGFIN,0.3747386615234426,344,27527,1e-12,7.35665905053829e-05,0.028968284798989215,22737.917258653568,15,False,1.5802045776004814,-5.036741994720748,8.121942569400393e-07,0.0025076171320437554,0.14327477427894472,-1.1277057160160644e-06,0.0013417262676278371,4.837887088277258,0.08063145147128763,0.8665159398885471,-1.5053073758471734e-07,0.11457196943195558,0.4918752547431616,False,False
PNB,YESBANK,0.3745825911477751,345,27527,1e-12,5.0654099513889135e-06,0.0001341191218389367,94567.9408331731,15,False,0.7912834233340371,2.3915401648732115,3.10769474757989e-07,0.0008928998082200924,0.5340438326914703,1.1814316603754334e-07,0.00092269716476251,1.2979218897943772,0.021632031496572952,0.5862295557847991,4.8884150292344545e-08,0.0022455245321861277,0.22976430786845764,False,False
BHEL,INOXWIND,0.3743146797370817,346,27527,1e-12,1.323228390508631e-05,0.0016355055056707375,61700.226807588595,15,False,0.4651965976516268,3.435876774914614,2.357777804872919e-06,0.0017031123166247875,0.20642284516930232,7.21916635703554e-07,0.0010928399825830162,3.3578995580234596,0.05596499263372433,0.8134890236436206,1.346453765729825e-07,0.05870722043484991,0.6343656388384504,False,False
CANBK,MAHABANK,0.3743137663672979,347,27527,1e-12,0.00024871530876668577,0.019686301101056836,27194.47133127364,15,False,0.18444355944257812,4.214636705293571,4.060939093576105e-06,0.00132143406564498,0.2699939048725341,1.8831835435680704e-06,0.0009658356795921146,2.5672697348008082,0.0427878289133468,0.7633841472463561,4.4559108005298795e-07,0.03329684096684518,0.6275195508025093,False,False
ADANIGREEN,JSWENERGY,0.374224450371165,348,27527,1e-12,1.8410142869855064e-05,0.006931521236026438,42383.80064748561,15,False,0.5787190725080602,3.2508398595220482,1.4938421926673723e-06,0.0024062373742926597,0.12808904228759752,1.1762544197974476e-06,0.001217900791054774,5.411447912957506,0.09019079854929177,0.8797750384748824,1.414151423638977e-07,0.14047358233193116,0.5004755305188812,False,False
JIOFIN,TATAPOWER,0.3741614461184183,349,27527,1e-12,6.454578451531421e-06,0.0014741735507353179,63469.1108366449,15,False,0.5715851001571597,2.174180128054002,-6.440719329280254e-08,0.0014718109239481834,0.1580566264762722,1.3719802816682174e-06,0.0008263232308032514,4.385435751812671,0.07309059586354452,0.8538014328329966,2.0058155136127514e-07,0.08936742877154256,0.758418715617168,False,False
RECLTD,SUZLON,0.373661145246351,350,27527,1e-12,9.022162502569914e-06,0.0005555002013162333,76025.8834630718,15,False,0.4101599855246425,4.292659575900977,5.555560118142988e-07,0.001133955139575578,0.32160038200934166,2.5476374769086794e-07,0.0009092823593688312,2.1553058371050415,0.035921763951750695,0.7249878506374365,7.00631258321274e-08,0.022518185941872895,0.044388740714284856,False,False
COCHINSHIP,IREDA,0.3736209112495761,351,27527,1e-12,3.1585198437330224e-05,0.004573560480765219,47668.94738896175,15,False,1.0088667404353433,2.420349040593058,-3.386693895758214e-06,0.0019967886601575217,0.2268469826979219,-1.5093306848374803e-06,0.001343871580066118,3.0555715236599226,0.05092619206099871,0.7970427342883606,-3.063296288492912e-07,0.05601417985905346,0.07675597749651569,False,False
HAL,SOLARINDS,0.3735596554208756,352,27527,1e-12,2.3260238672409047e-05,0.047291942414560355,16387.014987716855,15,False,0.45541866738590137,4.008395438421895,-1.5933744133675163e-06,0.002975972934208841,0.05216897343815417,3.367752993816668e-06,0.0009608185127855674,13.28657887780109,0.22144298129668483,0.9491684690321865,1.7118804059713843e-07,0.3021849602550987,0.6659194600239919,False,False
MAHABANK,UNIONBANK,0.373413153691586,353,27527,1e-12,7.818136725677522e-05,0.014184029511156432,32231.357700658325,15,False,0.24321790020133172,2.9194006112131246,-1.2304818059974148e-06,0.001993218624416533,0.17133217482985766,-7.674609488408679e-08,0.001166359415432269,4.045633467550848,0.0674272244591808,0.8425416558522193,-1.208431302025677e-08,0.06952470104886178,0.09788338021729681,False,False
CDSL,DLF,0.3733932050786627,354,27527,1e-12,1.4526614405302122e-05,0.006438216829817217,43469.393581460296,15,False,0.6903359831326897,2.752364638649286,2.388133703899368e-06,0.0018673717090597767,0.1462772078954392,2.462414678671293e-06,0.0010101188453958947,4.738586349388182,0.07897643915646971,0.8639181850461087,3.3508985864269253e-07,0.12175171594521483,0.06348452558647895,False,False
BANKINDIA,PFC,0.3733234415450538,355,27527,1e-12,2.6329952346711506e-05,0.008447342743665091,39613.85952532514,15,False,0.4722213584895462,2.225927950288985,7.863941244028576e-07,0.0020992725391218527,0.12428391874619926,-7.582984338703351e-07,0.001046761230807774,5.577126852392096,0.09295211420653494,0.8831290683871006,-8.862304440702866e-08,0.12217298763396015,0.7164299197355085,False,False
IREDA,PNB,0.3732706289030812,356,27527,1e-12,3.3124712978966715e-05,0.0045871737843123815,47588.249427556104,15,False,1.5943402429730502,-2.7910633494269796,-2.967612964411784e-07,0.0023100732171842287,0.19505355641221755,6.382086569861292e-09,0.0014428511325955556,3.5536249290173347,0.059227082150288914,0.8227905911639275,1.1309657881857573e-09,0.05661570114397395,0.6440668226769197,False,False
BANKBARODA,CENTRALBK,0.3730571401236278,357,27527,1e-12,7.7715635161415e-06,0.00037606020158349583,81167.7589989976,15,False,0.5433318123097458,3.7176390681240483,4.706484404773385e-07,0.0009719370677034099,0.46133538409567,2.4285600691936385e-07,0.0009335066191261576,1.5024799840980831,0.025041333068301384,0.6304412019848905,8.974957400786921e-08,0.011409921698295616,0.4251496653835221,False,False
IREDA,TITAGARH,0.372102386719088,358,27527,1e-12,1.0448398636089682e-05,0.005216918799735611,46394.72325364285,15,False,0.6405093003931307,0.6070693499116628,1.1643644304851306e-07,0.00208373083805561,0.13251074826104725,-1.6116954978093604e-07,0.0010726957422001618,5.230875152817338,0.08718125254695562,0.8758935197234096,-2.0002185551074698e-08,0.1251769915213375,0.04286846142281404,True,False
CANBK,RBLBANK,0.3720587152879473,359,27527,1e-12,0.00012186161601255953,0.03351176291621303,20597.829226619968,15,False,0.5900951609834368,1.605842462225995,6.599609393419063e-06,0.0018294627649103144,0.15274628749849306,2.9944402252141505e-06,0.0010068354303276717,4.537898707140648,0.0756316451190108,0.8583474676709874,4.241700408094434e-07,0.1001614660517187,0.6317043946062616,False,False
BHEL,SUZLON,0.3720250088925423,360,27527,1e-12,1.494474312805995e-05,0.0009045368467767795,69306.05565635089,15,False,0.5741713675646415,3.380274207998673,1.9128156095096554e-06,0.0013915516601467318,0.30915998642105336,6.672722094058211e-07,0.0010924386159139904,2.2420339338996134,0.037367232231660226,0.7340633204678785,1.7745215571344653e-07,0.02502557831475155,0.1359826817629643,False,False
PFC,PNB,0.3717860662220968,361,27527,1e-12,4.0843390505896406e-05,0.005657449137104887,44728.750258782726,15,False,0.8613392394125797,1.8431344265956366,-5.431714602737424e-07,0.0015949791638488235,0.2048888214538273,1.0379155042446174e-06,0.0010207870868875451,3.3830404979714785,0.05638400829952464,0.8147378927506762,1.922864134631023e-07,0.05756176759421813,0.873763449640518,False,False
LTM,OFSS,0.3717542891411456,362,27527,1e-12,7.410642541418216e-05,0.11643291450242031,3947.173951193919,15,False,0.5601180822796683,3.5762168258079816,-1.1044147530236255e-05,0.002838487226852096,0.06225839892676558,-1.4048083096690412e-05,0.0010009189694441473,11.13339232149694,0.18555653869161567,0.939640053437147,-8.479415450267524e-07,0.252879263002584,0.8771298845570792,False,False
COCHINSHIP,IRCON,0.3715156866886872,363,27527,1e-12,2.0082442860502005e-05,0.003311923324976394,52172.19029521245,15,False,0.8391447839579655,3.105907962731337,-1.7787715159662858e-06,0.00206035128330326,0.22217337994932418,-9.033472026412697e-07,0.0013734154725197113,3.1198480246285407,0.05199746707714235,0.8007765137066831,-1.7996797904350913e-07,0.061189050089266526,0.16982655891966159,False,False
BANKINDIA,YESBANK,0.3714889143099602,364,27527,1e-12,8.489238658270578e-06,0.00021832452290775891,87845.83794902933,15,False,0.7160324995992834,2.8756405537264325,1.8986911697883015e-07,0.0009962272775933517,0.5602986707180189,1.5080559917187445e-07,0.001054609982395732,1.237103025198475,0.020618383753307917,0.5710384859021632,6.468979815519875e-08,0.002620436518076692,0.46585717919180114,False,False
BHEL,NBCC,0.3712428584542409,365,27527,1e-12,1.0159396785052401e-05,0.001233616794492984,65543.18932883634,15,False,0.26848814672720955,4.348348101925566,4.8454055318027035e-06,0.0017565621492046694,0.20393795585810928,2.0376128215098503e-06,0.001117632150493987,3.3988140051879574,0.05664690008646596,0.8155129674199408,3.7591314298743406e-07,0.057873880220620344,0.0480135576782574,False,False
IRFC,TATAPOWER,0.3710475911921532,366,27527,1e-12,2.61962455536302e-05,0.008326437614451109,39806.77313907383,15,False,1.4370833534160599,-3.8244112132295385,-5.172496394334232e-07,0.002247109679591728,0.1576638441409818,-3.0865418834783397e-07,0.0012618297481284805,4.396361032147221,0.07327268386912035,0.8541368568236558,-4.5021270066958414e-08,0.10974911277619231,0.9530877433094219,False,False
INOXWIND,IRCON,0.3709940369650644,367,27527,1e-12,1.9662334487323035e-05,0.0031978742415881456,52643.47686921615,15,False,0.8813195876537856,0.19334340273774062,1.4175082774211095e-06,0.002057195048624274,0.2171685025423394,6.943315605833063e-07,0.0013554896535301062,3.1917482159955886,0.053195803599926476,0.8047943479853579,1.3553744499800829e-07,0.065087025312831,0.0533007541028235,False,False
BHEL,IREDA,0.3709126423153575,368,27527,1e-12,2.0089782166519138e-05,0.0029373016899706013,53762.87598468489,15,False,0.6102151281813988,2.622957217245393,2.2269126741594538e-06,0.001786872627701376,0.1903739339129074,7.650819568771355e-07,0.0011015246849085472,3.6409773455490364,0.06068295575915061,0.8266499636868168,1.3262698500721274e-07,0.0697461410180656,0.11182071877578847,False,False
ADANIGREEN,AMBUJACEM,0.3706762812712839,369,27527,1e-12,2.72581706217233e-05,0.010572764266212712,36595.93745539797,15,False,1.2282937226828778,-0.8050707996933683,5.4474603335364834e-08,0.0024396247042086454,0.15046823311667482,-2.1797552753831506e-07,0.0013383784688327728,4.606601448044326,0.07677669080073876,0.8603050587837623,-3.045007850604333e-08,0.11198285358135394,0.9963462398419639,False,False
LAURUSLABS,ZYDUSLIFE,0.3706521113465602,370,27527,1e-12,5.293620054957071e-05,0.029260120139375,22711.156643067676,15,False,0.5970814367453754,2.875861737285582,-4.934219842208635e-06,0.0022433301300547226,0.10382188341516052,-1.7599569114462394e-07,0.0010182733458590737,6.676310983381072,0.11127184972301786,0.9013858348901208,-1.735566814516325e-08,0.15506207551314238,0.41980176948121606,False,False
PHOENIXLTD,PRESTIGE,0.3706381143723766,371,27527,1e-12,0.00013745458097920514,0.0975995628268029,6204.240967880666,15,False,0.6983975104097023,2.3723243050486116,-5.431184972139721e-06,0.0023742080411117516,0.1073082154503813,-4.054506090161604e-06,0.0010994332713840666,6.459404600577414,0.1076567433429569,0.8982487761694569,-4.125509567023337e-07,0.17495842768430114,0.15437389793913758,False,False
HINDCOPPER,VEDL,0.3706146596509931,372,27527,1e-12,6.703217341924528e-05,0.015618538444793708,31018.30370533911,15,False,1.2998453830394252,-0.8926985685651155,-7.91429153585069e-07,0.003058396909882167,0.18476811766543177,1.489213000834995e-07,0.0018591059166412696,3.751443643621781,0.06252406072702968,0.8312970245994585,2.512346642460327e-08,0.08026280085804688,0.5697561094184078,False,False
CGPOWER,NBCC,0.370599510175222,373,27527,1e-12,6.9296683224700296e-06,0.0008516020107211107,70627.25179884389,15,False,0.3978911269725841,4.669256107545503,2.5322785181665293e-06,0.0017119897703469513,0.22681232798023912,2.814216115634393e-06,0.001153243147957469,3.056038385269496,0.05093397308782493,0.797070356057908,5.710878743217846e-07,0.053036795890386776,0.8962694116580614,False,False
MARUTI,TMPV,0.3704284359567293,374,27527,1e-12,4.164122944544402e-05,0.01255147414640485,34149.06605427531,15,False,0.20708138897252998,8.386939120860172,-1.7316562372487694e-06,0.001554008200938399,0.14716735852377072,8.239913651691618e-07,0.0008442376526895084,4.709924724564428,0.07849874540940713,0.8631495098999512,1.1276362216160807e-07,0.09848231933934153,0.7633742629220015,False,False
MAZDOCK,TITAGARH,0.3702932416261129,375,27527,1e-12,1.2288283461717086e-05,0.006146649752596331,44131.16441617138,15,False,0.7191248663789119,3.024660880876148,-2.355118411192057e-06,0.0025239411942351874,0.11801955009406542,7.731785879520214e-07,0.0012250752221365942,5.8731555916581994,0.09788592652763665,0.8886786786930246,8.607126201708049e-08,0.1472256352404559,0.5791799879761017,False,False
PFC,RVNL,0.3701927367228034,376,27527,3.2341713176961995e-07,2.4481634585710856e-06,3.429582244938139e-05,107518.54725365975,15,False,0.3301719926133009,4.077132614255921,1.1590950270558936e-08,0.0005365191412199581,1.7922384660337338,7.125933182332739e-09,0.0010157938229683856,0.3867494162726551,0.006445823604544251,0.1665868529824961,5.938846398924384e-09,-0.010103376030713136,0.7561914663750503,False,False
CANBK,YESBANK,0.3698742259520958,377,27527,1e-12,7.301160777436737e-05,0.001814157938862458,58780.31671405709,15,False,0.7760501760412752,2.635204977310947,2.2227404146050536e-06,0.0009110445355947309,0.6015870487357827,1.234746036129687e-06,0.0009944885966290235,1.1521976445745856,0.019203294076243094,0.5479413360677292,5.581776433884537e-07,0.001095727142435066,0.17239164533470847,False,False
CENTRALBK,UNIONBANK,0.3693060227263405,378,27527,1e-12,0.0004577373687212,0.08261751764215071,7984.161378153482,15,False,0.6686356125435995,0.14976731314843988,-2.8799368963404583e-06,0.0013525991098290086,0.27913348996981513,-2.1511624597538315e-06,0.0010102373585961007,2.4832103830855288,0.04138683971809214,0.756438919466512,-5.239394531007191e-07,0.05279888941375338,0.8168343804993267,False,False
ADANIGREEN,ATGL,0.3692629323298539,379,27527,1e-12,9.549516215334158e-05,0.03776946811896451,19085.785947844808,15,False,-0.13067977167451927,7.651375859502041,1.7219400717050067e-06,0.0029838686757054406,0.12006406118235759,1.3371448780756507e-06,0.001462192222964146,5.773144550784173,0.0962190758464029,0.886863621365173,1.5127972921558633e-07,0.13442841324868812,0.4726159387019333,False,False
HEROMOTOCO,MOTHERSON,0.3691604258756783,380,27527,1e-12,2.1213960556349523e-05,0.002927429422902116,53786.84637764328,15,False,0.19869297398676367,7.671964329940769,1.6761859591627063e-06,0.0013738774581100184,0.1969801305959685,1.0166943254926132e-06,0.0008619885714922581,3.5188685196969383,0.05864780866161564,0.8212069500432394,1.817778793285558e-07,0.06187438795681919,0.32077209981666244,False,False
HEROMOTOCO,TMPV,0.3690581208120288,381,27527,1e-12,6.576154962519346e-05,0.019925118984890647,27792.020877490584,15,False,0.2544219789399345,7.131306550577368,9.727424868383057e-07,0.0017150868714289498,0.12894629717137177,5.128237206033764e-07,0.0008708648539190911,5.375471772087733,0.08959119620146222,0.879021170201324,6.204081361159965e-08,0.11526958999395338,0.1329671468628189,False,False
BDL,CDSL,0.3688537701270125,382,27527,1e-12,0.0002130278610191128,0.14535532122770564,710.4385275898748,15,False,1.4108458203009155,-2.931074118247224,-6.370283738716041e-06,0.0035280052452028986,0.10205056833355414,-5.517828153528233e-06,0.0015933356715483917,6.792193241828709,0.11320322069714515,0.9029838881238732,-5.353182334559372e-07,0.17593438601223055,0.15394863487510901,False,False
COCHINSHIP,ZENTEC,0.3688477254447679,383,27527,1e-12,4.9080213316067085e-05,0.03343384771964885,20930.777222788005,15,False,0.9874385373640984,0.18554417025899567,-5.250757592620646e-07,0.0032251010914743365,0.10156342044313153,-2.1107932078379534e-06,0.0014535711888921932,6.8247719261095545,0.11374619876849258,0.903423881982397,-2.0385221395091304e-07,0.17950676976883956,0.8580622738613228,False,False
ADANIPORTS,JIOFIN,0.3685282778521582,384,27527,1e-12,3.657106551145507e-05,0.009246106987458818,38277.09046810383,15,False,0.3001423363212446,5.608692245634578,1.8471728607635025e-06,0.0017193026995370863,0.13761095851256142,7.765744765936581e-07,0.0009016083361641915,5.0370056865541954,0.08395009477590326,0.8714376512069122,9.983823872364349e-08,0.1035756999609009,0.27173868070539764,False,False
IOC,PETRONET,0.3685053882570376,385,27527,1e-12,1.8080817885818872e-05,0.004743577446327833,47472.095416861,15,False,0.345912427053704,3.1264767497398753,5.169784062064679e-07,0.0016728403936248641,0.14774986346071958,1.0585692537792507e-06,0.0009093422714227215,4.691355811264243,0.07818926352107072,0.8626468674591738,1.4539780301798485e-07,0.0931672309775016,0.8751137212369677,False,False
IREDA,JWL,0.3684127895203972,386,27527,1e-12,4.1303821116196185e-06,0.0009186837769828873,69906.8891549287,15,False,0.2769402124001164,3.2682512010155755,1.428137106857416e-06,0.001811916689700372,0.1616264122348027,2.697441629021236e-07,0.0010297388135203688,4.288576173756651,0.07147626956261084,0.8507589783237718,4.025689446271186e-08,0.07999289518899828,0.3565401806554967,False,False
CDSL,INOXWIND,0.3684056352631363,387,27527,1e-12,5.690061814132893e-06,0.0007275692741297697,72841.3888981982,15,False,0.42497029782991463,5.229403478944871,8.135795765377877e-07,0.0014205832683711615,0.23249459175722953,1.0802113526183926e-06,0.000968928486789144,2.981347545854866,0.04968912576424777,0.792554035659821,2.2408548573513166e-07,0.04780250692520959,0.014546424254314197,False,False
CANBK,NBCC,0.3682070840427761,388,27527,1e-12,1.2879321853512935e-05,0.001544624326240643,62465.40788255181,15,False,0.10589429235349122,4.500037835975578,5.670499188846996e-06,0.0015745694901871492,0.20760891107183774,2.5950269795763715e-06,0.0010087646508740247,3.3387159394140817,0.05564526565690136,0.812524744013227,4.865033472886625e-07,0.05241021858601186,0.4576116711043499,False,False
BDL,ZENTEC,0.3681303653941957,389,27527,1e-12,2.579380995705924e-05,0.017585726612479542,29765.78421227663,15,False,0.9646724320782206,0.25173581638164655,7.133591995748725e-07,0.003260201632943244,0.1009116912936251,-1.0987096061564746e-06,0.0014648706833244411,6.868849106324844,0.1144808184387474,0.9040128615673797,-1.0546199106339126e-07,0.17195016557959264,0.8611273704783717,False,False
BSE,IREDA,0.3680690282999973,390,27527,1e-12,3.9851209706960044e-05,0.005794227995783323,44411.19575309282,15,False,-0.004851523009055489,7.958852915824974,2.0729792732351884e-06,0.0022566618489673106,0.16254160037528198,5.209987585471482e-06,0.0012879738090414987,4.264429407361449,0.07107382345602416,0.849980729972554,7.815985344244874e-07,0.06496481948710427,0.40498624857829263,False,False
BAJFINANCE,JIOFIN,0.3680441023854173,391,27527,1e-12,3.611306774933181e-05,0.009088835234457537,38512.56915129238,15,False,0.22882205987569124,5.574793962842902,1.009755308308543e-06,0.00162732641009682,0.14789323944183988,1.1393685101850066e-06,0.0008850537306713457,4.68680774845378,0.07811346247422966,0.8625231934843421,1.566367442247375e-07,0.09502106282107181,0.5505559799015978,False,False
JIOFIN,RELIANCE,0.3680054590225962,392,27527,1e-12,0.00041890052202163435,0.30231803890473147,-9351.713270285412,15,False,0.07693793974358366,5.0045815157946425,-1.0950371216786517e-06,0.0023581956842241084,0.07969786059495587,2.2089951306817017e-06,0.0009402918378071489,8.697186792537503,0.14495311320895837,0.9233952983493875,1.6921941293352754e-07,0.18131578626170353,0.6125763225972828,False,False
HCLTECH,OFSS,0.3680030720073613,393,27527,1e-12,5.892326521449275e-05,0.09269375206267123,7085.155436298706,15,False,0.08992633741463602,6.525706467975458,1.1903055626879225e-05,0.002804757350630254,0.05985616699776528,3.4363236307130743e-06,0.0009654473562483081,11.580213290066231,0.19300355483443718,0.94190000014656,1.996504024408022e-07,0.2610061085088475,0.7091766602384653,False,False
MANAPPURAM,MUTHOOTFIN,0.3679405491499131,394,27527,1e-12,0.00026977983748790394,0.30370632487184795,-9313.926392457002,15,False,1.865541835551641,-9.608796916594539,1.9640371579626498e-07,0.0054809792111228505,0.07165593004694487,-3.934153594553854e-06,0.002074967920916439,9.673270308623932,0.16122117181039888,0.930851118619208,-2.720423202436209e-07,0.2273563310129428,0.27618176637302594,False,False
ABCAPITAL,BANKINDIA,0.3677503398686217,395,27527,1e-12,0.0001650563456037533,0.02752362102333748,23066.660205180102,15,False,1.1465469189821238,0.03959163485085421,-1.7164803864178405e-06,0.0020364296753988564,0.20214566465123965,-1.37738725069092e-06,0.0012947853740013211,3.4289490291855964,0.05714915048642661,0.8169759147627453,-2.520950415751628e-07,0.06977755476094713,0.5310385585622625,False,False
GMRAIRPORT,NBCC,0.3673064454044245,396,27527,1e-12,8.827693834272788e-06,0.001077894972244844,67416.05911023384,15,False,0.21922430748254032,3.566895368801807,3.557518627716744e-06,0.0014934744062097454,0.21564184023243704,2.6659477745427123e-06,0.0009802464223217146,3.214344580869893,0.05357240968116488,0.8060239355273117,5.171300573955171e-07,0.05128597214976438,0.10099318187671724,False,False
DLF,RVNL,0.3672998216572605,397,27527,1.938263135576162e-07,2.2926722800992205e-06,1.8960350919636365e-05,114750.20536289198,15,False,0.3920009826837154,4.176290981930946,-1.1359247129802707e-08,0.0005112842196138856,2.4843129690252694,2.439392783590627e-09,0.001139684889096078,0.2790096051512803,0.004650160085854672,0.0833828214188362,2.235989330746092e-09,-0.008800117017666167,0.35323873696687136,False,False
BEL,IRFC,0.3670158019136598,398,27527,1e-12,6.7802367193205755e-06,0.000923185574745602,69612.24313721921,15,False,0.4428532518665378,3.97565263703204,-2.367770424909229e-06,0.001513292066017103,0.22130249772931448,-1.2915147495988385e-07,0.0010043015083218945,3.1321254286418685,0.052202090477364474,0.8014741994916484,-2.5639899953245265e-08,0.06206357801882856,0.6835679393029952,False,False
BANKINDIA,JIOFIN,0.3670027670750753,399,27527,1e-12,2.0010610174101366e-05,0.005068263753996469,46541.26033173578,15,False,0.5417669192879829,2.029191080055408,1.355259626480743e-06,0.0019258964360216939,0.14234020243951048,-1.806166172161555e-07,0.0010270488697205892,4.8696515016866595,0.08116085836144432,0.8673261398204375,-2.3963103818641777e-08,0.10323546835924367,0.4138413530112175,False,False
HUDCO,PFC,0.3668778178690055,400,27527,1e-12,0.00013066271882027555,0.04179996309849817,17616.61739497935,15,False,1.2159358465677463,-1.9877887930349343,-1.9677046732438546e-06,0.002296940903339335,0.14691427610639732,-3.0827671962280255e-06,0.001245335052314208,4.718038293691476,0.0786339715615246,0.8633679855094729,-4.212046922259491e-07,0.1039918301293354,0.7055507401556272,False,False
BANKINDIA,NBCC,0.3668770308115784,401,27527,1.6535137554179853e-07,1.826948711150982e-06,1.3780457435974714e-05,119586.09239597661,15,False,0.3674104127900972,3.3713634664348766,2.239302243039908e-07,0.0005513964174025947,2.0378201960192466,1.135353662132135e-07,0.0011127287198210805,0.3401414815271557,0.005669024692119261,0.13031245712325518,9.874029367158103e-08,-0.009175796742877215,0.5288532849223844,False,False
LICHSGFIN,RECLTD,0.3667351399064597,402,27527,1e-12,6.714803443217317e-05,0.02039501474268206,27473.492838000897,15,False,0.6031207129466052,2.7156050764322908,-8.500170564006403e-07,0.0015184376822668971,0.14955902681534922,5.26403655954379e-08,0.0008301499283621174,4.634606117193641,0.07724343528656069,0.8610876092602746,7.312399034275466e-09,0.10421895285853078,0.17939612794634702,False,False
IREDA,LTF,0.3665224967497851,403,27527,1e-12,0.00039709430617209757,0.1038510345971761,5011.094831541632,15,False,0.5275555216479009,1.8609566364643386,-7.500920763778472e-07,0.0018843031705134954,0.1451662204989077,-2.750866671414179e-07,0.001015265601568534,4.77485174014819,0.07958086233580317,0.8648785206229125,-3.717011742106084e-08,0.09474830212900663,0.3928050058552361,False,False
CDSL,KFINTECH,0.3665139304681098,404,27527,1e-12,3.151698379115759e-05,0.018324790602498114,29163.812911783945,15,False,0.3503482541991285,4.768317775607058,1.398688595267215e-06,0.0021756040182772753,0.10968015684993755,3.7857436625474715e-06,0.0010202115834657584,6.3197136151828905,0.10532856025304818,0.8961207075349357,3.932603731195326e-07,0.152945954852015,0.3279439688174499,False,False
ABCAPITAL,CANBK,0.3662651691116586,405,27527,1e-12,6.35447541799435e-05,0.010269838197718416,36613.42936647056,15,False,0.2676797547419149,4.487826530542415,-2.268770738752965e-06,0.0017705007050844398,0.17374353527295655,-1.3542852367211536e-06,0.0010431428733922179,3.9894847279985948,0.06649141213330992,0.8405124318101972,-2.1599165904000822e-07,0.06888623172760103,0.2109864363003961,False,False
IRFC,NHPC,0.366202920841743,406,27527,1e-12,1.0919118597937208e-05,0.0010568997351306563,67538.1794550304,15,False,0.9801492906044529,0.4373060561177555,-6.4431857383208225e-09,0.0014750479364215672,0.28285895366381575,-4.7982244167968345e-08,0.0011094693311358367,2.4505046475699204,0.04084174412616534,0.7536260765606769,-1.182157375108594e-08,0.03612454122462729,0.8553358171441449,False,False
BSE,JIOFIN,0.3661991882873839,407,27527,1e-12,0.0001343928217576535,0.033834572161778965,20423.803347787383,15,False,-0.08074049661084094,8.384583052663505,2.954272823922126e-06,0.002729947076920438,0.12114616394183213,8.062657054363907e-06,0.0013457128958633778,5.721577621663343,0.09535962702772238,0.8859044628408528,9.199131875476377e-07,0.10104015305714284,0.2985906476453951,False,False
PNB,RBLBANK,0.3658907726022502,408,27527,1e-12,1.6682381492621924e-05,0.0046413935945464795,47794.79111168951,15,False,0.5654061793421142,1.549668658041609,6.955431606507837e-07,0.0017841418049958588,0.13855985221357658,-8.636513486473005e-08,0.0009391051288277785,5.002510968989243,0.08337518281648738,0.8706111417057,-1.1174686196580667e-08,0.1016214677250496,0.8346086301971309,False,False
LTF,SHRIRAMFIN,0.3657491185715352,409,27527,2.274952428254023e-07,2.400579804296523e-06,1.6831431867753607e-05,113586.81193071087,15,False,0.16410561044086772,4.515876315887454,,,,,,,,,,,0.4384160841347635,False,False
JIOFIN,PNB,0.3656833365474388,410,27527,1e-12,5.142760699952319e-05,0.007085647989247595,41632.63363106444,15,False,0.8039487556272578,1.7151025178877342,-1.3624067669938232e-06,0.0013728263190377953,0.20524337501671103,5.622789814784582e-07,0.0008769065383740913,3.377196367500334,0.056286606125005564,0.8144490757315622,1.0433138471004372e-07,0.05487671193392717,0.31844763032025486,False,False
LUPIN,ZYDUSLIFE,0.3653962137671607,411,27527,1e-12,1.7927789130187908e-05,0.009967543066224037,37533.1740116973,15,False,0.7289335520918471,2.7457262501315443,9.742260547427886e-07,0.00154593005067174,0.12461501453138879,3.166731871145843e-07,0.000771559935347754,5.562308708677726,0.09270514514462877,0.8828367164756928,3.710247040645201e-08,0.14238212705435008,0.4588809241013049,False,False
BANDHANBNK,BANKINDIA,0.3652880191960281,412,27527,1e-12,0.0002551176577012592,0.04249312855641969,17090.80707330679,15,False,0.919110441690694,0.421505392974237,-5.128991028867213e-06,0.0018715330295173604,0.1946160273999358,1.0512810581665499e-06,0.0011539713388725868,3.5616140655030857,0.05936023442505143,0.8231506646841559,1.859183563668916e-07,0.07114504622837582,0.8038621591837806,False,False
CGPOWER,HAL,0.3651389762331444,413,27527,1e-12,7.342583008307493e-05,0.08973921176228623,7481.054446292276,15,False,1.2606775757752189,-4.010450962469472,1.600847877513175e-06,0.0038821398661213974,0.06768297968816425,1.3085808521769389e-06,0.0014283371522341324,10.241085480477985,0.1706847580079664,0.9345567000763104,8.563784918341271e-08,0.2410974306802977,0.8694731978982967,False,False
JIOFIN,LT,0.3651089656223866,414,27527,1e-12,0.00043015119595386255,0.5077875431422829,-16375.524368607284,15,False,0.4845096649915235,1.55395669939184,3.182853964042357e-07,0.0021705312293898984,0.07132845678701981,2.41209479054249e-06,0.0008192041543613431,9.717680877768306,0.1619613479628051,0.9311559973866245,1.660582600638167e-07,0.21348067621311825,0.63655802348827,False,False
BDL,IRCON,0.3650790133697436,415,27527,1e-12,9.54322232697848e-06,0.0016165112523551784,62017.378859347155,15,False,0.8180589541817975,3.1134686992972385,-8.824525357957721e-07,0.0020988089433461358,0.2160516220204179,-7.169330883591732e-08,0.0013794369377805994,3.2082479829493695,0.053470799715822824,0.8056937092628315,-1.3930460910581365e-08,0.06427963261262046,0.5137490365442723,False,False
ABCAPITAL,RECLTD,0.3650574566393236,416,27527,1e-12,0.00020560243193283278,0.062310532674140114,12102.015683873098,15,False,0.3579512003361582,3.7238107212138667,-1.7537766343541659e-06,0.0020900928888525085,0.12603666188213183,-1.5925303444547825e-06,0.0010493459152163102,5.499567905155797,0.09165946508592995,0.8815825257162968,-1.885834211104912e-07,0.10894722020876205,0.18133104432651342,False,False
INFY,TATAELXSI,0.3648648065484947,417,27527,1e-12,9.677396879186556e-06,0.008556264016631355,39735.20189466874,15,False,-0.005405604205563473,7.326921993425286,1.8795541883664908e-06,0.002646022595904428,0.08427945242110788,1.0005351898207894e-06,0.0010860845591925694,8.224391125568655,0.13707318542614425,0.9191743547020966,8.086890236052554e-08,0.21254999719965473,0.7670071157883687,False,False
LODHA,PHOENIXLTD,0.3647961367165349,418,27527,1e-12,4.7603409335399274e-05,0.03720955930103739,19496.977217013227,15,False,0.641840601229084,2.0861563330005746,5.36803790920068e-06,0.002718579215532606,0.10676172668165024,5.829031375383286e-06,0.0012563720226166652,6.492468809790059,0.10820781349650098,0.8987397931925839,5.902489225582287e-07,0.18622589458464875,0.9540593322714294,False,False
JIOFIN,TMPV,0.3645109582938822,419,27527,1e-12,8.451849001931635e-05,0.02550817500750505,24392.136071322435,15,False,0.7158020640676298,1.3716989291774022,-9.669791036864727e-07,0.0015785420411307217,0.1440196003402005,5.890780555350688e-08,0.000846677134250757,4.812866991177628,0.08021444985296046,0.865870776531092,7.901258215149304e-09,0.10405771966339282,0.45712363320677624,False,False
LTM,TATAELXSI,0.3644750592542215,420,27527,2.0886520064245733e-07,3.519880423091252e-06,4.8095752267132755e-05,102898.35301004504,15,False,0.3430701174924061,5.636242665237635,5.622450652394291e-07,0.0005049043296274584,2.103685913157097,-5.378982027947232e-08,0.0010188341255900108,0.3294917631119694,0.0054915293851994906,0.1220058953156305,-4.7227145097408445e-08,-0.009624688710233332,0.7715305928828798,False,False
IRFC,SJVN,0.3644735382743992,421,27527,1e-12,7.099960382060493e-06,0.0006664520966022879,73837.52797263757,15,False,0.5753680087205352,2.2289062173736487,9.759690267211337e-07,0.001369812427922097,0.28481041063725,8.503334601265096e-07,0.0010338534769610927,2.433714340037855,0.04056190566729758,0.7521568417387399,2.1074933033297946e-07,0.035848684324251104,0.8271522901184969,False,False
BDL,BHEL,0.3644213939346432,422,27527,1e-12,0.0001638314344324754,0.0405796850432884,17917.497254187223,15,False,0.891810037784184,2.2328395380110746,-5.009649177315998e-06,0.0023553244094633046,0.15734825906945893,-1.1949785939041714e-06,0.0013176896296658044,4.40517858067922,0.07341964301132033,0.8544064522026078,-1.739811730284475e-07,0.09982018538017844,0.5978429765642919,False,False
COFORGE,TATATECH,0.3643564479003976,423,27527,1e-12,1.9220879132330213e-05,0.008277638926905912,39987.89139494909,15,False,0.1209206869639819,6.48097828570684,2.622319332776029e-06,0.0026757112718104603,0.11055344321670241,-1.5208670660747866e-07,0.0012561684173035379,6.269792784303118,0.10449654640505197,0.8953384791424777,-1.591762601575051e-08,0.146029716044336,0.5582016304046131,False,False
RECLTD,UNIONBANK,0.364234791541381,424,27527,1e-12,4.558172269603668e-05,0.008294746288525561,39616.43989838089,15,False,0.6588130707444828,2.4606750743246617,-6.502323432015158e-07,0.0015804981049662495,0.18072826578852252,-2.1202591865788055e-07,0.000950290227707568,3.835300347379114,0.06392167245631857,0.8346621341399415,-3.505591289791233e-08,0.07888910831062965,0.7556881756123615,False,False
BEML,IRCON,0.3639014632505705,425,27527,1e-12,1.9661046977263754e-05,0.003245350633313726,52441.13461908173,15,False,1.029931178466056,2.276725040959249,-1.5646542443510726e-06,0.0023117724672043227,0.23345116835188204,-6.792334502391199e-07,0.001579457243699678,2.969131341056993,0.04948552235094988,0.7917962595125575,-1.414189450039759e-07,0.06303288446248416,0.28724418907838084,False,False
ADANIENT,NBCC,0.3636163689002418,426,27527,1e-12,1.073480065127466e-05,0.0012918091900844465,64919.24691128896,15,False,0.21645654210401813,6.655161368074441,4.525242315630012e-06,0.0015368970974923564,0.2141519458170756,2.321715386574519e-06,0.0010030337321033447,3.2367073664229884,0.05394512277371647,0.8072257211320231,4.475670093835892e-07,0.052131814621045984,0.24870855099142714,False,False
IREDA,KAYNES,0.3634963794400603,427,27527,1e-12,1.4241607599007406e-05,0.016609956298251603,30682.13282792642,15,False,0.3793031550341379,1.7203565358514448,5.684521423107582e-06,0.002690344074729936,0.07171499261591471,1.2621748127561519e-06,0.0010176595435848136,9.665303659337264,0.16108839432228772,0.9307961417843664,8.734736678532059e-08,0.21442944569298966,0.7313181220633613,False,False
COCHINSHIP,IRFC,0.3634326361959878,428,27527,1e-12,1.1569836971869335e-05,0.001521139921985461,62726.77341747743,15,False,0.7413758368346209,3.8218659800224106,-1.1008794735448341e-06,0.0018288894405139547,0.2325046816385199,-4.6306371291568527e-07,0.0012471974380971148,2.981218165910295,0.04968696943183825,0.7925460389240281,-9.606440147490561e-08,0.053019756372257545,0.07186919265092473,False,False
HAL,IREDA,0.3632272278328848,429,27527,1e-12,1.1412196517516634e-05,0.0016844915248704284,61415.3669806092,15,False,0.4946622306009248,5.934693317346624,-2.1210889643395485e-06,0.0014603986489729658,0.205314231206265,-5.451726476504013e-07,0.0009347057625553993,3.37603086005075,0.05626718100084583,0.8143913690179332,-1.0118874877925968e-07,0.06388492818059095,0.3103713697852265,False,False
BANKINDIA,IRFC,0.3631698634501251,430,27527,1.5343827308129892e-07,1.7863377880113162e-06,1.3360385311023955e-05,119952.43290353563,15,False,0.40822525011537636,3.1324513715179525,9.584718138687992e-08,0.0005532336910735538,1.9462700486440545,4.70682156823554e-08,0.001091435041975518,0.3561413181294412,0.005935688635490687,0.14280573788104958,4.034660441109225e-08,-0.009358239899798044,0.5455085568055843,False,False
MAZDOCK,RECLTD,0.3630605320468285,431,27527,1e-12,0.0002910649856982617,0.08820112764332673,7318.968832991647,15,False,1.2530334853901424,0.43327888736353815,-3.324219210412921e-06,0.0025826881376197364,0.1453047427769181,-9.482745825576923e-07,0.0013909355107886922,4.770299766636749,0.07950499611061249,0.8647587239774772,-1.2824586456482744e-07,0.11348182401694192,0.22659901269778365,False,False
BEL,JIOFIN,0.3628918571686149,432,27527,1e-12,6.900688238641565e-05,0.017398490858714248,29579.211338819394,15,False,0.9194475412016618,0.9404521557307227,-2.973418360253824e-06,0.001897764503208671,0.16917429210346108,-1.1217483393186363e-06,0.0011034388182649545,4.097237068005821,0.06828728446676369,0.8443617249792612,-1.7458697653893093e-07,0.10350557473889917,0.44564049008801637,False,False
BHARATFORG,MOTHERSON,0.3628219236934565,433,27527,1e-12,2.786415545232096e-05,0.003783303506916739,50247.064619829725,15,False,0.7101356526642324,3.9905618609068068,1.2572183587779702e-06,0.0017098368807000593,0.20330183298018872,6.571433980025061e-07,0.0010902693147638368,3.409448751145745,0.056824145852429085,0.8160318989103552,1.208934230741177e-07,0.052895525802661374,0.7129686182207028,False,False
INDHOTEL,JIOFIN,0.3627297758454614,434,27527,1e-12,5.6806358602633866e-05,0.014326149628393493,32255.93952496344,15,False,0.6226076279165276,3.035661412150326,1.8565950870161906e-06,0.0014738797483330095,0.17111578191684615,2.0156671224293597e-06,0.0008622745847800936,4.05074957315615,0.06751249288593583,0.8427239956232683,3.170160711692342e-07,0.0872020398716524,0.17191268644091812,False,False
JIOFIN,LTF,0.3624371114510952,435,27527,1e-12,0.00014647291652984543,0.03839053635417678,18707.11714353252,15,False,0.08765324275800089,5.068551932436322,-1.115827589311791e-06,0.0017272584446581492,0.13270966866880907,1.3252843236550544e-06,0.0008879604395990262,5.223034519736214,0.08705057532893691,0.8757193039554205,1.6470725820081992e-07,0.09846583002535049,0.6055781686335938,False,False
DIXON,KALYANKJIL,0.3623884636365798,436,27527,1e-12,6.864627600384626e-05,0.023381303309840392,25631.91544823217,15,False,0.2598447208319971,7.7337049597260945,6.895786420241468e-06,0.002612880644169237,0.12534250301397798,4.766868751792175e-06,0.0013073971904076671,5.5300250425240565,0.09216708404206761,0.882194696491837,5.615624200884552e-07,0.11865157981636373,0.04770080802168395,True,False
BDL,JIOFIN,0.3621838051167453,437,27527,1e-12,0.000125551985916489,0.031601411008781305,21363.252474719175,15,False,1.5282459569953752,-1.2961209121220318,-7.464049234313217e-07,0.0026785266031014083,0.1593297080895873,-1.7240604852352222e-06,0.001511600648368296,4.350395094995123,0.07250658491658538,0.8527151655276144,-2.539279631882505e-07,0.10013780674772127,0.3118615300580144,False,False
BANKBARODA,MAHABANK,0.3621264959377001,438,27527,1e-12,5.646715917309592e-05,0.004505999549162567,47485.618025909556,15,False,0.8521697834971187,2.1167372662708557,6.654507335034437e-07,0.0013469271472605015,0.33899802009679036,5.081241953202074e-08,0.0011086197514110195,2.0446938904305063,0.03407823150717511,0.712483859736876,1.4609390741277177e-08,0.027715343885181324,0.711753580401852,False,False
GLENMARK,LAURUSLABS,0.3621003367537788,439,27527,1e-12,0.00016593567284749192,0.0975953794486682,6152.851814613067,15,False,1.046674911985152,0.3671829785129992,4.978583253529945e-06,0.002459716854315554,0.11905199458235781,2.3307845020534665e-06,0.0011989831273119783,5.822222323880847,0.09703703873134745,0.8877616407661807,2.616034282380956e-07,0.1433485842788843,0.5253409661953282,False,False
AMBUJACEM,ULTRACEMCO,0.361821385726686,440,27527,1e-12,0.0015975333873442024,3.151798257564301,-41410.707401902204,15,False,0.32690936958915456,3.1455458263823495,2.784451296917635e-07,0.0028394376428702243,0.05217249085286082,-1.2017003841032801e-07,0.0009171990164300357,13.285683110564719,0.2214280518427453,0.9491651304189261,-6.108828230141661e-09,0.26688542280578426,0.883471620412458,False,False
BEL,SOLARINDS,0.361516134433656,441,27527,1e-12,2.531576807952994e-05,0.0516374974732253,15178.78464571565,15,False,0.6196156927520203,0.17697192864808456,-2.9980773031023462e-06,0.002930699528824861,0.06482019619521914,3.8078068603222e-06,0.0010522940926399318,10.693382946148331,0.1782230491024722,0.9372359668209812,2.3899331612055794e-07,0.272983514843574,0.005908284309653976,True,False
CGPOWER,RVNL,0.3613712435106703,442,27527,1.9648948911865675e-07,2.51607534826596e-06,2.7921140872205837e-05,110825.90283443536,15,False,0.43460824590747393,4.001280428624344,-4.7655197377859405e-08,0.0006424311424916693,2.075092856446202,2.1308931595525374e-08,0.0013086652531981954,0.33403188604630785,0.005567198100771798,0.12554476931081945,1.8633706694105108e-08,-0.008587097040441556,0.9075945747080711,False,False
JSWENERGY,NHPC,0.3613113285638066,443,27527,1e-12,1.236007471751143e-05,0.001209269539663724,65705.97263855266,15,False,0.6978205316375075,3.151056324289601,5.99825186628804e-07,0.001444831625659173,0.2859508424590915,4.324523429598625e-07,0.0010926212209304157,2.424008177766106,0.040400136296101764,0.7512995470773768,1.075510935615674e-07,0.03612891668572969,0.2588542597668092,False,False
KAYNES,NBCC,0.3613021246247626,444,27527,1e-12,1.144649272849095e-05,0.0013831092930780865,63975.52272033656,15,False,0.8487931862971693,4.343248096053708,2.7592646260853595e-06,0.001893139792900642,0.23352617732654,2.261591145721249e-06,0.0012934547453130074,2.9681776514104308,0.04946962752350718,0.7917368699143977,4.7100605098179075e-07,0.04475525140461425,0.8631400480778764,False,False
JWL,RITES,0.3608175515569184,445,27527,1e-12,0.0001618194715708721,0.03511507376280875,19838.25086673804,15,False,2.235560357192462,-6.3393676104565,7.008589814299252e-07,0.003963713442867779,0.22781027090694336,6.863713259855068e-07,0.0026755375034044258,3.0426511403565475,0.05071085233927579,0.7962753220992327,1.3983077730671994e-07,0.06745846498854778,0.24089626675069425,False,False
CONCOR,IREDA,0.3607942150465507,446,27527,1e-12,6.4446324990478975e-06,0.0009753258087785946,68945.48304515828,15,False,0.481174703061958,3.867281339466875,3.333368611237141e-08,0.0012588782449803608,0.23640006424174245,5.286307419149037e-07,0.0008654940920244919,2.932093875622359,0.04886823126037265,0.7894647741206657,1.1129539265581432e-07,0.05481606943409408,0.43813204109925075,False,False
CDSL,PFC,0.3607696218366206,447,27527,1e-12,2.9982225946648966e-05,0.00959862450232268,37858.13257824366,15,False,0.8389579831837162,2.1799092971197545,1.314281319013448e-06,0.0020061314474041562,0.14328541830643368,6.206040651060145e-07,0.0010735760398367352,4.837527703465009,0.08062546172441681,0.8665067167181493,8.284647426906532e-08,0.10780748683112648,0.2858160347624292,False,False
UNIONBANK,YESBANK,0.3606829545230711,448,27527,1e-12,2.5308381861345606e-05,0.0006335685499230217,73234.83778429279,15,False,0.6729745503865167,3.12541568951528,8.682331230875318e-07,0.000999057642123347,0.5582322213802051,5.580614209935956e-07,0.0010553298630787326,1.2416825006019336,0.02069470834336556,0.5722197280714248,2.387276664254874e-07,0.001206623981855144,0.713824906387051,False,False
GRSE,IRCON,0.3606086415473282,449,27527,1e-12,3.717231834878317e-05,0.006109626577820958,43737.97791359148,15,False,1.291753767068899,1.3233805465438455,-1.4202563667286617e-06,0.0028519657564418967,0.20914070355733652,-9.814636592788687e-07,0.0018445657425411803,3.314262449967885,0.05523770749946475,0.8112810774787688,-1.8522076427285293e-07,0.06238596771167791,0.844096630893235,False,False
CAMS,IREDA,0.3605812008981326,450,27527,1e-12,2.9892749048413035e-05,0.00433604884301772,48415.227436908615,15,False,0.6616029840961595,3.3483115005207527,5.300628518113168e-07,0.001515070604737734,0.23641136149340877,9.583333352366526e-07,0.001041765219908308,2.9319537613646816,0.048865896022744694,0.7894558553888095,2.0177147231979033e-07,0.05904349442924014,0.06122783898100111,False,False
IOB,MAHABANK,0.3602551640622758,451,27527,1e-12,2.090496845151991e-05,0.0016893143275569851,60989.30919483546,15,False,0.3738124344725022,1.9822151094533238,1.2933768993032684e-06,0.0011829233300608769,0.37161053320558207,1.6784570597702645e-08,0.001016969895030572,1.865251704737021,0.031087528412283683,0.6896227754002016,5.209548438214327e-09,0.02347722239367986,0.5463115513809645,False,False
CDSL,TATAPOWER,0.360233451986118,452,27527,1e-12,1.3207642351845816e-05,0.004251814015278544,49054.125752554304,15,False,0.5614672999585449,3.855999962974495,2.536322154423797e-06,0.0018902245979858757,0.13915499200367762,2.9552338851897554e-06,0.0009975197684666463,4.981116168233667,0.08301860280389445,0.8700931605244601,3.839050939360218e-07,0.10802816134678639,0.5528278449028536,False,False
KPITTECH,TCS,0.3600007679060498,453,27527,1e-12,0.0035569346371627677,3.6635408987587867,-43604.01071405025,15,False,-4.882160682266524,45.620735700567444,-6.60298995740718e-06,0.013814688334938608,0.06573770956981882,1.5249337886646277e-05,0.005011867654226699,10.544133421986148,0.17573555703310245,0.936376434662691,9.702172453817402e-07,0.22799586036460107,0.777017208486075,False,False
CDSL,HDFCAMC,0.3595660988537721,454,27527,1e-12,2.1614157677748174e-05,0.020845269198346374,27517.831066847535,15,False,0.31038318686319455,4.748654302464502,-2.545503883143552e-06,0.002578570001854399,0.07803082463464277,3.4791004043528604e-06,0.0010197134664483149,8.88299186642472,0.148049864440412,0.9249359152924602,2.61155487458379e-07,0.19975287160552668,0.4062877084216813,False,False
CDSL,SUZLON,0.3592805044529604,455,27527,1e-12,6.5593195895998965e-06,0.00040896500678383517,80225.87731158567,15,False,0.5292694968398013,5.160442984717777,6.906220481122238e-07,0.0011593479331236918,0.35431818892657846,6.374480577760449e-07,0.00097590384036824,1.956284498574186,0.0326047416429031,0.7016516740395531,1.9018156092422123e-07,0.017313996001149953,0.1345392227183943,False,False
IRCTC,RVNL,0.3591724349370344,456,27527,2.0851591793567675e-07,2.129463361917894e-06,1.4645418835108119e-05,117042.53752659874,15,False,0.3335898073852769,4.484464504030478,,,,,,,,,,,0.5933475859731325,False,False
GRSE,NBCC,0.3590974408626138,457,27527,1e-12,1.8489595296573035e-05,0.002201131315353272,57585.61100311454,15,False,0.7788018418164163,4.2221807857595275,4.235498781620713e-06,0.0020862897406883287,0.2342320512448945,2.6088923594694045e-06,0.0014261006810005418,2.9592328499708414,0.04932054749951402,0.7911782007059339,5.447935966689425e-07,0.04937781309587,0.5591756784974729,False,False
AUROPHARMA,LUPIN,0.3589066061554236,458,27527,1e-12,4.0128630056163546e-05,0.03609212453000375,19951.780147433758,15,False,0.9852567069739493,-0.4872748582638587,9.317903348059407e-07,0.002436235045955996,0.09094419693990043,1.8038770547469511e-06,0.0010387995219772476,7.621675751538108,0.1270279291923018,0.9130686615030457,1.5681344685309624e-07,0.19503824140801923,0.34899961072710994,False,False
ADANIPORTS,GMRAIRPORT,0.3588273913373008,459,27527,1e-12,9.028268958978062e-06,0.0010840791864337423,67343.03125931392,15,False,0.49577876471144694,5.012765304053959,2.7051750285306166e-07,0.0013256855122953499,0.21319818679627928,-2.6571541320918235e-08,0.0008656396054997366,3.251187033885422,0.05418645056475703,0.8079959872110924,-5.10184255960257e-09,0.05283691633364445,0.1832564790751306,False,False
HCLTECH,TATAELXSI,0.3588269871092244,460,27527,1.8454755549086702e-07,3.2849133713268285e-06,4.3291909255377766e-05,104361.13614266462,15,False,0.05180851176408305,6.886110344784521,6.383974332425672e-07,0.0004741106631027203,1.98826729554224,2.688756053221763e-07,0.0009394314771990317,0.34861871042892667,0.005810311840482111,0.13693248353504367,2.320578009234225e-07,-0.009152315438295975,0.6893892768521784,False,False
JSWSTEEL,NATIONALUM,0.3588174019527576,461,27527,1e-12,1.0678035308564207e-05,0.0032855618207226884,52584.65677462947,15,False,0.33004134925084005,5.135989510401751,1.0441770379144118e-06,0.0016230557091580229,0.13364605385530276,4.3870584144449376e-07,0.0008388753209955159,5.186439558555232,0.08644065930925388,0.8748996771747466,5.488224239003061e-08,0.11688754941920904,0.40150835747627,False,False
ANGELONE,IREDA,0.3586341465564278,462,27527,1e-12,2.894027145879521e-05,0.0041991366044238174,48831.77399215896,15,False,1.1832405581213905,-0.2297157181094291,-1.4678365853797986e-06,0.0023159701287295484,0.1973920338913176,4.315329284772245e-07,0.00145498256728428,3.5115256015933567,0.05852542669322261,0.8208687618495503,7.73010277808147e-08,0.06127903724997496,0.8450184597360688,False,False
CGPOWER,MAZDOCK,0.3584833948790364,463,27527,1e-12,1.6600561337988607e-05,0.01546134890797802,31613.851284356664,15,False,0.7327812989189203,0.7903548696412467,-5.164822183542601e-07,0.0031262237659152457,0.08521948112843813,1.5479321715576913e-06,0.0012907767403455078,8.133670510329344,0.13556117517215574,0.9183107104104453,1.2644947942736448e-07,0.20468256312635458,0.7787386834431387,False,False
HAL,IRFC,0.3584362203377386,464,27527,1e-12,3.0752595332429833e-06,0.00025767842660817674,86733.80432962398,15,False,0.3852257121080313,6.5198534579154135,-8.643974651521535e-07,0.0012486561729072793,0.273323373771254,-2.1468823066484538e-07,0.0009229291461035104,2.5359967243051975,0.04226661207175329,0.7608467099735986,-5.134339669344473e-08,0.036181563200953726,0.1424770186975698,False,False
DLF,PFC,0.3582978856519603,465,27527,1e-12,5.4981460071545904e-05,0.017521857776040515,29577.495769323912,15,False,1.0430782155494487,0.1982566780202867,-1.1134476592849974e-06,0.00220936763165077,0.14400343030981097,-1.6630285423558658e-06,0.0011859081970836958,4.813407424175236,0.08022345706958726,0.8658847778010621,-2.2303744248123275e-07,0.1034182754217317,0.6232148828446066,False,False
JINDALSTEL,VEDL,0.3581503694026211,466,27527,1e-12,3.0125309940648705e-05,0.007077891240255156,41920.878768965275,15,False,0.6230130666677625,3.585166318986309,1.0982782813881071e-06,0.001705693379292597,0.1684556401873276,1.5971838178111871e-06,0.0009900680296897925,4.114716371557197,0.06857860619261995,0.8449687452428399,2.476134113530997e-07,0.07793971649708792,0.4166856355776075,False,False
CHOLAFIN,SHRIRAMFIN,0.3579035902057069,467,27527,1.7391034209228275e-07,2.8547753673705056e-06,3.0454279917643697e-05,109091.29893817203,15,False,-0.01980325009290222,7.532297045509731,6.185109286254281e-07,0.0005883845121712409,1.710964222579897,3.362207821892667e-07,0.0010860696038533903,0.40512079178065763,0.0067520131963442935,0.18069148178667407,2.7546855084801355e-07,-0.009569283492965389,0.5722474883544555,False,False
NBCC,TITAGARH,0.3578757520170532,468,27527,1e-12,0.00017779969967395243,0.08616311497194501,7808.4842004636,15,False,1.0322751232165113,-2.247176141097079,-1.717805919721743e-05,0.0026318654981077856,0.13054480129767604,-1.0062748930137975e-05,0.00133578175255963,5.3096498188341466,0.08849416364723578,0.8776171736797244,-1.2315076546216153e-06,0.13078685819280317,0.13366152986462965,False,False
CDSL,HUDCO,0.3577023052178679,469,27527,1e-12,1.2649748359485013e-05,0.002577646969518431,55741.279018973735,15,False,0.5194060751257992,4.449793777238317,1.9359312045584565e-06,0.0015403466735745236,0.19400193191017057,1.9765779112991914e-06,0.0009595375872034158,3.5728880312433993,0.059548133854056655,0.8236563130370316,3.485570364480626e-07,0.07237967691560188,0.04385795299982254,False,False
ABCAPITAL,CDSL,0.3576008146540296,470,27527,1e-12,0.00011682453711598677,0.07975250316113998,8972.99199895248,15,False,0.7783112180363212,0.22953375407989512,-3.5492871012300602e-06,0.0023388839390764407,0.10550907723515301,-5.095390051654661e-06,0.0010753802052004123,6.569550210500806,0.10949250350834676,0.8998663045116582,-5.102202358267141e-07,0.16215749090704942,0.024420316440405612,True,False
BAJAJ-AUTO,TMPV,0.3574754733117714,471,27527,1e-12,0.0002275661803534999,0.06881996304599865,10734.697777719484,15,False,0.6370674038410569,5.419728776288034,-4.699562316173924e-06,0.001522810989340369,0.1342266368400368,-2.0724108054105776e-06,0.0007882872454357345,5.1640061680603395,0.08606676946767232,0.8743918727344026,-2.603116401926111e-07,0.116128140980365,0.04146265977745619,True,False
EXIDEIND,NBCC,0.3574689589827151,472,27527,1e-12,3.0138242908971545e-06,0.00027405125398508186,86011.4347657997,15,False,0.3409664043404632,4.238254055854497,1.7832428441513537e-06,0.0010410048824417866,0.30845530945531263,1.8586528147706437e-06,0.0008176940088111347,2.247155939004398,0.03745259898340663,0.7345807802807999,4.933221798253192e-07,0.036844345767871434,0.1918041471810037,False,False
CDSL,LTF,0.35709494685727,473,27527,1e-12,0.0001406138407531809,0.03686054840908926,19267.081805636204,15,False,0.4588452614741285,4.593379213492854,-1.639008538614355e-08,0.0017442556316730495,0.16042569226858516,1.638978896899417e-06,0.0009886224310656515,4.320674392973641,0.07201123988289401,0.8517811151427237,2.4292762440304043e-07,0.09114783993435399,0.23580111767297351,False,False
LTF,RECLTD,0.3568560686579949,474,27527,1e-12,6.913591079560362e-05,0.02098503006677476,27077.17671572984,15,False,0.5686085569379056,2.316148149916195,2.582107778235765e-06,0.0021636772498234594,0.13866592742722791,3.2324823309865163e-07,0.0011383501001541714,4.998684200368616,0.08331140333947692,0.8705187963407001,4.1854570302355374e-08,0.10797765193454195,0.19879503054438552,False,False
BHEL,RVNL,0.3568242292535681,475,27527,1e-12,1.2876873051945217e-05,0.0036677869236679925,51023.707109695315,15,False,0.3027679432731216,3.841210195287927,4.897741020980137e-06,0.0022146686727839587,0.12808974213466898,1.2710256670160907e-06,0.0011180509523635365,5.411418346296577,0.09019030577160961,0.8797744227671136,1.5280979449482397e-07,0.12184358149857924,0.1413661602074765,False,False
DIVISLAB,LAURUSLABS,0.3568156536462744,476,27527,1e-12,0.00026715577989087935,0.15703986968668765,-393.0236748733827,15,False,0.5888115121576937,4.650620670789037,1.0461145116579278e-05,0.0017627294432262682,0.11039134173755659,8.236390510353028e-06,0.000826656855547785,6.278999508927315,0.10464999181545526,0.8954836265982736,8.608376660624927e-07,0.15861822990137167,0.40739874899677686,False,False
BANKBARODA,IREDA,0.3564424572469104,477,27527,1e-12,6.9551672599736125e-06,0.0010557865286847385,67841.75307649131,15,False,0.5916173049738341,2.8104324720882548,-2.1855975028740719e-07,0.001442469286663441,0.21798281547498957,-2.973270395701316e-07,0.0009524594653887465,3.1798248822943296,0.052997081371572156,0.8041392602990565,-5.823469390329768e-08,0.05928165198868874,0.5286800319338798,False,False
GLENMARK,ZYDUSLIFE,0.3564418672976064,478,27527,1e-12,6.672449958896873e-05,0.036884364584572046,19525.550977678704,15,False,1.2484524800225993,-0.8635617608070266,-4.267507318872637e-06,0.002106106747688486,0.13007525051209815,-2.5618029679399512e-06,0.0010733872616943308,5.3288168028204295,0.0888136133803405,0.8780293562758201,-3.124647570941504e-07,0.1454299954471689,0.30067948206442785,False,False
NBCC,NHPC,0.3562257900677917,479,27527,1e-12,4.155901259214225e-05,0.003942140371318025,49445.54685123663,15,False,1.3220686578930856,-1.1696113631751577,-5.573602409923273e-06,0.001695681773896186,0.29333897187253005,-3.6960275190490697e-06,0.0012954185412624823,2.3629563304706447,0.03938260550784408,0.7457693030300901,-9.396436521878118e-07,0.03628938128850881,0.6561395339631341,False,False
EICHERMOT,TMPV,0.356220146478998,480,27527,1e-12,7.081707142934297e-05,0.02144578140771427,26780.444421482174,15,False,0.36167891650949785,6.7775256184243515,-3.5528128755515954e-06,0.001573227676626569,0.12209500036389219,1.925895629534368e-07,0.0007774068180693997,5.677113546779868,0.0946185591129978,0.8850642830796569,2.213541948942881e-08,0.11738213619930235,0.2938191682171215,False,False
GRASIM,ULTRACEMCO,0.356206688558053,481,27527,1e-12,0.0008629339624451081,1.7031113320642943,-32939.24752555114,15,False,-0.6362657258529637,13.904213736957173,2.623299527515288e-06,0.004138876616525901,0.044571611009977107,5.280121617524301e-06,0.001235559561680297,15.551315396806908,0.2591885899467818,0.9564071083622899,2.3017576950666728e-07,0.27519591619133726,0.554409211061847,False,False
CANBK,IRFC,0.3561877010491867,482,27527,1e-12,2.667955449239661e-05,0.0034501686859465986,51485.02299258055,15,False,0.23972711240645816,3.8585559014893964,5.359081787068792e-06,0.001537628202494329,0.20468640061030022,2.4177461865934565e-06,0.000978424810930017,3.3863860935227406,0.05643976822537901,0.8149028293749224,4.4751797842801967e-07,0.0558080042273477,0.30564233376761896,False,False
AMBER,PGEL,0.3561411478118175,483,27527,1e-12,2.3470854934564878e-05,0.009614987120660123,37922.41599628795,15,False,0.39459519836998375,6.315880007292785,-1.3935378792557508e-06,0.002243129908917287,0.1339922016900149,6.207837046819504e-07,0.0011596808985442466,5.173041205513668,0.0862173534252278,0.8745968849543613,7.784821033668844e-08,0.12595827851036437,0.8328790324178488,False,False
JWL,MAZDOCK,0.3561338296473642,484,27527,1e-12,0.0005246713228083772,0.4831403076989806,-15747.571937090233,15,False,2.2788705805524962,-12.04631226050058,1.741308885301503e-06,0.007003495731716773,0.07827503428991275,-4.888104877496867e-06,0.002770678365333646,8.855277890938856,0.14758796484898093,0.9247100645900234,-3.680251005039308e-07,0.21455977990232586,0.01703061862029168,True,False
ADANIENT,MAZDOCK,0.3560593726163176,485,27527,1e-12,4.4441816428254236e-05,0.041033388498011865,18190.16668555819,15,False,0.44051224859094595,4.219290773162329,6.779566123142385e-06,0.002744048155316478,0.07223135571540062,1.1694288600451753e-06,0.0010410474297540152,9.596208927477706,0.15993681545796176,0.9303156370717329,8.149090510217764e-08,0.2260086393406587,0.3914616908287706,False,False
ADANIENSOL,JSWENERGY,0.3558355961689901,486,27527,1e-12,1.635658334446505e-05,0.006186416452688414,43949.13988604149,15,False,0.7061838881000299,2.518985753585302,6.435197658190346e-07,0.0024732060580034904,0.12051442940040712,2.3191267019653797e-07,0.0012141818719704253,5.751570031974974,0.09585950053291623,0.8864642961048185,2.6330368252975025e-08,0.13388704345153574,0.2408523659186088,False,False
BEL,BEML,0.3556937779359168,487,27527,1e-12,1.1328773350275527e-05,0.008983270674752433,39052.2340194955,15,False,0.42152962269971417,2.924051838906728,-2.88382149187342e-06,0.0022491465333634012,0.1054095054277303,1.1503406455687491e-06,0.0010307433505089515,6.575755931567037,0.10959593219278395,0.8999559102870677,1.1508478274571242e-07,0.19400477805232239,0.5085932758605755,False,False
GRSE,IRFC,0.3556605973340428,488,27527,1e-12,2.0305655540415428e-05,0.002647626176718834,55099.19595536271,15,False,1.1272091699628282,2.4914689601793873,-4.737066270854849e-07,0.0022739885565827545,0.22699886647756748,-3.118127824941947e-07,0.0015322596789142022,3.053527056393665,0.05089211760656109,0.7969216856182353,-6.332241427160889e-08,0.05418065934675515,0.8335625304772848,False,False
EXIDEIND,IREDA,0.3555651018897553,489,27527,1e-12,1.5383556967928428e-05,0.002255003022790485,57417.297786688025,15,False,0.5411383541324847,3.1790107819634104,-1.3290729483205887e-06,0.0011749716392966292,0.255121080667688,1.6578594523286144e-07,0.0008377395864574253,2.7169341661060735,0.04528223610176789,0.7748226762342186,3.7331235465516136e-08,0.055765413672533695,0.3394886493990296,False,False
DLF,MAZDOCK,0.3555613245090387,490,27527,1e-12,6.184327233965769e-06,0.0036628763445425783,51293.98781595359,15,False,0.6388101313352155,1.452739587858017,2.2248699382085367e-07,0.0022914315766585443,0.11123230303435382,3.3354918746473297e-07,0.001080797862133748,6.231527727569109,0.10385879545948515,0.8947308760877747,3.511243074604705e-08,0.15827804700013687,0.7135093598667275,False,False
MAZDOCK,RAILTEL,0.3552863733308314,491,27527,1e-12,1.2192728720406405e-05,0.003555673523362796,51462.77425171248,15,False,0.6567468214379873,3.994714660176239,-1.110271594905773e-06,0.002180508043426276,0.1611592208431875,1.3634114156149842e-06,0.001236289971839977,4.301008511541497,0.07168347519235828,0.8511565384558885,2.0293487460889157e-07,0.10818697460063383,0.630069685469026,False,False
IREDA,JSWENERGY,0.3551721830486309,492,27527,1e-12,2.5945144462808513e-05,0.00970611817269136,37763.10217356936,15,False,0.7593273769863005,0.14546155264655886,1.7709888514330727e-06,0.0020924812519801795,0.1400030765584346,6.015078905246551e-07,0.0011068538333847563,4.950942490686188,0.08251570817810314,0.8693555607715083,7.858366104910652e-08,0.11538767358721769,0.7279047891019635,False,False
OBEROIRLTY,PHOENIXLTD,0.3550690178259847,493,27527,1e-12,5.851621346433727e-05,0.04597619231252426,16588.90186539787,15,False,0.46649882486924693,3.870221464159157,5.185156904468031e-06,0.002327560273696523,0.09985411171439369,4.804276004533846e-06,0.0010400398549060758,6.941598785060646,0.1156933130843441,0.9049694328451022,4.5655307347951766e-07,0.17119166746948153,0.23528693098201503,False,False
CANBK,LTF,0.3549413617069317,494,27527,1e-12,0.00014632212680021204,0.03835798645873267,18717.277128285386,15,False,1.0938005122631966,-1.1945567428307973,3.013643400915572e-06,0.002260659105500469,0.16471949976950853,1.9027050997484277e-06,0.001297221452202455,4.2080456869397,0.07013409478232834,0.8481315718267629,2.88960832775996e-07,0.09198681993954974,0.0759220381911917,False,False
INDHOTEL,IREDA,0.3549078042158365,495,27527,1e-12,1.385831835071557e-05,0.0020341595428992,58828.95911518837,15,False,0.44447776523719795,4.347834963812441,5.686769722168884e-07,0.0013379104978564916,0.21074106937636483,1.8283606845786085e-06,0.000867695087950654,3.289093970203055,0.054818232836717586,0.8099837693334392,3.474182055825599e-07,0.058538121017263564,0.34232607949052807,False,False
AUROPHARMA,ZYDUSLIFE,0.3548557618981131,496,27527,1e-12,1.2126554277005353e-05,0.006764655663870674,42856.40852440925,15,False,0.9376720902634864,0.725109971937527,4.611623372404131e-07,0.0021625323246567273,0.1102586358850489,6.343091924641241e-07,0.0010155105117323061,6.2865568306376645,0.10477594717729441,0.8956024704018077,6.622031269467883e-08,0.16189334018840748,0.7370774447105299,False,False
BANKINDIA,IDBI,0.354848740179191,497,27527,1e-12,5.513964463218045e-05,0.006292716976770666,43142.957568123944,15,False,0.4505680666970412,2.984921366646644,3.1433581816779e-07,0.0016087370061947577,0.21796567681188672,3.2961306785245725e-07,0.0010621877248074704,3.1800749122448284,0.05300124853741381,0.8041530422890286,6.455371656068373e-08,0.055695456072206766,0.4848840065596164,False,False
BIOCON,LAURUSLABS,0.3546501672904937,498,27527,1e-12,4.978542534039162e-05,0.02936272274402447,22683.00303654286,15,False,0.7409777578337132,0.7957556674748116,2.5694497654643468e-06,0.002018959965521616,0.12016955991858934,2.071436889820167e-06,0.0009896888524278066,5.7680762168849435,0.09613460361474906,0.8867700633091242,2.345486678934821e-07,0.1412675464751535,0.925686689302115,False,False
CANBK,IDFCFIRSTB,0.3546490953157672,499,27527,1e-12,8.890993784815494e-05,0.008365736932802311,39092.87415154481,15,False,-0.14897619363957426,5.629547273878604,4.148504572080258e-06,0.001680403678199569,0.22662698284530475,1.8222459262074187e-06,0.0011277282139669667,3.0585377427589306,0.05097562904598218,0.7972181028622565,3.6951848596786495e-07,0.041083201619008386,0.6295785885613245,False,False
LODHA,NBCC,0.3545987845415033,500,27527,1e-12,1.031489848013873e-05,0.0012333644807631786,65544.84949529765,15,False,0.3220183900165735,5.390378892247098,3.7830600850881433e-06,0.001723786049322336,0.2567069166696423,3.4578045475169716e-06,0.0012350053801089785,2.7001499981083903,0.04500249996847317,0.7735949083157064,7.828645556069472e-07,0.043337914640078815,0.9118090872742153,False,False
