symbol_a,symbol_b,pearson_rho,stage1_rank,n_obs,n_obs_trading_days,data_start,data_end,Q_beta,Q_alpha,Q_beta_sqrt,Q_alpha_sqrt,Q_beta_annualised,Q_alpha_annualised,R,R_sqrt,SNR_beta_R,SNR_alpha_R,log_likelihood,log_likelihood_per_obs,em_iterations,em_converged,beta_initial,beta_final,beta_mean,beta_std,beta_drift_total,alpha_initial,alpha_final,alpha_mean,alpha_std,P_beta_final,P_alpha_final,kalman_gain_beta_mean,kalman_gain_alpha_mean,innovation_mean,innovation_std,spread_mean,spread_std,spread_skew,spread_kurtosis,spread_min,spread_max,spread_autocorr_lag1,ou_kappa,ou_mu,ou_sigma,half_life_minutes,half_life_hours,ou_equilibrium_minutes,spread_stationary_std,ar1_phi,ar1_c,ar1_phi_pvalue,adf_stat,adf_pvalue,adf_critical_1pct,adf_critical_5pct,adf_critical_10pct,hurst_exponent,tradeable,tradeable_reason,runtime_s,skipped,skip_reason,error
PFC,RECLTD,0.670173,1,44250,118,2025-12-02 09:15:00+05:30,2026-05-26 15:29:00+05:30,6.9628309e-07,1e-12,0.00083443579,1e-06,0.065798752,9.45e-08,1.4241733e-06,0.0011933873,0.48890336,7.0216176e-07,191889.23,4.33648,15,False,0.72916542,0.76797865,0.74895171,0.017018783,0.038813233,1.600756,1.6007556,1.6007557,1.2208442e-07,4.1040863e-08,4.4249965e-08,0.161472,9.744866e-08,5.4643528e-06,0.00072466962,-2.5628415e-10,5.5589938e-05,-0.39003208,21.219977,-0.0013379142,0.00089605435,-0.50863529,20.723266,-1.6911399e-09,0.00030812749,0.033447777,0.00055746295,0.10034333,4.7861505e-05,-0.50862698,-1.6911399e-09,0,-81.347435,0,-3.4304979,-2.8616054,-2.5668048,0.00035235784,False,HL=0.0<15,11.71,False,,
INFY,TCS,0.659622,2,44250,118,2025-12-02 09:15:00+05:30,2026-05-26 15:29:00+05:30,1e-12,1e-12,1e-06,1e-06,9.45e-08,9.45e-08,0.00065008078,0.025496682,1.5382704e-09,1.5382704e-09,73617.913,1.663682,15,False,0.2182411,0.19002208,0.20734881,0.012023359,0.028219021,5.5988501,5.5947495,5.5970192,0.001584423,3.9340712e-09,4.3626453e-08,6.046924e-05,4.5194817e-06,-0.017223803,0.033409334,-0.00015674495,0.025524195,0.10184597,-0.27558523,-0.09382795,0.078509835,0.99930444,0.00070010187,0.00027443326,0.0009521673,990.06618,16.501103,2970.1985,0.02544589,0.99930014,1.9206399e-07,3.9509815e-05,-3.6941728,0.0041958692,-3.4304978,-2.8616053,-2.5668048,0.51869456,True,PASS,7.42,False,,
BDL,MAZDOCK,0.651684,3,44250,118,2025-12-02 09:15:00+05:30,2026-05-26 15:29:00+05:30,1e-12,9.5316504e-08,1e-06,0.00030873371,9.45e-08,0.0090074096,0.0017307612,0.041602419,5.7778044e-10,5.5072012e-05,97417.52,2.201526,15,False,1.9238982,1.923142,1.9231706,2.8499819e-05,0.00075615239,-7.833112,-7.8209792,-7.7908332,0.075870716,2.5071348e-07,2.8070202e-05,1.7464959e-05,0.0073602493,2.090841e-05,0.013894723,1.7129348e-05,0.0099344607,-0.29833083,5.0941805,-0.075929975,0.10348503,0.98399803,0.016127708,9.4203815e-06,0.0017844287,42.978654,0.7163109,128.93596,0.0099356863,0.98400165,1.5071059e-07,1.503241e-79,-16.560932,1.9075365e-29,-3.4304978,-2.8616053,-2.5668048,0.42703132,True,PASS,6.64,False,,
BANKBARODA,CANBK,0.63535,4,44250,118,2025-12-02 09:15:00+05:30,2026-05-26 15:29:00+05:30,6.2081359e-07,1e-12,0.00078791725,1e-06,0.058666884,9.45e-08,1.2958335e-06,0.0011383468,0.47908437,7.7170407e-07,199869.27,4.51682,15,False,1.3625025,1.3798223,1.3703395,0.00804739,0.017319808,-1.1507196,-1.1507083,-1.1507122,3.4743442e-06,5.1918561e-08,4.4249896e-08,0.18676383,1.7605485e-07,2.0383922e-06,0.0010698177,1.2983511e-08,0.00010880675,0.72683577,64.267829,-0.0022366898,0.0026571086,-0.48241575,20.723266,2.7019669e-08,0.00061352659,0.033447777,0.00055746295,0.10034333,9.5299209e-05,-0.48236368,2.7019669e-08,0,-82.480213,0,-3.4304979,-2.8616054,-2.5668048,-0.00025165287,False,HL=0.0<15,7.51,False,,
GRSE,MAZDOCK,0.631132,5,44250,118,2025-12-02 09:15:00+05:30,2026-05-26 15:29:00+05:30,3.6370799e-06,1e-12,0.001907113,1e-06,0.34370405,9.45e-08,1.3461005e-05,0.0036689243,0.27019378,7.4288656e-08,141624.11,3.200545,15,False,3.9302769,3.9678621,3.9636336,0.019882726,0.037585255,-23.103454,-23.103452,-23.103453,7.7297769e-07,2.0943817e-07,4.4249997e-08,0.12119228,9.9282658e-09,6.7686742e-06,0.0039923415,3.3137647e-08,0.00029819753,0.007053305,38.032195,-0.0056550235,0.0063119635,-0.46121942,20.723266,6.3000692e-08,0.0017033533,0.033447777,0.00055746295,0.10034333,0.00026458221,-0.46121554,6.3000692e-08,0,-79.796546,0,-3.4304979,-2.8616054,-2.5668048,-0.00061656445,False,HL=0.0<15,6.71,False,,
CANBK,PNB,0.627409,6,44250,118,2025-12-02 09:15:00+05:30,2026-05-26 15:29:00+05:30,1e-12,1e-12,1e-06,1e-06,9.45e-08,9.45e-08,0.00031943922,0.017872863,3.1304859e-09,3.1304859e-09,109568.67,2.476128,15,False,0.52125522,0.51006641,0.51660441,0.0041534357,0.011188809,2.5076395,2.5049569,2.5064959,0.0010077058,5.5538268e-09,4.2609381e-08,9.2421964e-05,1.0405005e-05,-0.0042238168,0.019601494,-0.00011921777,0.017871184,-0.028649316,0.31794624,-0.063004116,0.057112574,0.99895636,0.0010404431,0.00012329825,0.00081669813,666.2038,11.103397,1998.6114,0.017903477,0.9989601,1.282181e-07,8.402984e-07,-4.2430496,0.00055665207,-3.4304979,-2.8616054,-2.5668048,0.48528408,True,PASS,6.81,False,,
BPCL,HINDPETRO,0.625088,7,44250,118,2025-12-02 09:15:00+05:30,2026-05-26 15:29:00+05:30,1e-12,1e-12,1e-06,1e-06,9.45e-08,9.45e-08,0.00067863359,0.026050597,1.4735492e-09,1.4735492e-09,81297.077,1.837222,15,False,0.41679229,0.39896589,0.41261117,0.0081158471,0.017826396,3.3323468,3.3287535,3.3311873,0.0014713073,5.4186376e-09,4.3254366e-08,6.7947981e-05,5.5338412e-06,-0.010972969,0.033009526,-0.00026285341,0.026100491,-0.028457249,0.67013191,-0.077358853,0.084988167,0.9994426,0.00055866658,0.00020788119,0.00087158749,1240.7171,20.678618,3722.1513,0.02607472,0.99944149,1.1610384e-07,0.00021668739,-3.0058954,0.034347502,-3.4304978,-2.8616053,-2.5668048,0.47565194,True,PASS,6.51,False,,
HINDZINC,VEDL,0.621889,8,44205,117.9,2025-12-02 09:15:00+05:30,2026-05-26 15:29:00+05:30,1.6202907e-07,1e-12,0.00040252834,1e-06,0.015311747,9.45e-08,4.5530622e-07,0.00067476383,0.35586834,2.196324e-06,219078.09,4.955957,15,False,0.23608567,0.25934657,0.25742814,0.014326034,0.023260895,4.9579697,4.9579448,4.9579516,7.371154e-06,1.3683973e-08,4.4204724e-08,0.16628318,5.2884585e-07,3.0647955e-06,0.0013165732,-1.2978926e-08,0.00013666417,-0.32639482,228.26099,-0.0055335418,0.005511711,-0.42913645,20.723266,-1.5941906e-08,0.00079469719,0.033447777,0.00055746295,0.10034333,0.00012344047,-0.42913223,-1.5941906e-08,0,-78.397487,0,-3.430498,-2.8616054,-2.5668048,-0.0012115441,False,HL=0.0<15,7.09,False,,
BANKINDIA,CANBK,0.621704,9,44250,118,2025-12-02 09:15:00+05:30,2026-05-26 15:29:00+05:30,1.0366055e-06,1e-12,0.0010181382,1e-06,0.097959217,9.45e-08,1.7162443e-06,0.0013100551,0.60399647,5.8266764e-07,189749.32,4.28812,15,False,1.2904604,1.3238754,1.3119472,0.014585194,0.033414988,-1.5001576,-1.5001521,-1.500154,1.6734514e-06,6.9142935e-08,4.4249936e-08,0.18945953,1.0823291e-07,3.9878035e-06,0.0010463496,8.3877795e-09,8.890448e-05,0.44912525,48.710347,-0.0019986566,0.0021789939,-0.50905836,20.723266,2.1037557e-08,0.00049257474,0.033447777,0.00055746295,0.10034333,7.6511733e-05,-0.50898233,2.1037557e-08,0,-83.752101,0,-3.4304979,-2.8616054,-2.5668048,0.00032630333,False,HL=0.0<15,6.79,False,,
BPCL,IOC,0.616216,10,44250,118,2025-12-02 09:15:00+05:30,2026-05-26 15:29:00+05:30,1e-12,1e-12,1e-06,1e-06,9.45e-08,9.45e-08,0.0014985787,0.03871148,6.6729895e-10,6.6729895e-10,66263.709,1.497485,15,False,0.36832375,0.34530492,0.359047,0.01002881,0.023018822,4.0041232,3.9988239,4.0016789,0.0021038788,9.1120614e-09,4.3091253e-08,6.3158313e-05,3.9165352e-06,-0.022023411,0.044921945,-0.00053477851,0.038725917,-0.77966338,0.57142129,-0.1310158,0.077862566,0.99967897,0.00032107363,0.0007686026,0.00098136496,2158.8418,35.980697,6476.5255,0.038726944,0.99967898,2.4673841e-07,0.0038490481,-2.350758,0.15611938,-3.4304978,-2.8616053,-2.5668048,0.47581426,False,ADF_p=0.1561; HL=2159>1440,7.15,False,,
BANKBARODA,PNB,0.614537,11,44250,118,2025-12-02 09:15:00+05:30,2026-05-26 15:29:00+05:30,3.3521545e-08,3.2719781e-06,0.0001830889,0.001808861,0.003167786,0.30920193,0.00048774186,0.022084879,6.8728045e-05,0.0067084216,125944.42,2.846202,15,False,0.7885963,0.7926805,0.79025158,0.0024563377,0.0040842089,1.8863143,1.9045122,1.8920765,0.01700946,0.00099296583,0.021614566,0.0037618634,0.070949684,1.0706127e-05,0.0015415871,1.5519563e-08,0.0011014518,0.12143574,30.554397,-0.019546078,0.01750022,0.77261713,0.25839277,7.4608025e-07,0.00079098771,2.6825332,0.044708887,8.0475997,0.0011003087,0.77229184,1.6988856e-07,0,-49.897899,0,-3.4304979,-2.8616054,-2.5668048,0.046989536,False,HL=2.7<15,7.24,False,,
BANKINDIA,PNB,0.613609,12,44250,118,2025-12-02 09:15:00+05:30,2026-05-26 15:29:00+05:30,9.5186108e-07,2.6677521e-06,0.00097563368,0.0016333255,0.089950872,0.25210257,0.00033813529,0.018388455,0.0028150303,0.0078895999,130180.08,2.941923,15,False,0.87668524,0.9002526,0.89513378,0.0117342,0.02356736,0.74771874,0.78009317,0.75351706,0.012149994,0.0033676916,0.073160282,0.043934072,0.032679334,1.3831537e-05,0.0012174578,6.5393243e-09,0.00076843323,-0.19669493,35.277826,-0.016529519,0.013526583,0.46421706,0.76759724,1.4641301e-07,0.00095188542,0.90300895,0.015050149,2.7090268,0.00076825072,0.46412691,7.8458789e-08,0,-63.439854,0,-3.4304979,-2.8616054,-2.5668048,-0.0045582953,False,HL=0.9<15,6.64,False,,
COCHINSHIP,GRSE,0.606509,13,44250,118,2025-12-02 09:15:00+05:30,2026-05-26 15:29:00+05:30,1e-12,1e-12,1e-06,1e-06,9.45e-08,9.45e-08,0.0012692867,0.03562705,7.8784409e-10,7.8784409e-10,74281.641,1.678681,15,False,0.28493013,0.27830465,0.27744891,0.0044081757,0.0066254853,5.1627433,5.1617044,5.1617093,0.00063176205,5.0948465e-09,4.3696111e-08,5.1597345e-05,3.0210791e-06,-0.0054664615,0.042905873,-0.00026813195,0.035638108,-0.23153616,0.45251307,-0.13079172,0.10435784,0.99950304,0.00049192262,-0.0019072529,0.0011236967,1409.0574,23.484289,4227.1721,0.035824959,0.9995082,-9.3799012e-07,0.0005162098,-2.9863327,0.036190617,-3.4304978,-2.8616053,-2.5668048,0.50118791,True,PASS,6.36,False,,
NATIONALUM,VEDL,0.602237,14,44205,117.9,2025-12-02 09:15:00+05:30,2026-05-26 15:29:00+05:30,8.7708309e-07,1e-12,0.00093652714,1e-06,0.082884352,9.45e-08,0.0001332312,0.011542582,0.0065831661,7.5057497e-09,146292.7,3.309415,15,False,-0.25200067,-0.15142421,-0.18552431,0.029755681,0.10057646,6.917672,6.9176698,6.9176705,6.3376419e-07,1.4643437e-06,4.4204985e-08,0.064906923,2.3414358e-08,3.501199e-05,0.0020454253,-3.1009132e-07,0.0011259884,-0.028753237,152.21133,-0.042594961,0.041398511,0.30296664,1.1942176,-1.7161315e-07,0.0017399617,0.5804195,0.0096736584,1.7412585,0.0011258563,0.30294089,-1.1962451e-07,0,-67.988354,0,-3.430498,-2.8616054,-2.5668048,-0.0094295215,False,HL=0.6<15,7.53,False,,
HINDPETRO,IOC,0.601678,15,44250,118,2025-12-02 09:15:00+05:30,2026-05-26 15:29:00+05:30,1.2662317e-08,1e-12,0.00011252696,1e-06,0.0011965889,9.45e-08,6.3452715e-05,0.0079657212,0.00019955516,1.5759767e-08,169946.08,3.840589,15,False,0.9315768,0.93153239,0.92085524,0.013798986,4.4410889e-05,1.3680224,1.3680168,1.3680187,1.9945669e-06,1.7633775e-07,4.4249698e-08,0.013642685,2.4443997e-07,-1.9520213e-06,0.0022559879,-2.1794427e-07,0.0015973412,-0.039994676,12.618398,-0.020816309,0.016858652,0.82264922,0.19524939,-6.0819099e-07,0.00099811162,3.5500606,0.059167677,10.650182,0.0015972367,0.82262948,-1.0787515e-07,0,-45.131553,0,-3.4304979,-2.8616054,-2.5668048,0.069942877,False,HL=3.6<15,7.35,False,,
BANKBARODA,BANKINDIA,0.601406,16,44250,118,2025-12-02 09:15:00+05:30,2026-05-26 15:29:00+05:30,1e-12,1e-12,1e-06,1e-06,9.45e-08,9.45e-08,0.00032844145,0.018122954,3.0446827e-09,3.0446827e-09,99230.501,2.242497,15,False,0.82171029,0.80437402,0.80842719,0.0065816423,0.017336272,1.6022832,1.5992238,1.6000284,0.0012947048,5.1828515e-09,4.2792988e-08,9.0591494e-05,9.6915811e-06,-0.0068080777,0.022614715,5.7645068e-05,0.018120977,-0.31769291,-0.062185898,-0.05311768,0.047497947,0.9990238,0.00097659966,4.394012e-05,0.00080089558,709.7557,11.829262,2129.2671,0.018121854,0.99902388,4.289096e-08,1.6804179e-06,-3.5786559,0.0061824395,-3.4304978,-2.8616053,-2.5668048,0.44519033,True,PASS,6.75,False,,
BANKINDIA,UNIONBANK,0.599485,17,44250,118,2025-12-02 09:15:00+05:30,2026-05-26 15:29:00+05:30,1e-12,1e-12,1e-06,1e-06,9.45e-08,9.45e-08,0.00027407328,0.016555159,3.6486592e-09,3.6486592e-09,101741.16,2.299235,15,False,0.7860109,0.77238348,0.77787446,0.0071265308,0.01362742,1.0137876,1.0116751,1.0126503,0.0013260815,4.7100635e-09,4.2845932e-08,9.4940674e-05,1.0443303e-05,-0.0046278811,0.021506596,1.1141443e-05,0.016556945,-0.39205509,0.091284516,-0.06409607,0.04883417,0.99858654,0.0014192803,-6.7896611e-05,0.00088063006,488.37936,8.139656,1465.1381,0.016528918,0.99858173,-9.6295967e-08,9.9980766e-09,-4.5425465,0.00016461256,-3.4304978,-2.8616053,-2.5668048,0.47504389,True,PASS,6.8,False,,
CANBK,UNIONBANK,0.59555,18,44250,118,2025-12-02 09:15:00+05:30,2026-05-26 15:29:00+05:30,1e-12,1e-12,1e-06,1e-06,9.45e-08,9.45e-08,0.00041947643,0.020481124,2.3839242e-09,2.3839242e-09,87187.129,1.970331,15,False,0.52137864,0.4881891,0.50101283,0.011719653,0.033189538,2.3922322,2.3862987,2.3888427,0.0023186385,5.4356023e-09,4.2906674e-08,8.44597e-05,8.2086719e-06,-0.014439241,0.025092164,9.0359795e-07,0.020480899,-0.37021023,0.57385271,-0.07429473,0.058457457,0.9991905,0.0008153383,-0.00026107527,0.0008242591,850.13446,14.168908,2550.4034,0.020411731,0.99918499,-2.1277791e-07,1.0170825e-05,-3.6491553,0.0048879084,-3.4304978,-2.8616053,-2.5668048,0.49036609,True,PASS,6.81,False,,
IRFC,RVNL,0.593719,19,44250,118,2025-12-02 09:15:00+05:30,2026-05-26 15:29:00+05:30,1e-12,1e-12,1e-06,1e-06,9.45e-08,9.45e-08,0.00048120018,0.021936276,2.0781372e-09,2.0781372e-09,89880.325,2.031194,15,False,0.4207917,0.40429217,0.41121481,0.0079095496,0.016499529,2.3327153,2.3296693,2.3309972,0.001491079,5.0788666e-09,4.3121252e-08,7.4723613e-05,7.024664e-06,-0.0077591956,0.027867349,-0.00020193813,0.021942635,-0.63121714,-0.20769762,-0.075350294,0.060545376,0.9993009,0.00069268782,0.00010161883,0.00082063725,1000.6632,16.677719,3001.9895,0.022047911,0.99930755,7.0365753e-08,4.8970986e-05,-3.2858367,0.015523567,-3.4304978,-2.8616053,-2.5668048,0.48125864,True,PASS,6.45,False,,
HINDALCO,NATIONALUM,0.593664,20,44250,118,2025-12-02 09:15:00+05:30,2026-05-26 15:29:00+05:30,2.1546032e-07,1e-12,0.00046417703,1e-06,0.020361,9.45e-08,5.0583746e-07,0.00071122251,0.42594773,1.9769196e-06,215841.03,4.877763,15,False,0.40834309,0.43011815,0.41349273,0.0071321552,0.021775064,4.4138423,4.4138387,4.4138397,1.1252488e-06,1.4308475e-08,4.4249835e-08,0.15964543,3.5506878e-07,3.1084744e-06,0.00086090265,-1.7278425e-09,7.0644768e-05,-1.9760659,165.32782,-0.0025829443,0.0019109036,-0.47334087,20.723266,-4.0229533e-09,0.00040062978,0.033447777,0.00055746295,0.10034333,6.2229905e-05,-0.47334002,-4.0229533e-09,0,-80.435331,0,-3.4304979,-2.8616054,-2.5668048,-0.00037921668,False,HL=0.0<15,8.26,False,,
HINDZINC,NATIONALUM,0.592095,21,44250,118,2025-12-02 09:15:00+05:30,2026-05-26 15:29:00+05:30,6.194127e-07,1e-12,0.00078702776,1e-06,0.0585345,9.45e-08,0.000120211,0.010964078,0.0051527123,8.3187063e-09,149223.49,3.372282,15,False,-0.13609655,-0.082243596,-0.099066194,0.016176667,0.053852954,6.9692513,6.9692491,6.9692497,6.446103e-07,1.1548016e-06,4.4249985e-08,0.05819497,2.6455985e-08,2.0636236e-05,0.0020911762,-2.9714043e-07,0.0011773815,-0.27119674,150.4578,-0.041622934,0.043471361,0.3459623,1.0614265,-2.7281001e-07,0.0017154613,0.65303364,0.010883894,1.9591009,0.0011773917,0.34596196,-1.7842813e-07,0,-68.239868,0,-3.4304979,-2.8616054,-2.5668048,-0.0095594912,False,HL=0.7<15,7.35,False,,
HCLTECH,TCS,0.590445,22,44250,118,2025-12-02 09:15:00+05:30,2026-05-26 15:29:00+05:30,1e-12,1e-12,1e-06,1e-06,9.45e-08,9.45e-08,0.00061028763,0.024704,1.6385716e-09,1.6385716e-09,81507.327,1.841974,15,False,0.49997813,0.47749753,0.49324574,0.0076629597,0.022480596,3.3743078,3.371245,3.3733121,0.0010165892,3.8344742e-09,4.3623172e-08,6.1667394e-05,4.6807383e-06,-0.012866521,0.03133194,-8.3768239e-05,0.024769479,0.45308832,0.045756913,-0.061829773,0.07498075,0.99947217,0.00052777851,-0.00046493166,0.00080489451,1313.3297,21.888828,3939.989,0.024774113,0.99947236,-2.453162e-07,0.00031749102,-3.3003869,0.014861187,-3.4304978,-2.8616053,-2.5668048,0.4942343,True,PASS,7.03,False,,
HCLTECH,INFY,0.589673,23,44250,118,2025-12-02 09:15:00+05:30,2026-05-26 15:29:00+05:30,1e-12,1e-12,1e-06,1e-06,9.45e-08,9.45e-08,0.00086923613,0.029482811,1.1504354e-09,1.1504354e-09,70411.831,1.591228,15,False,0.27299045,0.24061997,0.26115222,0.011178776,0.032370476,5.3911791,5.3862111,5.3891925,0.00164657,4.9192448e-09,4.3533432e-08,5.781716e-05,4.1575603e-06,-0.022622105,0.035365325,-0.00025512205,0.029527741,0.57954116,-0.0032473011,-0.070727687,0.087458447,0.99957392,0.00041703607,-0.0015831735,0.00086206921,1662.0797,27.701328,4986.2391,0.029849725,0.99958305,-6.6010279e-07,0.0013298555,-2.9047878,0.04479407,-3.4304978,-2.8616053,-2.5668048,0.48926715,False,HL=1662>1440,6.84,False,,
ADANIENT,ADANIGREEN,0.584965,24,44250,118,2025-12-02 09:15:00+05:30,2026-05-26 15:29:00+05:30,1.1300928e-07,9.193372e-07,0.00033616853,0.00095882073,0.010679377,0.086877365,4.5078871e-07,0.000671408,0.25069235,2.0393971,219014.58,4.949482,15,False,0.61082636,0.60219742,0.60689465,0.011014989,0.0086289474,3.4814472,3.6076751,3.4932365,0.054423975,0.00021666513,0.011512415,0.11684464,0.19809912,1.4554567e-06,0.00086565804,1.4824823e-10,7.5446853e-05,-0.59709656,37.054772,-0.0022235611,0.0013895886,-0.48140692,20.723266,3.3210747e-09,0.00042572553,0.033447777,0.00055746295,0.10034333,6.6128032e-05,-0.4813972,3.3210747e-09,0,-79.082046,0,-3.4304979,-2.8616054,-2.5668048,-0.00025198616,False,HL=0.0<15,7.5,False,,
BDL,HAL,0.582577,25,44250,118,2025-12-02 09:15:00+05:30,2026-05-26 15:29:00+05:30,1e-12,1.9454082e-07,1e-06,0.00044106782,9.45e-08,0.018384108,0.0013362176,0.03655431,7.4838112e-10,0.00014559068,104155.5,2.353797,15,False,1.8901603,1.889993,1.890011,1.2712835e-05,0.00016730758,-8.5674474,-8.6686918,-8.5685213,0.077217508,2.7211867e-07,3.5189351e-05,1.4951954e-05,0.011960312,-0.00019575669,0.0090260571,5.6129957e-06,0.0064726494,0.050319647,8.5849683,-0.051037225,0.091181889,0.97311199,0.027229936,-6.9941862e-06,0.0015112139,25.455336,0.4242556,76.366008,0.0064757137,0.97313746,-1.8788164e-07,2.612435e-132,-22.243008,0,-3.4304979,-2.8616053,-2.5668048,0.3864364,True,PASS,7.69,False,,
BEL,HAL,0.580419,26,44250,118,2025-12-02 09:15:00+05:30,2026-05-26 15:29:00+05:30,1.1016388e-07,1e-12,0.00033190944,1e-06,0.010410486,9.45e-08,4.9235267e-07,0.00070167847,0.22374993,2.0310644e-06,214796.48,4.854158,15,False,1.1554681,1.159551,1.1674251,0.011578041,0.0040829294,-3.6963651,-3.6963568,-3.6963595,2.5218636e-06,7.2143649e-09,4.4249943e-08,0.11292106,2.2619639e-07,7.6998525e-07,0.00098706324,3.8859495e-09,7.8237878e-05,-0.50642739,123.65841,-0.0028954917,0.002613517,-0.47565073,20.723266,9.5516955e-09,0.00044305218,0.033447777,0.00055746295,0.10034333,6.8819384e-05,-0.47564238,9.5516955e-09,0,-78.551235,0,-3.4304979,-2.8616054,-2.5668048,-0.00028357747,False,HL=0.0<15,7.19,False,,
BEL,MAZDOCK,0.576508,27,44250,118,2025-12-02 09:15:00+05:30,2026-05-26 15:29:00+05:30,3.9817531e-07,1e-12,0.00063101134,1e-06,0.037627567,9.45e-08,1.4098399e-06,0.0011873668,0.28242591,7.0930042e-07,190970.33,4.315714,15,False,1.181175,1.1945433,1.1970436,0.0099423203,0.013368271,-3.2875287,-3.2875235,-3.2875252,1.6090146e-06,2.2633973e-08,4.424997e-08,0.12146411,9.1046874e-08,2.3980783e-06,0.0011684766,7.0058614e-09,8.6601818e-05,0.060112586,44.684234,-0.0019321445,0.0018248186,-0.50653366,20.723266,1.5638852e-08,0.00048070198,0.033447777,0.00055746295,0.10034333,7.4667534e-05,-0.50652227,1.5638852e-08,0,-80.217498,0,-3.4304979,-2.8616054,-2.5668048,0.00029848563,False,HL=0.0<15,7.77,False,,
ADANIENSOL,ADANIGREEN,0.574837,28,44250,118,2025-12-02 09:15:00+05:30,2026-05-26 15:29:00+05:30,1e-12,8.6299838e-05,1e-06,0.0092897706,9.45e-08,8.1553347,0.051384984,0.22668256,1.9460938e-11,0.0016794758,24088.115,0.544364,15,False,1.9421759,1.9409657,1.9409659,1.8421583e-07,0.0012102102,-6.5678347,-6.8576983,-6.473065,0.18130404,3.6586605e-05,0.004003347,9.0812868e-06,0.040122131,-0.0001666808,0.0065494933,2.9588929e-06,0.004505563,-0.12408505,9.8420401,-0.06528154,0.042557597,0.89182895,0.11436738,4.830211e-06,0.0021557937,6.0607071,0.10101178,18.182121,0.0045075559,0.89193022,5.2199985e-07,0,-36.673229,0,-3.4304979,-2.8616054,-2.5668048,0.16328426,False,HL=6.1<15,7.89,False,,
COCHINSHIP,MAZDOCK,0.574113,29,44250,118,2025-12-02 09:15:00+05:30,2026-05-26 15:29:00+05:30,1.2020893e-07,1e-12,0.00034671159,1e-06,0.011359744,9.45e-08,5.4700965e-07,0.000739601,0.21975651,1.8281213e-06,212842.13,4.809992,15,False,1.4077678,1.4110092,1.4125426,0.005885566,0.0032413916,-3.6898028,-3.6897862,-3.6897913,4.9992979e-06,9.1089026e-09,4.4249904e-08,0.11979026,2.9432476e-07,5.9887159e-07,0.0013932082,9.4042079e-09,0.00012928185,0.037117462,35.702247,-0.0028516125,0.0031691708,-0.48569011,20.723266,2.0613033e-08,0.00072753499,0.033447777,0.00055746295,0.10034333,0.00011300816,-0.4856987,2.0613033e-08,0,-80.891522,0,-3.4304979,-2.8616054,-2.5668048,-0.00016010419,False,HL=0.0<15,7.43,False,,
IREDA,IRFC,0.572724,30,44250,118,2025-12-02 09:15:00+05:30,2026-05-26 15:29:00+05:30,8.2805457e-07,1e-12,0.00090997504,1e-06,0.078251157,9.45e-08,1.2919252e-06,0.0011366289,0.64094622,7.7403863e-07,196845.53,4.448487,15,False,1.2806384,1.3072757,1.2822539,0.016548033,0.026637347,-1.1453317,-1.1453252,-1.1453272,1.9368943e-06,5.9264012e-08,4.424992e-08,0.20026811,1.5240223e-07,2.8653871e-06,0.0010463989,8.9956121e-09,9.3046517e-05,0.57706753,90.429501,-0.0030292108,0.003134184,-0.48993123,20.723266,1.3358713e-08,0.00052221086,0.033447777,0.00055746295,0.10034333,8.1115118e-05,-0.48993338,1.3358713e-08,0,-80.428339,0,-3.4304979,-2.8616054,-2.5668048,-0.00010730633,False,HL=0.0<15,7.25,False,,
DLF,GODREJPROP,0.572421,31,44250,118,2025-12-02 09:15:00+05:30,2026-05-26 15:29:00+05:30,1e-12,1e-12,1e-06,1e-06,9.45e-08,9.45e-08,0.00034420743,0.018552828,2.9052249e-09,2.9052249e-09,94444.81,2.134346,15,False,0.33988168,0.32205149,0.32791582,0.0075756801,0.01783019,3.9701322,3.9676237,3.9685109,0.0011049068,3.1993445e-09,4.3551808e-08,7.549983e-05,6.6128041e-06,-0.0074477782,0.024237505,-9.0812898e-05,0.01855479,-0.4369535,0.36718301,-0.076589113,0.043368143,0.99885351,0.0011487865,-0.00014702702,0.00088875999,603.37339,10.056223,1810.1202,0.018541713,0.99885187,-1.6880567e-07,2.2771551e-07,-4.2686158,0.00050320871,-3.4304979,-2.8616053,-2.5668048,0.4782223,True,PASS,7.6,False,,
HAL,MAZDOCK,0.570293,32,44250,118,2025-12-02 09:15:00+05:30,2026-05-26 15:29:00+05:30,6.8595893e-06,0.00014036446,0.0026190818,0.011847551,0.64823119,13.264441,0.0026465741,0.051444864,0.0025918751,0.053036285,80559.042,1.820543,15,False,0.69135301,0.61038846,0.63255886,0.028015292,0.080964545,2.962335,3.6308859,3.4153814,0.198945,0.047398163,2.8898527,0.035459777,0.10675144,2.3257909e-06,0.00099625704,3.188777e-09,0.00055849994,-0.62868075,77.939772,-0.01749086,0.015682239,0.2502004,1.3854941,1.2424047e-08,0.00092970315,0.50028881,0.0083381468,1.5008664,0.00055850487,0.25020015,9.3155489e-09,0,-68.347212,0,-3.4304979,-2.8616054,-2.5668048,-0.0095047813,False,HL=0.5<15,7.55,False,,
PNB,UNIONBANK,0.56687,33,44250,118,2025-12-02 09:15:00+05:30,2026-05-26 15:29:00+05:30,1e-12,1e-12,1e-06,1e-06,9.45e-08,9.45e-08,0.00042158938,0.020532642,2.3719763e-09,2.3719763e-09,76382.936,1.726168,15,False,0.87279226,0.82987218,0.84383237,0.014622151,0.042920071,0.42389686,0.41694347,0.41957567,0.0027678068,5.445116e-09,4.2907462e-08,8.4349672e-05,8.1850359e-06,-0.018514291,0.026520948,0.00013676903,0.020532009,0.26310552,-0.32303025,-0.05225442,0.062933653,0.99919181,0.00083914825,-0.00094402668,0.00082563635,826.01278,13.76688,2478.0384,0.020153685,0.9991612,-7.9184605e-07,5.690363e-06,-3.4102886,0.010613093,-3.4304979,-2.8616054,-2.5668048,0.46761822,True,PASS,11.17,False,,
BDL,BEL,0.564575,34,44250,118,2025-12-02 09:15:00+05:30,2026-05-26 15:29:00+05:30,1e-12,1e-12,1e-06,1e-06,9.45e-08,9.45e-08,0.0035631727,0.059692317,2.8064876e-10,2.8064876e-10,50117.853,1.132607,15,False,1.0305693,1.0015943,1.0066352,0.0078660214,0.028974998,1.1252963,1.1222586,1.1230856,0.0012903983,1.0651369e-08,4.3586888e-08,4.8410975e-05,1.9010043e-06,-0.034679896,0.065289799,0.00023862128,0.059707479,-0.15953719,-1.2770908,-0.11676048,0.10396255,0.99984658,0.000166332,-0.0062070351,0.0010459175,4167.2509,69.454182,12501.753,0.057344866,0.99983368,-1.0323427e-06,0.022896832,-1.7090981,0.42643105,-3.4304979,-2.8616054,-2.5668048,0.48122858,False,ADF_p=0.4264; HL=4167>1440,6.7,False,,
BANKINDIA,INDIANB,0.562262,35,44250,118,2025-12-02 09:15:00+05:30,2026-05-26 15:29:00+05:30,4.6240872e-08,1e-12,0.00021503691,1e-06,0.0043697624,9.45e-08,2.0776943e-07,0.00045581732,0.22255859,4.8130275e-06,237040.75,5.356853,15,False,0.56239504,0.56316949,0.56519801,0.0077449238,0.00077444199,1.1895077,1.1894956,1.1894993,4.0103734e-06,5.1847429e-09,4.4249587e-08,0.1356087,1.015784e-06,1.3638141e-07,0.00093038944,-2.0541518e-09,0.00010454492,-0.24957938,63.922694,-0.0027904143,0.0024448245,-0.45850275,20.723266,2.4791503e-09,0.00059811272,0.033447777,0.00055746295,0.10034333,9.2904969e-05,-0.45848268,2.4791503e-09,0,-77.891755,0,-3.4304979,-2.8616054,-2.5668048,-0.00075346271,False,HL=0.0<15,7.33,False,,
HINDALCO,VEDL,0.561227,36,44205,117.9,2025-12-02 09:15:00+05:30,2026-05-26 15:29:00+05:30,2.6535286e-06,1e-12,0.0016289655,1e-06,0.25075845,9.45e-08,0.0008632274,0.029380732,0.0030739625,1.1584433e-09,108480.79,2.454039,15,False,-0.06201222,-0.0023819357,-0.031263519,0.01513169,0.059630284,7.0218398,7.0218395,7.0218396,9.6872927e-08,6.973758e-06,4.4204996e-08,0.047571286,5.0957084e-09,2.7898856e-05,0.0016670075,-2.714116e-07,0.00099491173,-1.0172544,116.10458,-0.031772413,0.025429445,0.48911147,0.71513541,-2.5535071e-07,0.0011898757,0.96925306,0.016154218,2.9077592,0.00099492986,0.48912588,-1.3045207e-07,0,-63.453665,0,-3.430498,-2.8616054,-2.5668048,-0.0063557458,False,HL=1.0<15,7.8,False,,
BANKBARODA,UNIONBANK,0.55855,37,44250,118,2025-12-02 09:15:00+05:30,2026-05-26 15:29:00+05:30,1e-12,1e-12,1e-06,1e-06,9.45e-08,9.45e-08,0.00030332912,0.017416346,3.2967491e-09,3.2967491e-09,88913.696,2.009349,15,False,0.74319855,0.71429709,0.7221644,0.011692862,0.028901458,1.9425282,1.9376062,1.9390596,0.0022181113,4.8693135e-09,4.285938e-08,9.2222663e-05,9.8667823e-06,-0.010904171,0.023703304,7.6922181e-05,0.017415465,-0.62871305,1.0427696,-0.068758074,0.051799337,0.99891555,0.0010866749,1.2694796e-06,0.00081129004,637.86065,10.631011,1913.582,0.017402487,0.99891392,1.3787624e-09,4.6433426e-07,-3.7323815,0.0036800596,-3.4304979,-2.8616054,-2.5668048,0.45882094,True,PASS,7.14,False,,
TCS,WIPRO,0.552995,38,44250,118,2025-12-02 09:15:00+05:30,2026-05-26 15:29:00+05:30,1e-12,1e-12,1e-06,1e-06,9.45e-08,9.45e-08,0.00035050484,0.018721774,2.8530277e-09,2.8530277e-09,103130.23,2.330627,15,True,0.88143973,0.86554396,0.87779138,0.0051327818,0.015895772,3.1832319,3.1804285,3.1827363,0.00096758348,4.8796297e-09,4.2945101e-08,8.4181367e-05,8.8819076e-06,-0.0066379341,0.021600945,1.8071173e-05,0.018720262,-0.23850582,0.82297747,-0.063605039,0.053087055,0.9990591,0.00086528305,-0.0013170537,0.00081224949,801.06409,13.351068,2403.1923,0.019525194,0.99913509,-1.1391314e-06,1.3692044e-05,-3.6162965,0.0054570092,-3.4304979,-2.8616053,-2.5668048,0.45851487,True,PASS,7.29,False,,
BDL,GRSE,0.549948,39,44250,118,2025-12-02 09:15:00+05:30,2026-05-26 15:29:00+05:30,1e-12,1e-12,1e-06,1e-06,9.45e-08,9.45e-08,0.0012881976,0.03589147,7.7627842e-10,7.7627842e-10,74343.207,1.680072,15,False,0.35080795,0.33297556,0.33846845,0.0061401163,0.017832396,4.5690921,4.5671591,4.5678991,0.00081814996,5.1274422e-09,4.3697181e-08,5.1412923e-05,2.9951776e-06,-0.012790084,0.041381768,-0.00011511489,0.035890347,-0.051777803,-0.66040916,-0.09129404,0.10777265,0.99957747,0.00042920866,-0.0015344021,0.0010434439,1614.9422,26.915704,4844.8267,0.035613929,0.99957088,-6.5843735e-07,0.00095056491,-2.7350664,0.068164321,-3.4304978,-2.8616053,-2.5668048,0.48973326,False,ADF_p=0.0682; HL=1615>1440,7.67,False,,
ADANIENT,ADANIPORTS,0.549592,40,44250,118,2025-12-02 09:15:00+05:30,2026-05-26 15:29:00+05:30,1e-12,1.0701975e-06,1e-06,0.0010345035,9.45e-08,0.10113367,0.00080793089,0.028424125,1.2377296e-09,0.0013246152,115840.06,2.617854,15,False,1.0261068,1.0261948,1.0261958,1.7108547e-06,8.7988343e-05,0.20032903,0.29672976,0.18200091,0.034986298,5.9594844e-07,6.2405013e-05,1.4686981e-05,0.035706802,6.082832e-05,0.0030304458,4.3150854e-07,0.0021655443,-0.082845517,6.820361,-0.030767514,0.020058335,0.90815556,0.096329187,5.6008911e-07,0.00095056485,7.1956092,0.11992682,21.586828,0.0021656477,0.90816501,5.1435777e-08,0,-35.152552,0,-3.4304979,-2.8616053,-2.5668048,0.19259943,False,HL=7.2<15,7.74,False,,
INFY,WIPRO,0.549146,41,44250,118,2025-12-02 09:15:00+05:30,2026-05-26 15:29:00+05:30,1e-12,1e-12,1e-06,1e-06,9.45e-08,9.45e-08,0.0015505774,0.039377371,6.4492106e-10,6.4492106e-10,57969.007,1.310034,15,False,0.31121305,0.27734175,0.29744963,0.01312954,0.033871296,5.6373393,5.6304136,5.6342482,0.0025172119,8.5924181e-09,4.3197982e-08,5.719678e-05,3.6813791e-06,-0.032755401,0.045227232,-0.00046943441,0.039394201,0.38420259,-0.18711441,-0.093177763,0.10344277,0.99971981,0.0002673868,-0.003388926,0.00093262074,2592.3014,43.205023,7776.9042,0.040329245,0.99973265,-9.0603296e-07,0.0087578076,-2.1895701,0.21005266,-3.4304978,-2.8616053,-2.5668048,0.51647041,False,ADF_p=0.2101; HL=2592>1440,7.27,False,,
JSWSTEEL,TATASTEEL,0.547638,42,44250,118,2025-12-02 09:15:00+05:30,2026-05-26 15:29:00+05:30,4.9148592e-08,1e-12,0.00022169482,1e-06,0.004644542,9.45e-08,1.4360439e-07,0.00037895169,0.34224994,6.9635756e-06,246234.53,5.564622,15,False,0.37630369,0.38028538,0.37154098,0.0053509426,0.0039816917,5.131029,5.1310038,5.1310115,8.0290157e-06,6.1364497e-09,4.424931e-08,0.17317764,1.6124662e-06,5.9133705e-07,0.00076154959,-3.4433029e-09,9.0398324e-05,-0.23843832,55.062816,-0.0019842516,0.0021234507,-0.45276653,20.723266,1.5909307e-09,0.00051885856,0.033447777,0.00055746295,0.10034333,8.0594404e-05,-0.45272112,1.5909307e-09,0,-79.036579,0,-3.4304979,-2.8616054,-2.5668048,-0.00075281385,False,HL=0.0<15,7.68,False,,
GRAPHITE,HEG,0.547566,43,44250,118,2025-12-02 09:15:00+05:30,2026-05-26 15:29:00+05:30,4.650056e-07,1e-12,0.00068191319,1e-06,0.043943029,9.45e-08,1.1818377e-06,0.0010871236,0.39345977,8.4613986e-07,195846.34,4.425906,15,False,0.41846314,0.46108919,0.43966337,0.012935861,0.042626049,3.6873534,3.6873505,3.6873515,9.0270847e-07,2.8535062e-08,4.4249909e-08,0.14897803,1.6402608e-07,6.5759767e-06,0.0013219623,-2.9244738e-09,0.0001069995,0.1104982,17.250108,-0.0015767512,0.001891756,-0.51704018,20.723266,-5.5359158e-09,0.00058963663,0.033447777,0.00055746295,0.10034333,9.1588377e-05,-0.51704056,-5.5359158e-09,0,-78.797916,0,-3.4304979,-2.8616054,-2.5668048,0.00055569551,False,HL=0.0<15,7.71,False,,
IRCON,RVNL,0.545531,44,44250,118,2025-12-02 09:15:00+05:30,2026-05-26 15:29:00+05:30,1.1820858e-07,5.9067052e-08,0.00034381475,0.00024303714,0.011170711,0.0055818364,4.1446788e-07,0.0006437918,0.28520565,0.14251298,224905.89,5.082619,15,False,0.77371372,0.77646976,0.76204322,0.0083072941,0.0027560339,0.60298972,0.62519228,0.64821549,0.030142287,6.0261734e-05,0.0018631942,0.1571536,0.033120428,7.1769925e-07,0.0011121441,1.7360905e-09,0.00013605995,0.26411462,30.397433,-0.0023847373,0.0032978046,-0.4734853,20.723266,-3.4305103e-10,0.00077152193,0.033447777,0.00055746295,0.10034333,0.00011984066,-0.47347959,-3.4305103e-10,0,-80.1252,0,-3.4304979,-2.8616054,-2.5668048,-0.00039258863,False,HL=0.0<15,7.37,False,,
HINDCOPPER,HINDZINC,0.541381,45,44250,118,2025-12-02 09:15:00+05:30,2026-05-26 15:29:00+05:30,3.8470511e-07,1e-12,0.00062024601,1e-06,0.036354633,9.45e-08,1.1602475e-06,0.0010771479,0.33157159,8.6188508e-07,197079.82,4.453781,15,False,0.16762463,0.23916433,0.23063326,0.022831437,0.071539707,4.7797129,4.7797027,4.7797055,3.0054319e-06,2.6995131e-08,4.4249922e-08,0.14646983,1.5509365e-07,1.1303735e-05,0.0018138955,-1.3859545e-08,0.00015850992,-0.18382167,346.62624,-0.0071765513,0.0067079986,-0.44155161,20.723266,-1.3883824e-08,0.0009155793,0.033447777,0.00055746295,0.10034333,0.00014221712,-0.44153554,-1.3883824e-08,0,-77.059515,0,-3.4304979,-2.8616054,-2.5668048,-0.00095545383,False,HL=0.0<15,6.9,False,,
INDIANB,UNIONBANK,0.539389,46,44250,118,2025-12-02 09:15:00+05:30,2026-05-26 15:29:00+05:30,1e-12,1e-12,1e-06,1e-06,9.45e-08,9.45e-08,0.00037911205,0.0194708,2.6377426e-09,2.6377426e-09,108784.49,2.458407,11,True,0.84104513,0.8282281,0.82831382,0.0013907189,0.012817033,2.5056653,2.5051055,2.5051108,0.00026631059,5.2489941e-09,4.2891176e-08,8.6739512e-05,8.6975257e-06,-0.0029282077,0.020423572,3.3506752e-05,0.01946935,0.34108689,0.74670959,-0.064673037,0.079581718,0.99885415,0.0013137655,-0.0016593367,0.00093221787,527.60343,8.7933904,1582.8103,0.018186264,0.9986871,-2.1785479e-06,3.9532268e-09,-4.8148437,5.0939391e-05,-3.4304979,-2.8616053,-2.5668048,0.49093814,True,PASS,6.96,False,,
IREDA,RVNL,0.536454,47,44250,118,2025-12-02 09:15:00+05:30,2026-05-26 15:29:00+05:30,1.1921777e-06,1e-12,0.0010918689,1e-06,0.11266079,9.45e-08,2.4758613e-06,0.001573487,0.48152038,4.0389985e-07,180391.41,4.076642,15,False,1.3871615,1.4226621,1.3826827,0.015173108,0.035500604,-3.0464445,-3.0464391,-3.0464408,1.5949206e-06,7.673357e-08,4.4249964e-08,0.16505244,7.1403067e-08,4.6058351e-06,0.0014136673,1.434862e-08,0.0001133058,0.57065004,64.81783,-0.0026057986,0.0029748207,-0.49087923,20.723266,2.169766e-08,0.00063552476,0.033447777,0.00055746295,0.10034333,9.8716189e-05,-0.49088207,2.169766e-08,0,-80.801063,0,-3.4304979,-2.8616054,-2.5668048,-4.0219597e-05,False,HL=0.0<15,7.45,False,,
NMDC,TATASTEEL,0.536416,48,44250,118,2025-12-02 09:15:00+05:30,2026-05-26 15:29:00+05:30,1e-12,1e-12,1e-06,1e-06,9.45e-08,9.45e-08,9.556413e-05,0.0097756908,1.0464177e-08,1.0464177e-08,-86187.459,-1.947739,15,False,-0.36472877,-0.32093736,-0.34100589,0.012850697,0.043791407,6.2026597,6.209712,6.2063529,0.0021174504,3.2316418e-09,4.2879996e-08,0.00013255308,1.7688693e-05,0.0098950691,0.031365014,-0.00013136802,0.025225792,-0.14005278,-0.42818205,-0.078865579,0.06525058,0.99866253,0.0013352363,0.0002440283,0.0013051224,519.11948,8.6519914,1557.3585,0.02525557,0.99866565,3.2561801e-07,2.8530132e-08,-5.5777521,1.4193574e-06,-3.4304978,-2.8616053,-2.5668048,0.49622456,True,PASS,6.56,False,,
CANBK,INDIANB,0.532267,49,44250,118,2025-12-02 09:15:00+05:30,2026-05-26 15:29:00+05:30,1e-12,1e-12,1e-06,1e-06,9.45e-08,9.45e-08,0.00073131127,0.027042767,1.3674068e-09,1.3674068e-09,85895.862,1.941149,15,False,0.21563895,0.19459881,0.20592363,0.0075092226,0.021040143,3.5735448,3.5705805,3.5723125,0.0011571465,4.8482621e-09,4.3467067e-08,6.384586e-05,4.7503546e-06,-0.011606963,0.0310245,-9.6321484e-05,0.027041673,-0.35501707,0.61512378,-0.099691217,0.083717307,0.99932796,0.00066951429,0.00023411685,0.00099156731,1035.2986,17.254976,3105.8957,0.027097379,0.99933071,1.5669212e-07,6.1413469e-05,-3.6267341,0.0052700232,-3.4304978,-2.8616053,-2.5668048,0.49553648,True,PASS,7.49,False,,
HINDALCO,HINDZINC,0.531517,50,44250,118,2025-12-02 09:15:00+05:30,2026-05-26 15:29:00+05:30,1.4445113e-06,1e-12,0.0012018782,1e-06,0.13650632,9.45e-08,0.00020309791,0.014251242,0.0071123887,4.9237336e-09,135531.37,3.062856,15,False,-0.084620199,-0.032463741,-0.057759043,0.013069655,0.052156458,7.2185326,7.2185319,7.2185321,2.1118454e-07,2.0216832e-06,4.4249993e-08,0.064631015,1.1709927e-08,1.8015772e-05,0.0014227159,-1.5079053e-07,0.00074476071,-1.2789538,176.88014,-0.028687966,0.021907161,0.2342975,1.451134,-1.4380311e-07,0.0012687941,0.47765898,0.0079609831,1.432977,0.00074477037,0.23430444,-1.1010941e-07,0,-69.217986,0,-3.4304979,-2.8616054,-2.5668048,-0.0098486357,False,HL=0.5<15,7.19,False,,
HCLTECH,TECHM,0.530947,51,44250,118,2025-12-02 09:15:00+05:30,2026-05-26 15:29:00+05:30,1e-12,1e-12,1e-06,1e-06,9.45e-08,9.45e-08,0.00049917654,0.022342259,2.0032993e-09,2.0032993e-09,74166.756,1.676085,15,False,0.52812693,0.48899527,0.51332171,0.01229314,0.039131664,3.527338,3.5218603,3.5252418,0.0017205936,3.8120444e-09,4.3537049e-08,6.8174858e-05,5.5263091e-06,-0.020138019,0.028263961,-6.4962492e-05,0.022379091,0.63596918,0.89150172,-0.057889896,0.077060704,0.99936669,0.00061882323,-0.0012568558,0.00079659348,1120.1053,18.668422,3360.3159,0.022643234,0.99938137,-7.7753095e-07,0.00012779299,-3.5451647,0.0069001627,-3.4304978,-2.8616053,-2.5668048,0.48135558,True,PASS,6.34,False,,
IRCON,RAILTEL,0.530915,52,44250,118,2025-12-02 09:15:00+05:30,2026-05-26 15:29:00+05:30,1e-12,1e-12,1e-06,1e-06,9.45e-08,9.45e-08,0.0035603666,0.059668808,2.8086995e-10,2.8086995e-10,56503.457,1.276914,15,False,0.21907921,0.20661983,0.2112699,0.0052921442,0.012459385,3.7876178,3.785369,3.7862547,0.00099370683,1.1212313e-08,4.3528582e-08,4.4547529e-05,1.9772527e-06,-0.01656933,0.064512693,-0.00088156648,0.05966089,-0.48744917,0.036636796,-0.1802028,0.13330093,0.99977631,0.00021997555,-0.0058176334,0.0012619887,3151.0192,52.516987,9453.0576,0.060166293,0.99978005,-1.2795964e-06,0.014354595,-2.1092233,0.24082207,-3.4304978,-2.8616053,-2.5668048,0.5068163,False,ADF_p=0.2408; HL=3151>1440,6.52,False,,
BSE,CDSL,0.530525,53,44250,118,2025-12-02 09:15:00+05:30,2026-05-26 15:29:00+05:30,5.0195344e-06,0.00011296586,0.0022404317,0.01062854,0.474346,10.675273,0.0014514662,0.038098113,0.0034582509,0.077828789,92818.144,2.097585,15,False,0.96383386,0.8425819,0.87251738,0.041953775,0.12125196,0.84894917,2.3976376,1.7345174,0.46905285,0.04079381,2.0650461,0.038706382,0.13168054,3.9125064e-05,0.0013305115,3.9047222e-08,0.00071472747,0.43975247,149.54841,-0.022386429,0.026969925,0.27462877,1.2923615,7.4270548e-08,0.0011490524,0.53634157,0.0089390261,1.6090247,0.00071471488,0.2746215,5.3874258e-08,0,-69.808096,0,-3.4304979,-2.8616054,-2.5668048,-0.010114218,False,HL=0.5<15,7.57,False,,
BANKBARODA,INDIANB,0.530023,54,44250,118,2025-12-02 09:15:00+05:30,2026-05-26 15:29:00+05:30,1e-12,1e-12,1e-06,1e-06,9.45e-08,9.45e-08,0.00040353793,0.020088254,2.4780818e-09,2.4780818e-09,96431.498,2.179243,15,False,0.40196932,0.38631822,0.39429199,0.0070787081,0.015651094,2.9866239,2.9843309,2.9855404,0.0010761566,3.849513e-09,4.3420284e-08,7.5539889e-05,6.6373547e-06,-0.0067106505,0.02466243,-4.3734592e-05,0.020088852,-0.94888131,2.7707833,-0.092179553,0.059183069,0.99909634,0.00090009729,0.00076457264,0.00085422668,770.08029,12.834671,2310.2409,0.020133228,0.99910031,6.8788014e-07,4.2520958e-06,-3.7169701,0.0038806883,-3.4304978,-2.8616053,-2.5668048,0.46573036,True,PASS,6.99,False,,
COFORGE,PERSISTENT,0.529418,55,44250,118,2025-12-02 09:15:00+05:30,2026-05-26 15:29:00+05:30,1e-12,1e-12,1e-06,1e-06,9.45e-08,9.45e-08,0.0041769666,0.064629456,2.3940819e-10,2.3940819e-10,37150.555,0.839561,15,False,0.31926154,0.28283942,0.29071952,0.011280883,0.03642212,4.7599863,4.7567389,4.7576827,0.0013458015,8.0401073e-09,4.3845474e-08,3.7049629e-05,1.3897547e-06,-0.050087728,0.075383283,-0.00063575866,0.065162572,-0.34136177,-0.91923978,-0.19225748,0.1172816,0.99983257,0.00016426711,0.00033181636,0.0011924631,4219.6345,70.327242,12658.904,0.065789207,0.99983575,5.4502039e-08,0.029504656,-1.8711137,0.34576973,-3.4304979,-2.8616054,-2.5668048,0.49440148,False,ADF_p=0.3458; HL=4220>1440,6.34,False,,
NBCC,RVNL,0.529085,56,44250,118,2025-12-02 09:15:00+05:30,2026-05-26 15:29:00+05:30,1.8720562e-06,1e-12,0.0013682311,1e-06,0.17690931,9.45e-08,3.9931578e-06,0.0019982887,0.46881599,2.5042837e-07,169978.28,3.841317,15,False,1.9914686,2.0298382,1.9778152,0.018938422,0.038369633,-6.724591,-6.724585,-6.7245869,1.7684043e-06,1.2269774e-07,4.4249977e-08,0.16481349,4.5349969e-08,4.8903967e-06,0.002070512,2.4878234e-08,0.00016551875,0.36375021,65.551284,-0.0039187569,0.0043238253,-0.46709303,20.723266,4.2696658e-08,0.00094220208,0.033447777,0.00055746295,0.10034333,0.00014635244,-0.46709167,4.2696658e-08,0,-78.928481,0,-3.4304979,-2.8616054,-2.5668048,-0.00049049424,False,HL=0.0<15,7.57,False,,
INDIANB,PNB,0.528053,57,44250,118,2025-12-02 09:15:00+05:30,2026-05-26 15:29:00+05:30,1e-12,8.9382458e-06,1e-06,0.0029896899,9.45e-08,0.84466423,0.0012530236,0.035398073,7.9806957e-10,0.007133342,105226.12,2.377991,15,False,1.1317278,1.1349823,1.1349827,4.0980654e-07,0.0032545028,1.2830405,1.4344975,1.363813,0.094087174,4.6989341e-06,0.00020361135,2.1887584e-05,0.080938247,4.1355196e-05,0.0022821136,4.3679312e-07,0.0015871466,0.10034064,28.727123,-0.029286389,0.02464634,0.8033868,0.21923133,-4.4949999e-07,0.0010500369,3.161716,0.052695266,9.4851479,0.0015857629,0.80313591,-8.8490406e-08,0,-48.45691,0,-3.4304979,-2.8616054,-2.5668048,0.056044699,False,HL=3.2<15,7.85,False,,
DLF,PRESTIGE,0.527931,58,44250,118,2025-12-02 09:15:00+05:30,2026-05-26 15:29:00+05:30,1e-12,1e-12,1e-06,1e-06,9.45e-08,9.45e-08,0.00063108955,0.025121496,1.5845612e-09,1.5845612e-09,84698.168,1.914083,15,False,0.2294029,0.20807669,0.21403694,0.0077978395,0.021326217,4.8691455,4.866235,4.8671629,0.0011793496,4.2034685e-09,4.3543717e-08,6.3177029e-05,4.8737218e-06,-0.011698429,0.030614876,-0.00021436398,0.025128525,-0.68884489,0.19972377,-0.09782841,0.05093586,0.99926757,0.00073907357,-0.0006008489,0.00096194132,937.85952,15.630992,2813.5786,0.025020141,0.9992612,-4.4390748e-07,2.4454479e-05,-3.6100224,0.0055722868,-3.4304979,-2.8616054,-2.5668048,0.4828967,True,PASS,7.2,False,,
PREMIERENE,WAAREEENER,0.527219,59,44250,118,2025-12-02 09:15:00+05:30,2026-05-26 15:29:00+05:30,7.8885405e-08,1e-12,0.00028086546,1e-06,0.0074546708,9.45e-08,4.4714058e-07,0.00066868571,0.17642193,2.2364331e-06,218922.25,4.947395,15,False,0.36631437,0.37373597,0.35354305,0.013068545,0.0074216002,3.9238552,3.9238429,3.9238462,3.7757283e-06,7.0906508e-09,4.4249844e-08,0.11561246,3.9607476e-07,1.4937393e-06,0.0013431872,-5.7667245e-09,0.00013875198,-0.14489614,147.99281,-0.0054029385,0.00506263,-0.45388852,20.723266,-1.0026178e-08,0.00079596226,0.033447777,0.00055746295,0.10034333,0.00012363698,-0.45388677,-1.0026178e-08,0,-79.156293,0,-3.4304979,-2.8616054,-2.5668048,-0.00068618764,False,HL=0.0<15,6.81,False,,
INFY,TECHM,0.524573,60,44250,118,2025-12-02 09:15:00+05:30,2026-05-26 15:29:00+05:30,1.2991532e-07,1e-12,0.00036043768,1e-06,0.012276998,9.45e-08,5.0887076e-07,0.00071335178,0.25530121,1.9651355e-06,215468.68,4.869349,15,False,-0.099887439,-0.14090442,-0.11596779,0.01933913,0.041016978,8.0880412,8.0880261,8.088031,4.6069456e-06,9.7999681e-09,4.4249915e-08,0.12793305,2.7284166e-07,-7.2011191e-06,0.0011509354,-7.0251784e-09,0.00010144432,-2.7037486,580.88684,-0.0058929773,0.0046339123,-0.47444031,20.723266,-5.8616413e-09,0.000574891,0.033447777,0.00055746295,0.10034333,8.9297934e-05,-0.47442365,-5.8616413e-09,0,-78.815796,0,-3.4304979,-2.8616054,-2.5668048,-0.00027683854,False,HL=0.0<15,7.26,False,,
TCS,TECHM,0.523757,61,44250,118,2025-12-02 09:15:00+05:30,2026-05-26 15:29:00+05:30,1e-12,1e-12,1e-06,1e-06,9.45e-08,9.45e-08,0.00017537025,0.013242743,5.7022213e-09,5.7022213e-09,98074.116,2.216364,15,False,0.55673944,0.52088555,0.54054396,0.012619539,0.035853892,3.9685296,3.9633853,3.966103,0.0017451163,2.5934488e-09,4.3490838e-08,9.7371807e-05,9.7168966e-06,-0.011108437,0.01713858,-1.0477054e-05,0.013246082,-0.078196315,0.1527218,-0.06031905,0.042707223,0.99866226,0.0013029611,-0.00026705627,0.00068537437,531.97843,8.8663071,1595.9353,0.013426015,0.99869789,-3.4773733e-07,5.9185374e-08,-4.9414358,2.89447e-05,-3.4304978,-2.8616053,-2.5668048,0.47784536,True,PASS,7.48,False,,
JINDALSTEL,TATASTEEL,0.522234,62,44250,118,2025-12-02 09:15:00+05:30,2026-05-26 15:29:00+05:30,1e-12,9.7534993e-05,1e-06,0.0098759806,9.45e-08,9.2170568,0.020088571,0.14173416,4.9779548e-11,0.0048552478,44224.341,0.99942,15,False,2.440028,2.4396962,2.4396964,2.0997714e-07,0.00033179442,-5.5533772,-5.9414484,-5.8151601,0.1278625,1.6673432e-05,0.0018289242,3.6136576e-06,0.067275595,-0.00013082829,0.0051413959,1.1861271e-06,0.003527316,0.014080199,16.087425,-0.042729967,0.046704541,0.85234301,0.15976357,1.389399e-06,0.0019939131,4.338581,0.072309683,13.015743,0.0035273808,0.85234529,2.051513e-07,0,-45.128942,0,-3.4304979,-2.8616054,-2.5668048,0.084932208,False,HL=4.3<15,7.83,False,,
NATIONALUM,NMDC,0.519357,63,44250,118,2025-12-02 09:15:00+05:30,2026-05-26 15:29:00+05:30,2.7774467e-06,1e-12,0.0016665674,1e-06,0.26246872,9.45e-08,0.0009511567,0.030840828,0.0029200727,1.0513515e-09,107906.89,2.438574,15,False,-0.24975841,-0.14009794,-0.17540882,0.033482477,0.10966047,6.6641884,6.6641879,6.6641881,1.4222035e-07,1.0097952e-05,4.4249996e-08,0.047986041,6.0355355e-09,5.150136e-05,0.0024577649,-4.9186031e-07,0.0015145005,0.17045985,65.530327,-0.042022092,0.042051535,0.5766016,0.55075813,-1.0110407e-07,0.0015891269,1.2585328,0.020975547,3.7755985,0.0015141299,0.57651258,-4.2816301e-08,0,-61.380289,0,-3.4304979,-2.8616054,-2.5668048,-0.0011305579,False,HL=1.3<15,7.07,False,,
CHENNPETRO,MRPL,0.519052,64,44250,118,2025-12-02 09:15:00+05:30,2026-05-26 15:29:00+05:30,2.3224124e-09,2.38484e-05,4.8191414e-05,0.0048834823,0.00021946797,2.2536738,0.0043763265,0.066153809,5.3067622e-07,0.0054494105,77779.652,1.757732,15,False,-0.097893562,-0.088980157,-0.0912216,0.0021877182,0.0089134047,7.3319657,7.3739539,7.3102508,0.084850525,0.00011417917,0.0031860973,6.4176844e-05,0.071025674,2.7254708e-05,0.0044697481,-2.4216512e-06,0.0030583168,0.10567633,12.826961,-0.034846918,0.040665766,0.85810257,0.15332522,-1.1542788e-07,0.0016917067,4.5207642,0.07534607,13.562293,0.0030549442,0.85785068,-1.6407995e-08,0,-45.285862,0,-3.4304979,-2.8616054,-2.5668048,0.081283606,False,HL=4.5<15,7.43,False,,
CANBK,SBIN,0.517469,65,44250,118,2025-12-02 09:15:00+05:30,2026-05-26 15:29:00+05:30,8.5110513e-10,7.8102096e-06,2.9173706e-05,0.0027946752,8.0429435e-05,0.73806481,0.0035509608,0.059589939,2.3968306e-07,0.0021994638,83049.97,1.876835,15,False,0.92665923,0.92553951,0.9256562,0.00014238283,0.0011197165,-1.3445462,-1.4719563,-1.4723501,0.077923999,4.0823419e-05,0.002091146,4.8054202e-05,0.045661418,-6.3311876e-05,0.0026665174,5.6145489e-08,0.0018359834,0.60594726,20.467511,-0.018759507,0.036928097,0.89131407,0.11512181,1.0934732e-06,0.00088071001,6.020989,0.10034982,18.062967,0.0018354355,0.89125757,1.1890694e-07,0,-39.308639,0,-3.4304979,-2.8616054,-2.5668048,0.1322712,False,HL=6.0<15,11.44,False,,
IREDA,NBCC,0.515088,66,44250,118,2025-12-02 09:15:00+05:30,2026-05-26 15:29:00+05:30,1.1271053e-07,1e-12,0.00033572389,1e-06,0.010651145,9.45e-08,2.4174847e-07,0.00049167923,0.46623059,4.1365309e-06,235772.15,5.328184,15,False,0.60952632,0.61662206,0.61257861,0.0081341034,0.0070957311,2.051118,2.0511145,2.0511153,1.4676777e-06,1.2735248e-08,4.4249181e-08,0.1996913,1.3290702e-06,7.8590748e-07,0.0008914999,-3.3486049e-10,0.00010453051,-0.046293699,26.030368,-0.0022369704,0.0020997697,-0.46557048,20.723266,-5.9746586e-09,0.00059555023,0.033447777,0.00055746295,0.10034333,9.2506936e-05,-0.46554753,-5.9746586e-09,0,-81.02709,0,-3.4304979,-2.8616054,-2.5668048,-0.0005621715,False,HL=0.0<15,7.39,False,,
HCLTECH,WIPRO,0.514035,67,44250,118,2025-12-02 09:15:00+05:30,2026-05-26 15:29:00+05:30,1e-12,1e-12,1e-06,1e-06,9.45e-08,9.45e-08,0.0023359206,0.048331362,4.2809675e-10,4.2809675e-10,59789.288,1.35117,15,False,0.51638735,0.49043347,0.50656495,0.008387444,0.025953884,4.5479426,4.5432487,4.5463165,0.0016021616,1.0204918e-08,4.3304616e-08,5.2325356e-05,2.8123085e-06,-0.028300865,0.052415091,-0.00026818472,0.048338725,-0.14580942,-0.6691288,-0.10877753,0.097453636,0.99983587,0.00012455983,-0.019246311,0.00087582661,5564.7732,92.74622,16694.32,0.055489926,0.99987545,-2.3971679e-06,0.074084663,-1.4731694,0.54673984,-3.4304978,-2.8616053,-2.5668048,0.4930317,False,ADF_p=0.5467; HL=5565>1440,6.97,False,,
IRCON,IRFC,0.513345,68,44250,118,2025-12-02 09:15:00+05:30,2026-05-26 15:29:00+05:30,7.4953153e-09,1e-12,8.6575489e-05,1e-06,0.0007083073,9.45e-08,0.00018656943,0.013659042,4.0174402e-05,5.3599349e-09,146586.26,3.312684,15,False,0.60544422,0.60061685,0.6029002,0.010933719,0.0048273756,2.181261,2.1812486,2.1812528,3.9248346e-06,2.5554171e-07,4.4249574e-08,0.0062582292,1.9464853e-07,-1.9668787e-05,0.0042435228,-2.0632995e-06,0.0029562821,0.53448367,13.482173,-0.026817477,0.040509279,0.9255845,0.077339413,-2.7850057e-06,0.0011626183,8.9624055,0.14937342,26.887216,0.0029561176,0.92557565,-2.0727225e-07,0,-32.299886,0,-3.4304979,-2.8616053,-2.5668048,0.22173129,False,HL=9.0<15,6.8,False,,
BANKBARODA,SBIN,0.510719,69,44250,118,2025-12-02 09:15:00+05:30,2026-05-26 15:29:00+05:30,1e-12,1.711689e-05,1e-06,0.0041372563,9.45e-08,1.6175461,0.010339488,0.10168327,9.6716588e-11,0.0016554872,59560.893,1.346009,15,False,1.4390966,1.43832,1.4383203,3.1032513e-07,0.00077659256,-4.1973802,-4.2883337,-4.3500742,0.097105336,8.3355682e-06,0.00080621725,1.0963855e-05,0.039839276,-5.125173e-05,0.0035413154,8.6192028e-07,0.0023876543,0.16175255,21.751851,-0.033133024,0.042272177,0.9026396,0.10271463,3.3577197e-06,0.0010805476,6.7482812,0.11247135,20.244844,0.0023840357,0.90238445,3.2776565e-07,0,-37.637988,0,-3.4304979,-2.8616054,-2.5668048,0.16321362,False,HL=6.7<15,7.28,False,,
ADANIENSOL,ADANIENT,0.510193,70,44250,118,2025-12-02 09:15:00+05:30,2026-05-26 15:29:00+05:30,1e-12,1e-12,1e-06,1e-06,9.45e-08,9.45e-08,0.00025895205,0.016091987,3.8617187e-09,3.8617187e-09,-504078.55,-11.391606,15,False,2.7121588,2.6881291,2.728579,0.019311918,0.024029655,-14.030438,-14.031118,-14.026876,0.0028555449,2.6773928e-09,4.3613936e-08,8.3537519e-05,7.2943205e-06,-0.0087030185,0.086546242,0.0004649679,0.056897122,0.12966924,0.72302766,-0.21608694,0.21019901,0.99888329,0.0010267994,-0.0028722882,0.0026895692,675.0561,11.250935,2025.1683,0.059350574,0.99897373,-2.9477501e-06,2.4594378e-06,-4.2986799,0.00044655639,-3.4304979,-2.8616053,-2.5668048,0.50311128,True,PASS,7.21,False,,
GODREJPROP,PRESTIGE,0.506536,71,44250,118,2025-12-02 09:15:00+05:30,2026-05-26 15:29:00+05:30,1e-12,1e-12,1e-06,1e-06,9.45e-08,9.45e-08,0.0025103216,0.05010311,3.9835533e-10,3.9835533e-10,63038.727,1.424604,15,False,0.35136591,0.3351409,0.33625371,0.0042609301,0.016225012,5.0431002,5.0416319,5.0418171,0.00061557774,7.5630699e-09,4.3669208e-08,4.4155156e-05,2.1592683e-06,-0.015735327,0.054919095,-0.00035471582,0.050102009,-0.92282212,0.77957793,-0.16299341,0.11694455,0.99976859,0.00024182208,-0.0045091843,0.0010779284,2866.3519,47.772531,8599.0556,0.049014765,0.99975821,-1.0902885e-06,0.0090335173,-2.2541709,0.18717483,-3.4304978,-2.8616053,-2.5668048,0.49430044,False,ADF_p=0.1872; HL=2866>1440,6.72,False,,
IREDA,RECLTD,0.506478,72,44250,118,2025-12-02 09:15:00+05:30,2026-05-26 15:29:00+05:30,1.0735594e-07,1e-12,0.00032765216,1e-06,0.010145136,9.45e-08,3.4817172e-07,0.00059006078,0.30834193,2.872146e-06,223796.62,5.057551,15,False,-0.19901567,-0.21515739,-0.2150621,0.012981899,0.016141716,6.1178587,6.1178187,6.1178316,1.2340991e-05,1.0743929e-08,4.4249784e-08,0.15694248,6.0096314e-07,-2.2756656e-06,0.0013026731,-1.2947553e-08,0.00013485727,0.51025026,136.16761,-0.00387261,0.0047294854,-0.40505528,20.723266,-2.2852608e-08,0.00079377516,0.033447777,0.00055746295,0.10034333,0.00012329725,-0.40504518,-2.2852608e-08,0,-78.377684,0,-3.4304979,-2.8616054,-2.5668048,-0.0016396915,False,HL=0.0<15,7.26,False,,
DATAPATTNS,GRSE,0.505987,73,44250,118,2025-12-02 09:15:00+05:30,2026-05-26 15:29:00+05:30,3.8310745e-07,1e-12,0.00061895674,1e-06,0.036203654,9.45e-08,1.4625881e-06,0.0012093751,0.26193803,6.8371949e-07,190823.97,4.312406,15,False,0.3280667,0.37293257,0.33846422,0.020097002,0.044865872,5.3796686,5.3796654,5.3796664,9.5170707e-07,2.2945999e-08,4.4249948e-08,0.12070875,1.0914282e-07,8.4678594e-06,0.0014811275,-4.4866553e-09,0.00011167533,0.28671726,29.292487,-0.0018698139,0.0024772906,-0.46404141,20.723266,-5.3209265e-09,0.0006368654,0.033447777,0.00055746295,0.10034333,9.892443e-05,-0.46404058,-5.3209265e-09,0,-78.112088,0,-3.4304979,-2.8616054,-2.5668048,-0.00054230921,False,HL=0.0<15,7.73,False,,
HINDCOPPER,NATIONALUM,0.504114,74,44250,118,2025-12-02 09:15:00+05:30,2026-05-26 15:29:00+05:30,4.6876747e-07,1e-12,0.00068466596,1e-06,0.044298526,9.45e-08,1.2092779e-06,0.0010996717,0.38764248,8.269398e-07,196408.23,4.438604,15,False,0.23504737,0.30146231,0.29588127,0.022484948,0.06641494,4.5086414,4.5086347,4.5086363,1.9480179e-06,3.2350934e-08,4.4249925e-08,0.15876332,1.6158052e-07,9.2863095e-06,0.0018104092,-1.0839784e-08,0.00015952624,0.34372315,306.31363,-0.0065954787,0.0065003189,-0.44001093,20.723266,-9.7671752e-09,0.00092223238,0.033447777,0.00055746295,0.10034333,0.00014325054,-0.43999735,-9.7671752e-09,0,-77.700035,0,-3.4304979,-2.8616054,-2.5668048,-0.00097173071,False,HL=0.0<15,7.27,False,,
HINDALCO,TATASTEEL,0.503233,75,44250,118,2025-12-02 09:15:00+05:30,2026-05-26 15:29:00+05:30,4.0457242e-06,6.3543524e-05,0.0020113986,0.0079714192,0.38232094,6.004863,0.00085286604,0.02920387,0.0047436808,0.074505868,105704.69,2.388807,15,False,0.58867722,0.56221922,0.58781571,0.019373753,0.026458001,3.6775219,4.0008463,3.753795,0.12223416,0.032213561,0.92164829,0.045250231,0.14331421,1.1067706e-05,0.0011946523,7.0164235e-08,0.00066335312,-1.3168635,130.36494,-0.022191244,0.015841824,0.29175354,1.2318166,5.7652648e-08,0.0010411952,0.56270321,0.0093783869,1.6881096,0.00066335213,0.29176207,4.0831792e-08,0,-68.264441,0,-3.4304979,-2.8616054,-2.5668048,-0.0096217237,False,HL=0.6<15,7.24,False,,
ABCAPITAL,LTF,0.493682,76,44250,118,2025-12-02 09:15:00+05:30,2026-05-26 15:29:00+05:30,2.4223469e-07,6.0626862e-06,0.00049217343,0.0024622523,0.022891178,0.57292385,0.0015001029,0.038731162,0.00016147871,0.0040415134,101021.47,2.282971,15,False,0.72845434,0.7357948,0.72944336,0.0033635324,0.0073404535,1.7016439,1.742083,1.7104079,0.018820487,0.0034536841,0.11000138,0.0092671642,0.041973558,1.9391088e-05,0.0019868274,3.3156637e-08,0.001391241,-0.11678351,10.273246,-0.01702693,0.020375902,0.7583097,0.27668022,1.9664028e-07,0.0010348899,2.5052285,0.041753809,7.5156856,0.0013912016,0.75829695,4.7528556e-08,0,-49.966677,0,-3.4304979,-2.8616054,-2.5668048,0.041658704,False,HL=2.5<15,7.21,False,,
BDL,COCHINSHIP,0.493505,77,44250,118,2025-12-02 09:15:00+05:30,2026-05-26 15:29:00+05:30,1e-12,6.5688583e-07,1e-06,0.00081048493,9.45e-08,0.062075711,0.00051259739,0.022640614,1.9508488e-09,0.0012814849,125503.14,2.836229,15,False,1.022283,1.0217513,1.0217604,7.9393109e-06,0.00053167783,-0.23962668,-0.29408172,-0.27598591,0.05657271,3.8319337e-07,3.8603802e-05,1.5896525e-05,0.035130732,-3.5178442e-05,0.0039758604,1.374938e-06,0.0028242859,-0.37791864,8.5013807,-0.03082421,0.030155872,0.89696483,0.10873946,4.2068354e-07,0.0013170955,6.3743849,0.10623975,19.123155,0.0028242859,0.89696408,4.3345515e-08,0,-38.84144,0,-3.4304978,-2.8616053,-2.5668048,0.17978191,False,HL=6.4<15,6.75,False,,
IRFC,NBCC,0.493264,78,44250,118,2025-12-02 09:15:00+05:30,2026-05-26 15:29:00+05:30,1e-12,1e-12,1e-06,1e-06,9.45e-08,9.45e-08,0.003139934,0.056035114,3.1847803e-10,3.1847803e-10,55700.63,1.258771,15,False,0.10763108,0.085866069,0.09580883,0.0080760134,0.021765011,4.2462106,4.2415215,4.2437806,0.0018495031,1.3653708e-08,4.3226317e-08,5.8626043e-05,2.4850667e-06,-0.028736622,0.059959497,-0.0010184403,0.056047776,-0.23327137,-0.46069469,-0.15657021,0.15703912,0.99983742,0.00015875736,-0.007621943,0.0010107202,4366.079,72.767983,13098.237,0.056721667,0.99984126,-1.2099435e-06,0.032026866,-1.8967716,0.33358138,-3.4304978,-2.8616053,-2.5668048,0.510011,False,ADF_p=0.3336; HL=4366>1440,7.8,False,,
DLF,LODHA,0.492606,79,44250,118,2025-12-02 09:15:00+05:30,2026-05-26 15:29:00+05:30,1.161867e-08,1e-12,0.00010778994,1e-06,0.0010979643,9.45e-08,3.6951024e-07,0.00060787354,0.031443433,2.706285e-06,234588.79,5.301442,15,False,0.0065457516,-0.020834983,-0.014714593,0.013496562,0.027380735,6.5232464,6.5230814,6.5231372,5.1545578e-05,6.3886117e-09,4.4248682e-08,0.099728234,2.8057651e-06,-6.291487e-06,0.0011875998,-5.2043195e-08,0.00040750777,-0.60254162,165.71644,-0.014935569,0.014160485,-0.13085373,20.723266,-5.185618e-08,0.0026009378,0.033447777,0.00055746295,0.10034333,0.00040400419,-0.13085604,-5.185618e-08,0,-76.981511,0,-3.4304979,-2.8616054,-2.5668048,-0.0062777281,False,HL=0.0<15,7.73,False,,
BEL,GRSE,0.490533,80,44250,118,2025-12-02 09:15:00+05:30,2026-05-26 15:29:00+05:30,2.2079009e-08,1e-12,0.00014859007,1e-06,0.0020864663,9.45e-08,1.4685808e-07,0.00038322067,0.15034249,6.8092951e-06,243907.55,5.512035,15,False,0.29040384,0.29246541,0.29615384,0.0056834128,0.0020615667,3.7356132,3.7356038,3.7356061,2.9200013e-06,2.8640026e-09,4.4249147e-08,0.11631545,1.7718555e-06,3.6616275e-07,0.00086994937,-1.5015591e-09,0.00010672287,-0.40885079,85.434988,-0.0035135344,0.0025248955,-0.45903981,20.723266,-1.2139346e-09,0.00061041031,0.033447777,0.00055746295,0.10034333,9.4815156e-05,-0.45903891,-1.2139346e-09,0,-78.510661,0,-3.4304979,-2.8616054,-2.5668048,-0.00055135666,False,HL=0.0<15,7.37,False,,
IRCON,JWL,0.490029,81,44250,118,2025-12-02 09:15:00+05:30,2026-05-26 15:29:00+05:30,1e-12,1e-12,1e-06,1e-06,9.45e-08,9.45e-08,0.002034781,0.045108547,4.9145337e-10,4.9145337e-10,66958.729,1.513192,15,False,0.56798424,0.55377183,0.55711814,0.0055464614,0.014212408,1.853935,1.8515926,1.8522373,0.0010306405,8.9928097e-09,4.3371713e-08,5.2117145e-05,2.9245519e-06,-0.015154301,0.0498264,-0.0002653688,0.045106641,-0.81954845,0.36197576,-0.15096656,0.083482683,0.99964019,0.00034828207,-0.0040699348,0.0012101381,1990.1891,33.169818,5970.5673,0.045851587,0.99965178,-1.4172385e-06,0.0031609993,-2.3018937,0.17135795,-3.4304978,-2.8616053,-2.5668048,0.47427021,False,ADF_p=0.1714; HL=1990>1440,7.72,False,,
TECHM,WIPRO,0.488765,82,44250,118,2025-12-02 09:15:00+05:30,2026-05-26 15:29:00+05:30,5.6693436e-06,9.9514308e-05,0.0023810383,0.0099756858,0.53575297,9.4041021,0.001264348,0.035557672,0.0044840056,0.078708003,96927.987,2.190463,15,False,0.74788854,0.66565568,0.66676805,0.022276696,0.082232856,3.2018176,3.748161,3.7159975,0.15065675,0.056915851,1.6081012,0.042910028,0.14819237,4.7861048e-06,0.0011543052,2.310959e-08,0.00062530152,-1.3964345,297.46008,-0.031538885,0.025465633,0.29587198,1.2178667,5.8653819e-08,0.00097586671,0.56914866,0.0094858111,1.707446,0.00062528158,0.29586067,4.1300461e-08,0,-68.864979,0,-3.4304979,-2.8616054,-2.5668048,-0.0094330358,False,HL=0.6<15,7.47,False,,
PNB,SBIN,0.488676,83,44250,118,2025-12-02 09:15:00+05:30,2026-05-26 15:29:00+05:30,3.67531e-07,1e-12,0.00060624335,1e-06,0.03473168,9.45e-08,0.022331233,0.14943639,1.645816e-05,4.478033e-11,42801.51,0.967266,15,False,1.7496183,1.7250047,1.7192609,0.016713422,0.024613584,-7.1966544,-7.1966543,-7.1966543,3.3213512e-08,1.2994783e-05,4.4249997e-08,0.0040044969,1.6143785e-09,-0.00013490316,0.0050588402,2.0709557e-06,0.0033413996,0.18076496,23.150736,-0.041585523,0.071583713,0.93384679,0.068497928,3.8114242e-06,0.0012362207,10.119243,0.16865405,30.357729,0.003339968,0.93379539,2.5233383e-07,0,-32.078769,0,-3.4304979,-2.8616054,-2.5668048,0.22631908,False,HL=10.1<15,6.73,False,,
COFORGE,INFY,0.487563,84,44250,118,2025-12-02 09:15:00+05:30,2026-05-26 15:29:00+05:30,1e-12,1e-12,1e-06,1e-06,9.45e-08,9.45e-08,0.0065232245,0.080766481,1.5329842e-10,1.5329842e-10,38640.744,0.873237,15,False,0.58361189,0.54843942,0.552291,0.0073014484,0.035172474,3.2638452,3.2614735,3.2620026,0.0010199564,1.1952376e-08,4.3795175e-08,3.6577834e-05,1.1509949e-06,-0.050840676,0.08282645,-0.00061622791,0.080862284,-0.28065575,-0.78488545,-0.21192918,0.16185051,0.99990055,0.00010250352,-0.0021170733,0.0011404477,6762.179,112.70298,20286.537,0.079650955,0.9998975,-2.1699636e-07,0.063163381,-1.4789904,0.54387773,-3.4304978,-2.8616053,-2.5668048,0.4864108,False,ADF_p=0.5439; HL=6762>1440,6.56,False,,
SAIL,TATASTEEL,0.487049,85,44250,118,2025-12-02 09:15:00+05:30,2026-05-26 15:29:00+05:30,1e-12,1.5425407e-05,1e-06,0.0039275192,9.45e-08,1.457701,0.0031952632,0.056526659,3.1296326e-10,0.0048275857,84801.823,1.916425,15,False,2.1388664,2.1386769,2.138678,1.0102407e-06,0.00018945889,-6.0659913,-6.1233946,-6.2137137,0.084460715,6.4389156e-06,0.00039866766,1.0640738e-05,0.067082959,-2.033424e-05,0.0044862798,1.7191494e-06,0.0031089917,0.21886304,15.75205,-0.038937457,0.044940429,0.8448435,0.16862907,9.4050891e-07,0.0018053739,4.1104845,0.068508075,12.331454,0.0031087511,0.84482222,1.4594609e-07,0,-45.124533,0,-3.4304979,-2.8616054,-2.5668048,0.081426625,False,HL=4.1<15,7.4,False,,
GODREJPROP,LODHA,0.486245,86,44250,118,2025-12-02 09:15:00+05:30,2026-05-26 15:29:00+05:30,4.2247556e-08,1e-12,0.0002055421,1e-06,0.0039923941,9.45e-08,3.2434272e-07,0.00056951095,0.13025591,3.0831585e-06,228162.34,5.156211,15,False,-0.029560423,-0.055916697,-0.053877802,0.015043367,0.026356274,7.8545961,7.854516,7.8545431,2.4924634e-05,7.0697752e-09,4.4249464e-08,0.12763554,1.165219e-06,-4.7156504e-06,0.0013508439,-2.2357459e-08,0.00021321533,0.10392036,120.77293,-0.0065281761,0.0063517726,-0.35668379,20.723266,-2.2601096e-08,0.0012823371,0.033447777,0.00055746295,0.10034333,0.00019918568,-0.3566719,-2.2601096e-08,0,-79.04113,0,-3.4304979,-2.8616054,-2.5668048,-0.0026019792,False,HL=0.0<15,7.45,False,,
BANKINDIA,SBIN,0.485892,87,44250,118,2025-12-02 09:15:00+05:30,2026-05-26 15:29:00+05:30,1e-12,1.4301541e-06,1e-06,0.0011958905,9.45e-08,0.13514956,0.00087659861,0.029607408,1.140773e-09,0.0016314812,113688.82,2.569239,15,False,1.7722425,1.7718458,1.7718506,4.7285569e-06,0.00039663912,-7.2018562,-7.2061884,-7.3091503,0.082446185,8.0028426e-07,7.2524867e-05,1.5436863e-05,0.039552759,-2.2749677e-06,0.0045442689,1.4638364e-06,0.0030154552,0.25260789,27.125335,-0.03972285,0.070092444,0.90476491,0.10014242,3.0396839e-06,0.0013490642,6.9216142,0.11536024,20.764842,0.0030144535,0.90470856,2.8965585e-07,0,-36.561526,0,-3.4304979,-2.8616054,-2.5668048,0.16509658,False,HL=6.9<15,7.92,False,,
JBCHEPHARM,TORNTPHARM,0.484106,88,44250,118,2025-12-02 09:15:00+05:30,2026-05-26 15:29:00+05:30,1.8352728e-07,2.6404684e-06,0.00042840084,0.0016249518,0.017343328,0.24952426,3.4409809e-05,0.0058659875,0.0053335745,0.076735921,172007.2,3.887168,15,False,0.82720852,0.7998326,0.80626482,0.0084436453,0.027375925,0.67315358,0.9723501,0.87560285,0.086637305,0.0010781704,0.076061593,0.048060371,0.094787266,3.332608e-06,0.00076526954,5.5259058e-09,0.00043080268,0.283107,25.205714,-0.0069527488,0.011112867,-0.079454039,20.723266,1.7799162e-08,0.0027646943,0.033447777,0.00055746295,0.10034333,0.00042944051,-0.079458514,1.7799162e-08,0,-76.769916,0,-3.4304979,-2.8616054,-2.5668048,-0.007056612,False,HL=0.0<15,7.71,False,,
DLF,OBEROIRLTY,0.483266,89,44250,118,2025-12-02 09:15:00+05:30,2026-05-26 15:29:00+05:30,1e-12,1e-12,1e-06,1e-06,9.45e-08,9.45e-08,0.00092137544,0.030354167,1.0853339e-09,1.0853339e-09,74581.214,1.685451,15,False,0.22856248,0.20179311,0.20986189,0.0091999028,0.026769372,4.8790045,4.8757563,4.8769079,0.0013000869,4.7759119e-09,4.3603373e-08,5.7211937e-05,3.8443066e-06,-0.017346662,0.036604828,-0.00013855829,0.030358776,-0.77424845,0.53795278,-0.11730103,0.061488449,0.99945885,0.00055294385,-0.0012339765,0.00099889359,1253.558,20.892633,3760.674,0.030037495,0.99944721,-6.821311e-07,0.00020407451,-3.2065567,0.019608273,-3.4304979,-2.8616054,-2.5668048,0.48960811,True,PASS,7.91,False,,
NATIONALUM,TATASTEEL,0.482849,90,44250,118,2025-12-02 09:15:00+05:30,2026-05-26 15:29:00+05:30,1e-12,3.8256314e-06,1e-06,0.0019559221,9.45e-08,0.36152217,0.00080341823,0.028344633,1.2446817e-09,0.0047616935,115143.68,2.602117,15,False,1.0319505,1.0319112,1.0319127,1.3024663e-06,3.930337e-05,0.29539965,0.51081595,0.45431466,0.081529308,2.0435668e-06,0.00011203222,1.6171996e-05,0.066635351,7.3018707e-05,0.0036510683,5.1084584e-07,0.0024281188,-0.098927031,20.217607,-0.034238944,0.034955122,0.85780365,0.15344736,2.2294713e-06,0.001344759,4.517166,0.075286099,13.551498,0.0024274471,0.85774592,3.1715139e-07,0,-43.974661,0,-3.4304979,-2.8616054,-2.5668048,0.093695143,False,HL=4.5<15,7.43,False,,
GODREJPROP,OBEROIRLTY,0.480775,91,44250,118,2025-12-02 09:15:00+05:30,2026-05-26 15:29:00+05:30,8.3771334e-09,1e-12,9.1526681e-05,1e-06,0.00079163911,9.45e-08,6.6601184e-07,0.00081609549,0.012578055,1.5014748e-06,224455.65,5.072444,15,False,0.0071643804,-0.016172143,-0.014630575,0.013310355,0.023336523,7.5940345,7.5939217,7.593959,3.4965414e-05,7.4872995e-09,4.4249319e-08,0.074998128,1.9863623e-06,-7.0320255e-06,0.0014601559,-6.7045987e-08,0.00063503162,-0.055191065,78.973679,-0.017453304,0.016534315,0.055471875,2.8919062,-4.0229118e-08,0.0015271889,0.23968523,0.0039947538,0.71905568,0.00063501744,0.055470377,-3.7997594e-08,0,-74.851742,0,-3.4304979,-2.8616054,-2.5668048,-0.0088319842,False,HL=0.2<15,7.36,False,,
COFORGE,MPHASIS,0.480583,92,44250,118,2025-12-02 09:15:00+05:30,2026-05-26 15:29:00+05:30,1e-12,1e-12,1e-06,1e-06,9.45e-08,9.45e-08,0.0041517743,0.064434263,2.4086088e-10,2.4086088e-10,41867.54,0.946159,15,False,0.49660231,0.46110585,0.46756239,0.0099017848,0.035496458,3.6103094,3.6072099,3.6080566,0.0012980715,8.8911443e-09,4.3780029e-08,3.8811723e-05,1.4946524e-06,-0.045908222,0.071932803,-0.00061700512,0.064637398,-0.2815669,-0.96719542,-0.17597142,0.11841804,0.9998393,0.00016419439,-0.0016013653,0.0011588344,4221.5035,70.358392,12664.511,0.063948041,0.99983582,-2.629136e-07,0.027027012,-1.8577475,0.35219142,-3.4304979,-2.8616054,-2.5668048,0.49063645,False,ADF_p=0.3522; HL=4222>1440,5.75,False,,
HEROMOTOCO,TVSMOTOR,0.480445,93,44250,118,2025-12-02 09:15:00+05:30,2026-05-26 15:29:00+05:30,1e-12,5.5440203e-06,1e-06,0.0023545743,9.45e-08,0.52390992,0.0064363136,0.080226639,1.5536844e-10,0.00086136578,70277.034,1.588182,15,False,1.1507377,1.1508746,1.1508752,5.2453668e-07,0.0001369378,-0.70060517,-0.85974304,-0.82593481,0.050361298,2.4897404e-06,0.0003512853,7.7548029e-06,0.028893376,-0.00012490356,0.0038008188,1.1894896e-06,0.0027390053,0.02727172,5.6828382,-0.026961499,0.032514886,0.93143607,0.071047577,-2.7194471e-07,0.001032338,9.7560988,0.16260165,29.268296,0.0027386231,0.93141758,-1.8650627e-08,0,-31.253652,0,-3.4304979,-2.8616054,-2.5668048,0.23991684,False,HL=9.8<15,7.23,False,,
COFORGE,TCS,0.480064,94,44250,118,2025-12-02 09:15:00+05:30,2026-05-26 15:29:00+05:30,1e-12,1e-12,1e-06,1e-06,9.45e-08,9.45e-08,0.0071336074,0.084460686,1.4018153e-10,1.4018153e-10,33731.618,0.762296,15,False,0.35852769,0.32035527,0.32727025,0.0090238632,0.038172419,4.6705237,4.6676556,4.6685393,0.0011589157,1.1332919e-08,4.385859e-08,3.3302265e-05,1.0245537e-06,-0.062085296,0.086133864,-0.00080958728,0.0848369,-0.35481378,-0.95486659,-0.22633414,0.15576216,0.99989191,0.00011327089,-0.0034952184,0.0012473862,6119.3762,101.9896,18358.129,0.08287562,0.99988674,-3.9588407e-07,0.052569705,-1.6173935,0.47409606,-3.4304978,-2.8616053,-2.5668048,0.49950025,False,ADF_p=0.4741; HL=6119>1440,6.93,False,,
DATAPATTNS,MAZDOCK,0.479345,95,44250,118,2025-12-02 09:15:00+05:30,2026-05-26 15:29:00+05:30,2.3602383e-06,1e-12,0.0015363067,1e-06,0.22304252,9.45e-08,8.1423995e-06,0.002853489,0.28987012,1.2281392e-07,152300.18,3.441812,15,False,1.6076365,1.6682507,1.6323685,0.021448069,0.060614228,-4.7085784,-4.7085772,-4.7085776,3.6216998e-07,1.2741741e-07,4.4249995e-08,0.12161937,1.5394367e-08,1.1175703e-05,0.0018473821,9.4482626e-09,0.00013334194,-0.032077766,30.587208,-0.0022705898,0.0023981453,-0.49915035,20.723266,2.1499527e-08,0.00074383402,0.033447777,0.00055746295,0.10034333,0.00011553989,-0.49914089,2.1499526e-08,0,-80.032966,0,-3.4304979,-2.8616054,-2.5668048,0.00012520006,False,HL=0.0<15,7,False,,
JINDALSTEL,NMDC,0.478749,96,44250,118,2025-12-02 09:15:00+05:30,2026-05-26 15:29:00+05:30,1.5563088e-08,7.6562085e-05,0.00012475211,0.0087499763,0.0014707118,7.235117,0.0080622035,0.089789774,1.9303765e-06,0.0094964218,63808.925,1.44201,15,False,-0.34182722,-0.3288085,-0.33234827,0.0033942715,0.013018723,8.4274708,8.5916109,8.5063279,0.081824936,0.00071100637,0.015190673,0.00011478911,0.092592229,5.3453687e-05,0.0030631693,-4.7911318e-07,0.0020393911,0.27296699,16.929125,-0.025342674,0.030358256,0.81629998,0.20301379,1.5453072e-07,0.0012993571,3.4142861,0.056904769,10.242858,0.0020391575,0.81626698,2.8392395e-08,0,-50.36537,0,-3.4304979,-2.8616054,-2.5668048,0.048789517,False,HL=3.4<15,7.35,False,,
NMDC,VEDL,0.478682,97,44205,117.9,2025-12-02 09:15:00+05:30,2026-05-26 15:29:00+05:30,6.9461513e-08,1e-12,0.00026355552,1e-06,0.0065641129,9.45e-08,2.092677e-07,0.00045745787,0.33192658,4.7785682e-06,236224.97,5.343852,15,False,0.22857288,0.23712917,0.2319953,0.007005999,0.0085562941,3.1224965,3.1224736,3.1224801,6.9937474e-06,6.9621495e-09,4.4204362e-08,0.16542611,1.2224521e-06,1.2211539e-06,0.00095488248,-5.0926562e-09,0.00010283535,0.56961407,42.101726,-0.0019675407,0.0024047096,-0.41487767,20.723266,-2.3665118e-09,0.000602368,0.033447777,0.00055746295,0.10034333,9.3565942e-05,-0.4148726,-2.3665118e-09,0,-78.543136,0,-3.430498,-2.8616054,-2.5668048,-0.0016498759,False,HL=0.0<15,11.05,False,,
MPHASIS,PERSISTENT,0.478663,98,44250,118,2025-12-02 09:15:00+05:30,2026-05-26 15:29:00+05:30,1e-12,1e-12,1e-06,1e-06,9.45e-08,9.45e-08,0.00021907861,0.014801304,4.5645716e-09,4.5645716e-09,102763.87,2.322347,15,False,0.4246708,0.40858345,0.41652047,0.0077482171,0.016087349,4.2267149,4.2243783,4.2253698,0.00096241376,2.3022121e-09,4.3690968e-08,8.5878101e-05,7.4612756e-06,-0.0058657934,0.01978491,-4.2053001e-05,0.014800238,-0.072336903,0.25576436,-0.052080953,0.050503059,0.99788603,0.002108553,0.00037360374,0.00096285077,328.73122,5.4788536,986.19365,0.014826947,0.99789367,7.8693334e-07,4.6883094e-12,-6.2289439,5.0081858e-08,-3.4304978,-2.8616053,-2.5668048,0.47731964,True,PASS,6.7,False,,
COFORGE,TECHM,0.47824,99,44250,118,2025-12-02 09:15:00+05:30,2026-05-26 15:29:00+05:30,1e-12,1e-12,1e-06,1e-06,9.45e-08,9.45e-08,0.012772153,0.11301395,7.8295338e-11,7.8295338e-11,23492.838,0.530912,15,False,0.21132783,0.16279047,0.17172307,0.0087331202,0.048537352,6.0074182,6.0042025,6.0054411,0.0012129755,1.6097909e-08,4.3933757e-08,3.243558e-05,6.7504059e-07,-0.098489233,0.094633878,-0.00098507273,0.11357912,-0.14474448,-1.0545931,-0.27194855,0.2198531,0.99993433,9.1981635e-05,-0.029639328,0.0013016584,7535.7128,125.59521,22607.138,0.095969108,0.99990802,-2.7261485e-06,0.045681124,-1.710614,0.4256523,-3.4304978,-2.8616053,-2.5668048,0.50003519,False,ADF_p=0.4257; HL=7536>1440,6.68,False,,
JINDALSTEL,JSWSTEEL,0.477244,100,44250,118,2025-12-02 09:15:00+05:30,2026-05-26 15:29:00+05:30,1e-12,5.0778303e-05,1e-06,0.0071258896,9.45e-08,4.7985496,0.033143109,0.18205249,3.0172185e-11,0.0015320923,33825.155,0.76441,15,False,2.4968815,2.4970518,2.497052,1.6677468e-07,0.00017032421,-10.678797,-10.785246,-10.661066,0.07375674,1.3970728e-05,0.0019894698,4.2089757e-06,0.038360936,-6.2147494e-05,0.006105785,3.0912793e-06,0.0043763804,0.135205,8.5470185,-0.043080026,0.065374441,0.90412406,0.10082677,1.8397221e-06,0.0019648437,6.8746346,0.11457724,20.623904,0.0043754739,0.90408964,1.7644841e-07,0,-36.669323,0,-3.4304979,-2.8616054,-2.5668048,0.17649272,False,HL=6.9<15,6.98,False,,
RAILTEL,RVNL,0.47696,101,44250,118,2025-12-02 09:15:00+05:30,2026-05-26 15:29:00+05:30,5.8402015e-08,1e-12,0.00024166509,1e-06,0.0055189904,9.45e-08,3.5058503e-07,0.00059210221,0.16658445,2.8523751e-06,228955.83,5.174143,15,False,0.31157497,0.31693528,0.30607783,0.012666163,0.0053603086,4.0203427,4.0202931,4.0203098,1.5609811e-05,1.1150015e-08,4.4249379e-08,0.15099807,1.2413991e-06,7.7270195e-07,0.0013261321,-1.4940586e-08,0.00023543235,-0.14893829,128.42046,-0.0076772163,0.0081034879,-0.39568022,20.723266,-2.7896892e-08,0.0013919869,0.033447777,0.00055746295,0.10034333,0.00021621761,-0.39567541,-2.7896891e-08,0,-79.045883,0,-3.4304979,-2.8616054,-2.5668048,-0.0018430167,False,HL=0.0<15,7.52,False,,
HINDALCO,NMDC,0.476227,102,44250,118,2025-12-02 09:15:00+05:30,2026-05-26 15:29:00+05:30,3.1897073e-06,1e-12,0.0017859752,1e-06,0.30142734,9.45e-08,0.010000428,0.10000214,0.00031895707,9.999572e-11,59459.381,1.343715,15,False,-0.31263394,-0.23102143,-0.27183643,0.021245973,0.081612506,8.0481248,8.0481247,8.0481247,4.0488332e-08,3.8053849e-05,4.4249998e-08,0.017172646,1.4792317e-09,0.00010621089,0.0033899768,-1.1655284e-06,0.0022974344,-0.73361049,36.116701,-0.058839799,0.031959894,0.85395931,0.15785484,-8.8560534e-07,0.0012909557,4.3910417,0.073184028,13.173125,0.0022975628,0.85397374,-1.2932164e-07,0,-46.624768,0,-3.4304979,-2.8616054,-2.5668048,0.076287256,False,HL=4.4<15,7.29,False,,
INOXWIND,SUZLON,0.475494,103,44250,118,2025-12-02 09:15:00+05:30,2026-05-26 15:29:00+05:30,1e-12,1e-12,1e-06,1e-06,9.45e-08,9.45e-08,0.009574053,0.09784709,1.0444897e-10,1.0444897e-10,34857.199,0.787733,15,False,0.51703968,0.45542164,0.46327574,0.0064327464,0.061618045,2.8319148,2.8272192,2.8292727,0.0016960431,2.7853463e-08,4.3681974e-08,5.4290353e-05,1.030763e-06,-0.085425905,0.067292762,-0.0015960225,0.097838804,-0.041379797,-1.0739265,-0.19282925,0.18170072,0.99993233,9.6851658e-05,-0.060717966,0.0011382272,7156.7921,119.27987,21470.376,0.08178251,0.99990315,-5.8803509e-06,0.039960172,-1.6787538,0.44209107,-3.4304978,-2.8616053,-2.5668048,0.51588016,False,ADF_p=0.4421; HL=7157>1440,7.7,False,,
MAZDOCK,RVNL,0.474278,104,44250,118,2025-12-02 09:15:00+05:30,2026-05-26 15:29:00+05:30,1e-12,1.1152881e-05,1e-06,0.0033395929,9.45e-08,1.0539472,0.0031714141,0.056315309,3.1531676e-10,0.0035166901,85241.006,1.92635,15,False,1.0669779,1.0669878,1.0669883,5.1271076e-07,9.9087087e-06,1.7343909,1.8749977,1.7029285,0.096167853,5.0298453e-06,0.00033808558,1.2642456e-05,0.057542366,5.4359384e-05,0.003517692,1.1279385e-06,0.0024208495,-0.033302517,13.539441,-0.029455505,0.029478154,0.86483084,0.14530461,2.0300791e-07,0.0013046152,4.770304,0.079505067,14.310912,0.0024200689,0.86475884,2.7455027e-08,0,-40.991123,0,-3.4304979,-2.8616054,-2.5668048,0.10686207,False,HL=4.8<15,6.8,False,,
BAJAJFINSV,BAJFINANCE,0.474096,105,44250,118,2025-12-02 09:15:00+05:30,2026-05-26 15:29:00+05:30,1e-12,1e-12,1e-06,1e-06,9.45e-08,9.45e-08,0.0003629251,0.019050593,2.7553895e-09,2.7553895e-09,95089.977,2.148926,15,False,0.17744602,0.15797216,0.16730948,0.0077886591,0.019473855,6.4047161,6.4016208,6.4030949,0.0012396597,3.6306264e-09,4.3432838e-08,7.7220422e-05,6.9548381e-06,-0.0083830303,0.024036952,-0.00011126621,0.019068005,-0.52176404,0.69862847,-0.072348894,0.046644598,0.99921821,0.00077319373,0.00024737077,0.00075414228,896.47284,14.941214,2689.4185,0.019177594,0.99922711,1.9119161e-07,1.9623767e-05,-3.9042892,0.0020035068,-3.4304978,-2.8616053,-2.5668048,0.47658637,True,PASS,7.12,False,,
TATASTEEL,VEDL,0.471511,106,44205,117.9,2025-12-02 09:15:00+05:30,2026-05-26 15:29:00+05:30,5.9145576e-08,1e-12,0.00024319863,1e-06,0.0055892569,9.45e-08,2.0783729e-05,0.0045589175,0.0028457634,4.8114561e-08,189002.86,4.275599,15,False,-0.16033944,-0.10672269,-0.127135,0.017982396,0.053616751,5.9726499,5.9726361,5.9726404,4.180933e-06,1.6379917e-07,4.4204846e-08,0.04603707,2.1896081e-07,2.6010938e-05,0.0016473412,-2.8830861e-07,0.0009866676,0.15003282,49.878981,-0.018043759,0.020840925,0.52336646,0.64747888,-3.1817241e-07,0.0011227943,1.0705325,0.017842208,3.2115975,0.00098667104,0.52336358,-1.5165256e-07,0,-64.401905,0,-3.430498,-2.8616054,-2.5668048,-0.00592223,False,HL=1.1<15,6.76,False,,
INOXWIND,IREDA,0.471228,107,44250,118,2025-12-02 09:15:00+05:30,2026-05-26 15:29:00+05:30,5.2830137e-08,1e-12,0.00022984807,1e-06,0.0049924479,9.45e-08,4.5165009e-07,0.00067204917,0.11697139,2.2141034e-06,226736.4,5.123987,15,False,0.016332055,-0.049302451,-0.038360707,0.032080106,0.065634506,4.8093182,4.8091936,4.8092352,3.8907057e-05,1.6756936e-08,4.4249063e-08,0.1605323,1.7260353e-06,-9.1632749e-06,0.0014348895,-4.9342582e-08,0.00036524388,0.30316496,103.82647,-0.010532733,0.011257272,-0.23419269,20.723266,-7.0556037e-08,0.0022860012,0.033447777,0.00055746295,0.10034333,0.00035508503,-0.23418906,-7.0556037e-08,0,-77.026996,0,-3.4304979,-2.8616054,-2.5668048,-0.004780547,False,HL=0.0<15,7.42,False,,
HUDCO,IREDA,0.468618,108,44250,118,2025-12-02 09:15:00+05:30,2026-05-26 15:29:00+05:30,1e-12,1e-12,1e-06,1e-06,9.45e-08,9.45e-08,0.0011685645,0.034184272,8.5575082e-10,8.5575082e-10,78709.911,1.778755,15,False,0.82229395,0.80712473,0.80291007,0.0039261976,0.015169212,1.3997426,1.3991035,1.3983094,0.00084790076,8.4150241e-09,4.3001279e-08,6.6277469e-05,4.6398271e-06,-0.0054303296,0.039441416,-0.00023391441,0.034182597,0.64047189,1.0240241,-0.084083459,0.11552905,0.99955472,0.00048796248,-0.0030430733,0.001020194,1420.4928,23.67488,4261.4784,0.032656871,0.99951216,-1.4845433e-06,0.00029200435,-3.1770317,0.021353265,-3.4304979,-2.8616053,-2.5668048,0.50369062,True,PASS,7.16,False,,
CDSL,IREDA,0.468388,109,44250,118,2025-12-02 09:15:00+05:30,2026-05-26 15:29:00+05:30,1e-12,1e-12,1e-06,1e-06,9.45e-08,9.45e-08,0.0010162771,0.031879102,9.8398358e-10,9.8398358e-10,79297.322,1.79203,12,True,0.98796869,0.95593528,0.96900545,0.0069796024,0.032033407,2.485791,2.48088,2.4835174,0.0013919714,7.9674451e-09,4.2964531e-08,6.8279931e-05,5.0644487e-06,-0.021955882,0.031802863,0.00013053051,0.031877369,-0.11957507,-0.63239556,-0.12111025,0.073320023,0.99948074,0.00052779066,-0.0018674675,0.0010274174,1313.2994,21.888324,3939.8983,0.031622856,0.99947235,-9.8537186e-07,0.00028618268,-3.0048987,0.034439448,-3.4304978,-2.8616053,-2.5668048,0.48154137,True,PASS,6.93,False,,
IREDA,JIOFIN,0.46647,110,44250,118,2025-12-02 09:15:00+05:30,2026-05-26 15:29:00+05:30,6.5802702e-08,1e-12,0.00025652037,1e-06,0.0062183553,9.45e-08,2.1247731e-07,0.00046095262,0.30969283,4.7063848e-06,237155.02,5.359435,15,False,0.4961343,0.50260117,0.49460274,0.0085678143,0.0064668767,2.1083449,2.1083257,2.108332,6.114838e-06,7.9048559e-09,4.4249559e-08,0.16427625,1.0805634e-06,8.3125754e-07,0.0009456002,-3.4109818e-09,0.00010951725,0.17433582,40.862715,-0.0020692944,0.0027165398,-0.4325298,20.723266,-9.222752e-09,0.00063568204,0.033447777,0.00055746295,0.10034333,9.8740619e-05,-0.43251491,-9.222752e-09,0,-79.258667,0,-3.4304979,-2.8616054,-2.5668048,-0.0011232512,False,HL=0.0<15,7.08,False,,
HINDZINC,NMDC,0.465536,111,44250,118,2025-12-02 09:15:00+05:30,2026-05-26 15:29:00+05:30,1.8300347e-06,4.7514401e-05,0.0013527877,0.0068930691,0.17293828,4.4901109,0.0010800728,0.03286446,0.0016943624,0.043991852,104291.02,2.356859,15,False,0.84349555,0.77869982,0.80891581,0.023229777,0.064795728,2.553641,2.9621784,2.819934,0.092805501,0.023427288,0.47626393,0.025336633,0.14367833,1.0499443e-05,0.0019074698,8.2896426e-08,0.0011759388,-0.19399441,83.494842,-0.033726367,0.035528441,0.49746038,0.69830575,-3.1561381e-08,0.001389589,0.99261273,0.016543546,2.9778382,0.0011758409,0.49742736,-1.5861886e-08,0,-63.173939,0,-3.4304979,-2.8616054,-2.5668048,-0.0054750255,False,HL=1.0<15,7.55,False,,
M&M,TVSMOTOR,0.464958,112,44250,118,2025-12-02 09:15:00+05:30,2026-05-26 15:29:00+05:30,1e-12,1e-12,1e-06,1e-06,9.45e-08,9.45e-08,0.00052501143,0.022913128,1.9047204e-09,1.9047204e-09,91297.621,2.063223,15,False,0.11130136,0.091595123,0.099544008,0.0075473447,0.019706236,7.3087517,7.3063969,7.3074254,0.0009730261,3.4096931e-09,4.3674261e-08,6.3316544e-05,4.8544612e-06,-0.0097593468,0.027172953,-8.121804e-05,0.022911239,-0.30048569,0.30163667,-0.081268223,0.069052959,0.99914146,0.00086534918,-0.00085610402,0.0009495963,801.00288,13.350048,2403.0086,0.022825922,0.99913503,-7.4050847e-07,5.6327076e-06,-4.1836825,0.00070208316,-3.4304978,-2.8616053,-2.5668048,0.50497314,True,PASS,6.21,False,,
ADANIGREEN,ADANIPORTS,0.464637,113,44250,118,2025-12-02 09:15:00+05:30,2026-05-26 15:29:00+05:30,4.5969152e-07,1e-12,0.00067800555,1e-06,0.043440849,9.45e-08,1.5017717e-06,0.0012254679,0.30609947,6.6588018e-07,190188.49,4.298045,15,False,1.4587417,1.4719808,1.4583251,0.0083331409,0.013239104,-3.7518567,-3.7518521,-3.7518536,1.4295788e-06,2.6085051e-08,4.4249971e-08,0.12916848,8.0437732e-08,2.2708421e-06,0.0013407499,5.9387453e-09,0.00010287725,0.14047236,34.415158,-0.0024911848,0.0018520241,-0.4799082,20.723266,3.3158689e-09,0.00058102376,0.033447777,0.00055746295,0.10034333,9.0250537e-05,-0.47987387,3.3158689e-09,0,-78.65019,0,-3.4304979,-2.8616054,-2.5668048,-0.00030977856,False,HL=0.0<15,7.27,False,,
IRFC,RAILTEL,0.463854,114,44250,118,2025-12-02 09:15:00+05:30,2026-05-26 15:29:00+05:30,1e-12,1e-12,1e-06,1e-06,9.45e-08,9.45e-08,0.00022165738,0.014888163,4.5114671e-09,4.5114671e-09,106329.17,2.402919,15,False,0.52286507,0.50028496,0.51407677,0.0085827854,0.022580111,1.7167333,1.7127826,1.7152551,0.0015621957,3.7509078e-09,4.3099253e-08,9.5145098e-05,1.0544982e-05,-0.0073537543,0.018396425,-8.354233e-05,0.014886646,-0.070345316,-0.0307957,-0.043598178,0.081028121,0.99807121,0.0019339009,-0.00031220128,0.00092505402,358.41918,5.973653,1075.2575,0.014874247,0.99806797,-6.0318291e-07,2.9771622e-11,-5.2243901,7.8380503e-06,-3.4304978,-2.8616053,-2.5668048,0.45455317,True,PASS,6.46,False,,
GRSE,HAL,0.462828,115,44250,118,2025-12-02 09:15:00+05:30,2026-05-26 15:29:00+05:30,5.0065042e-07,1e-12,0.00070756655,1e-06,0.047311465,9.45e-08,2.8830445e-06,0.001697953,0.17365338,3.4685556e-07,177011.68,4.000264,15,False,3.8122263,3.8193502,3.8335773,0.02501018,0.0071238977,-24.190319,-24.19031,-24.190313,2.8556706e-06,3.8621286e-08,4.4249988e-08,0.11121579,4.8544018e-08,1.2228806e-06,0.003343788,2.6869464e-08,0.00032102344,0.40452375,108.89894,-0.010242176,0.0092435677,-0.44230832,20.723266,5.078488e-08,0.001853553,0.033447777,0.00055746295,0.10034333,0.00028791275,-0.44230705,5.078488e-08,0,-77.663612,0,-3.4304979,-2.8616054,-2.5668048,-0.00099458517,False,HL=0.0<15,7.79,False,,
COFORGE,HCLTECH,0.461475,116,44250,118,2025-12-02 09:15:00+05:30,2026-05-26 15:29:00+05:30,1e-12,1e-12,1e-06,1e-06,9.45e-08,9.45e-08,0.012314602,0.11097118,8.1204413e-11,8.1204413e-11,25298.641,0.571721,15,False,0.23211716,0.18797121,0.19558737,0.0081127835,0.044145953,5.8392505,5.8363291,5.8373842,0.0011281439,1.6114757e-08,4.3914167e-08,3.1938944e-05,7.0681563e-07,-0.088456832,0.098014923,-0.0011185842,0.11129119,-0.2756475,-1.0494406,-0.27273903,0.20599689,0.99993305,8.4953294e-05,-0.020631833,0.0012878359,8159.1561,135.98593,24477.468,0.098799656,0.99991505,-1.7526677e-06,0.061264926,-1.5649807,0.50115696,-3.4304978,-2.8616053,-2.5668048,0.50267178,False,ADF_p=0.5012; HL=8159>1440,7.97,False,,
PERSISTENT,TECHM,0.461287,117,44250,118,2025-12-02 09:15:00+05:30,2026-05-26 15:29:00+05:30,3.453187e-08,1e-12,0.00018582753,1e-06,0.0032632617,9.45e-08,3.261675e-07,0.00057111076,0.10587158,3.0659094e-06,229577.51,5.188192,15,False,-0.015445805,-0.045725104,-0.036169557,0.016772704,0.030279299,8.8733012,8.8732525,8.8732683,1.497679e-05,6.1567177e-09,4.4249721e-08,0.11854896,9.0252535e-07,-5.7695914e-06,0.0013122328,-1.4402994e-08,0.0002261153,2.6717292,288.25707,-0.0074367636,0.011331015,-0.40726222,20.723266,-1.452776e-08,0.0013295076,0.033447777,0.00055746295,0.10034333,0.00020651268,-0.40725582,-1.452776e-08,0,-77.879452,0,-3.4304979,-2.8616054,-2.5668048,-0.0016161131,False,HL=0.0<15,8.02,False,,
M&M,MARUTI,0.460228,118,44250,118,2025-12-02 09:15:00+05:30,2026-05-26 15:29:00+05:30,1e-12,1e-12,1e-06,1e-06,9.45e-08,9.45e-08,0.0004290685,0.020713969,2.3306302e-09,2.3306302e-09,98113.208,2.217248,15,False,0.1402298,0.12541854,0.13159484,0.0055833947,0.014811261,6.8630416,6.8614933,6.862188,0.00062898428,2.6347302e-09,4.38091e-08,6.4874959e-05,4.7235207e-06,-0.0066308709,0.024325311,-6.4152585e-05,0.020711442,-0.18096057,0.26572908,-0.073324022,0.063688865,0.99899727,0.001010721,-0.00069577937,0.00092774529,685.79474,11.429912,2057.3842,0.020634697,0.99898979,-7.0288359e-07,1.0388907e-06,-4.7384367,7.1220871e-05,-3.4304978,-2.8616053,-2.5668048,0.50527477,True,PASS,6.7,False,,
OBEROIRLTY,PRESTIGE,0.460185,119,44250,118,2025-12-02 09:15:00+05:30,2026-05-26 15:29:00+05:30,5.0863807e-06,0.00011571151,0.0022553006,0.010756928,0.48066298,10.934737,0.0022400236,0.047328888,0.0022706817,0.051656377,85213.753,1.925735,15,False,0.64795814,0.57582564,0.59534239,0.021173907,0.072132494,2.5930388,3.2643857,3.0413494,0.18404543,0.037773329,1.9840471,0.032973189,0.11579958,9.9219875e-06,0.0011709246,-1.7864163e-08,0.00070415797,0.8021295,97.470843,-0.021608016,0.023653796,0.2598273,1.3471293,1.8380095e-08,0.0011558821,0.51453648,0.008575608,1.5436094,0.00070419658,0.25998553,1.3601536e-08,0,-69.128592,0,-3.4304979,-2.8616054,-2.5668048,-0.0091420524,False,HL=0.5<15,7.16,False,,
EICHERMOT,TVSMOTOR,0.460097,120,44250,118,2025-12-02 09:15:00+05:30,2026-05-26 15:29:00+05:30,1e-12,1.6594926e-06,1e-06,0.0012882129,9.45e-08,0.15682205,0.0019427108,0.044076194,5.1474464e-10,0.00085421492,96705.021,2.185424,15,False,1.0414339,1.0416876,1.0416885,1.0964955e-06,0.00025364057,0.32381755,0.42314405,0.34691438,0.028069922,8.5911166e-07,0.000112936,1.0634068e-05,0.028772584,7.6884474e-05,0.0033654712,8.5282011e-07,0.002444245,0.22911803,6.8206858,-0.023500242,0.027602794,0.92622593,0.076598832,-1.7070449e-06,0.00095690209,9.0490568,0.15081761,27.14717,0.0024447893,0.92626137,-1.2587516e-07,0,-32.54556,0,-3.4304979,-2.8616054,-2.5668048,0.21738422,False,HL=9.0<15,7.61,False,,
COFORGE,LTM,0.459551,121,44250,118,2025-12-02 09:15:00+05:30,2026-05-26 15:29:00+05:30,1e-12,1e-12,1e-06,1e-06,9.45e-08,9.45e-08,0.0054068231,0.073531103,1.8495149e-10,1.8495149e-10,35629.325,0.805182,15,False,0.25420065,0.21845003,0.22558925,0.010138418,0.035750623,5.3399591,5.3370035,5.3378599,0.0012209735,9.258672e-09,4.3857494e-08,3.4884545e-05,1.1925262e-06,-0.054090204,0.081570654,-0.00088518539,0.074113134,-0.39589436,-0.86949902,-0.21422714,0.13203437,0.99985331,0.00014127047,0.0010925446,0.0012694749,4906.5256,81.775426,14719.577,0.075523729,0.99985874,1.5433339e-07,0.041388598,-1.6910473,0.435731,-3.4304978,-2.8616053,-2.5668048,0.49596694,False,ADF_p=0.4357; HL=4907>1440,6.85,False,,
INOXWIND,NBCC,0.459383,122,44250,118,2025-12-02 09:15:00+05:30,2026-05-26 15:29:00+05:30,2.7745856e-07,1e-12,0.00052674336,1e-06,0.026219834,9.45e-08,5.9328961e-07,0.00077025295,0.46766125,1.6855175e-06,214851.91,4.85541,15,False,-0.092300246,-0.16639703,-0.15449734,0.037004309,0.074096784,5.3287204,5.3286757,5.3286907,1.3965941e-05,2.8170791e-08,4.4249667e-08,0.19973955,5.4014558e-07,-8.3892564e-06,0.0014938895,-2.3025226e-08,0.00016647429,0.16113746,129.79224,-0.0050391817,0.0052253323,-0.38824797,20.723266,-3.4935427e-08,0.00098767482,0.033447777,0.00055746295,0.10034333,0.00015341573,-0.38824497,-3.4935427e-08,0,-77.88816,0,-3.4304979,-2.8616054,-2.5668048,-0.0020725641,False,HL=0.0<15,7.4,False,,
IRCON,IREDA,0.458962,123,44250,118,2025-12-02 09:15:00+05:30,2026-05-26 15:29:00+05:30,1e-12,1e-12,1e-06,1e-06,9.45e-08,9.45e-08,0.0036262903,0.060218687,2.7576391e-10,2.7576391e-10,56992.98,1.287977,15,False,0.38850511,0.37926968,0.38441143,0.0051223778,0.0092354324,3.1396257,3.1370699,3.1381893,0.0011117765,1.3536774e-08,4.3378434e-08,5.3600993e-05,2.1346353e-06,-0.016307627,0.064076234,-0.00065433745,0.060213658,-0.57328593,0.20940232,-0.17678854,0.14559708,0.99979014,0.00020545489,-0.0040268053,0.0012336745,3373.7196,56.22866,10121.159,0.060859357,0.99979457,-8.2724184e-07,0.017458512,-1.975704,0.29732658,-3.4304978,-2.8616053,-2.5668048,0.50139065,False,ADF_p=0.2973; HL=3374>1440,7.68,False,,
BSE,MCX,0.458421,124,44250,118,2025-12-02 09:15:00+05:30,2026-05-26 15:29:00+05:30,1e-12,1e-12,1e-06,1e-06,9.45e-08,9.45e-08,0.0017414794,0.041731036,5.7422443e-10,5.7422443e-10,69717.429,1.575535,15,False,1.0129607,0.99810699,0.99479702,0.0037657168,0.014853698,0.22957878,0.22890242,0.22850912,0.00048462006,5.717974e-09,4.3743081e-08,4.7949004e-05,2.456713e-06,-0.0098309439,0.047735185,8.912321e-05,0.041732996,0.055186889,0.25752959,-0.11718331,0.13163208,0.99946684,0.0005476497,-0.0004711167,0.0013629103,1265.6762,21.094603,3797.0286,0.041181377,0.9994525,-2.5793628e-07,0.00021009885,-3.3851603,0.01147528,-3.4304979,-2.8616053,-2.5668048,0.50084083,True,PASS,7.35,False,,
IRCON,RITES,0.458171,125,44250,118,2025-12-02 09:15:00+05:30,2026-05-26 15:29:00+05:30,8.0630585e-08,1e-12,0.00028395525,1e-06,0.0076195903,9.45e-08,4.176249e-07,0.00064623904,0.19306939,2.3944933e-06,223704.21,5.055462,15,False,-0.074018633,-0.097844604,-0.085575413,0.019584667,0.02382597,5.4641199,5.4640455,5.4640704,2.2960532e-05,1.4287733e-08,4.4249462e-08,0.16093526,1.0820051e-06,-3.2655803e-06,0.001504087,-2.8145732e-08,0.0002518953,0.36733021,79.841578,-0.0063686737,0.0062396949,-0.35850598,20.723266,-4.6926228e-08,0.0015138503,0.033447777,0.00055746295,0.10034333,0.00023514666,-0.35849548,-4.6926228e-08,0,-76.767907,0,-3.4304979,-2.8616054,-2.5668048,-0.0024924754,False,HL=0.0<15,8.1,False,,
IRFC,RECLTD,0.458039,126,44250,118,2025-12-02 09:15:00+05:30,2026-05-26 15:29:00+05:30,7.8847282e-09,1e-12,8.8795992e-05,1e-06,0.00074510681,9.45e-08,5.2555447e-07,0.00072495136,0.015002685,1.9027523e-06,231086.69,5.222298,15,False,0.010225115,-0.017173134,-0.0026506231,0.016138419,0.027398249,4.6975293,4.6973687,4.6974213,5.0022874e-05,9.1002937e-09,4.4248734e-08,0.086163783,3.2110432e-06,-7.2806067e-06,0.0012499575,-7.6252104e-08,0.00058495694,0.23634291,101.75645,-0.015889104,0.01684696,0.13312032,2.0165284,-9.9708787e-08,0.0011747169,0.34373291,0.0057288819,1.0311987,0.00058494635,0.13311679,-8.6435873e-08,0,-72.16842,0,-3.4304979,-2.8616054,-2.5668048,-0.0096748984,False,HL=0.3<15,7.24,False,,
ANGELONE,BSE,0.457551,127,44250,118,2025-12-02 09:15:00+05:30,2026-05-26 15:29:00+05:30,6.359264e-08,1e-12,0.00025217581,1e-06,0.0060095044,9.45e-08,4.1025205e-07,0.00064050921,0.15500871,2.4375259e-06,220825.09,4.990398,15,False,0.083108892,0.1036112,0.074468792,0.014269065,0.020502312,4.9736552,4.9736298,4.973637,7.7519466e-06,5.9974024e-09,4.424985e-08,0.11432539,4.5221045e-07,4.3433893e-06,0.0014195728,-1.1027237e-08,0.00015795371,-0.11028234,317.73282,-0.007025379,0.0067278997,-0.42347603,20.723266,-1.4825174e-08,0.00092121148,0.033447777,0.00055746295,0.10034333,0.00014309196,-0.42348156,-1.4825174e-08,0,-78.38841,0,-3.4304979,-2.8616054,-2.5668048,-0.001373503,False,HL=0.0<15,7.15,False,,
LODHA,PRESTIGE,0.457512,128,44250,118,2025-12-02 09:15:00+05:30,2026-05-26 15:29:00+05:30,2.2726393e-07,1e-12,0.00047672207,1e-06,0.021476442,9.45e-08,8.2950876e-07,0.00091077371,0.27397412,1.2055328e-06,203139.39,4.590721,15,False,-0.23145185,-0.2663543,-0.25894806,0.02152308,0.03490245,8.7375236,8.7375062,8.737512,5.4009331e-06,1.5666393e-08,4.4249919e-08,0.12917473,2.0146758e-07,-5.959223e-06,0.0015761246,-1.2696908e-08,0.00012967097,-0.20985998,249.24653,-0.004851476,0.0053610025,-0.43914174,20.723266,-1.6285852e-08,0.00075001034,0.033447777,0.00055746295,0.10034333,0.00011649926,-0.43913903,-1.6285852e-08,0,-80.242184,0,-3.4304979,-2.8616054,-2.5668048,-0.0010058637,False,HL=0.0<15,7.56,False,,
IREDA,PFC,0.457218,129,44250,118,2025-12-02 09:15:00+05:30,2026-05-26 15:29:00+05:30,1e-12,1e-12,1e-06,1e-06,9.45e-08,9.45e-08,0.0012113048,0.034803805,8.2555602e-10,8.2555602e-10,66538.543,1.503696,15,False,0.32861194,0.30391122,0.3084483,0.0090584208,0.024700715,3.0123975,3.0091411,3.009954,0.0015445923,6.6586091e-09,4.3398025e-08,5.9350392e-05,3.8044838e-06,-0.016783353,0.044546334,1.4491079e-05,0.034883186,-0.19494918,-0.49156217,-0.088361776,0.089897419,0.99958892,0.00042733348,-0.0017138109,0.0010003244,1622.0287,27.033812,4866.0862,0.034217037,0.99957276,-7.322123e-07,0.00086086836,-2.9746594,0.037329616,-3.4304978,-2.8616053,-2.5668048,0.48789131,False,HL=1622>1440,6.7,False,,
SBIN,UNIONBANK,0.456457,130,44250,118,2025-12-02 09:15:00+05:30,2026-05-26 15:29:00+05:30,1e-12,1e-12,1e-06,1e-06,9.45e-08,9.45e-08,0.00014057518,0.01185644,7.1136314e-09,7.1136314e-09,25122.075,0.567731,15,False,0.30656001,0.30494061,0.31570605,0.0071405626,0.0016194079,5.3291731,5.3281273,5.3304557,0.0013159374,3.8399537e-09,4.2771142e-08,0.00011699542,1.5062911e-05,-0.00037477511,0.028792749,-9.7392621e-05,0.020819833,0.4601207,0.20969555,-0.065486332,0.065601802,0.99935488,0.00064188152,-0.00080619821,0.00074797561,1079.8678,17.997796,3239.6034,0.02087589,0.99935832,-5.1731769e-07,8.5651508e-05,-3.7619513,0.0033214939,-3.4304979,-2.8616054,-2.5668048,0.52120625,True,PASS,8.02,False,,
IREDA,SUZLON,0.456338,131,44250,118,2025-12-02 09:15:00+05:30,2026-05-26 15:29:00+05:30,1e-12,1e-12,1e-06,1e-06,9.45e-08,9.45e-08,0.00038347101,0.019582416,2.607759e-09,2.607759e-09,103513.27,2.339283,15,True,0.59190888,0.57409063,0.58443137,0.0054304935,0.017818249,2.5912682,2.5878746,2.5905092,0.0013933919,7.1453036e-09,4.2155323e-08,9.5960378e-05,1.0619031e-05,-0.0060801045,0.021922659,5.3578066e-06,0.019581316,0.27751753,-0.39080477,-0.053250178,0.062450613,0.99884701,0.0011651782,-0.00090055945,0.00094057184,594.8851,9.9147517,1784.6553,0.01948412,0.9988355,-1.0487012e-06,1.6827547e-07,-4.3424647,0.00037472191,-3.4304978,-2.8616053,-2.5668048,0.46540857,True,PASS,6.43,False,,
HINDCOPPER,VEDL,0.455493,132,44205,117.9,2025-12-02 09:15:00+05:30,2026-05-26 15:29:00+05:30,5.0213864e-07,1e-12,0.00070861742,1e-06,0.047452102,9.45e-08,1.1847267e-06,0.0010884515,0.42384343,8.4407649e-07,197051.04,4.457664,15,False,0.28249556,0.34315146,0.34766725,0.023759958,0.060655898,4.3229112,4.322905,4.3229064,1.7998812e-06,3.3881949e-08,4.4204909e-08,0.1682521,1.7423258e-07,8.0108655e-06,0.0018091417,-9.7944912e-09,0.00016462228,0.022768422,311.05307,-0.0071403889,0.0065406057,-0.43831464,20.723266,-7.2213818e-09,0.00095256353,0.033447777,0.00055746295,0.10034333,0.00014796188,-0.43829732,-7.2213818e-09,0,-77.515643,0,-3.430498,-2.8616054,-2.5668048,-0.0010125764,False,HL=0.0<15,7.35,False,,
COFORGE,WIPRO,0.4527,133,44250,118,2025-12-02 09:15:00+05:30,2026-05-26 15:29:00+05:30,1e-12,1e-12,1e-06,1e-06,9.45e-08,9.45e-08,0.010080533,0.10040186,9.9201099e-11,9.9201099e-11,32896.061,0.743414,15,False,0.49302146,0.44354774,0.45014217,0.0066577526,0.049473723,4.8344734,4.8311181,4.8323723,0.0012695648,2.0000446e-08,4.3766704e-08,3.9811763e-05,9.2995735e-07,-0.076971066,0.083072289,-0.001749552,0.10038878,-0.15672209,-0.97704881,-0.2442475,0.20117424,0.99992477,0.00010453474,-0.024342485,0.0012313859,6630.7831,110.51305,19892.349,0.08516259,0.99989547,-2.5445023e-06,0.036517738,-1.8262481,0.36751027,-3.4304978,-2.8616053,-2.5668048,0.50209964,False,ADF_p=0.3675; HL=6631>1440,6.68,False,,
OIL,ONGC,0.450011,134,44250,118,2025-12-02 09:15:00+05:30,2026-05-26 15:29:00+05:30,6.0523724e-08,1e-12,0.0002460157,1e-06,0.0057194919,9.45e-08,2.4751909e-07,0.0004975129,0.24452144,4.0400924e-06,234250.36,5.293794,15,False,0.049458533,0.078021093,0.066345005,0.01252879,0.02856256,5.7578594,5.7578158,5.7578302,1.3287966e-05,8.311682e-09,4.4249605e-08,0.16034964,1.0894094e-06,4.0388533e-06,0.0011237317,-9.7663006e-09,0.00015355123,0.22429136,93.490851,-0.0044861874,0.0041082029,-0.43060236,20.723266,-1.6115105e-08,0.00089221216,0.033447777,0.00055746295,0.10034333,0.00013858749,-0.43060102,-1.6115105e-08,0,-77.886673,0,-3.4304979,-2.8616054,-2.5668048,-0.0011026043,False,HL=0.0<15,7.84,False,,
HUDCO,NBCC,0.44953,135,44250,118,2025-12-02 09:15:00+05:30,2026-05-26 15:29:00+05:30,1e-12,1e-12,1e-06,1e-06,9.45e-08,9.45e-08,0.0001525079,0.012349409,6.5570375e-09,6.5570375e-09,-5884.4325,-0.132982,15,False,0.53717317,0.53323757,0.52045238,0.0087580804,0.0039356008,2.9154711,2.9161599,2.9137031,0.0019308024,4.5674657e-09,4.2430321e-08,0.00011578941,1.5986981e-05,0.00066285319,0.033173101,-0.00013197847,0.024765287,0.29614803,0.010123794,-0.072641672,0.074634339,0.99916933,0.00089062425,-0.0020978946,0.0010096057,778.27117,12.971186,2334.8135,0.023921563,0.99910977,-1.867604e-06,2.164785e-06,-4.2455909,0.00055110962,-3.4304979,-2.8616053,-2.5668048,0.49177485,True,PASS,6.89,False,,
INFY,PERSISTENT,0.449526,136,44250,118,2025-12-02 09:15:00+05:30,2026-05-26 15:29:00+05:30,1e-12,1e-12,1e-06,1e-06,9.45e-08,9.45e-08,0.00024418788,0.015626512,4.0952073e-09,4.0952073e-09,97546.908,2.20445,15,False,0.40270364,0.3804148,0.39641524,0.0099631556,0.02228884,3.8280219,3.8249412,3.8268811,0.0012187918,2.3972473e-09,4.369356e-08,8.246961e-05,7.0458704e-06,-0.0083279903,0.020890049,-4.7681785e-05,0.015625458,-0.23207333,0.9323733,-0.088102954,0.051778134,0.99838751,0.0016245308,5.371337e-05,0.00088770847,426.6753,7.111255,1280.0259,0.015573685,0.99837679,8.7188187e-08,9.0659389e-10,-5.2161969,8.1467646e-06,-3.4304978,-2.8616053,-2.5668048,0.50319007,True,PASS,6.49,False,,
BDL,DATAPATTNS,0.449022,137,44250,118,2025-12-02 09:15:00+05:30,2026-05-26 15:29:00+05:30,1e-12,1e-12,1e-06,1e-06,9.45e-08,9.45e-08,0.0028059985,0.052971676,3.5637938e-10,3.5637938e-10,46906.857,1.060042,15,False,0.54359058,0.50953497,0.52503253,0.012126061,0.03405561,3.0037901,3.0000532,3.0019351,0.0014724201,6.8995073e-09,4.3805226e-08,4.2991755e-05,1.7990993e-06,-0.038592057,0.062389279,0.00051503842,0.052968947,0.71307727,0.15450028,-0.12739324,0.15301097,0.99976481,0.00022843691,-0.0064027811,0.0011488659,3034.3047,50.571745,9102.9142,0.053749103,0.99977159,-1.4624644e-06,0.013367262,-1.9955377,0.2885331,-3.4304978,-2.8616053,-2.5668048,0.4974475,False,ADF_p=0.2885; HL=3034>1440,7.26,False,,
JIOFIN,NBCC,0.447525,138,44250,118,2025-12-02 09:15:00+05:30,2026-05-26 15:29:00+05:30,1e-12,1e-12,1e-06,1e-06,9.45e-08,9.45e-08,0.0012485104,0.035334267,8.0095446e-10,8.0095446e-10,65216.105,1.47381,15,False,0.1168003,0.072238396,0.086137747,0.012139694,0.044561907,5.1675539,5.1597722,5.1629137,0.0027594802,9.3126143e-09,4.2866781e-08,6.8196733e-05,4.6977848e-06,-0.033121314,0.03571287,-0.00063834901,0.035341063,-0.3852231,-0.7423805,-0.10792521,0.079661178,0.99966277,0.0003541111,-0.003656982,0.00091789743,1957.4285,32.623809,5872.2856,0.034491286,0.99964595,-1.2947487e-06,0.0020666726,-2.9093392,0.044272708,-3.4304978,-2.8616053,-2.5668048,0.49946335,False,HL=1957>1440,6.39,False,,
ACC,AMBUJACEM,0.447382,139,44250,118,2025-12-02 09:15:00+05:30,2026-05-26 15:29:00+05:30,1e-12,1e-12,1e-06,1e-06,9.45e-08,9.45e-08,0.00045962461,0.021438858,2.1756885e-09,2.1756885e-09,75650.42,1.709614,15,False,0.11612922,0.073171082,0.090556656,0.013991032,0.042958143,6.7915753,6.7849929,6.7879606,0.0024092449,4.5501652e-09,4.3258352e-08,7.3943379e-05,6.7633089e-06,-0.020028462,0.026738011,-0.00020071367,0.021490385,-1.080663,1.5795455,-0.10046368,0.038861906,0.99921283,0.00079836094,-0.00043348644,0.00085285708,868.2128,14.470213,2604.6384,0.021343303,0.99920196,-3.4594053e-07,1.1623164e-05,-3.6704809,0.0045480551,-3.4304979,-2.8616053,-2.5668048,0.47089853,True,PASS,7.31,False,,
IRCON,TITAGARH,0.4472,140,44250,118,2025-12-02 09:15:00+05:30,2026-05-26 15:29:00+05:30,1e-12,1e-12,1e-06,1e-06,9.45e-08,9.45e-08,0.0028043944,0.052956533,3.5658322e-10,3.5658322e-10,60978.256,1.37804,15,False,0.26399802,0.25400234,0.25858488,0.0052194402,0.009995683,3.2933021,3.2914574,3.2922201,0.00085544709,8.6905918e-09,4.3609671e-08,4.6711048e-05,2.1292873e-06,-0.011969152,0.058764352,-0.00062103623,0.052951735,-0.4190871,-0.15143215,-0.15978977,0.12301029,0.99971483,0.00027487445,-0.0046529854,0.0012646825,2521.6865,42.028108,7565.0595,0.053938556,0.99972516,-1.278811e-06,0.0077432393,-2.3526454,0.15555018,-3.4304978,-2.8616053,-2.5668048,0.50704086,False,ADF_p=0.1556; HL=2522>1440,6.65,False,,
CDSL,NBCC,0.44677,141,44250,118,2025-12-02 09:15:00+05:30,2026-05-26 15:29:00+05:30,1e-12,1e-12,1e-06,1e-06,9.45e-08,9.45e-08,0.0010176721,0.031900973,9.8263482e-10,9.8263482e-10,85273.497,1.927085,15,True,0.67816905,0.6566133,0.66358624,0.0027715478,0.02155575,4.1512023,4.1486448,4.1501581,0.00059307129,8.6015333e-09,4.2802045e-08,7.0910135e-05,5.3504782e-06,-0.012356523,0.032657445,9.1295912e-05,0.031899517,-0.30975253,-0.25512505,-0.094341252,0.080646032,0.99956367,0.00044740924,-0.0035067234,0.00094243499,1549.2465,25.820774,4647.7394,0.031505323,0.99955269,-1.5685895e-06,0.0007229684,-2.6474497,0.083581466,-3.4304979,-2.8616053,-2.5668048,0.48533412,False,ADF_p=0.0836; HL=1549>1440,7.11,False,,
HCLTECH,PERSISTENT,0.446573,142,44250,118,2025-12-02 09:15:00+05:30,2026-05-26 15:29:00+05:30,1e-12,1e-12,1e-06,1e-06,9.45e-08,9.45e-08,0.00065688138,0.025629697,1.5223449e-09,1.5223449e-09,71007.722,1.604694,15,False,0.19911778,0.16720591,0.18897007,0.011484992,0.03191188,5.6549392,5.65074,5.6533718,0.0014118968,3.5493819e-09,4.3724737e-08,5.8839715e-05,4.1356407e-06,-0.019416431,0.033485905,-0.00015089272,0.025697747,0.66974165,0.4545132,-0.069258789,0.088195833,0.99937408,0.00062151418,-0.00045811734,0.00090937129,1115.2556,18.587594,3345.7669,0.025792932,0.99937868,-2.8463796e-07,0.00011031845,-3.6516197,0.0048474851,-3.4304978,-2.8616053,-2.5668048,0.49530739,True,PASS,6.67,False,,
ADANIENT,AMBUJACEM,0.44637,143,44250,118,2025-12-02 09:15:00+05:30,2026-05-26 15:29:00+05:30,9.4211157e-07,1e-12,0.00097062432,1e-06,0.089029543,9.45e-08,2.0110108e-06,0.0014181011,0.46847663,4.9726237e-07,182809.45,4.131287,15,False,0.58557788,0.64963299,0.59221227,0.01853162,0.064055102,4.0280193,4.028019,4.0280191,9.0368876e-08,5.2279927e-08,4.4249971e-08,0.15340917,6.6830903e-08,9.2943013e-06,0.0010004777,-4.5319587e-10,7.0320162e-05,-0.05938988,245.90024,-0.0033656709,0.0031809026,-0.48122723,20.723266,1.6270488e-09,0.00039684545,0.033447777,0.00055746295,0.10034333,6.1642083e-05,-0.48122119,1.6270488e-09,0,-79.866674,0,-3.4304979,-2.8616054,-2.5668048,-0.00024731225,False,HL=0.0<15,8.34,False,,
ANGELONE,CDSL,0.446234,144,44250,118,2025-12-02 09:15:00+05:30,2026-05-26 15:29:00+05:30,5.4411655e-07,1e-12,0.00073764256,1e-06,0.051419014,9.45e-08,1.6433329e-06,0.0012819255,0.33110549,6.0851944e-07,187697.83,4.241759,15,False,0.44388081,0.48923626,0.44650733,0.018397017,0.045355451,2.3617955,2.3617937,2.3617942,5.5207081e-07,3.1589189e-08,4.4249974e-08,0.13179117,7.2320711e-08,7.7418209e-06,0.0012444022,-3.0595078e-09,8.9884986e-05,-0.32224099,225.43909,-0.0041107482,0.0035981897,-0.47385261,20.723266,-3.3771787e-09,0.00050957462,0.033447777,0.00055746295,0.10034333,7.9152329e-05,-0.47385812,-3.3771787e-09,0,-78.924696,0,-3.4304979,-2.8616054,-2.5668048,-0.00035898523,False,HL=0.0<15,7.63,False,,
IREDA,MAZDOCK,0.446122,145,44250,118,2025-12-02 09:15:00+05:30,2026-05-26 15:29:00+05:30,1e-12,7.5606968e-07,1e-06,0.00086952267,9.45e-08,0.071448585,0.0007342134,0.027096373,1.3620018e-09,0.0010297683,117749.33,2.661002,15,False,1.0170898,1.0168218,1.016827,5.4283858e-06,0.00026799808,-3.0703984,-3.0757934,-3.0770348,0.04839977,4.270084e-07,4.9208243e-05,1.4573476e-05,0.031547328,-5.3903591e-06,0.0043217101,1.546429e-06,0.0030360868,-0.18808769,9.4943415,-0.027672406,0.036780401,0.9235829,0.079494768,1.2286205e-06,0.0012106066,8.7194063,0.14532344,26.158219,0.0030361189,0.92358285,9.3887674e-08,0,-33.287998,0,-3.4304979,-2.8616054,-2.5668048,0.2082596,False,HL=8.7<15,7.42,False,,
HINDZINC,TATASTEEL,0.446084,146,44250,118,2025-12-02 09:15:00+05:30,2026-05-26 15:29:00+05:30,4.6395391e-07,1e-12,0.00068114162,1e-06,0.043843645,9.45e-08,7.2248181e-05,0.008499893,0.0064216691,1.3841179e-08,160207.58,3.62051,15,False,-0.10044283,-0.046933987,-0.064158312,0.017343194,0.053508847,6.7241342,6.7241315,6.7241323,8.4323327e-07,8.7649775e-07,4.4249979e-08,0.064986944,4.0130923e-08,1.8427735e-05,0.0020224973,-1.8564246e-07,0.0011407679,-0.30399557,137.68957,-0.038588963,0.040684051,0.34941221,1.0515023,-1.8302361e-07,0.0016543308,0.65919704,0.010986617,1.9775911,0.0011407809,0.34941244,-1.1907288e-07,0,-68.294077,0,-3.4304979,-2.8616054,-2.5668048,-0.0095715279,False,HL=0.7<15,7.49,False,,
MAZDOCK,NBCC,0.445906,147,44250,118,2025-12-02 09:15:00+05:30,2026-05-26 15:29:00+05:30,4.3691472e-08,1e-12,0.00020902505,1e-06,0.0041288441,9.45e-08,2.4392517e-07,0.00049388781,0.17911834,4.0996179e-06,239458.31,5.411487,15,False,0.46794836,0.47116099,0.4680358,0.012506678,0.0032126303,5.6595553,5.6595276,5.6595364,9.0605612e-06,1.1727744e-08,4.4248244e-08,0.17919996,2.8224608e-06,3.0919164e-07,0.001068836,-5.4717416e-09,0.00023747384,0.1456434,34.084479,-0.0044827996,0.0042541988,-0.33668128,20.723266,-2.7210169e-08,0.0014394282,0.033447777,0.00055746295,0.10034333,0.00022358668,-0.33665178,-2.7210169e-08,0,-79.594685,0,-3.4304979,-2.8616054,-2.5668048,-0.0029284267,False,HL=0.0<15,7.08,False,,
INFY,LTM,0.445873,148,44250,118,2025-12-02 09:15:00+05:30,2026-05-26 15:29:00+05:30,1.2063069e-07,1e-12,0.0003473193,1e-06,0.011399601,9.45e-08,5.9492309e-07,0.00077131258,0.20276687,1.6808895e-06,211276.25,4.774605,15,False,-0.095489787,-0.13596479,-0.11151225,0.01780361,0.040475006,8.1884578,8.1884465,8.1884502,3.4435044e-06,8.7560854e-09,4.4249933e-08,0.11032048,2.1508362e-07,-8.2407928e-06,0.001151527,-6.0663057e-09,9.5496032e-05,-2.5504412,573.23963,-0.005474062,0.0043658841,-0.47711218,20.723266,-5.1640538e-09,0.00054029676,0.033447777,0.00055746295,0.10034333,8.3924404e-05,-0.47709834,-5.1640538e-09,0,-78.627959,0,-3.4304979,-2.8616054,-2.5668048,-0.00022184397,False,HL=0.0<15,7.11,False,,
COCHINSHIP,DATAPATTNS,0.445652,149,44250,118,2025-12-02 09:15:00+05:30,2026-05-26 15:29:00+05:30,1e-12,1e-12,1e-06,1e-06,9.45e-08,9.45e-08,0.0015649208,0.03955908,6.3900998e-10,6.3900998e-10,63235.907,1.42906,15,False,0.40809327,0.38809893,0.39576474,0.0087983635,0.019994338,4.1575451,4.155005,4.1559971,0.0011170009,5.3088923e-09,4.3757666e-08,4.8710929e-05,2.5637045e-06,-0.018138369,0.049308098,5.6012235e-05,0.039581652,-0.48768417,0.57138556,-0.15583623,0.10081948,0.99954901,0.00043007584,-0.0030737115,0.0011888906,1611.6859,26.861432,4835.0578,0.040537259,0.99957002,-1.3216448e-06,0.0012989981,-2.8632834,0.049787266,-3.4304978,-2.8616053,-2.5668048,0.51672436,False,HL=1612>1440,5.59,False,,
EICHERMOT,M&M,0.445431,150,44250,118,2025-12-02 09:15:00+05:30,2026-05-26 15:29:00+05:30,1e-12,2.6480128e-06,1e-06,0.0016272716,9.45e-08,0.25023721,0.0029769605,0.05456153,3.3591309e-10,0.00088950215,87286.048,1.972566,15,False,1.0607435,1.060895,1.0608955,5.4430772e-07,0.00015152129,0.14905176,0.3751676,0.26923852,0.068631745,1.3053225e-06,0.00017188876,1.0289775e-05,0.029353369,0.00017350562,0.0034845028,8.7548231e-07,0.0024674472,0.043202117,7.7843826,-0.026629702,0.023578817,0.92718684,0.075569289,7.4915451e-08,0.00095944701,9.1723396,0.15287233,27.517019,0.0024679328,0.92721548,5.452685e-09,0,-36.320958,0,-3.4304978,-2.8616053,-2.5668048,0.21793151,False,HL=9.2<15,7.25,False,,
CDSL,JIOFIN,0.444896,151,44250,118,2025-12-02 09:15:00+05:30,2026-05-26 15:29:00+05:30,1e-12,1e-12,1e-06,1e-06,9.45e-08,9.45e-08,0.00068499037,0.026172321,1.4598745e-09,1.4598745e-09,92121.497,2.081842,15,False,0.61140017,0.59214946,0.59676465,0.0036725673,0.019250708,3.8749934,3.8726717,3.8735368,0.00069044632,5.9813359e-09,4.3110264e-08,6.8711448e-05,5.8844192e-06,-0.0093488217,0.028149833,-8.8941658e-05,0.02617074,0.91664226,1.8075924,-0.075381734,0.10371258,0.99937528,0.00066113664,-0.0018339624,0.00092520455,1048.4174,17.473624,3145.2523,0.025443517,0.99933908,-1.212099e-06,4.1864301e-05,-3.3175226,0.014113152,-3.4304979,-2.8616053,-2.5668048,0.46981277,True,PASS,7.96,False,,
MPHASIS,TCS,0.444475,152,44250,118,2025-12-02 09:15:00+05:30,2026-05-26 15:29:00+05:30,1e-12,1e-12,1e-06,1e-06,9.45e-08,9.45e-08,0.00022752453,0.015083916,4.3951306e-09,4.3951306e-09,105311.69,2.379925,15,False,0.5764063,0.56759893,0.56886393,0.0054811476,0.0088073636,3.3066813,3.3052894,3.3055055,0.00074844379,2.62497e-09,4.3583124e-08,8.6279897e-05,7.9888996e-06,-0.0032538056,0.019921037,-4.3689531e-05,0.015084668,0.030763195,0.13919763,-0.048198625,0.048875764,0.99784515,0.0020746436,0.00040414025,0.00099078637,334.10422,5.5684037,1002.3127,0.015381308,0.99792751,8.3757785e-07,1.5471892e-11,-5.9115839,2.6311358e-07,-3.4304978,-2.8616053,-2.5668048,0.47624593,True,PASS,6.45,False,,
BEML,COCHINSHIP,0.44445,153,44250,118,2025-12-02 09:15:00+05:30,2026-05-26 15:29:00+05:30,8.7353141e-08,1e-12,0.00029555565,1e-06,0.0082548718,9.45e-08,3.8647316e-07,0.00062166966,0.22602641,2.5875018e-06,221424.73,5.003949,15,False,0.41853516,0.42667628,0.41688735,0.0065466015,0.0081411173,4.3926553,4.3926491,4.3926511,2.00145e-06,7.505674e-09,4.424978e-08,0.12670569,4.9896237e-07,1.4519309e-06,0.0012231773,-2.1028911e-09,0.00012159884,0.048570196,114.16627,-0.004213969,0.0048505106,-0.46674289,20.723266,-7.4308576e-10,0.00069234168,0.033447777,0.00055746295,0.10034333,0.00010754157,-0.46673941,-7.4308576e-10,0,-78.085796,0,-3.4304979,-2.8616054,-2.5668048,-0.00054376979,False,HL=0.0<15,7.17,False,,
MPHASIS,TECHM,0.444404,154,44250,118,2025-12-02 09:15:00+05:30,2026-05-26 15:29:00+05:30,1e-12,1e-12,1e-06,1e-06,9.45e-08,9.45e-08,0.00039397116,0.019848707,2.5382569e-09,2.5382569e-09,86743.878,1.960314,15,False,0.50631052,0.47792307,0.48923966,0.010787418,0.028387459,4.2349161,4.2308091,4.2324098,0.0015244448,3.4781369e-09,4.352448e-08,7.3489547e-05,6.2926574e-06,-0.013308548,0.025351639,-5.9798223e-05,0.019853293,-0.23594089,0.2843727,-0.064058518,0.056244414,0.99874513,0.0012417819,0.00032850129,0.00099491184,558.18754,9.3031257,1674.5626,0.019963971,0.99875899,4.0767377e-07,9.3646609e-08,-4.6651476,9.7797293e-05,-3.4304978,-2.8616053,-2.5668048,0.4709116,True,PASS,6.79,False,,
KPITTECH,TATAELXSI,0.444262,155,44250,118,2025-12-02 09:15:00+05:30,2026-05-26 15:29:00+05:30,1e-12,1e-12,1e-06,1e-06,9.45e-08,9.45e-08,0.0071435281,0.084519395,1.3998685e-10,1.3998685e-10,11917.793,0.269329,15,False,0.22883253,0.17345946,0.19028345,0.015481701,0.055373071,5.1757479,5.170799,5.1728185,0.0018611326,1.0538685e-08,4.3895087e-08,3.3242954e-05,9.7889906e-07,-0.099476165,0.091801556,-0.00096977496,0.092096848,-0.2514888,-1.0018902,-0.21946944,0.1606293,0.9999137,0.00010417636,-0.017570506,0.001209962,6653.5937,110.89323,19960.781,0.083824725,0.99989583,-1.830336e-06,0.04766461,-1.6753689,0.44384576,-3.4304979,-2.8616054,-2.5668048,0.47838692,False,ADF_p=0.4438; HL=6654>1440,7.73,False,,
IRFC,MAZDOCK,0.444238,156,44250,118,2025-12-02 09:15:00+05:30,2026-05-26 15:29:00+05:30,1e-12,1e-12,1e-06,1e-06,9.45e-08,9.45e-08,0.00097880462,0.031285853,1.0216544e-09,1.0216544e-09,70192.203,1.586264,15,False,0.26574184,0.24908904,0.25897982,0.0092680346,0.016652804,2.6627673,2.6603414,2.661657,0.0012272515,4.6163939e-09,4.3665973e-08,5.4333487e-05,3.5476132e-06,-0.011550556,0.041769819,-0.00010361697,0.031331346,-0.012547056,-0.29512245,-0.084417798,0.12338741,0.99954185,0.00045833799,-8.2096118e-05,0.00094853403,1512.3057,25.205096,4536.9172,0.031328889,0.99954177,-3.7619148e-08,0.00072520707,-3.1777936,0.021306593,-3.4304978,-2.8616053,-2.5668048,0.4953459,False,HL=1512>1440,7.33,False,,
INFY,MPHASIS,0.44314,157,44250,118,2025-12-02 09:15:00+05:30,2026-05-26 15:29:00+05:30,1e-12,1e-12,1e-06,1e-06,9.45e-08,9.45e-08,0.00024214509,0.015561012,4.1297554e-09,4.1297554e-09,98325.576,2.222047,15,False,0.55025282,0.53024628,0.54503995,0.0088513371,0.020006535,2.9829502,2.9800654,2.9820169,0.0011738464,2.7014739e-09,4.3577655e-08,8.4781811e-05,7.7676728e-06,-0.0072691116,0.021027999,-3.8886854e-05,0.015564176,-0.37233493,0.63641633,-0.083601125,0.046824355,0.99835345,0.0016331092,-0.00018714249,0.00089352762,424.43406,7.073901,1273.3022,0.015634549,0.99836822,-3.0537471e-07,1.0987898e-09,-4.9497166,2.7882163e-05,-3.4304978,-2.8616053,-2.5668048,0.48406543,True,PASS,7.07,False,,
PERSISTENT,TCS,0.442746,158,44250,118,2025-12-02 09:15:00+05:30,2026-05-26 15:29:00+05:30,2.8325897e-07,1e-12,0.00053222079,1e-06,0.026767973,9.45e-08,1.0738069e-06,0.0010362465,0.26378949,9.3126615e-07,196541.82,4.441623,15,False,-0.26369901,-0.30297719,-0.28725737,0.019608078,0.039278176,10.882888,10.882882,10.882884,1.823302e-06,1.7685343e-08,4.4249978e-08,0.11943929,9.2369144e-08,-7.4426913e-06,0.001444297,-5.8342246e-09,0.00010864659,1.9129013,272.65278,-0.0037263857,0.0049655126,-0.48156149,20.723266,-6.35524e-09,0.00061301057,0.033447777,0.00055746295,0.10034333,9.5219055e-05,-0.48155571,-6.35524e-09,0,-78.398868,0,-3.4304979,-2.8616054,-2.5668048,-0.00015792235,False,HL=0.0<15,7.56,False,,
BEML,MAZDOCK,0.441924,159,44250,118,2025-12-02 09:15:00+05:30,2026-05-26 15:29:00+05:30,4.0574123e-09,6.6350893e-06,6.369782e-05,0.0025758667,0.00038342546,0.62701594,0.0016782795,0.04096681,2.4176022e-06,0.0039535066,99195.531,2.241707,15,False,0.63576756,0.64027368,0.6387816,0.0010437031,0.0045061275,2.4812449,2.5212536,2.4652744,0.055164485,0.00017126461,0.010537537,0.00031433171,0.059762894,2.5106889e-05,0.002868059,-9.6252833e-08,0.0020227204,0.43784447,30.181229,-0.034779977,0.048084608,0.82049431,0.19784684,-8.1095033e-08,0.0012723866,3.5034534,0.058390891,10.51036,0.0020227375,0.82049551,-1.4556922e-08,0,-43.89325,0,-3.4304979,-2.8616054,-2.5668048,0.087875459,False,HL=3.5<15,6.87,False,,
LTM,TCS,0.441371,160,44250,118,2025-12-02 09:15:00+05:30,2026-05-26 15:29:00+05:30,1e-12,1e-12,1e-06,1e-06,9.45e-08,9.45e-08,0.00030996018,0.017605686,3.2262208e-09,3.2262208e-09,94531.506,2.136305,15,False,0.73612034,0.71320986,0.72324136,0.0085555567,0.022910479,2.7946807,2.7916468,2.7929769,0.0011350601,2.9421564e-09,4.3593667e-08,7.7208919e-05,6.7721534e-06,-0.0091742895,0.022936499,-5.548435e-05,0.017605826,0.10726287,0.22904623,-0.051160051,0.069974184,0.99852993,0.0014607126,-0.00034014744,0.00095499719,474.52674,7.908779,1423.5802,0.017668705,0.99854035,-4.9649495e-07,7.4184943e-09,-5.1049494,1.3701268e-05,-3.4304978,-2.8616053,-2.5668048,0.47577474,True,PASS,6.86,False,,
BANKINDIA,MAHABANK,0.441192,161,44250,118,2025-12-02 09:15:00+05:30,2026-05-26 15:29:00+05:30,1e-12,1e-12,1e-06,1e-06,9.45e-08,9.45e-08,0.003030095,0.055046298,3.3002266e-10,3.3002266e-10,56807.143,1.283777,15,False,0.39225987,0.37046538,0.3828575,0.0066954629,0.021794493,3.4029497,3.3992937,3.4020887,0.0015039632,1.4111862e-08,4.324881e-08,6.6626738e-05,2.5046002e-06,-0.019551692,0.061970714,0.00039993476,0.055078671,0.21200757,-0.7161541,-0.11506037,0.12115443,0.99982777,0.0001659592,-0.0087911672,0.0010222823,4176.612,69.6102,12529.836,0.056111927,0.99983405,-1.458854e-06,0.029998522,-1.7581683,0.40141869,-3.4304978,-2.8616053,-2.5668048,0.50126283,False,ADF_p=0.4014; HL=4177>1440,6.23,False,,
BEML,GRSE,0.441161,162,44250,118,2025-12-02 09:15:00+05:30,2026-05-26 15:29:00+05:30,2.1542589e-08,1e-12,0.00014677394,1e-06,0.0020357746,9.45e-08,3.3658231e-07,0.00058015714,0.064003925,2.9710415e-06,231093.69,5.222456,15,False,0.18163864,0.18496088,0.17733732,0.008205754,0.0033222421,6.06187,6.0618167,6.061834,1.6553088e-05,5.1931156e-09,4.4249256e-08,0.10556247,1.5349022e-06,7.3845804e-07,0.0012987419,-1.6342129e-08,0.00028300133,0.068455586,119.68573,-0.0093607705,0.011347733,-0.34294642,20.723266,-1.5618477e-08,0.0017114472,0.033447777,0.00055746295,0.10034333,0.00026583943,-0.34294395,-1.5618477e-08,0,-77.215717,0,-3.4304979,-2.8616054,-2.5668048,-0.0028696619,False,HL=0.0<15,7.23,False,,
KEI,POLYCAB,0.440875,163,44250,118,2025-12-02 09:15:00+05:30,2026-05-26 15:29:00+05:30,1e-12,8.6522593e-05,1e-06,0.0093017521,9.45e-08,8.176385,0.0001494293,0.012224128,6.6921279e-09,0.57902026,137560.77,3.108718,15,False,-0.34075562,-0.34142294,-0.34142478,1.698977e-06,0.00066732084,11.361515,11.710031,11.466929,0.11455051,2.1102417e-06,0.0002559323,8.6913941e-06,0.52461095,1.4953974e-05,0.0017364844,-8.3457903e-08,0.00077750771,-1.0826756,170.55806,-0.032205993,0.027007041,0.10808405,2.2248494,-5.4585828e-08,0.0016400843,0.3115479,0.0051924651,0.93464371,0.00077750084,0.10808369,-4.868599e-08,0,-73.75925,0,-3.4304979,-2.8616054,-2.5668048,-0.0092683147,False,HL=0.3<15,7.19,False,,
BEL,COCHINSHIP,0.440332,164,44250,118,2025-12-02 09:15:00+05:30,2026-05-26 15:29:00+05:30,1e-12,3.4263602e-06,1e-06,0.001851043,9.45e-08,0.32379103,0.0025774849,0.050768936,3.8797512e-10,0.0013293425,90331.786,2.041396,15,False,0.66056816,0.66087366,0.6608748,8.43049e-07,0.00030549641,1.1304759,1.1966501,1.2069656,0.072938566,1.7704334e-06,0.00018736809,1.5027429e-05,0.035770767,4.1637206e-05,0.0031523777,7.9861451e-07,0.0022262866,-0.65166475,15.608472,-0.042513158,0.017264359,0.90447892,0.10041709,1.7385601e-06,0.0009975951,6.9026811,0.11504469,20.708043,0.0022260529,0.90446009,1.6610187e-07,0,-33.137311,0,-3.4304979,-2.8616054,-2.5668048,0.197323,False,HL=6.9<15,7.56,False,,
NBCC,RECLTD,0.43987,165,44250,118,2025-12-02 09:15:00+05:30,2026-05-26 15:29:00+05:30,6.9804417e-07,1e-12,0.00083549038,1e-06,0.065965174,9.45e-08,1.6868078e-06,0.0012987717,0.41382555,5.9283577e-07,189514.25,4.282808,15,False,-0.66819963,-0.7072103,-0.69938778,0.02265643,0.039010666,8.6813453,8.6813358,8.6813389,2.9428256e-06,4.7939019e-08,4.4249966e-08,0.16001462,9.5647343e-08,-5.447688e-06,0.0016987351,-1.4898526e-08,0.00013837529,-0.23299659,164.955,-0.0040421757,0.0043921818,-0.42573954,20.723266,-2.1221503e-08,0.00080608731,0.033447777,0.00055746295,0.10034333,0.0001252097,-0.4257396,-2.1221503e-08,0,-77.498267,0,-3.4304979,-2.8616054,-2.5668048,-0.0013219109,False,HL=0.0<15,7.79,False,,
BAJAJ-AUTO,EICHERMOT,0.43963,166,44250,118,2025-12-02 09:15:00+05:30,2026-05-26 15:29:00+05:30,9.9768528e-08,1e-12,0.00031586156,1e-06,0.0094281259,9.45e-08,4.4646708e-07,0.00066818192,0.22346223,2.2398068e-06,215525.84,4.870641,15,False,0.24273226,0.25961645,0.24824108,0.0053331024,0.016884191,6.9574122,6.9574087,6.9574099,1.1377867e-06,5.9041021e-09,4.4249946e-08,0.10677837,2.0456364e-07,3.5531307e-06,0.00076591883,-1.2357079e-09,5.3360486e-05,-0.55541188,55.807269,-0.0014254409,0.0010568939,-0.46770781,20.723266,-1.4014876e-09,0.00030364126,0.033447777,0.00055746295,0.10034333,4.7164658e-05,-0.46770899,-1.4014876e-09,0,-78.955838,0,-3.4304979,-2.8616054,-2.5668048,-0.00045551895,False,HL=0.0<15,6.85,False,,
JBMA,OLECTRA,0.439465,167,44250,118,2025-12-02 09:15:00+05:30,2026-05-26 15:29:00+05:30,5.1833226e-08,1e-12,0.00022766911,1e-06,0.0048982398,9.45e-08,4.195033e-07,0.00064769074,0.12355857,2.3837715e-06,222883.63,5.036918,15,False,0.22092559,0.22723803,0.21855189,0.0079079861,0.006312434,4.8423131,4.8422727,4.8422863,1.2542202e-05,8.1423784e-09,4.4249527e-08,0.12460273,9.2728299e-07,1.2265789e-06,0.001524495,-1.467271e-08,0.0002482533,0.062057147,40.416218,-0.0046865541,0.0050512462,-0.40037661,20.723266,-1.7495786e-08,0.001464554,0.033447777,0.00055746295,0.10034333,0.00022748946,-0.40039503,-1.7495786e-08,0,-78.024853,0,-3.4304979,-2.8616054,-2.5668048,-0.0016895329,False,HL=0.0<15,7.03,False,,
KAYNES,PGEL,0.43878,168,44250,118,2025-12-02 09:15:00+05:30,2026-05-26 15:29:00+05:30,1e-12,1e-12,1e-06,1e-06,9.45e-08,9.45e-08,0.0076800558,0.087635928,1.3020739e-10,1.3020739e-10,43378.041,0.980295,12,True,0.181587,0.12827148,0.13000037,0.0018434402,0.053315523,7.4368626,7.4357578,7.436065,0.00030968638,1.4757728e-08,4.3771359e-08,4.3028202e-05,1.0753391e-06,-0.038359636,0.082159551,-0.00042464814,0.087632813,0.54593493,1.1711984,-0.21792131,0.30493303,0.99982759,0.00027211412,-0.034430976,0.0016272736,2547.2665,42.454442,7641.7996,0.069754147,0.99972792,-9.36788e-06,0.0010271881,-3.1514278,0.022974077,-3.4304979,-2.8616053,-2.5668048,0.52601425,False,HL=2547>1440,7.72,False,,
LTM,TECHM,0.438213,169,44250,118,2025-12-02 09:15:00+05:30,2026-05-26 15:29:00+05:30,1e-12,1e-12,1e-06,1e-06,9.45e-08,9.45e-08,0.0003797501,0.019487178,2.6333107e-09,2.6333107e-09,83124.543,1.878521,15,False,1.0010032,0.95631155,0.97642084,0.013506958,0.044691659,1.3818758,1.3760185,1.3787795,0.0018530451,3.4297235e-09,4.3522654e-08,7.4373793e-05,6.4200395e-06,-0.019604557,0.021954642,-2.699547e-06,0.019484973,-0.35796933,0.053765944,-0.064403967,0.059085608,0.99861152,0.0013055734,-0.0011445681,0.0010271179,530.91398,8.8485664,1592.7419,0.020100397,0.99869528,-1.4933427e-06,9.5139092e-08,-4.5771791,0.0001422754,-3.4304978,-2.8616053,-2.5668048,0.4494723,True,PASS,6.89,False,,
COFORGE,KPITTECH,0.437585,170,44250,118,2025-12-02 09:15:00+05:30,2026-05-26 15:29:00+05:30,1e-12,1e-12,1e-06,1e-06,9.45e-08,9.45e-08,0.0031770669,0.056365476,3.1475573e-10,3.1475573e-10,54845.694,1.239451,15,False,0.44383267,0.41998674,0.42315923,0.0068760095,0.02384593,4.3919793,4.3895178,4.3900255,0.0010748663,9.2513296e-09,4.3602891e-08,4.2076795e-05,2.0005482e-06,-0.027969766,0.061452865,-0.00091589969,0.056365854,-0.18018334,-0.95074445,-0.14675917,0.12390114,0.99977167,0.00022408018,2.4534728e-05,0.0012045838,3093.2999,51.554998,9279.8996,0.056901054,0.99977594,5.4971303e-09,0.013709423,-2.1521945,0.22405105,-3.4304978,-2.8616053,-2.5668048,0.49672648,False,ADF_p=0.2241; HL=3093>1440,6.38,False,,
NMDC,SAIL,0.437582,171,44250,118,2025-12-02 09:15:00+05:30,2026-05-26 15:29:00+05:30,7.7119837e-07,1e-12,0.00087817901,1e-06,0.072878246,9.45e-08,0.00016514713,0.012850958,0.0046697657,6.0552068e-09,144143.75,3.257486,15,False,-0.14522494,-0.10077757,-0.12574716,0.013786546,0.044447368,5.0445327,5.044531,5.0445315,5.2541424e-07,1.7732079e-06,4.4249982e-08,0.057548737,2.6777595e-08,1.7712916e-05,0.0016664701,-2.8851661e-07,0.00098090139,-0.0022563839,35.463274,-0.016019817,0.01936846,0.47609761,0.74217441,-2.1663558e-07,0.0011950071,0.93394109,0.015565685,2.8018233,0.00098084976,0.4760776,-1.1350023e-07,0,-66.287146,0,-3.4304979,-2.8616054,-2.5668048,-0.008722005,False,HL=0.9<15,7.82,False,,
NBCC,SUZLON,0.437089,172,44250,118,2025-12-02 09:15:00+05:30,2026-05-26 15:29:00+05:30,1e-12,1e-12,1e-06,1e-06,9.45e-08,9.45e-08,0.0014683345,0.038318853,6.8104375e-10,6.8104375e-10,61723.963,1.394892,15,False,0.73848506,0.69648413,0.71497159,0.012688193,0.042000929,1.8121487,1.8034295,1.8080687,0.0031823258,1.1553938e-08,4.2687399e-08,7.2611985e-05,4.562024e-06,-0.034175764,0.04019726,7.9511934e-05,0.038346071,0.30957341,0.4193742,-0.096791564,0.11012491,0.99966104,0.00034517548,-0.0041427881,0.00099850707,2008.1009,33.468348,6024.3026,0.038002851,0.99965488,-1.4297421e-06,0.0026496298,-2.4544025,0.1269664,-3.4304978,-2.8616053,-2.5668048,0.49381285,False,ADF_p=0.1270; HL=2008>1440,6.85,False,,
LTM,PERSISTENT,0.436365,173,44250,118,2025-12-02 09:15:00+05:30,2026-05-26 15:29:00+05:30,1e-12,1e-12,1e-06,1e-06,9.45e-08,9.45e-08,0.001197697,0.034607759,8.3493574e-10,8.3493574e-10,47613.961,1.076022,15,False,0.11077748,0.069619298,0.089932265,0.015864274,0.041158183,7.7501668,7.7450137,7.7474511,0.0019162359,4.5834239e-09,4.3752661e-08,4.9426025e-05,2.9550073e-06,-0.033656994,0.046325615,-0.00030991567,0.034862373,0.017509834,-0.43176634,-0.087586212,0.10070637,0.99950857,0.00047005711,-0.0020915318,0.0010930943,1474.6021,24.576701,4423.8062,0.035650639,0.99953005,-9.8290837e-07,0.00080728679,-3.0619903,0.029496966,-3.4304978,-2.8616053,-2.5668048,0.49686054,False,HL=1475>1440,6.68,False,,
BDL,RVNL,0.436235,174,44250,118,2025-12-02 09:15:00+05:30,2026-05-26 15:29:00+05:30,3.4583212e-06,1e-12,0.0018596562,1e-06,0.32681135,9.45e-08,7.3537283e-06,0.0027117759,0.47028134,1.3598544e-07,156513.51,3.537029,15,False,2.351323,2.4114053,2.3500214,0.03053109,0.060082319,-6.2169024,-6.216898,-6.2168994,1.3157568e-06,2.2479368e-07,4.4249988e-08,0.16484163,2.4556562e-08,7.8479021e-06,0.0026977631,3.3602315e-08,0.00021175728,0.25614132,97.702321,-0.0056975588,0.0067694698,-0.45136292,20.723266,4.4989257e-08,0.0012165038,0.033447777,0.00055746295,0.10034333,0.00018895978,-0.45135895,4.4989257e-08,0,-78.488554,0,-3.4304979,-2.8616054,-2.5668048,-0.00080062369,False,HL=0.0<15,7.69,False,,
MAZDOCK,SUZLON,0.436161,175,44250,118,2025-12-02 09:15:00+05:30,2026-05-26 15:29:00+05:30,1e-12,1e-12,1e-06,1e-06,9.45e-08,9.45e-08,0.00071741454,0.026784595,1.3938943e-09,1.3938943e-09,88267.305,1.994741,15,False,0.48787427,0.47814756,0.47986444,0.0022577997,0.0097267089,5.9410808,5.9414381,5.9418246,0.00061344585,8.8278466e-09,4.2365635e-08,8.3356598e-05,7.2840542e-06,-0.0013412051,0.03180373,9.1773319e-05,0.030303312,0.35029065,0.086849186,-0.08673058,0.11422836,0.99936977,0.00064005831,-0.0033095955,0.0010760037,1082.9438,18.049063,3248.8314,0.030073848,0.99936015,-2.1176563e-06,7.4913528e-05,-3.6882482,0.0042815232,-3.4304978,-2.8616053,-2.5668048,0.51671617,True,PASS,6.89,False,,
CANBK,RECLTD,0.436022,176,44250,118,2025-12-02 09:15:00+05:30,2026-05-26 15:29:00+05:30,1e-12,1e-12,1e-06,1e-06,9.45e-08,9.45e-08,0.00067851477,0.026048316,1.4738073e-09,1.4738073e-09,89102.81,2.013623,15,True,0.44340774,0.4212264,0.43351405,0.0069822479,0.022181338,2.4246273,2.4212986,2.4234413,0.0012262525,5.535468e-09,4.3238526e-08,6.8741747e-05,5.5836141e-06,-0.011319598,0.029024222,-5.1217558e-05,0.026046659,0.41670057,0.64066189,-0.083005303,0.093435239,0.99932258,0.00067546775,7.0686483e-05,0.00095889544,1026.1736,17.102893,3078.5208,0.026088791,0.99932476,4.7730318e-08,5.6893682e-05,-3.6388406,0.0050604498,-3.4304978,-2.8616053,-2.5668048,0.5009502,True,PASS,7.74,False,,
JSWSTEEL,NMDC,0.435788,177,44250,118,2025-12-02 09:15:00+05:30,2026-05-26 15:29:00+05:30,6.4485632e-07,1e-12,0.00080302947,1e-06,0.060938922,9.45e-08,0.0028655674,0.053530995,0.00022503617,3.4897102e-10,87362.617,1.974296,15,False,-0.055700708,-0.029942939,-0.047971598,0.012164324,0.025757769,7.3001026,7.3001022,7.3001024,1.1801197e-07,9.2202858e-06,4.4249992e-08,0.014520963,6.0165577e-09,3.9427717e-05,0.0026715316,-1.051348e-06,0.0018320014,0.077388314,13.983802,-0.025410086,0.023077931,0.8700151,0.13926018,-6.6915203e-07,0.00096678866,4.9773538,0.082955896,14.932061,0.0018319055,0.87000164,-8.6988665e-08,0,-44.074276,0,-3.4304979,-2.8616054,-2.5668048,0.098552815,False,HL=5.0<15,7.78,False,,
NTPC,POWERGRID,0.435678,178,44250,118,2025-12-02 09:15:00+05:30,2026-05-26 15:29:00+05:30,1.6480364e-07,1e-12,0.00040596015,1e-06,0.015573944,9.45e-08,3.6810981e-07,0.00060672054,0.44770239,2.7165806e-06,223512.73,5.051135,15,False,0.23248945,0.25904257,0.24764685,0.010276833,0.026553127,4.4949982,4.4949936,4.4949951,1.4482206e-06,1.2087075e-08,4.4249873e-08,0.16588758,4.0451702e-07,3.6269197e-06,0.00071462109,-1.5126484e-09,5.9928946e-05,0.075002,31.138856,-0.0010507447,0.0012699341,-0.46155351,20.723266,-3.0271018e-09,0.00034226092,0.033447777,0.00055746295,0.10034333,5.3163457e-05,-0.46155459,-3.0271018e-09,0,-79.002197,0,-3.4304979,-2.8616054,-2.5668048,-0.00050536688,False,HL=0.0<15,7.58,False,,
HCLTECH,LTM,0.435458,179,44250,118,2025-12-02 09:15:00+05:30,2026-05-26 15:29:00+05:30,1e-12,1e-12,1e-06,1e-06,9.45e-08,9.45e-08,0.00053024483,0.023027046,1.8859212e-09,1.8859212e-09,80158.39,1.811489,15,False,0.30984746,0.28556405,0.30318496,0.0087811758,0.024283405,4.6971725,4.6939246,4.6960923,0.0010961793,3.3414999e-09,4.3691923e-08,6.2972085e-05,4.7525223e-06,-0.013205258,0.030484727,-0.00010613127,0.023092335,0.46450028,0.35973562,-0.064854232,0.074063482,0.99926202,0.00073854107,-4.76546e-05,0.0008873408,938.53573,15.642262,2815.6072,0.023088096,0.99926173,-3.5181886e-08,2.6435631e-05,-3.9855374,0.0014881641,-3.4304978,-2.8616053,-2.5668048,0.48590367,True,PASS,6.52,False,,
DLF,NBCC,0.435014,180,44250,118,2025-12-02 09:15:00+05:30,2026-05-26 15:29:00+05:30,1e-12,1e-12,1e-06,1e-06,9.45e-08,9.45e-08,0.0025540011,0.050537126,3.915425e-10,3.915425e-10,58427.448,1.320394,15,False,0.095589216,0.058828023,0.068188168,0.0088361075,0.036761194,6.1149845,6.1095326,6.1116768,0.0020313449,1.2487997e-08,4.3137893e-08,6.0464974e-05,2.8887238e-06,-0.037226479,0.049222764,-0.0010064112,0.050552844,-0.8908251,0.30836553,-0.17427655,0.083709827,0.99977711,0.00024079212,-0.0065312508,0.0010674015,2878.6124,47.976873,8635.8371,0.048639787,0.99975924,-1.5724844e-06,0.0082249163,-2.2592066,0.18546223,-3.4304979,-2.8616054,-2.5668048,0.4909078,False,ADF_p=0.1855; HL=2879>1440,7.02,False,,
HINDALCO,JSWSTEEL,0.434169,181,44250,118,2025-12-02 09:15:00+05:30,2026-05-26 15:29:00+05:30,1.6071218e-07,1e-12,0.00040088923,1e-06,0.015187301,9.45e-08,5.3426292e-07,0.00073093291,0.30081102,1.8717376e-06,213415.94,4.822959,15,False,0.13096372,0.1731773,0.15253102,0.010402353,0.04221358,5.7686437,5.7686385,5.76864,1.581944e-06,1.0669738e-08,4.4249938e-08,0.1327985,2.332993e-07,7.1766173e-06,0.0010543433,-2.7307853e-09,8.388517e-05,-1.973437,338.04907,-0.0039326672,0.0032939481,-0.46216219,20.723266,-4.556343e-09,0.0004789137,0.033447777,0.00055746295,0.10034333,7.4389761e-05,-0.46216979,-4.556343e-09,0,-78.277954,0,-3.4304979,-2.8616054,-2.5668048,-0.00057244051,False,HL=0.0<15,7.21,False,,
CDSL,IRFC,0.434088,182,44250,118,2025-12-02 09:15:00+05:30,2026-05-26 15:29:00+05:30,1e-12,1e-12,1e-06,1e-06,9.45e-08,9.45e-08,0.00053013421,0.023024643,1.8863148e-09,1.8863148e-09,23474.869,0.530506,15,False,1.23614,1.2198281,1.2170941,0.0067820783,0.016311861,1.4926426,1.4924869,1.4917429,0.0015165937,6.6633715e-09,4.2676075e-08,7.6519994e-05,7.8368844e-06,-0.006120987,0.049239816,0.00038642845,0.040241233,-0.33435964,-0.3003736,-0.15301729,0.083606961,0.99958823,0.0004340348,-0.0018636462,0.0011549381,1596.9853,26.616421,4790.9558,0.039199583,0.99956606,-8.0871178e-07,0.00073398131,-2.9562164,0.039190503,-3.4304978,-2.8616053,-2.5668048,0.48897327,False,HL=1597>1440,7.15,False,,
JIOFIN,RECLTD,0.433652,183,44250,118,2025-12-02 09:15:00+05:30,2026-05-26 15:29:00+05:30,1e-12,1e-12,1e-06,1e-06,9.45e-08,9.45e-08,0.00081303149,0.028513707,1.2299647e-09,1.2299647e-09,72624.544,1.641233,15,False,0.34482969,0.30627771,0.31840911,0.01193401,0.038551983,3.6947396,3.6889864,3.6910773,0.0020555166,5.9386148e-09,4.3262648e-08,6.5641239e-05,5.0232171e-06,-0.023985101,0.032345445,-3.636068e-05,0.02851359,-0.81846318,0.2311824,-0.10849473,0.053756059,0.99957008,0.00043646072,-0.0006814007,0.00083619485,1588.109,26.468483,4764.3269,0.028302181,0.99956363,-2.9733974e-07,0.00087264659,-3.1186907,0.025200558,-3.4304978,-2.8616053,-2.5668048,0.5007511,False,HL=1588>1440,6.73,False,,
HEROMOTOCO,M&M,0.433478,184,44250,118,2025-12-02 09:15:00+05:30,2026-05-26 15:29:00+05:30,1e-12,1e-12,1e-06,1e-06,9.45e-08,9.45e-08,0.00014969673,0.012235062,6.6801726e-09,6.6801726e-09,119954.19,2.710829,15,False,0.61790934,0.60351576,0.60909959,0.0029729767,0.014393585,3.6627282,3.6610381,3.6617447,0.00037353008,2.1585166e-09,4.3619841e-08,0.00010044982,9.6077191e-06,-0.0040776454,0.014664112,-4.7081736e-06,0.012233005,0.063879483,0.13998578,-0.050394322,0.036549223,0.99762181,0.0023868025,-9.0712826e-05,0.00084417751,290.40827,4.8401378,871.22481,0.012218293,0.99761604,-2.1625542e-07,1.7543095e-13,-6.7859023,2.4326717e-09,-3.4304978,-2.8616053,-2.5668048,0.47612213,True,PASS,7.45,False,,
EICHERMOT,MARUTI,0.43329,185,44250,118,2025-12-02 09:15:00+05:30,2026-05-26 15:29:00+05:30,1.7929945e-07,1e-12,0.00042343766,1e-06,0.016943798,9.45e-08,8.5044818e-07,0.00092219747,0.21082937,1.1758506e-06,200130.91,4.522732,15,False,0.52073011,0.53523371,0.52850198,0.0053445118,0.014503599,3.8236389,3.8236384,3.8236386,1.8141165e-07,9.4818709e-09,4.4249978e-08,0.099471012,9.2471218e-08,3.3275456e-06,0.00079376245,-1.4990505e-10,5.190571e-05,-0.70930698,150.05734,-0.0020416996,0.0016919608,-0.48460619,20.723266,2.2589412e-09,0.00029230668,0.033447777,0.00055746295,0.10034333,4.5404055e-05,-0.48467729,2.2589412e-09,0,-80.169305,0,-3.4304979,-2.8616054,-2.5668048,-0.00013997812,False,HL=0.0<15,8.11,False,,
ADANIGREEN,ADANIPOWER,0.433045,186,44250,118,2025-12-02 09:15:00+05:30,2026-05-26 15:29:00+05:30,1e-12,7.4387424e-07,1e-06,0.00086248144,9.45e-08,0.070296116,0.00015078053,0.012279272,6.632156e-09,0.00493349,150446.1,3.399912,15,False,1.3649037,1.3643564,1.3643766,1.765651e-05,0.00054733449,0.12303207,-0.21847284,-0.0059085472,0.13377103,4.8078064e-07,2.476447e-05,2.2987718e-05,0.067781136,-0.00011563425,0.0038487468,1.5191876e-06,0.002695836,-0.61269312,9.7169889,-0.032518078,0.024229937,0.83797645,0.17683659,6.9632042e-07,0.0016028562,3.9197045,0.065328409,11.759114,0.0026952156,0.8379167,1.1286191e-07,0,-44.355089,0,-3.4304979,-2.8616054,-2.5668048,0.084790435,False,HL=3.9<15,6.68,False,,
JWL,TITAGARH,0.432668,187,44250,118,2025-12-02 09:15:00+05:30,2026-05-26 15:29:00+05:30,2.7657376e-08,1e-12,0.00016630507,1e-06,0.002613622,9.45e-08,5.9923332e-07,0.00077410162,0.046154603,1.6687991e-06,222902.45,5.037343,15,False,0.2737741,0.27652286,0.27848153,0.0099437432,0.0027487601,3.8137895,3.8137321,3.8137513,1.7805902e-05,1.0819127e-08,4.4249268e-08,0.11080814,1.4352806e-06,5.4960584e-07,0.0015666035,-3.035037e-08,0.00047909443,0.17361549,50.026191,-0.013727864,0.011346146,-0.24079725,20.723266,-5.097321e-08,0.0029936077,0.033447777,0.00055746295,0.10034333,0.00046499769,-0.2407981,-5.097321e-08,0,-77.351752,0,-3.4304979,-2.8616054,-2.5668048,-0.0045845493,False,HL=0.0<15,6.58,False,,
COCHINSHIP,HAL,0.431502,188,44250,118,2025-12-02 09:15:00+05:30,2026-05-26 15:29:00+05:30,1e-12,1e-12,1e-06,1e-06,9.45e-08,9.45e-08,7.5889535e-05,0.00871146,1.3177047e-08,1.3177047e-08,3992.6105,0.090228,15,False,1.241418,1.2362051,1.241408,0.0032221141,0.0052128183,-3.0354107,-3.0356841,-3.0352075,0.00041577049,1.6357191e-09,4.3654802e-08,0.00013220351,1.3141851e-05,-0.0010271842,0.0237937,2.8541998e-05,0.019199509,0.082322805,0.96897716,-0.06945845,0.067322896,0.99759802,0.0023968127,-0.00014479871,0.0013315394,289.19539,4.8199231,867.58616,0.01923189,0.99760606,-3.466398e-07,1.8318507e-13,-6.664344,4.7592463e-09,-3.4304979,-2.8616053,-2.5668048,0.50297696,True,PASS,7.76,False,,
COFORGE,TATAELXSI,0.431177,189,44250,118,2025-12-02 09:15:00+05:30,2026-05-26 15:29:00+05:30,1e-12,1e-12,1e-06,1e-06,9.45e-08,9.45e-08,0.004460746,0.066788816,2.2417775e-10,2.2417775e-10,38776.827,0.876312,15,False,0.51409352,0.47863285,0.48417293,0.0099105304,0.035460673,3.1651593,3.1623147,3.1629801,0.0011904465,8.4563971e-09,4.3840881e-08,3.6449147e-05,1.3478109e-06,-0.048735881,0.075839648,-0.00039500489,0.067246867,-0.13835809,-0.78747735,-0.18824784,0.13489223,0.99983961,0.00016688383,-0.0022269992,0.001204462,4153.4712,69.22452,12460.414,0.065928164,0.99983313,-3.7161915e-07,0.025007536,-1.9199111,0.32275307,-3.4304978,-2.8616053,-2.5668048,0.50060957,False,ADF_p=0.3228; HL=4153>1440,6.75,False,,
MAZDOCK,SOLARINDS,0.430938,190,44250,118,2025-12-02 09:15:00+05:30,2026-05-26 15:29:00+05:30,1e-12,2.7349118e-05,1e-06,0.0052296384,9.45e-08,2.5844916,0.0011498814,0.033909901,8.6965492e-10,0.023784295,105496.46,2.384101,15,False,-0.52932281,-0.52848974,-0.5284912,1.3547381e-06,0.00083306346,12.907509,13.000895,12.841134,0.090790934,2.1076054e-06,0.00036762501,8.9920994e-06,0.14275719,1.5405331e-05,0.0032519555,-4.87121e-07,0.0020947611,-0.70590047,34.421843,-0.050246457,0.032083741,0.73710252,0.30502077,-4.0578629e-07,0.0016361491,2.272459,0.037874316,6.8173769,0.0020948029,0.73710806,-1.0667794e-07,0,-55.257594,0,-3.4304979,-2.8616054,-2.5668048,0.016792776,False,HL=2.3<15,7.16,False,,
BANKINDIA,CENTRALBK,0.430211,191,44250,118,2025-12-02 09:15:00+05:30,2026-05-26 15:29:00+05:30,1e-12,9.9099505e-06,1e-06,0.0031480074,9.45e-08,0.93649032,0.00047958638,0.021899461,2.0851301e-09,0.020663536,125099.31,2.827103,15,False,1.097611,1.0990034,1.0990046,8.5765117e-07,0.0013924102,0.98838148,1.2024419,1.0673935,0.058103337,5.4982638e-06,0.00012903311,3.0011831e-05,0.133759,3.5640026e-05,0.0019412517,3.2795653e-07,0.0013267558,-0.11396886,45.094708,-0.031815372,0.027808431,0.63167011,0.45962346,-3.3028436e-08,0.0012715741,1.5080761,0.025134602,4.5242284,0.0013262505,0.63152139,-1.2170272e-08,0,-53.812017,0,-3.4304979,-2.8616054,-2.5668048,0.012686029,False,HL=1.5<15,6.84,False,,
JWL,RVNL,0.430044,192,44250,118,2025-12-02 09:15:00+05:30,2026-05-26 15:29:00+05:30,4.3875472e-07,1e-12,0.00066238563,1e-06,0.041462321,9.45e-08,9.9257825e-07,0.00099628221,0.4420354,1.0074772e-06,200387.71,4.528536,15,False,0.64795144,0.6751147,0.65509749,0.0091301881,0.027163267,1.9137095,1.913709,1.9137092,2.2060206e-07,3.1470132e-08,4.4249904e-08,0.16426984,1.9232264e-07,3.6513031e-06,0.0014657644,4.1800945e-10,0.00012473472,0.26989933,47.79407,-0.0033169897,0.003217027,-0.48915556,20.723266,-3.6574799e-09,0.00070039656,0.033447777,0.00055746295,0.10034333,0.00010879274,-0.48915079,-3.6574799e-09,0,-80.494787,0,-3.4304979,-2.8616054,-2.5668048,-3.8431213e-05,False,HL=0.0<15,7.16,False,,
OFSS,TCS,0.429643,193,44250,118,2025-12-02 09:15:00+05:30,2026-05-26 15:29:00+05:30,6.4487972e-08,1e-12,0.00025394482,1e-06,0.0060941133,9.45e-08,1.6492105e-05,0.0040610473,0.0039102328,6.0635072e-08,190495.57,4.304985,15,False,-0.10466233,-0.083288666,-0.11287167,0.015400642,0.021373663,9.8438643,9.8438596,9.843861,1.4774608e-06,1.0571416e-07,4.4249966e-08,0.048936576,1.1993559e-07,9.559753e-06,0.0014127666,-7.2372119e-08,0.00075477418,0.10381226,54.702777,-0.016259501,0.016671002,0.28404903,1.2586037,-4.6825823e-08,0.0011975085,0.55072711,0.0091787851,1.6521813,0.00075477778,0.28405037,-3.3524931e-08,0,-69.595554,0,-3.4304979,-2.8616054,-2.5668048,-0.0098510257,False,HL=0.6<15,6.72,False,,
INDIANB,SBIN,0.429622,194,44250,118,2025-12-02 09:15:00+05:30,2026-05-26 15:29:00+05:30,1e-12,1e-12,1e-06,1e-06,9.45e-08,9.45e-08,2.8943505e-05,0.0053799168,3.4550066e-08,3.4550066e-08,-827427.5,-18.698927,15,False,2.3086834,2.306428,2.2847802,0.01529872,0.0022554061,-9.1227853,-9.1188994,-9.1234233,0.0022304,1.6766844e-09,4.3353649e-08,0.00020532911,2.6116635e-05,-9.8740022e-05,0.036515599,9.0162253e-05,0.024107416,-0.037490394,2.8762816,-0.10959956,0.11454361,0.99744097,0.0025728568,-0.00028062684,0.001725769,269.4076,4.4901266,808.22279,0.024058018,0.99743045,-7.2108467e-07,2.0523263e-14,-7.3194766,1.2047103e-10,-3.4304979,-2.8616054,-2.5668048,0.50977986,True,PASS,7.1,False,,
BAJAJ-AUTO,HEROMOTOCO,0.429581,195,44250,118,2025-12-02 09:15:00+05:30,2026-05-26 15:29:00+05:30,1.2878495e-07,1e-12,0.0003588662,1e-06,0.012170178,9.45e-08,5.2926059e-07,0.00072750298,0.24332995,1.8894284e-06,211567.5,4.781186,15,False,0.21176129,0.23603949,0.22123565,0.0066291492,0.024278209,7.2591213,7.2591178,7.2591191,1.1269658e-06,7.5380288e-09,4.4249951e-08,0.11033885,1.8470683e-07,4.958951e-06,0.00077092008,-1.413289e-09,5.2878568e-05,-0.53300878,54.719894,-0.0013303781,0.00099848485,-0.47009586,20.723266,-1.6827042e-09,0.00030046907,0.033447777,0.00055746295,0.10034333,4.6671921e-05,-0.47009547,-1.6827042e-09,0,-79.160498,0,-3.4304979,-2.8616054,-2.5668048,-0.00041011963,False,HL=0.0<15,7.26,False,,
HINDALCO,HINDCOPPER,0.429531,196,44250,118,2025-12-02 09:15:00+05:30,2026-05-26 15:29:00+05:30,1e-12,4.7846847e-06,1e-06,0.0021873922,9.45e-08,0.4521527,0.0019445832,0.044097428,5.1424902e-10,0.0024605194,96236.045,2.174826,15,False,0.56942477,0.56934091,0.56934188,1.1128625e-06,8.3865877e-05,3.378683,3.4106639,3.289788,0.065469455,2.839525e-06,0.00020738242,1.7907835e-05,0.048356605,1.3102046e-05,0.0033592045,1.6468152e-06,0.0023124323,-0.4170993,12.785836,-0.028992106,0.024676284,0.88477969,0.1224758,-2.9811417e-07,0.0011441481,5.6594622,0.09432437,16.978387,0.0023117566,0.88472731,-3.4364422e-08,0,-38.487373,0,-3.4304979,-2.8616054,-2.5668048,0.13749543,False,HL=5.7<15,7.26,False,,
PERSISTENT,WIPRO,0.429414,197,44250,118,2025-12-02 09:15:00+05:30,2026-05-26 15:29:00+05:30,9.444663e-08,1e-12,0.0003073217,1e-06,0.0089252066,9.45e-08,3.6693065e-07,0.00060574801,0.25739641,2.7253106e-06,226218.99,5.112294,15,False,-0.044880649,-0.087996722,-0.074256548,0.023785806,0.043116073,9.0078752,9.0078356,9.0078475,1.2042664e-05,1.3135885e-08,4.424975e-08,0.16558335,6.965741e-07,-5.8870762e-06,0.0013271519,-1.4502662e-08,0.00018906474,2.5262511,288.70965,-0.0062608771,0.0094031226,-0.43335117,20.723266,-1.6351188e-08,0.0010969498,0.033447777,0.00055746295,0.10034333,0.00017038944,-0.43334526,-1.6351188e-08,0,-78.053882,0,-3.4304979,-2.8616054,-2.5668048,-0.0011139339,False,HL=0.0<15,7.14,False,,
TATAELXSI,TCS,0.428277,198,44250,118,2025-12-02 09:15:00+05:30,2026-05-26 15:29:00+05:30,1e-12,1e-12,1e-06,1e-06,9.45e-08,9.45e-08,0.00076310193,0.0276243,1.3104409e-09,1.3104409e-09,78896.336,1.782968,15,False,0.28150973,0.2674219,0.27613141,0.0078912013,0.01408783,6.2761668,6.2742052,6.2753588,0.0010429419,4.2013457e-09,4.3635249e-08,5.7590882e-05,4.132437e-06,-0.0087371681,0.035744415,-0.00013476725,0.027630244,0.2535488,-0.58167943,-0.06840234,0.091217523,0.99936644,0.00061722033,0.0011566911,0.00098370187,1123.0142,18.716903,3369.0425,0.027998089,0.99938297,7.1371298e-07,0.00013296274,-3.4209982,0.010263535,-3.4304978,-2.8616053,-2.5668048,0.49962951,True,PASS,6.65,False,,
LODHA,OBEROIRLTY,0.427747,199,44250,118,2025-12-02 09:15:00+05:30,2026-05-26 15:29:00+05:30,1.9826807e-07,1e-12,0.00044527303,1e-06,0.018736333,9.45e-08,7.5424146e-07,0.00086847076,0.26287082,1.3258354e-06,205258.49,4.63861,15,False,-0.26473622,-0.29196318,-0.28810597,0.018802647,0.027226958,8.9799832,8.9799688,8.9799736,4.4159401e-06,1.3588732e-08,4.4249937e-08,0.12730068,1.9170729e-07,-4.6408485e-06,0.0015444158,-9.8387776e-09,0.00012826698,-0.20452149,231.23915,-0.0048452881,0.0051590411,-0.44514018,20.723266,-1.4595597e-08,0.00073945112,0.033447777,0.00055746295,0.10034333,0.00011485909,-0.4451479,-1.4595597e-08,0,-80.274572,0,-3.4304979,-2.8616054,-2.5668048,-0.00088246995,False,HL=0.0<15,7.47,False,,
AUBANK,IDFCFIRSTB,0.427725,200,44250,118,2025-12-02 09:15:00+05:30,2026-05-26 15:29:00+05:30,5.8003817e-09,1e-12,7.6160237e-05,1e-06,0.00054813607,9.45e-08,0.0005077491,0.022533289,1.1423716e-05,1.9694766e-09,124246.39,2.807828,15,False,-0.26018224,-0.25630178,-0.26206809,0.016006771,0.0038804612,8.0091775,8.0091541,8.0091612,7.7367357e-06,4.0330243e-07,4.424941e-08,0.0033717073,1.4090808e-07,1.27021e-05,0.0077741633,-1.0583463e-05,0.0053530749,0.0081269747,9.8869988,-0.056866617,0.053822786,0.97345241,0.026905703,-4.208337e-06,0.0012417897,25.762091,0.42936819,77.286274,0.005353168,0.97345303,-1.1171859e-07,6.7875861e-131,-23.448385,0,-3.4304978,-2.8616053,-2.5668048,0.36196126,True,PASS,7.94,False,,
LTM,MPHASIS,0.427026,201,44250,118,2025-12-02 09:15:00+05:30,2026-05-26 15:29:00+05:30,1e-12,1e-12,1e-06,1e-06,9.45e-08,9.45e-08,0.00092899327,0.030479391,1.0764341e-09,1.0764341e-09,53937.9,1.218936,15,False,0.25023879,0.20900378,0.22946284,0.015677465,0.04123501,6.7319723,6.7263151,6.7290276,0.0020926562,4.5920493e-09,4.3639997e-08,5.5138823e-05,3.7190702e-06,-0.029484211,0.040551478,-0.00027864001,0.030578385,-0.010152413,-0.38837489,-0.071638285,0.087983492,0.99943371,0.0005333478,-0.0021395961,0.0010292197,1299.6157,21.660262,3898.8472,0.031512861,0.99946679,-1.1408446e-06,0.00042976494,-3.1281467,0.024539122,-3.4304978,-2.8616053,-2.5668048,0.49141811,True,PASS,6.77,False,,
GODREJPROP,NBCC,0.42696,202,44250,118,2025-12-02 09:15:00+05:30,2026-05-26 15:29:00+05:30,1e-12,1e-12,1e-06,1e-06,9.45e-08,9.45e-08,0.0067286244,0.082028193,1.4861879e-10,1.4861879e-10,44564.897,1.007116,15,False,0.047714698,0.01136527,0.015148701,0.0044111218,0.036349428,7.4202805,7.417531,7.4184006,0.0010093089,1.9418528e-08,4.3559449e-08,5.2835092e-05,1.3663468e-06,-0.046500099,0.0746298,-0.0015201996,0.082013723,-0.37925998,-0.6864672,-0.19807468,0.1646454,0.99987889,0.0001445622,-0.01904985,0.0012764724,4794.8022,79.913371,14384.407,0.075070455,0.99985545,-2.7536892e-06,0.025366501,-1.9413616,0.31286032,-3.4304978,-2.8616053,-2.5668048,0.50465642,False,ADF_p=0.3129; HL=4795>1440,7.01,False,,
CENTRALBK,PNB,0.426559,203,44250,118,2025-12-02 09:15:00+05:30,2026-05-26 15:29:00+05:30,1e-12,1e-12,1e-06,1e-06,9.45e-08,9.45e-08,1.0429239e-05,0.0032294332,9.5884274e-08,9.5884274e-08,-98941.928,-2.235976,15,False,0.64094349,0.62734364,0.64006045,0.0040045441,0.013599853,0.54488431,0.54169723,0.54439847,0.00085433641,2.6029163e-09,4.2310457e-08,0.00033239814,6.3736557e-05,-0.0010389157,0.012092568,-4.8051823e-06,0.0088705696,-0.31549952,2.96757,-0.038798584,0.042049299,0.99434708,0.0055439737,-8.7289941e-05,0.00094446985,125.02714,2.0837857,375.08142,0.008969382,0.99447137,-4.8259416e-07,3.5535547e-28,-7.8594475,5.3326869e-12,-3.4304978,-2.8616053,-2.5668048,0.42239649,True,PASS,7,False,,
MAHABANK,PNB,0.426493,204,44250,118,2025-12-02 09:15:00+05:30,2026-05-26 15:29:00+05:30,8.9389787e-07,1e-12,0.00094546172,1e-06,0.084473349,9.45e-08,1.3881556e-06,0.0011782002,0.64394643,7.2038031e-07,194407.04,4.393379,15,False,0.37356616,0.45899258,0.41271762,0.026979637,0.085426414,2.2459915,2.2459875,2.2459888,1.2701584e-06,6.186551e-08,4.4249923e-08,0.19744091,1.3251767e-07,9.8359866e-06,0.0011536537,-4.7004839e-09,9.5655372e-05,0.13436805,80.313282,-0.0023741917,0.0023853673,-0.46023914,20.723266,-4.7170741e-09,0.00054672114,0.033447777,0.00055746295,0.10034333,8.4922305e-05,-0.46023367,-4.7170741e-09,0,-77.524905,0,-3.4304979,-2.8616054,-2.5668048,-0.00086092184,False,HL=0.0<15,7.45,False,,
BAJAJ-AUTO,TVSMOTOR,0.42645,205,44250,118,2025-12-02 09:15:00+05:30,2026-05-26 15:29:00+05:30,3.9043103e-07,1e-12,0.0006248448,1e-06,0.036895732,9.45e-08,6.6220213e-05,0.0081375803,0.0058959494,1.5101129e-08,158325.16,3.57797,15,False,-0.045699416,-0.026614412,-0.039273616,0.0062114572,0.019085004,9.4856588,9.4856579,9.4856582,2.5947181e-07,4.5939734e-07,4.4249992e-08,0.056331122,2.463228e-08,7.4466094e-06,0.0010557776,-3.6326133e-08,0.00051696681,-0.55649468,60.277465,-0.013174523,0.0099479089,0.17500929,1.7429164,-3.4074933e-08,0.00096520761,0.39769388,0.0066282314,1.1930816,0.00051697253,0.17500926,-2.8111504e-08,0,-71.036708,0,-3.4304979,-2.8616054,-2.5668048,-0.0096261644,False,HL=0.4<15,7.81,False,,
HCLTECH,MPHASIS,0.426119,206,44250,118,2025-12-02 09:15:00+05:30,2026-05-26 15:29:00+05:30,1e-12,1e-12,1e-06,1e-06,9.45e-08,9.45e-08,0.0010570013,0.032511556,9.4607267e-10,9.4607267e-10,64401.713,1.455406,15,False,0.21322158,0.18027503,0.20190199,0.011725033,0.03294655,5.7047818,5.7001701,5.7030232,0.0015617004,4.8494384e-09,4.3648483e-08,5.3224549e-05,3.4549287e-06,-0.025335159,0.039770832,-0.00020173192,0.032579962,0.39554878,-0.34978267,-0.080117155,0.089166161,0.99960198,0.00038473536,-0.0019475421,0.00091931477,1801.6207,30.027011,5404.8621,0.033141197,0.99961534,-7.4914418e-07,0.0020659173,-2.8531667,0.05107142,-3.4304978,-2.8616053,-2.5668048,0.49460063,False,ADF_p=0.0511; HL=1802>1440,7.1,False,,
BAJAJ-AUTO,M&M,0.425754,207,44250,118,2025-12-02 09:15:00+05:30,2026-05-26 15:29:00+05:30,4.191305e-06,0.00016472718,0.0020472677,0.012834609,0.39607832,15.566718,0.0037598615,0.06131771,0.0011147498,0.043812033,75319.225,1.702129,15,False,0.98762428,0.81416909,0.86192024,0.052759796,0.17345519,0.99018551,2.7209216,2.1585857,0.50950859,0.0494708,3.1994487,0.022641216,0.11396534,2.5538755e-05,0.0011864615,1.5222202e-07,0.00068604336,-0.0028162307,60.470422,-0.020763005,0.018538563,0.41540894,0.87852905,1.0194326e-07,0.00090934746,0.78898607,0.013149768,2.3669582,0.00068602003,0.41539349,5.9596695e-08,0,-66.794633,0,-3.4304979,-2.8616054,-2.5668048,-0.0079144025,False,HL=0.8<15,7.08,False,,
INOXWIND,IRFC,0.425665,208,44250,118,2025-12-02 09:15:00+05:30,2026-05-26 15:29:00+05:30,1e-12,1e-12,1e-06,1e-06,9.45e-08,9.45e-08,0.0073641275,0.085814495,1.3579341e-10,1.3579341e-10,40926.322,0.924889,15,False,0.65734372,0.60765694,0.6118731,0.005416284,0.049686786,1.7627033,1.7595756,1.7605123,0.0011960843,1.9870877e-08,4.360855e-08,4.057256e-05,1.2542723e-06,-0.060520457,0.073118799,-0.0011572786,0.085806403,-0.12536658,-0.65786331,-0.18096605,0.1759278,0.99991305,0.00012917954,-0.027334596,0.0011315634,5365.7662,89.429436,16097.298,0.070399089,0.99987083,-3.5308424e-06,0.019676367,-2.0073406,0.28336381,-3.4304978,-2.8616053,-2.5668048,0.52085151,False,ADF_p=0.2834; HL=5366>1440,6.97,False,,
CANBK,CENTRALBK,0.425209,209,44250,118,2025-12-02 09:15:00+05:30,2026-05-26 15:29:00+05:30,1e-12,1e-12,1e-06,1e-06,9.45e-08,9.45e-08,0.00067365886,0.025954939,1.4844309e-09,1.4844309e-09,91003.828,2.056584,15,True,0.54257321,0.52213355,0.53338472,0.0072574611,0.020439666,3.052273,3.0468162,3.0500266,0.0020936642,9.8707655e-09,4.1987298e-08,9.0098954e-05,8.2013349e-06,-0.010973188,0.028108649,-0.00015256987,0.025953418,-0.045915533,-0.3423985,-0.076825759,0.078910052,0.99931456,0.00063917589,0.0014525098,0.00096108701,1084.4389,18.073981,3253.3166,0.026880511,0.99936103,9.2811258e-07,0.00014154096,-3.0543874,0.030118094,-3.4304978,-2.8616053,-2.5668048,0.49332271,True,PASS,7.12,False,,
KPITTECH,TCS,0.424887,210,44250,118,2025-12-02 09:15:00+05:30,2026-05-26 15:29:00+05:30,1e-12,1e-12,1e-06,1e-06,9.45e-08,9.45e-08,0.010993846,0.10485154,9.0959981e-11,9.0959981e-11,15825.212,0.357632,15,False,0.29310687,0.2405317,0.25441813,0.01226842,0.052575168,4.7709564,4.7667118,4.7684975,0.0015800679,1.3920563e-08,4.3924341e-08,3.0633074e-05,7.4345513e-07,-0.11034336,0.096650605,-0.0015823814,0.11076905,-0.084805017,-1.1949423,-0.23719795,0.18659158,0.99994021,8.2189832e-05,-0.033451142,0.0012113018,8433.4907,140.55818,25300.472,0.094477486,0.99991781,-2.7492308e-06,0.056943339,-1.6013727,0.48290386,-3.4304979,-2.8616054,-2.5668048,0.47818585,False,ADF_p=0.4829; HL=8433>1440,6.61,False,,
HUDCO,IRFC,0.424446,211,44250,118,2025-12-02 09:15:00+05:30,2026-05-26 15:29:00+05:30,3.027695e-08,1e-12,0.00017400273,1e-06,0.0028611717,9.45e-08,0.0007397514,0.027198371,4.0928547e-05,1.3518055e-09,117672.57,2.659267,15,False,0.46838098,0.45463513,0.43955884,0.015419083,0.013745852,3.2396529,3.2396503,3.239651,8.2089531e-07,1.0162821e-06,4.4249894e-08,0.0063117415,4.8664074e-08,-5.2730206e-05,0.0041665085,-1.3721963e-06,0.002874833,0.58303806,10.768178,-0.033629918,0.043713504,0.93529223,0.066906039,-1.9366053e-06,0.0010515494,10.360009,0.17266682,31.080028,0.0028746305,0.93528308,-1.2533113e-07,0,-31.903617,0,-3.4304979,-2.8616054,-2.5668048,0.23549251,False,HL=10.4<15,6.95,False,,
IRCON,NBCC,0.424398,212,44250,118,2025-12-02 09:15:00+05:30,2026-05-26 15:29:00+05:30,1e-12,1e-12,1e-06,1e-06,9.45e-08,9.45e-08,0.0043539453,0.065984432,2.2967675e-10,2.2967675e-10,54580.393,1.233455,15,False,0.24510377,0.23873725,0.24222596,0.0038134548,0.0063665216,3.8970565,3.8950555,3.8958842,0.00090002242,1.5801515e-08,4.3370353e-08,5.5976439e-05,1.9386373e-06,-0.012909397,0.068998049,-0.0010314709,0.065974871,-0.59550895,-0.092669227,-0.19334443,0.14341413,0.99980767,0.00018814297,-0.0054640077,0.001294013,3684.1513,61.402522,11052.454,0.066708264,0.99981187,-1.027918e-06,0.021810323,-1.9854991,0.29296721,-3.4304978,-2.8616053,-2.5668048,0.51000539,False,ADF_p=0.2930; HL=3684>1440,7.32,False,,
JINDALSTEL,NATIONALUM,0.42432,213,44250,118,2025-12-02 09:15:00+05:30,2026-05-26 15:29:00+05:30,1e-12,1.6882415e-05,1e-06,0.0041088217,9.45e-08,1.5953883,0.0054032845,0.073507037,1.8507262e-10,0.0031244728,73498.111,1.660974,15,False,1.3599169,1.359017,1.359018,1.0168695e-06,0.00089991749,-0.64470564,-1.086488,-0.96653873,0.13488357,8.7384587e-06,0.00061143492,1.4038122e-05,0.054326841,-0.00018691281,0.0053424012,3.1093395e-06,0.0035593569,0.45843272,21.469324,-0.054172229,0.050440852,0.88057724,0.12741625,-8.0623804e-07,0.0017948805,5.4400216,0.090667027,16.320065,0.0035555609,0.88036714,-9.6452563e-08,0,-40.609385,0,-3.4304979,-2.8616054,-2.5668048,0.1227971,False,HL=5.4<15,7.38,False,,
DLF,IREDA,0.424296,214,44250,118,2025-12-02 09:15:00+05:30,2026-05-26 15:29:00+05:30,1e-12,1e-12,1e-06,1e-06,9.45e-08,9.45e-08,0.0021788388,0.046678033,4.5896006e-10,4.5896006e-10,60300.19,1.362716,15,False,0.15667754,0.12048382,0.13036989,0.0094457916,0.036193724,5.7940487,5.7886747,5.7907828,0.0020160136,1.0852939e-08,4.3193085e-08,5.8637067e-05,3.0761617e-06,-0.034754307,0.046937822,-0.00049572581,0.04668603,-0.85780362,0.29029932,-0.16117268,0.080531241,0.99975413,0.00026118434,-0.0045848966,0.0010353416,2653.8619,44.231032,7961.5857,0.045299677,0.99973885,-1.1973468e-06,0.0066189245,-2.3246598,0.16413797,-3.4304979,-2.8616054,-2.5668048,0.49042889,False,ADF_p=0.1641; HL=2654>1440,6.67,False,,
RECLTD,RVNL,0.423903,215,44250,118,2025-12-02 09:15:00+05:30,2026-05-26 15:29:00+05:30,1.840723e-08,1e-12,0.00013567325,1e-06,0.0017394832,9.45e-08,1.5407793e-07,0.00039252762,0.11946701,6.490222e-06,248601.77,5.618119,15,False,0.30249578,0.30307142,0.30181942,0.006030328,0.00057564897,4.1374574,4.1373975,4.1374173,1.957976e-05,5.5094726e-09,4.4248172e-08,0.1444042,3.6431332e-06,1.1867578e-07,0.00087436526,-7.1507773e-09,0.00018771588,0.097440112,40.948383,-0.003598675,0.0042600617,-0.34033242,20.723266,-1.5265884e-08,0.0011363504,0.033447777,0.00055746295,0.10034333,0.00017650954,-0.34032837,-1.5265884e-08,0,-77.989074,0,-3.4304979,-2.8616054,-2.5668048,-0.0029086965,False,HL=0.0<15,7.39,False,,
LTM,WIPRO,0.423569,216,44250,118,2025-12-02 09:15:00+05:30,2026-05-26 15:29:00+05:30,1e-12,1e-12,1e-06,1e-06,9.45e-08,9.45e-08,0.0011383783,0.033739862,8.7844262e-10,8.7844262e-10,73031.741,1.650435,11,True,0.8313999,0.79894312,0.81414849,0.0096904191,0.032456781,4.1299326,4.1245877,4.1274871,0.0018633179,7.5790713e-09,4.3129084e-08,6.1439643e-05,4.4685054e-06,-0.023451112,0.03627961,-0.00023465022,0.033737445,-0.006225973,-0.022601279,-0.10765604,0.10248667,0.99951302,0.00042629469,-0.0057686626,0.0010529935,1625.9813,27.099688,4877.9438,0.036062491,0.9995738,-2.4586262e-06,0.0020348333,-2.5511633,0.10351663,-3.4304978,-2.8616053,-2.5668048,0.47557442,False,ADF_p=0.1035; HL=1626>1440,7.05,False,,
HUDCO,RECLTD,0.42304,217,44250,118,2025-12-02 09:15:00+05:30,2026-05-26 15:29:00+05:30,9.6134138e-08,1e-12,0.00031005506,1e-06,0.009084676,9.45e-08,3.5039798e-07,0.00059194424,0.274357,2.8538977e-06,224773.02,5.079616,15,False,-0.10891782,-0.13343545,-0.13827235,0.01681353,0.024517635,6.1085617,6.1085232,6.1085354,1.1924084e-05,1.0717839e-08,4.4249763e-08,0.1555291,6.6055945e-07,-3.5072988e-06,0.0013186296,-1.2602494e-08,0.00015000688,0.84151065,136.07361,-0.0042059364,0.0053433926,-0.39293258,20.723266,-2.3805635e-08,0.00088802553,0.033447777,0.00055746295,0.10034333,0.00013793718,-0.39291629,-2.3805635e-08,0,-78.195405,0,-3.4304979,-2.8616054,-2.5668048,-0.001956529,False,HL=0.0<15,7.08,False,,
IREDA,RAILTEL,0.422913,218,44250,118,2025-12-02 09:15:00+05:30,2026-05-26 15:29:00+05:30,1e-12,1e-12,1e-06,1e-06,9.45e-08,9.45e-08,0.00090866338,0.030144044,1.1005175e-09,1.1005175e-09,81276.676,1.836761,15,False,0.20943945,0.19631323,0.19570631,0.0048867808,0.013126219,3.7294331,3.7279191,3.7279396,0.00094457261,6.2807097e-09,4.3252129e-08,6.2060539e-05,4.7579631e-06,-0.0059541326,0.036336461,-0.00033781619,0.030148128,0.13628044,-0.12785748,-0.081493481,0.097524438,0.99941522,0.0006122961,-0.0019918599,0.0010311768,1132.0457,18.867429,3396.1371,0.029467098,0.99938789,-1.2192348e-06,8.3178402e-05,-3.5395924,0.007026628,-3.4304978,-2.8616053,-2.5668048,0.48227033,True,PASS,6.47,False,,
DLF,PHOENIXLTD,0.422913,219,44250,118,2025-12-02 09:15:00+05:30,2026-05-26 15:29:00+05:30,1e-12,1e-12,1e-06,1e-06,9.45e-08,9.45e-08,0.0014601461,0.038211858,6.8486298e-10,6.8486298e-10,66944.747,1.512876,15,False,0.058669538,0.032287543,0.039415361,0.0087447301,0.026381994,6.1319761,6.128903,6.129919,0.0012299646,5.7533752e-09,4.3648789e-08,5.0029708e-05,2.9201257e-06,-0.021389232,0.044434353,-0.00022915579,0.038240082,-0.88459327,0.44299157,-0.14292029,0.069269185,0.99959444,0.00041503949,-0.0016064575,0.001089206,1670.0752,27.834587,5010.2257,0.037805093,0.99958505,-6.6660498e-07,0.0010886424,-2.8896927,0.046559795,-3.4304979,-2.8616054,-2.5668048,0.49144231,False,HL=1670>1440,6.77,False,,
INOXWIND,RVNL,0.422904,220,44250,118,2025-12-02 09:15:00+05:30,2026-05-26 15:29:00+05:30,1e-12,1e-12,1e-06,1e-06,9.45e-08,9.45e-08,0.0097129096,0.098554095,1.0295576e-10,1.0295576e-10,33591.496,0.75913,15,False,0.37253446,0.32396163,0.32957234,0.0063779209,0.048572827,2.7432741,2.740262,2.7412743,0.00114782,1.8322423e-08,4.3789343e-08,3.6936424e-05,9.2820342e-07,-0.072886316,0.084267765,-0.0011335666,0.098554432,-0.33973803,-0.73283779,-0.20610208,0.19015463,0.99992825,0.00010966475,-0.032902648,0.0011805793,6320.6016,105.34336,18961.805,0.07971621,0.99989034,-3.6080627e-06,0.02707251,-1.8852036,0.33905349,-3.4304978,-2.8616053,-2.5668048,0.52896219,False,ADF_p=0.3391; HL=6321>1440,6.78,False,,
JWL,RAILTEL,0.422646,221,44250,118,2025-12-02 09:15:00+05:30,2026-05-26 15:29:00+05:30,7.7911004e-08,1e-12,0.00027912543,1e-06,0.0073625899,9.45e-08,4.1912174e-07,0.00064739612,0.18589111,2.3859416e-06,223677.37,5.054856,15,False,0.45639303,0.46249744,0.46184892,0.010014677,0.0061044055,2.9934013,2.9933885,2.9933925,3.9787553e-06,1.2307492e-08,4.4249327e-08,0.15182056,1.0418693e-06,8.7404268e-07,0.0014819891,-4.5290525e-09,0.00024105267,0.26017191,43.200048,-0.0061604422,0.0059871361,-0.41513771,20.723266,-1.4086253e-08,0.0014118266,0.033447777,0.00055746295,0.10034333,0.00021929931,-0.41513512,-1.4086253e-08,0,-80.324977,0,-3.4304979,-2.8616054,-2.5668048,-0.0015288208,False,HL=0.0<15,7.62,False,,
HEROMOTOCO,MARUTI,0.422496,222,44250,118,2025-12-02 09:15:00+05:30,2026-05-26 15:29:00+05:30,1e-12,1e-12,1e-06,1e-06,9.45e-08,9.45e-08,0.00026120811,0.016161934,3.828365e-09,3.828365e-09,109141.53,2.466475,15,False,0.41963215,0.40542577,0.41059771,0.0026306042,0.014206382,4.6761175,4.674788,4.6753493,0.00028432729,2.1625438e-09,4.3798651e-08,7.8072843e-05,6.1492849e-06,-0.0051538378,0.01897074,-4.6628241e-06,0.016159572,0.091949757,-0.36615304,-0.044596805,0.046445767,0.99858591,0.0014322438,-0.00047022334,0.00085967966,483.95895,8.0659825,1451.8768,0.016062502,0.99856878,-6.7299238e-07,7.4782638e-09,-5.6157561,1.1754658e-06,-3.4304979,-2.8616054,-2.5668048,0.50060191,True,PASS,7.15,False,,
INOXWIND,MAZDOCK,0.422478,223,44250,118,2025-12-02 09:15:00+05:30,2026-05-26 15:29:00+05:30,1e-12,1e-12,1e-06,1e-06,9.45e-08,9.45e-08,0.0097351009,0.098666615,1.0272107e-10,1.0272107e-10,29690.19,0.670965,15,False,0.12239935,0.082771925,0.089931098,0.0081162109,0.03962743,3.9252242,3.9225223,3.9234565,0.0010555776,1.3062615e-08,4.3918719e-08,3.2550436e-05,8.0231212e-07,-0.070490674,0.095745268,-0.00043250338,0.098887491,-0.65674825,-0.60835321,-0.22609477,0.15516058,0.9999132,0.00011177079,-0.029992066,0.0013029527,6201.5057,103.35843,18604.517,0.087146409,0.99988824,-3.3520495e-06,0.037184229,-1.7958345,0.3825317,-3.4304978,-2.8616053,-2.5668048,0.52548425,False,ADF_p=0.3825; HL=6202>1440,7.56,False,,
RVNL,TITAGARH,0.422441,224,44250,118,2025-12-02 09:15:00+05:30,2026-05-26 15:29:00+05:30,1e-12,1e-12,1e-06,1e-06,9.45e-08,9.45e-08,0.0016550932,0.040682837,6.0419556e-10,6.0419556e-10,70161.951,1.585581,15,False,0.29989017,0.28622119,0.29652258,0.0068599498,0.013668979,3.7539258,3.7512443,3.7528497,0.001085312,6.8939051e-09,4.3531929e-08,5.2116662e-05,2.9723244e-06,-0.013264161,0.046178658,-0.00033953759,0.040679728,0.20167503,-0.22652841,-0.112169,0.15430018,0.9995978,0.00032439628,-0.0064854369,0.0011538419,2136.7297,35.612162,6410.1891,0.045299496,0.99967566,-2.1035104e-06,0.0080755019,-2.0641212,0.25918413,-3.4304978,-2.8616053,-2.5668048,0.48655516,False,ADF_p=0.2592; HL=2137>1440,6.88,False,,
CENTRALBK,MAHABANK,0.422081,225,44250,118,2025-12-02 09:15:00+05:30,2026-05-26 15:29:00+05:30,1e-12,1e-12,1e-06,1e-06,9.45e-08,9.45e-08,0.00076762891,0.027706117,1.3027128e-09,1.3027128e-09,73469.753,1.660333,15,False,0.4530947,0.40069706,0.42376076,0.012820656,0.052397644,1.8116778,1.8026149,1.8079139,0.0029524598,8.1057644e-09,4.2698657e-08,8.2991923e-05,6.4180346e-06,-0.028239804,0.027353724,0.00018947612,0.027706626,-1.8589222,5.8869256,-0.1290901,0.064602085,0.99943952,0.00035865375,-0.010393316,0.00092766165,1932.6361,32.210601,5797.9082,0.034636732,0.99964141,-3.7269334e-06,0.012139304,-1.2588665,0.64777468,-3.4304978,-2.8616053,-2.5668048,0.45093468,False,ADF_p=0.6478; HL=1933>1440,7.2,False,,
IRFC,SUZLON,0.422016,226,44250,118,2025-12-02 09:15:00+05:30,2026-05-26 15:29:00+05:30,1e-12,1e-12,1e-06,1e-06,9.45e-08,9.45e-08,0.0035561707,0.059633637,2.8120135e-10,2.8120135e-10,53134.601,1.200782,15,False,0.18186416,0.15690362,0.16810597,0.0082831062,0.024960543,4.0337039,4.0279948,4.0309196,0.0021846786,1.6814812e-08,4.3176225e-08,6.2720483e-05,2.375373e-06,-0.035409714,0.061016074,-0.00065951029,0.059648264,0.069552956,-0.66021861,-0.1526246,0.17258525,0.99986328,0.00012737771,-0.014077277,0.00098638949,5441.6677,90.694461,16325.003,0.06179975,0.99987263,-1.7930172e-06,0.052591622,-1.6411966,0.46163561,-3.4304978,-2.8616053,-2.5668048,0.50779443,False,ADF_p=0.4616; HL=5442>1440,7.15,False,,
ADANIENSOL,ADANIPORTS,0.421704,227,44250,118,2025-12-02 09:15:00+05:30,2026-05-26 15:29:00+05:30,1e-12,5.6604978e-05,1e-06,0.007523628,9.45e-08,5.3491704,0.04172283,0.20426167,2.3967694e-11,0.0013566908,28766.021,0.65008,15,False,2.7152301,2.7147595,2.7147598,2.6913133e-07,0.00047059613,-12.990956,-13.088635,-12.90694,0.12167793,1.9225244e-05,0.002590508,5.5884612e-06,0.036136362,-6.3192272e-05,0.0089010524,3.2824296e-06,0.0062771997,0.12019961,11.077112,-0.062075578,0.062728219,0.92282202,0.080060876,9.3761816e-06,0.0025155471,8.6577517,0.14429586,25.973255,0.0062864765,0.92306015,7.2140199e-07,0,-35.688251,0,-3.4304978,-2.8616053,-2.5668048,0.20521937,False,HL=8.7<15,7.39,False,,
MARUTI,TVSMOTOR,0.421588,228,44250,118,2025-12-02 09:15:00+05:30,2026-05-26 15:29:00+05:30,1e-12,1e-12,1e-06,1e-06,9.45e-08,9.45e-08,0.00036475056,0.019098444,2.7415996e-09,2.7415996e-09,85941.284,1.942176,15,False,0.21491521,0.19148835,0.20191095,0.010626837,0.02342686,7.9284653,7.9253803,7.9267093,0.0013514738,2.9519329e-09,4.3659892e-08,7.1856848e-05,5.9182853e-06,-0.010152147,0.026407239,-6.0912592e-05,0.019112026,-0.54866948,0.2196094,-0.061353801,0.048566454,0.99895335,0.0010463485,0.00010688888,0.00087466254,662.44387,11.040731,1987.3316,0.019119976,0.9989542,1.1178453e-07,7.5948801e-07,-4.4329303,0.00025943591,-3.4304978,-2.8616053,-2.5668048,0.48439722,True,PASS,6.81,False,,
JIOFIN,RVNL,0.421242,229,44250,118,2025-12-02 09:15:00+05:30,2026-05-26 15:29:00+05:30,1e-12,1e-12,1e-06,1e-06,9.45e-08,9.45e-08,0.00089360766,0.029893271,1.1190593e-09,1.1190593e-09,80946.074,1.82929,15,True,0.5425721,0.51166211,0.51852071,0.007501351,0.030909998,2.5958316,2.5918774,2.5930629,0.0012979496,6.4201168e-09,4.3207071e-08,6.2779906e-05,4.9015263e-06,-0.01926562,0.031471415,5.2097027e-05,0.029891638,-0.77884193,0.57231279,-0.10842015,0.055959117,0.99961174,0.00037784341,0.00063362852,0.00083303946,1834.4827,30.574711,5503.448,0.03030363,0.99962223,2.3936714e-07,0.0021741183,-2.7279802,0.069320353,-3.4304979,-2.8616053,-2.5668048,0.49699185,False,ADF_p=0.0693; HL=1834>1440,7.38,False,,
BDL,IREDA,0.421126,230,44250,118,2025-12-02 09:15:00+05:30,2026-05-26 15:29:00+05:30,1e-12,4.5818008e-08,1e-06,0.00021405141,9.45e-08,0.0043298018,2.8392144e-05,0.0053284279,3.5221011e-08,0.0016137566,170003.73,3.841892,15,False,1.5267428,1.5250317,1.5252085,0.00016061246,0.001711134,-0.22023888,-0.22191716,-0.19261906,0.061971668,9.1506515e-08,3.2808164e-06,2.7619146e-05,0.039331998,-4.6420863e-06,0.0051787557,2.8935868e-06,0.0036799581,-0.075731397,10.582072,-0.041306621,0.046365344,0.90518798,0.099625105,5.7064936e-07,0.0016425189,6.9575553,0.11595926,20.872666,0.0036796879,0.9051767,5.4110855e-08,0,-37.678706,0,-3.4304979,-2.8616054,-2.5668048,0.15865758,False,HL=7.0<15,6.57,False,,
DIXON,KAYNES,0.421024,231,44250,118,2025-12-02 09:15:00+05:30,2026-05-26 15:29:00+05:30,1e-12,1e-12,1e-06,1e-06,9.45e-08,9.45e-08,0.0016846504,0.041044493,5.9359495e-10,5.9359495e-10,64795.93,1.464315,15,False,0.1610668,0.13618972,0.13712662,0.0068168091,0.024877079,8.1992991,8.1973321,8.1974367,0.00083495526,5.5736996e-09,4.3741624e-08,4.515802e-05,2.5004116e-06,-0.019738735,0.048362039,-0.00019700808,0.041050883,-0.18287364,-0.85636152,-0.1057111,0.082400563,0.99950128,0.00051097678,-0.0007567486,0.0012966085,1356.514,22.608567,4069.5421,0.040559564,0.99948915,-3.8658219e-07,0.00033366873,-3.3350504,0.013382595,-3.4304979,-2.8616053,-2.5668048,0.49986786,True,PASS,6.36,False,,
CANBK,MAHABANK,0.421021,232,44250,118,2025-12-02 09:15:00+05:30,2026-05-26 15:29:00+05:30,1e-12,1e-12,1e-06,1e-06,9.45e-08,9.45e-08,0.0010280921,0.032063875,9.726755e-10,9.726755e-10,65208.422,1.473637,15,False,0.32571155,0.27633915,0.29907071,0.013782626,0.0493724,3.7113308,3.7022592,3.7074993,0.0031867528,9.0451067e-09,4.2796025e-08,7.864555e-05,5.333309e-06,-0.031343639,0.034223847,0.00022225546,0.032074854,-0.53228596,-0.15505378,-0.091049583,0.080684911,0.99954889,0.0004614958,-0.0026147598,0.00096354531,1501.9577,25.032629,4505.8732,0.031715625,0.99953861,-1.2064223e-06,0.00061614775,-3.0515806,0.0303502,-3.4304979,-2.8616054,-2.5668048,0.49385611,False,HL=1502>1440,7.28,False,,
IDEA,INDUSTOWER,0.420835,233,44250,118,2025-12-02 09:15:00+05:30,2026-05-26 15:29:00+05:30,8.6215181e-07,1e-12,0.00092852131,1e-06,0.081473346,9.45e-08,1.8715559e-06,0.0013680482,0.46066048,5.343148e-07,184773,4.175661,15,False,0.8013439,0.84506855,0.80128464,0.018955372,0.043724656,-2.4867276,-2.4867271,-2.4867273,1.6367606e-07,4.9262975e-08,4.4249973e-08,0.15626175,7.6924761e-08,6.2472236e-06,0.0014791039,6.5790975e-10,0.00011169821,-0.32364383,42.255635,-0.002808523,0.0025262677,-0.51331347,20.723266,-5.2694232e-09,0.00061709069,0.033447777,0.00055746295,0.10034333,9.5852821e-05,-0.51327259,-5.2694232e-09,0,-78.883883,0,-3.4304979,-2.8616054,-2.5668048,0.00047392112,False,HL=0.0<15,7.14,False,,
MANAPPURAM,MUTHOOTFIN,0.420661,234,44250,118,2025-12-02 09:15:00+05:30,2026-05-26 15:29:00+05:30,3.7129527e-07,1e-12,0.00060934003,1e-06,0.035087403,9.45e-08,1.4222754e-06,0.0011925919,0.26105722,7.030987e-07,190591.91,4.307162,15,False,0.52881792,0.55839781,0.53755723,0.0077940961,0.029579883,1.267878,1.2678779,1.267878,3.7714797e-08,2.1147522e-08,4.4249972e-08,0.11595296,7.8807018e-08,5.7551752e-06,0.0011132791,9.5014853e-11,8.0165927e-05,-0.34236917,36.987321,-0.0021606694,0.0014281379,-0.48886988,20.723266,8.0717525e-10,0.00045022299,0.033447777,0.00055746295,0.10034333,6.9933228e-05,-0.48890944,8.0717525e-10,0,-80.169579,0,-3.4304979,-2.8616054,-2.5668048,-7.4779382e-05,False,HL=0.0<15,7.54,False,,
ABB,SIEMENS,0.420361,235,44250,118,2025-12-02 09:15:00+05:30,2026-05-26 15:29:00+05:30,6.1047533e-08,1e-12,0.00024707799,1e-06,0.0057689919,9.45e-08,3.339128e-07,0.00057785189,0.18282478,2.9947938e-06,225229.54,5.089933,15,False,0.050649279,0.083508516,0.066458569,0.015091643,0.032859237,8.1420852,8.1420661,8.1420728,5.9098068e-06,5.261363e-09,4.4249841e-08,0.11469501,5.0313318e-07,6.458996e-06,0.001105168,-5.3039394e-09,0.00010503323,0.55057097,337.96273,-0.0051505674,0.0051510255,-0.44451627,20.723266,-9.7246706e-09,0.00060572038,0.033447777,0.00055746295,0.10034333,9.4086668e-05,-0.44452422,-9.7246706e-09,0,-79.760494,0,-3.4304979,-2.8616054,-2.5668048,-0.00087463543,False,HL=0.0<15,7.37,False,,
KPITTECH,MPHASIS,0.419827,236,44250,118,2025-12-02 09:15:00+05:30,2026-05-26 15:29:00+05:30,1e-12,1e-12,1e-06,1e-06,9.45e-08,9.45e-08,0.0025491896,0.0504895,3.9228153e-10,3.9228153e-10,20679.01,0.467322,15,False,0.44090432,0.38671857,0.40441787,0.018257996,0.054185748,3.6267166,3.6206391,3.6229557,0.0023937232,7.125349e-09,4.3723338e-08,4.2950915e-05,2.0446324e-06,-0.059483935,0.067956122,-0.00063783589,0.053222495,-0.48288661,-0.52810189,-0.1459568,0.10841679,0.99976826,0.00023410488,-0.0010878453,0.0011458638,2960.8403,49.347339,8882.521,0.052955706,0.99976592,-2.5464008e-07,0.011093045,-2.2197139,0.19916839,-3.4304979,-2.8616054,-2.5668048,0.46774508,False,ADF_p=0.1992; HL=2961>1440,7.31,False,,
COFORGE,OFSS,0.419427,237,44250,118,2025-12-02 09:15:00+05:30,2026-05-26 15:29:00+05:30,1e-12,1e-12,1e-06,1e-06,9.45e-08,9.45e-08,0.0037265358,0.061045359,2.6834574e-10,2.6834574e-10,33420.882,0.755274,15,False,0.46867889,0.4224851,0.43869413,0.014679796,0.046193787,3.3380117,3.3336512,3.3354608,0.0016445168,7.0895982e-09,4.3883008e-08,3.6903198e-05,1.4127527e-06,-0.061818864,0.067380746,-0.00012501253,0.061150374,-0.62535553,-0.66559423,-0.15992954,0.10826553,0.99980016,0.00020695227,-0.0026530139,0.0012225678,3349.3094,55.821823,10047.928,0.060092858,0.99979307,-5.4899044e-07,0.01472745,-2.1442114,0.22711241,-3.4304978,-2.8616053,-2.5668048,0.49917813,False,ADF_p=0.2271; HL=3349>1440,6.85,False,,
ETERNAL,SWIGGY,0.419403,238,44250,118,2025-12-02 09:15:00+05:30,2026-05-26 15:29:00+05:30,1e-12,1e-12,1e-06,1e-06,9.45e-08,9.45e-08,0.0020401295,0.045167793,4.9016496e-10,4.9016496e-10,67832.489,1.532938,15,False,0.2368172,0.21853283,0.22266125,0.0052351375,0.018284368,4.2870691,4.2849632,4.2857153,0.00095240025,9.1137285e-09,4.3333656e-08,5.4724555e-05,2.9815565e-06,-0.014463858,0.049235824,-0.00032529213,0.045165691,-0.42591909,0.71969947,-0.14186122,0.12098624,0.99965561,0.00035237405,-0.0015018457,0.0011854573,1967.0779,32.784631,5901.2336,0.044654885,0.99964769,-5.2911821e-07,0.0023721601,-2.6218578,0.088563326,-3.4304979,-2.8616054,-2.5668048,0.48119344,False,ADF_p=0.0886; HL=1967>1440,7.21,False,,
BDL,NBCC,0.419213,239,44250,118,2025-12-02 09:15:00+05:30,2026-05-26 15:29:00+05:30,1e-12,6.7952537e-06,1e-06,0.0026067707,9.45e-08,0.64215148,0.00083023115,0.028813732,1.2044838e-09,0.0081847732,114091.03,2.578328,15,False,1.0252016,1.0237485,1.02375,1.3369494e-06,0.001453091,2.4617082,2.5246667,2.5256157,0.0803225,3.4632562e-06,0.00014380112,2.3438609e-05,0.086440592,1.5259515e-05,0.0028199431,7.2400132e-07,0.0019215363,-0.070589034,15.141388,-0.028055787,0.030642053,0.79535565,0.22927626,-7.384475e-07,0.0013000695,3.0231964,0.050386607,9.0695892,0.001919871,0.79510884,-1.5130136e-07,0,-46.801027,0,-3.4304979,-2.8616054,-2.5668048,0.050862443,False,HL=3.0<15,7.43,False,,
RVNL,SUZLON,0.418752,240,44250,118,2025-12-02 09:15:00+05:30,2026-05-26 15:29:00+05:30,1e-12,1e-12,1e-06,1e-06,9.45e-08,9.45e-08,0.0037037298,0.060858276,2.699981e-10,2.699981e-10,54187.104,1.224567,15,False,0.36083343,0.34794385,0.3591066,0.0071971891,0.012889575,4.3264268,4.3215644,4.3244255,0.0018567562,1.7130905e-08,4.3199261e-08,6.2329245e-05,2.3001318e-06,-0.026521441,0.0644452,-0.00016606875,0.06085746,0.22846542,-0.49947419,-0.15536063,0.19633225,0.99981826,0.00011249546,-0.026593965,0.0011602936,6161.5571,102.69262,18484.671,0.077354466,0.99988751,-2.991532e-06,0.1072928,-0.99033078,0.75677457,-3.4304978,-2.8616053,-2.5668048,0.48996502,False,ADF_p=0.7568; HL=6162>1440,6.81,False,,
CENTRALBK,IOB,0.418498,241,44250,118,2025-12-02 09:15:00+05:30,2026-05-26 15:29:00+05:30,1e-12,1.0159493e-06,1e-06,0.0010079431,9.45e-08,0.09600721,4.9590388e-05,0.0070420443,2.0165198e-08,0.020486819,174506.23,3.943644,15,False,1.1121267,1.1098988,1.1099054,6.0753038e-06,0.0022279506,-0.4146061,-0.46796432,-0.34898965,0.0352406,6.111789e-07,1.4165289e-05,3.0861337e-05,0.13322507,-9.2437418e-06,0.0015770498,3.1720195e-07,0.0011420891,-0.63588361,48.576033,-0.024205201,0.024783071,0.54568203,0.60577392,4.4706516e-07,0.0012570167,1.1442341,0.019070569,3.4327023,0.0011420122,0.54565197,2.0312317e-07,0,-55.429724,0,-3.4304979,-2.8616054,-2.5668048,0.0069843747,False,HL=1.1<15,7.35,False,,
MPHASIS,WIPRO,0.418423,242,44250,118,2025-12-02 09:15:00+05:30,2026-05-26 15:29:00+05:30,1e-12,1e-12,1e-06,1e-06,9.45e-08,9.45e-08,0.00061914195,0.024882563,1.6151385e-09,1.6151385e-09,91907.86,2.077014,15,False,0.66128552,0.64507456,0.65170051,0.0054945985,0.01621095,4.2955082,4.2926014,4.2939065,0.0010900821,5.9874637e-09,4.3020245e-08,7.1654541e-05,6.4275983e-06,-0.0092007517,0.027913269,-0.00012171327,0.024881091,0.31718687,-0.021848128,-0.060269673,0.070995063,0.99913674,0.00086332132,-0.00010522646,0.0010340767,802.88435,13.381406,2408.6531,0.024885796,0.99913705,-9.0805047e-08,6.2399453e-06,-3.9463052,0.0017192975,-3.4304978,-2.8616053,-2.5668048,0.47137421,True,PASS,6.73,False,,
BDL,BEML,0.418142,243,44250,118,2025-12-02 09:15:00+05:30,2026-05-26 15:29:00+05:30,1e-12,1e-12,1e-06,1e-06,9.45e-08,9.45e-08,0.0015234228,0.039031049,6.564166e-10,6.564166e-10,74718.232,1.688548,14,True,0.82085949,0.80322847,0.80997262,0.0037685364,0.017631029,1.1825388,1.1808855,1.1817625,0.0004842299,5.8338869e-09,4.3656828e-08,4.9788795e-05,2.837539e-06,-0.013585458,0.041865862,8.2287585e-05,0.039028892,-0.062323168,-0.75736057,-0.088860637,0.091397383,0.999479,0.00052672054,-0.0028262953,0.0012600177,1315.9676,21.932794,3947.9029,0.038821428,0.99947342,-1.4882758e-06,0.000299963,-2.665963,0.080115608,-3.4304978,-2.8616053,-2.5668048,0.46082931,False,ADF_p=0.0801,6.79,False,,
OFSS,PERSISTENT,0.417607,244,44250,118,2025-12-02 09:15:00+05:30,2026-05-26 15:29:00+05:30,8.596345e-06,0.00017462342,0.0029319524,0.013214515,0.8123546,16.501913,0.0026806223,0.051774726,0.0032068468,0.065142866,78320.096,1.769946,15,False,0.57716425,0.54448632,0.53959251,0.015066773,0.032677924,3.9453185,4.5502924,4.3028233,0.1719276,0.054095577,3.9441815,0.038484591,0.1048716,1.7441578e-05,0.0011027726,1.9998768e-08,0.00058311215,-0.55492711,78.994911,-0.016988352,0.016840504,0.16983517,1.7729419,1.2407426e-09,0.0010980221,0.39095877,0.0065159795,1.1728763,0.00058310778,0.16983263,1.030024e-09,0,-70.817815,0,-3.4304979,-2.8616054,-2.5668048,-0.0092089801,False,HL=0.4<15,7.56,False,,
DLF,JIOFIN,0.417499,245,44250,118,2025-12-02 09:15:00+05:30,2026-05-26 15:29:00+05:30,1e-12,1e-12,1e-06,1e-06,9.45e-08,9.45e-08,0.0014963271,0.038682387,6.683031e-10,6.683031e-10,69675.053,1.574577,15,False,0.23195289,0.20630108,0.21305651,0.0080420583,0.025651816,5.2418448,5.2381106,5.2393794,0.0015043074,8.1559186e-09,4.3251392e-08,5.667426e-05,3.6642613e-06,-0.020916411,0.042817358,-0.00034824412,0.038683828,-1.0299041,0.71165858,-0.14571712,0.067073953,0.99966065,0.00034804641,-0.0018732029,0.0010078816,1991.5367,33.192278,5974.61,0.038201108,0.99965201,-6.5184811e-07,0.0024783093,-2.6244031,0.088057799,-3.4304978,-2.8616053,-2.5668048,0.48606952,False,ADF_p=0.0881; HL=1992>1440,7.03,False,,
MPHASIS,OFSS,0.416721,246,44250,118,2025-12-02 09:15:00+05:30,2026-05-26 15:29:00+05:30,1e-12,1e-12,1e-06,1e-06,9.45e-08,9.45e-08,0.00079031569,0.028112554,1.2653172e-09,1.2653172e-09,64036.358,1.447149,15,False,0.63411006,0.59807218,0.62296197,0.01365901,0.036037886,2.2390343,2.2349396,2.2375968,0.0014442533,3.5348537e-09,4.3799345e-08,5.4980403e-05,3.4898714e-06,-0.024175382,0.036347227,0.00012420459,0.028124779,0.43287771,0.65375746,-0.080526169,0.086577257,0.99933665,0.00067439699,0.00096157108,0.0010245876,1027.8029,17.130048,3083.4087,0.027898207,0.99932583,6.4826202e-07,4.9362886e-05,-3.4530672,0.0092774795,-3.4304978,-2.8616053,-2.5668048,0.47649842,True,PASS,6.29,False,,
OFSS,TATAELXSI,0.416335,247,44250,118,2025-12-02 09:15:00+05:30,2026-05-26 15:29:00+05:30,5.2710162e-06,9.29961e-05,0.0022958694,0.0096434485,0.49811103,8.7881314,0.0013339581,0.036523391,0.0039514107,0.069714409,92828.877,2.097828,15,False,0.62239537,0.62238604,0.60416662,0.01076566,9.3216047e-06,3.6845808,3.9876191,3.8366257,0.082868348,0.032875309,2.3054183,0.042166082,0.10244313,1.5158409e-05,0.0010706818,3.5295248e-08,0.000555931,0.14513308,51.524555,-0.015078659,0.015066683,0.12916478,2.0466643,3.7159905e-08,0.001124771,0.33867166,0.0056445276,1.016015,0.00055593727,0.12916505,3.2360144e-08,0,-71.723369,0,-3.4304979,-2.8616054,-2.5668048,-0.0090646884,False,HL=0.3<15,7.33,False,,
COCHINSHIP,RVNL,0.416099,248,44250,118,2025-12-02 09:15:00+05:30,2026-05-26 15:29:00+05:30,1.734903e-06,1e-12,0.0013171572,1e-06,0.16394834,9.45e-08,3.6691635e-06,0.0019155061,0.47283339,2.7254169e-07,171829.37,3.88315,15,False,1.6169586,1.6616225,1.6169455,0.021044593,0.0446639,-1.9103392,-1.9103342,-1.9103358,1.4573444e-06,1.1291281e-07,4.4249976e-08,0.16489029,4.8977224e-08,5.8656687e-06,0.0018818682,1.9901525e-08,0.00014880068,0.07568544,58.69527,-0.0031596282,0.0037652892,-0.46173017,20.723266,2.9546102e-08,0.00084974123,0.033447777,0.00055746295,0.10034333,0.00013199048,-0.46173669,2.9546102e-08,0,-79.276424,0,-3.4304979,-2.8616054,-2.5668048,-0.00061387222,False,HL=0.0<15,7.33,False,,
CANBK,JIOFIN,0.41574,249,44250,118,2025-12-02 09:15:00+05:30,2026-05-26 15:29:00+05:30,1.1239284e-06,1e-12,0.0010601549,1e-06,0.10621124,9.45e-08,2.2477157e-06,0.0014992384,0.50003141,4.4489613e-07,183111.4,4.138111,15,False,1.3663182,1.4002958,1.3949623,0.016941802,0.03397764,-2.786689,-2.7866855,-2.7866866,1.047544e-06,7.1788685e-08,4.4249973e-08,0.16960798,6.6939095e-08,4.5408061e-06,0.0011787274,7.487066e-09,9.3114236e-05,-0.048524341,21.623236,-0.0017421334,0.0015634746,-0.46520407,20.723266,9.0361422e-09,0.00053064823,0.033447777,0.00055746295,0.10034333,8.2425696e-05,-0.46520582,9.0361422e-09,0,-80.944834,0,-3.4304979,-2.8616054,-2.5668048,-0.00057504146,False,HL=0.0<15,7.53,False,,
GODREJPROP,PHOENIXLTD,0.415383,250,44250,118,2025-12-02 09:15:00+05:30,2026-05-26 15:29:00+05:30,1e-12,1e-12,1e-06,1e-06,9.45e-08,9.45e-08,0.0025372287,0.050370911,3.9413081e-10,3.9413081e-10,61436.118,1.388387,15,False,0.47501327,0.44999128,0.45344312,0.0054043868,0.025021989,4.1069651,4.1048616,4.1053501,0.00074921436,7.3400348e-09,4.3704475e-08,4.3816266e-05,2.08486e-06,-0.024024357,0.053649713,-0.00021869708,0.050369445,-0.96464241,0.85280603,-0.17841089,0.10087128,0.99975114,0.00027611027,-0.0067006737,0.0011237953,2510.3999,41.839998,7531.1997,0.047822351,0.99972393,-1.8498694e-06,0.0046192978,-2.5047639,0.11431952,-3.4304978,-2.8616053,-2.5668048,0.50102985,False,ADF_p=0.1143; HL=2510>1440,6.63,False,,
PERSISTENT,TATAELXSI,0.415123,251,44250,118,2025-12-02 09:15:00+05:30,2026-05-26 15:29:00+05:30,1e-12,1e-12,1e-06,1e-06,9.45e-08,9.45e-08,0.00059614133,0.024416006,1.6774546e-09,1.6774546e-09,83586.127,1.888952,15,False,0.54626008,0.52967223,0.53370734,0.0067253004,0.016587851,4.0937058,4.0917407,4.0922508,0.00082774066,3.486565e-09,4.3702561e-08,6.1088082e-05,4.4364498e-06,-0.0091282565,0.031548122,-7.5396949e-05,0.024422758,-0.25732279,-0.067797588,-0.084188769,0.060602839,0.99895699,0.0010446026,-0.00012083191,0.0011157586,663.55108,11.059185,1990.6532,0.024410669,0.99895594,-1.2615543e-07,7.5813484e-07,-4.1768323,0.00072099246,-3.4304978,-2.8616053,-2.5668048,0.47779206,True,PASS,6.08,False,,
CDSL,MCX,0.414984,252,44250,118,2025-12-02 09:15:00+05:30,2026-05-26 15:29:00+05:30,1e-12,1e-12,1e-06,1e-06,9.45e-08,9.45e-08,0.0094459179,0.097190112,1.0586584e-10,1.0586584e-10,22213.69,0.502004,15,False,0.88711383,0.82339791,0.84177758,0.012362816,0.063715922,0.60722096,0.60261508,0.60489148,0.0015322944,1.2564849e-08,4.3933525e-08,3.4217282e-05,7.9882297e-07,-0.11422583,0.064387634,0.0015224051,0.097534316,-0.16447669,-0.17328011,-0.23603005,0.20854097,0.99992287,9.7003034e-05,-0.084365916,0.0012113448,7145.6237,119.09373,21436.871,0.086968126,0.999903,-8.1833529e-06,0.050206458,-1.6344327,0.46517133,-3.4304979,-2.8616053,-2.5668048,0.51739058,False,ADF_p=0.4652; HL=7146>1440,7.17,False,,
IRFC,PFC,0.414412,253,44250,118,2025-12-02 09:15:00+05:30,2026-05-26 15:29:00+05:30,1e-12,1e-12,1e-06,1e-06,9.45e-08,9.45e-08,0.0027925915,0.052844976,3.5809032e-10,3.5809032e-10,53895.591,1.217979,15,False,0.086088436,0.061490665,0.072513058,0.009635766,0.02459777,4.2507069,4.2468173,4.248661,0.0016103761,9.5123037e-09,4.3549363e-08,4.9568268e-05,2.2262594e-06,-0.029050424,0.060360014,0.00011043001,0.052877477,-0.22220418,-0.26406013,-0.15063679,0.16443836,0.99980774,0.00019069064,-0.0038855957,0.0010369497,3634.9303,60.582171,10904.791,0.053097982,0.99980933,-7.4087608e-07,0.020408334,-2.1137471,0.23902289,-3.4304978,-2.8616053,-2.5668048,0.51033959,False,ADF_p=0.2390; HL=3635>1440,7.52,False,,
INFY,KPITTECH,0.414307,254,44250,118,2025-12-02 09:15:00+05:30,2026-05-26 15:29:00+05:30,1.0144454e-05,0.00022304911,0.0031850359,0.014934829,0.95865087,21.078141,0.0053858807,0.073388559,0.0018835274,0.041413675,67034.29,1.514899,15,False,0.63886345,0.45422979,0.53608785,0.055113075,0.18463366,2.8003021,4.0303818,3.5926996,0.36971058,0.075249521,3.3511237,0.030487676,0.11106706,-7.5913454e-08,0.0012588471,1.3120946e-07,0.0007420214,-1.6711876,141.40667,-0.032016175,0.018855799,0.36386373,1.0110422,2.0013475e-07,0.0010550836,0.68557693,0.011426282,2.0567308,0.00074197154,0.3638396,1.273178e-07,0,-66.244874,0,-3.4304979,-2.8616054,-2.5668048,-0.0084016745,False,HL=0.7<15,7.65,False,,
CENTRALBK,UCOBANK,0.413723,255,44250,118,2025-12-02 09:15:00+05:30,2026-05-26 15:29:00+05:30,1e-12,1e-12,1e-06,1e-06,9.45e-08,9.45e-08,1.0445133e-05,0.0032318931,9.5738372e-08,9.5738372e-08,-88929.559,-2.009708,15,False,0.95387248,0.95666236,0.96782887,0.0085255331,0.0027898823,0.37984937,0.38282533,0.38540225,0.0032237449,4.7439574e-09,4.0419274e-08,0.00034006288,8.8969181e-05,0.00028505797,0.011943421,1.7342463e-05,0.0093415316,-1.0558676,9.3162635,-0.057074078,0.042377194,0.99371807,0.006093219,-9.3569421e-05,0.0010486134,113.75714,1.8959524,341.27143,0.0094989808,0.99392531,-5.684055e-07,1.9266813e-30,-4.673151,9.4488447e-05,-3.4304979,-2.8616054,-2.5668048,0.36567086,True,PASS,7.26,False,,
INFY,OFSS,0.412612,256,44250,118,2025-12-02 09:15:00+05:30,2026-05-26 15:29:00+05:30,1e-12,1e-12,1e-06,1e-06,9.45e-08,9.45e-08,0.0042563738,0.065240891,2.3494177e-10,2.3494177e-10,30508.618,0.68946,15,False,0.75034725,0.71667489,0.74200266,0.013669218,0.033672361,0.60162028,0.59757759,0.60029552,0.0014518086,7.5446514e-09,4.3893555e-08,3.5882028e-05,1.2987434e-06,-0.054692846,0.08095494,0.00068071164,0.065170659,-1.1617533,0.18589861,-0.1771992,0.10240477,0.99988629,7.4114746e-05,-0.024847271,0.00098283134,9352.3518,155.87253,28057.056,0.080725675,0.99992589,-1.841481e-06,0.15063531,-0.75751537,0.83128429,-3.4304978,-2.8616053,-2.5668048,0.49959419,False,ADF_p=0.8313; HL=9352>1440,7.14,False,,
KPITTECH,PERSISTENT,0.412421,257,44250,118,2025-12-02 09:15:00+05:30,2026-05-26 15:29:00+05:30,1e-12,1e-12,1e-06,1e-06,9.45e-08,9.45e-08,0.0028065408,0.052976795,3.5631051e-10,3.5631051e-10,17838.201,0.403123,15,False,0.30384981,0.25112583,0.26911783,0.018450624,0.05272398,4.4687771,4.4632261,4.4653551,0.002187875,6.6983935e-09,4.3809761e-08,4.0200532e-05,1.786056e-06,-0.06206914,0.072233429,-0.00057588768,0.05545163,-0.58849375,-0.42613556,-0.16644984,0.11455587,0.99977403,0.00022177095,0.00040075884,0.0011789125,3125.5094,52.091823,9376.5281,0.055977595,0.99977825,8.8866814e-08,0.014112864,-2.1744346,0.21565471,-3.4304979,-2.8616054,-2.5668048,0.47666829,False,ADF_p=0.2157; HL=3126>1440,7.55,False,,
CDSL,RECLTD,0.412012,258,44250,118,2025-12-02 09:15:00+05:30,2026-05-26 15:29:00+05:30,4.2002989e-07,1e-12,0.00064809713,1e-06,0.039692825,9.45e-08,8.7121253e-07,0.00093338766,0.48212104,1.1478255e-06,200857.45,4.539151,15,False,-0.32417278,-0.37159324,-0.35647039,0.016296982,0.047420463,9.2801341,9.2801227,9.2801263,3.53081e-06,2.5595247e-08,4.4249942e-08,0.16135714,1.6133561e-07,-6.6078468e-06,0.0013793284,-9.278108e-09,9.9755415e-05,-0.56386589,349.16106,-0.0045681502,0.0045391065,-0.42759229,20.723266,-1.6241744e-08,0.00058054085,0.033447777,0.00055746295,0.10034333,9.0175526e-05,-0.42758509,-1.6241744e-08,0,-78.519085,0,-3.4304979,-2.8616054,-2.5668048,-0.0012425728,False,HL=0.0<15,8.03,False,,
MOTHERSON,TMPV,0.411937,259,44250,118,2025-12-02 09:15:00+05:30,2026-05-26 15:29:00+05:30,1e-12,1e-12,1e-06,1e-06,9.45e-08,9.45e-08,2.8025339e-05,0.0052938964,3.5681995e-08,3.5681995e-08,-555343.81,-12.550143,15,False,-0.22097138,-0.19766098,-0.21792502,0.010715673,0.023310394,6.0737116,6.0732165,6.0713296,0.0020573148,2.0845537e-09,4.3049226e-08,0.00021179728,3.0602926e-05,0.0027796447,0.030643364,-0.00011253205,0.021532456,-0.3245834,0.17578269,-0.073276554,0.065852304,0.99777341,0.0022243511,0.00012528166,0.0014377197,311.6177,5.1936283,934.8531,0.021555473,0.99777812,2.7836069e-07,1.2298543e-12,-6.8413241,1.7881646e-09,-3.4304978,-2.8616053,-2.5668048,0.48619604,True,PASS,6.79,False,,
BEL,RVNL,0.411373,260,44250,118,2025-12-02 09:15:00+05:30,2026-05-26 15:29:00+05:30,1e-12,3.2585269e-07,1e-06,0.00057083508,9.45e-08,0.030793079,0.00010747038,0.010366792,9.3048892e-09,0.0030320231,157508.44,3.559513,15,False,1.0598229,1.0603165,1.0603426,2.5405617e-05,0.00049367912,-0.083668357,0.14440367,-0.0094664906,0.12244681,2.2610733e-07,1.2747109e-05,2.0095093e-05,0.053536231,9.4511139e-05,0.0037849318,1.778413e-06,0.0026099196,-0.4813271,13.465264,-0.033101141,0.024078537,0.87724601,0.13097517,1.4916753e-06,0.0013357562,5.292203,0.088203383,15.876609,0.0026098631,0.87723956,1.8311872e-07,0,-39.784155,0,-3.4304979,-2.8616054,-2.5668048,0.11845002,False,HL=5.3<15,7.18,False,,
PNB,RECLTD,0.411339,261,44250,118,2025-12-02 09:15:00+05:30,2026-05-26 15:29:00+05:30,1e-12,1e-12,1e-06,1e-06,9.45e-08,9.45e-08,0.00099865982,0.031601579,1.001342e-09,1.001342e-09,76979.374,1.739647,15,False,0.19981675,0.171719,0.18627404,0.0081227338,0.028097749,3.668113,3.6644621,3.6670062,0.0014297262,6.44353e-09,4.3292617e-08,6.2426493e-05,4.4450747e-06,-0.015380631,0.036785344,-0.00013716915,0.031602242,0.39050277,0.7587664,-0.092608373,0.092615195,0.99952971,0.00049154983,-0.0021706737,0.00096932234,1410.126,23.502099,4230.3779,0.030915014,0.99950857,-1.0667321e-06,0.00037474373,-3.2142089,0.019176806,-3.4304979,-2.8616053,-2.5668048,0.48454082,True,PASS,7.83,False,,
HDFCLIFE,SBILIFE,0.411149,262,44250,118,2025-12-02 09:15:00+05:30,2026-05-26 15:29:00+05:30,1e-12,1e-12,1e-06,1e-06,9.45e-08,9.45e-08,0.0003445602,0.018562333,2.9022505e-09,2.9022505e-09,90503.692,2.045281,15,False,0.20295354,0.17665233,0.18876506,0.011023039,0.026301211,5.0902434,5.0865698,5.0882313,0.0015137313,3.1652549e-09,4.3566341e-08,7.6145908e-05,6.5496055e-06,-0.011145068,0.024091779,-5.8111699e-05,0.018561407,-0.092295492,1.5135133,-0.073075936,0.057843755,0.99914784,0.00084933209,0.00011270437,0.00076644979,816.10855,13.601809,2448.3257,0.018596446,0.99915103,9.5682799e-08,7.5869342e-06,-4.1414103,0.00082664364,-3.4304978,-2.8616053,-2.5668048,0.4823428,True,PASS,6.23,False,,
HUDCO,RVNL,0.410746,263,44250,118,2025-12-02 09:15:00+05:30,2026-05-26 15:29:00+05:30,6.8284146e-07,1e-12,0.00082634222,1e-06,0.064528518,9.45e-08,1.5347488e-06,0.0012388498,0.44492066,6.5157241e-07,191700.53,4.332215,15,False,1.2817188,1.303684,1.2624127,0.015403629,0.021965186,-1.9182582,-1.9182496,-1.9182523,2.529899e-06,4.7896458e-08,4.4249938e-08,0.16433121,1.236605e-07,2.8084133e-06,0.0014500852,1.4073092e-08,0.00012193454,0.64707938,54.43918,-0.0024473493,0.0031091438,-0.46143559,20.723266,1.983125e-08,0.00069643733,0.033447777,0.00055746295,0.10034333,0.00010817775,-0.46143756,1.983125e-08,0,-81.497715,0,-3.4304979,-2.8616054,-2.5668048,-0.00060677331,False,HL=0.0<15,7.26,False,,
JINDALSTEL,SAIL,0.410684,264,44250,118,2025-12-02 09:15:00+05:30,2026-05-26 15:29:00+05:30,1e-12,1e-12,1e-06,1e-06,9.45e-08,9.45e-08,0.0017123364,0.041380387,5.839974e-10,5.839974e-10,68873.771,1.556469,15,False,0.98502444,0.95869553,0.971745,0.005521939,0.026328913,2.1285804,2.1253131,2.1276911,0.00098635779,9.0578978e-09,4.3264897e-08,6.3829493e-05,3.3894433e-06,-0.020811675,0.044682828,0.00050507819,0.041376008,-0.84024215,0.15101403,-0.12514132,0.081219893,0.99959988,0.0003250392,-0.0095273296,0.0011705416,2132.5034,35.541723,6397.5101,0.04590965,0.99967501,-3.0962524e-06,0.0078346639,-1.9569795,0.30574861,-3.4304978,-2.8616053,-2.5668048,0.47550775,False,ADF_p=0.3057; HL=2133>1440,7.7,False,,
BDL,SOLARINDS,0.410497,265,44250,118,2025-12-02 09:15:00+05:30,2026-05-26 15:29:00+05:30,1e-12,0.00016078925,1e-06,0.01268027,9.45e-08,15.194584,0.0019090297,0.043692445,5.2382631e-10,0.08422564,91335.486,2.064079,15,False,-1.4534575,-1.4524491,-1.4524499,7.7117076e-07,0.0010084323,21.129529,21.462018,21.061848,0.16657077,6.4965879e-06,0.0011065394,7.6863398e-06,0.25111615,3.0535736e-05,0.0038705669,-4.2096836e-07,0.0023283881,-0.25603228,29.342059,-0.045330182,0.039281758,0.53714981,0.62146934,-3.6405676e-07,0.0025958925,1.1153361,0.018588935,3.3460083,0.0023284228,0.5371546,-1.68502e-07,0,-63.696104,0,-3.4304979,-2.8616054,-2.5668048,-0.0055088,False,HL=1.1<15,7.2,False,,
BANKBARODA,CENTRALBK,0.410371,266,44250,118,2025-12-02 09:15:00+05:30,2026-05-26 15:29:00+05:30,1e-12,9.3796891e-06,1e-06,0.0030626278,9.45e-08,0.88638062,0.0004532459,0.021289573,2.2063079e-09,0.020694482,126377.84,2.855996,15,False,0.89708518,0.89631685,0.89631786,7.7857698e-07,0.00076832948,2.4320828,2.521867,2.434645,0.031932544,5.2083481e-06,0.00012213069,3.0088771e-05,0.13385193,1.4758573e-05,0.0016806249,2.5793711e-07,0.0011596639,-0.15411861,45.089932,-0.027468545,0.023930338,0.64309096,0.44151634,1.2480599e-07,0.0010896564,1.5699242,0.026165403,4.7097725,0.0011595812,0.64306058,4.4548176e-08,0,-54.026373,0,-3.4304979,-2.8616054,-2.5668048,0.013157585,False,HL=1.6<15,7.5,False,,
IRFC,JIOFIN,0.410247,267,44250,118,2025-12-02 09:15:00+05:30,2026-05-26 15:29:00+05:30,1.0107701e-07,1e-12,0.0003179261,1e-06,0.0095517772,9.45e-08,3.0774176e-07,0.00055474477,0.32844749,3.2494777e-06,228091.56,5.154611,15,False,-0.086486256,-0.11941509,-0.10284377,0.018444288,0.032928834,5.252584,5.2525437,5.2525571,1.2619113e-05,1.0833441e-08,4.424971e-08,0.16503518,7.0917142e-07,-4.4465006e-06,0.0011458165,-1.0730466e-08,0.00012376025,0.4627249,155.99335,-0.0037308943,0.0041003633,-0.39566104,20.723266,-1.810078e-08,0.00073173937,0.033447777,0.00055746295,0.10034333,0.00011366122,-0.39565862,-1.810078e-08,0,-77.373459,0,-3.4304979,-2.8616054,-2.5668048,-0.0018183257,False,HL=0.0<15,7.87,False,,
OFSS,TECHM,0.410213,268,44250,118,2025-12-02 09:15:00+05:30,2026-05-26 15:29:00+05:30,1e-12,1e-12,1e-06,1e-06,9.45e-08,9.45e-08,9.0106009e-06,0.0030017663,1.1098039e-07,1.1098039e-07,-711629.8,-16.082029,15,False,-0.26971262,-0.24654892,-0.27693788,0.016714969,0.023163701,10.978672,10.978644,10.975559,0.002471338,1.221193e-09,4.3428492e-08,0.00034784012,4.4747016e-05,0.0015201561,0.01940435,-2.5419775e-05,0.013322342,-0.43816022,1.4852552,-0.071893358,0.061302079,0.99578338,0.0042046164,5.6845336e-05,0.0012247192,164.85385,2.7475641,494.56154,0.013355445,0.99580421,2.3851105e-07,3.4340478e-22,-9.8630008,4.1847012e-17,-3.4304979,-2.8616054,-2.5668048,0.49251164,True,PASS,7.11,False,,
CANBK,PFC,0.410002,269,44250,118,2025-12-02 09:15:00+05:30,2026-05-26 15:29:00+05:30,1e-12,1e-12,1e-06,1e-06,9.45e-08,9.45e-08,0.00087430351,0.029568624,1.1437676e-09,1.1437676e-09,62071.765,1.402752,15,False,0.70545814,0.65944242,0.68290784,0.015906347,0.046015721,0.87790326,0.87076625,0.87461643,0.0026062463,5.8330149e-09,4.335194e-08,6.4222364e-05,4.6273071e-06,-0.029925321,0.034666378,0.00018311851,0.029566463,0.3086621,-0.70012746,-0.065879849,0.074866418,0.9994691,0.00052752936,0.00062853934,0.00096356774,1313.95,21.899166,3941.8499,0.029664971,0.99947261,3.3148551e-07,0.00033119379,-3.0704433,0.028819253,-3.4304979,-2.8616054,-2.5668048,0.49360815,True,PASS,7.53,False,,
ADANIGREEN,TATAPOWER,0.409719,270,44250,118,2025-12-02 09:15:00+05:30,2026-05-26 15:29:00+05:30,1e-12,1e-12,1e-06,1e-06,9.45e-08,9.45e-08,0.00014387353,0.011994729,6.9505491e-09,6.9505491e-09,-1217359.6,-27.510953,15,False,-1.8860954,-1.8171738,-1.8865644,0.037474988,0.068921521,18.175768,18.185253,18.174752,0.0057840817,3.0960553e-09,4.316774e-08,0.00010971675,1.2790425e-05,0.019521595,0.092454932,-0.00035707788,0.064459898,-0.90468333,0.88536705,-0.24580281,0.13676795,0.99913785,0.00084735569,0.00082270502,0.0026772483,818.01206,13.633534,2454.0362,0.065034047,0.999153,6.9682851e-07,8.8939835e-06,-4.2542212,0.00053267257,-3.4304979,-2.8616053,-2.5668048,0.50471047,True,PASS,7.32,False,,
GRSE,ZENTEC,0.40956,271,44250,118,2025-12-02 09:15:00+05:30,2026-05-26 15:29:00+05:30,1.6704719e-08,1e-12,0.00012924674,1e-06,0.0015785959,9.45e-08,1.021811e-06,0.0010108467,0.016348149,9.7865453e-07,213941.12,4.834828,15,False,-0.12437474,-0.12108309,-0.13166177,0.012385097,0.003291658,8.7789057,8.7788029,8.7788376,3.1514266e-05,1.2035113e-08,4.4249277e-08,0.081637742,1.3574024e-06,3.6985089e-07,0.0018762801,-9.4549461e-08,0.00075842944,-0.98379621,98.579902,-0.021648243,0.021624991,-0.019860377,20.723266,-1.5738155e-07,0.0048810831,0.033447777,0.00055746295,0.10034333,0.00075817962,-0.019857555,-1.5738155e-07,0,-74.733753,0,-3.4304979,-2.8616054,-2.5668048,-0.0077594567,False,HL=0.0<15,8.03,False,,
BANKBARODA,RECLTD,0.409532,272,44250,118,2025-12-02 09:15:00+05:30,2026-05-26 15:29:00+05:30,1e-12,1e-12,1e-06,1e-06,9.45e-08,9.45e-08,0.00087139909,0.02951947,1.1475798e-09,1.1475798e-09,84253.99,1.904045,15,False,0.25091392,0.23297638,0.24278434,0.0059143922,0.017937539,4.2300764,4.2276927,4.2293972,0.0010318062,6.1030719e-09,4.3272438e-08,6.4522335e-05,4.8215736e-06,-0.0092424802,0.033674261,-6.6176273e-05,0.029518248,0.11636731,1.8520789,-0.1084774,0.099411927,0.99946556,0.00053393095,-3.5449961e-06,0.00096519441,1298.1963,21.636605,3894.5889,0.029536379,0.99946621,-1.8922779e-09,0.00029672843,-3.2236506,0.01865586,-3.4304978,-2.8616053,-2.5668048,0.48435534,True,PASS,7.42,False,,
MAHABANK,UNIONBANK,0.409238,273,44250,118,2025-12-02 09:15:00+05:30,2026-05-26 15:29:00+05:30,5.5272253e-07,1e-12,0.00074345311,1e-06,0.052232279,9.45e-08,1.0168167e-06,0.0010083733,0.54358128,9.8346141e-07,201067.07,4.543889,15,False,0.32681999,0.38760947,0.35157344,0.020190568,0.060789481,2.4004243,2.4004187,2.4004205,1.8007598e-06,3.8028932e-08,4.424989e-08,0.18254702,1.9536175e-07,7.5697966e-06,0.0011630211,-4.817566e-09,9.7091795e-05,0.11807855,79.600845,-0.0024732996,0.0024055679,-0.46338968,20.723266,-6.2047382e-09,0.00055391158,0.033447777,0.00055746295,0.10034333,8.6039198e-05,-0.46338909,-6.2047382e-09,0,-78.075195,0,-3.4304979,-2.8616054,-2.5668048,-0.0008002863,False,HL=0.0<15,7.19,False,,
ADANIPORTS,AMBUJACEM,0.409149,274,44250,118,2025-12-02 09:15:00+05:30,2026-05-26 15:29:00+05:30,4.5833055e-07,1e-12,0.00067700115,1e-06,0.043312237,9.45e-08,1.043604e-06,0.0010215694,0.43918051,9.5821783e-07,198212.82,4.479386,15,False,0.4293639,0.47143478,0.43618921,0.016063968,0.042070874,4.6204566,4.620455,4.6204555,5.3601502e-07,2.7614588e-08,4.4249941e-08,0.15292241,1.3658037e-07,6.1354048e-06,0.00091425354,-1.4329091e-09,6.7361108e-05,-0.0035310407,167.51729,-0.0025428579,0.0023993756,-0.45991537,20.723266,1.0793196e-09,0.00038505745,0.033447777,0.00055746295,0.10034333,5.9811051e-05,-0.45988826,1.0793196e-09,0,-78.017804,0,-3.4304979,-2.8616054,-2.5668048,-0.00063210321,False,HL=0.0<15,6.91,False,,
BEL,DATAPATTNS,0.409143,275,44250,118,2025-12-02 09:15:00+05:30,2026-05-26 15:29:00+05:30,1e-12,1e-12,1e-06,1e-06,9.45e-08,9.45e-08,0.00056278059,0.023722997,1.7768914e-09,1.7768914e-09,78425.047,1.772317,15,False,0.55339286,0.53569334,0.55269239,0.0087124515,0.017699518,1.6162753,1.6145022,1.6164483,0.0010057303,3.4350001e-09,4.369957e-08,6.4171361e-05,4.5818899e-06,-0.0090561912,0.033165719,0.00019019681,0.02371504,0.54749692,-0.23636067,-0.051262206,0.078809999,0.99902209,0.00096070183,-0.00039980029,0.0010490494,721.50084,12.025014,2164.5025,0.023932421,0.99903976,-3.8390443e-07,2.4650033e-06,-4.0997347,0.00096950281,-3.4304978,-2.8616053,-2.5668048,0.49152003,True,PASS,6.33,False,,
TATAELXSI,TECHM,0.408939,276,44250,118,2025-12-02 09:15:00+05:30,2026-05-26 15:29:00+05:30,8.9501573e-08,1e-12,0.00029916813,1e-06,0.0084578986,9.45e-08,3.8083419e-07,0.00061711765,0.23501454,2.6258146e-06,221754.17,5.011394,15,False,-0.1284384,-0.15215296,-0.13963066,0.016429082,0.023714561,9.4839991,9.48398,9.4839863,5.89392e-06,7.5091443e-09,4.4249878e-08,0.12727423,3.9251378e-07,-4.1319703e-06,0.0011630584,-6.5128448e-09,0.00010728997,0.20272147,84.533387,-0.0027337748,0.0028612465,-0.44341835,20.723266,-1.1051694e-08,0.00061910919,0.033447777,0.00055746295,0.10034333,9.6166355e-05,-0.44341743,-1.1051694e-08,0,-78.721335,0,-3.4304979,-2.8616054,-2.5668048,-0.00092280966,False,HL=0.0<15,7.13,False,,
AMBUJACEM,ULTRACEMCO,0.408456,277,44250,118,2025-12-02 09:15:00+05:30,2026-05-26 15:29:00+05:30,1e-12,1e-12,1e-06,1e-06,9.45e-08,9.45e-08,0.00043958406,0.02096626,2.2748778e-09,2.2748778e-09,81582.867,1.843681,15,False,0.062507102,0.039912915,0.051137089,0.010018207,0.022594188,5.7138421,5.7113357,5.7125929,0.0011244798,2.7018036e-09,4.3800193e-08,6.5186044e-05,4.7126318e-06,-0.010435374,0.029330743,-7.3579784e-05,0.020986857,-0.77944268,0.71893179,-0.085744022,0.05135811,0.9987789,0.0012077273,0.0002262676,0.0010374623,573.92688,9.565448,1721.7806,0.021109254,0.998793,2.7310461e-07,1.3864371e-07,-5.0291266,1.9428473e-05,-3.4304978,-2.8616053,-2.5668048,0.48170711,True,PASS,6.67,False,,
OFSS,WIPRO,0.408297,278,44250,118,2025-12-02 09:15:00+05:30,2026-05-26 15:29:00+05:30,1.0991815e-07,1e-12,0.00033153906,1e-06,0.010387265,9.45e-08,3.0677927e-07,0.00055387658,0.35829718,3.2596727e-06,229132.9,5.178145,15,False,0.077644643,0.1181356,0.069887106,0.022748992,0.040490962,8.5725913,8.5725694,8.5725761,6.822829e-06,1.1522377e-08,4.4249774e-08,0.17032391,6.2906012e-07,5.2297338e-06,0.0010405954,-6.1995002e-09,0.00011249994,0.20219705,91.081088,-0.0031769234,0.0030691415,-0.42970102,20.723266,-1.0280644e-08,0.00065399573,0.033447777,0.00055746295,0.10034333,0.00010158529,-0.42970341,-1.0280644e-08,0,-79.051895,0,-3.4304979,-2.8616054,-2.5668048,-0.001198088,False,HL=0.0<15,6.99,False,,
RITES,RVNL,0.407699,279,44250,118,2025-12-02 09:15:00+05:30,2026-05-26 15:29:00+05:30,1e-12,1e-12,1e-06,1e-06,9.45e-08,9.45e-08,0.001949005,0.044147537,5.1308232e-10,5.1308232e-10,67850.247,1.533339,15,False,0.078081378,0.065563376,0.069351979,0.0055671362,0.012518002,4.9859762,4.9836568,4.9844054,0.0010540172,8.8257943e-09,4.3355273e-08,5.1613763e-05,3.0188837e-06,-0.012952842,0.049352065,-0.00054723772,0.044150207,-0.68092283,0.28335167,-0.15905171,0.1028558,0.99964451,0.0003523057,-0.002355648,0.0011773393,1967.4595,32.790991,5902.3784,0.044353389,0.99964776,-8.2976205e-07,0.0027270683,-2.544041,0.10512298,-3.4304978,-2.8616053,-2.5668048,0.47901506,False,ADF_p=0.1051; HL=1967>1440,6.48,False,,
M&M,TMPV,0.407592,280,44250,118,2025-12-02 09:15:00+05:30,2026-05-26 15:29:00+05:30,1e-12,1e-12,1e-06,1e-06,9.45e-08,9.45e-08,0.00042397251,0.020590593,2.3586435e-09,2.3586435e-09,95517.582,2.158589,14,True,0.32794764,0.30068465,0.31316943,0.0094853219,0.027262989,6.2909341,6.2864115,6.2885815,0.0016679368,4.5915947e-09,4.3196087e-08,7.7470584e-05,7.2618178e-06,-0.012463053,0.022969404,-6.9720705e-05,0.020588884,-0.084303703,0.11780809,-0.069433469,0.061260792,0.99911686,0.00085750805,-0.0013367594,0.00086547521,808.32732,13.472122,2424.982,0.020898761,0.99914286,-1.1457906e-06,8.9158944e-06,-4.0625983,0.0011159654,-3.4304978,-2.8616053,-2.5668048,0.49692848,True,PASS,6.94,False,,
NBCC,PFC,0.407321,281,44250,118,2025-12-02 09:15:00+05:30,2026-05-26 15:29:00+05:30,1e-12,1e-12,1e-06,1e-06,9.45e-08,9.45e-08,0.00514145,0.071703905,1.9449766e-10,1.9449766e-10,43363.833,0.979974,15,False,0.039658972,0.0035343894,0.010982211,0.0083379321,0.036124583,4.5183324,4.5148405,4.5160888,0.0013930609,1.2532591e-08,4.3688469e-08,4.4163469e-05,1.4436992e-06,-0.048157293,0.072467355,0.00034395577,0.071985256,0.035272655,-0.055664937,-0.18187651,0.17579654,0.9998667,0.00015258543,-0.010181634,0.0011754272,4542.6827,75.711379,13628.048,0.067285925,0.99984743,-1.5534505e-06,0.024672436,-2.0312951,0.27302204,-3.4304978,-2.8616053,-2.5668048,0.51512216,False,ADF_p=0.2730; HL=4543>1440,6.82,False,,
INFY,TATAELXSI,0.4071,282,44250,118,2025-12-02 09:15:00+05:30,2026-05-26 15:29:00+05:30,1e-12,1e-12,1e-06,1e-06,9.45e-08,9.45e-08,0.00041391219,0.020344832,2.4159714e-09,2.4159714e-09,89264.505,2.017277,15,False,0.46643121,0.44282845,0.45727265,0.0094423918,0.023602765,3.3713022,3.3681076,3.3698621,0.0011513315,3.0086367e-09,4.3689234e-08,6.88355e-05,5.4104701e-06,-0.011504687,0.025716883,-4.4260661e-05,0.020345403,-0.055172057,-0.29845083,-0.09220829,0.060553252,0.99894972,0.0010519608,-1.6461012e-05,0.00093271534,658.90971,10.981829,1976.7291,0.02033454,0.99894859,-1.7307235e-08,6.9597968e-07,-4.2280207,0.00059051851,-3.4304978,-2.8616053,-2.5668048,0.50844817,True,PASS,6.74,False,,
TATAELXSI,WIPRO,0.407036,283,44250,118,2025-12-02 09:15:00+05:30,2026-05-26 15:29:00+05:30,1e-12,1e-12,1e-06,1e-06,9.45e-08,9.45e-08,0.0014990787,0.038717938,6.6707638e-10,6.6707638e-10,66807.552,1.509775,15,False,0.30749345,0.28729252,0.30013773,0.0092214625,0.020200922,6.8445181,6.8403192,6.8427967,0.0017891097,8.4738379e-09,4.3189969e-08,5.7634716e-05,3.7615335e-06,-0.017638529,0.046426921,-0.00039916551,0.038734739,0.31311206,-0.88785531,-0.082725778,0.10251301,0.99967649,0.00032344133,0.00070604437,0.00098536337,2143.0383,35.717306,6429.115,0.038742145,0.99967661,2.2832701e-07,0.003743158,-2.5332053,0.1076027,-3.4304978,-2.8616053,-2.5668048,0.50181935,False,ADF_p=0.1076; HL=2143>1440,6.51,False,,
CDSL,MAZDOCK,0.406895,284,44250,118,2025-12-02 09:15:00+05:30,2026-05-26 15:29:00+05:30,1e-12,1.7371665e-05,1e-06,0.0041679329,9.45e-08,1.6416223,0.016546637,0.12863373,6.0435243e-11,0.0010498608,49332.914,1.114868,15,False,1.219896,1.2194608,1.2194612,3.7975324e-07,0.00043520224,-2.2428921,-2.4104086,-2.3250246,0.085264203,7.9287335e-06,0.0010107576,9.4376042e-06,0.031852172,-0.00012025993,0.0050990717,2.0799906e-06,0.0035834692,-0.34020013,10.000644,-0.034791104,0.036246454,0.92702304,0.075792278,4.4782096e-06,0.0013950355,9.1453536,0.15242256,27.436061,0.0035830906,0.92700875,3.2687013e-07,0,-32.87906,0,-3.4304979,-2.8616053,-2.5668048,0.22513579,False,HL=9.1<15,6.96,False,,
BANKINDIA,RECLTD,0.40674,285,44250,118,2025-12-02 09:15:00+05:30,2026-05-26 15:29:00+05:30,3.9177052e-08,1e-12,0.00019793194,1e-06,0.0037022314,9.45e-08,3.5414452e-07,0.00059510043,0.11062448,2.823706e-06,228966.76,5.17439,15,False,-0.20355063,-0.20818326,-0.20083501,0.01253986,0.0046326342,6.1906735,6.190588,6.1906156,2.6602878e-05,9.8752892e-09,4.424951e-08,0.14024154,1.358883e-06,-6.259669e-07,0.0013660549,-2.7695398e-08,0.00029094944,0.39491426,184.6915,-0.0088074084,0.011320162,-0.29995161,20.723266,-1.9757667e-08,0.0017867414,0.033447777,0.00055746295,0.10034333,0.0002775349,-0.29992957,-1.9757667e-08,0,-76.162589,0,-3.4304979,-2.8616054,-2.5668048,-0.0036200615,False,HL=0.0<15,7.38,False,,
CDSL,RVNL,0.406618,286,44250,118,2025-12-02 09:15:00+05:30,2026-05-26 15:29:00+05:30,4.2529828e-07,1e-12,0.00065214897,1e-06,0.040190687,9.45e-08,1.5095988e-06,0.0012286573,0.28172934,6.6242766e-07,198806.53,4.492803,15,False,1.5522986,1.5623522,1.5328636,0.016807074,0.010053634,-1.5718333,-1.5718149,-1.5718208,5.4549997e-06,4.5648029e-08,4.4249907e-08,0.15920704,1.8739412e-07,1.0946027e-06,0.0017035206,2.8862991e-08,0.00020463519,0.25697347,65.996164,-0.0039329055,0.0054323664,-0.43073666,20.723266,4.3206539e-08,0.0011889558,0.033447777,0.00055746295,0.10034333,0.00018468074,-0.4307387,4.3206539e-08,0,-79.169891,0,-3.4304979,-2.8616054,-2.5668048,-0.0012276376,False,HL=0.0<15,7.53,False,,
JIOFIN,MAZDOCK,0.406255,287,44250,118,2025-12-02 09:15:00+05:30,2026-05-26 15:29:00+05:30,1e-12,1e-12,1e-06,1e-06,9.45e-08,9.45e-08,0.00079565542,0.028207365,1.2568255e-09,1.2568255e-09,77227.731,1.745259,15,False,0.050656559,0.020227357,0.03038043,0.010035215,0.030429202,5.3232391,5.3196491,5.3209921,0.0013213923,4.2329292e-09,4.365306e-08,5.7632e-05,3.9902334e-06,-0.018477018,0.033122817,-7.7929777e-05,0.028211141,-0.67621577,0.088658133,-0.10720926,0.0664967,0.99942571,0.00057866944,-0.00052489484,0.00095624275,1197.8292,19.963821,3593.4877,0.028108514,0.9994215,-3.0365274e-07,0.00016481014,-3.7162215,0.0038906838,-3.4304978,-2.8616053,-2.5668048,0.49984099,True,PASS,7,False,,
KAYNES,MAZDOCK,0.406232,288,44250,118,2025-12-02 09:15:00+05:30,2026-05-26 15:29:00+05:30,1e-12,1e-12,1e-06,1e-06,9.45e-08,9.45e-08,0.0067667986,0.082260553,1.4778037e-10,1.4778037e-10,45508.467,1.02844,12,True,0.31576325,0.27213321,0.2756333,0.0023603605,0.043630043,6.1059057,6.1046649,6.1051286,0.00031326254,1.0983161e-08,4.3865185e-08,3.4818121e-05,1.0479591e-06,-0.037341976,0.077813392,-0.00024208755,0.08225777,0.2381122,1.0601275,-0.22244946,0.27661532,0.99980826,0.00027432664,-0.031934358,0.0016108288,2526.7221,42.112035,7580.1663,0.068770216,0.99972571,-8.7592437e-06,0.0016069531,-3.0333793,0.031892601,-3.4304979,-2.8616053,-2.5668048,0.52335109,False,HL=2527>1440,6.85,False,,
CANBK,IREDA,0.406133,289,44250,118,2025-12-02 09:15:00+05:30,2026-05-26 15:29:00+05:30,1e-12,1e-12,1e-06,1e-06,9.45e-08,9.45e-08,0.00099572304,0.031555079,1.0042953e-09,1.0042953e-09,78743.857,1.779522,15,False,0.49166652,0.47333048,0.48711411,0.0069012299,0.018336037,2.5996431,2.5961961,2.5990298,0.0014190393,7.9045691e-09,4.2959343e-08,6.8583418e-05,5.1291407e-06,-0.011336131,0.037148645,5.247008e-05,0.031554501,0.75060696,0.56211219,-0.071512708,0.10309186,0.9995408,0.00045905891,-8.6460806e-05,0.00095638405,1509.9308,25.165513,4529.7923,0.031563352,0.99954105,-3.9681495e-08,0.00072180405,-2.9867704,0.036148486,-3.4304979,-2.8616054,-2.5668048,0.49536198,False,HL=1510>1440,7.44,False,,
BANKBARODA,MAHABANK,0.405859,290,44250,118,2025-12-02 09:15:00+05:30,2026-05-26 15:29:00+05:30,1e-12,1e-12,1e-06,1e-06,9.45e-08,9.45e-08,0.00080015268,0.02828697,1.2497615e-09,1.2497615e-09,64925.298,1.467238,15,False,0.45372489,0.40068309,0.42580184,0.014905713,0.053041791,3.8656602,3.8560889,3.8618132,0.0033880616,8.2307559e-09,4.2711765e-08,8.2336566e-05,6.2539871e-06,-0.02964804,0.031749741,0.00026918837,0.02830311,-0.46208765,-0.34126783,-0.085789481,0.067174269,0.99949183,0.000523644,-0.0017732048,0.00090241862,1323.6993,22.061655,3971.0978,0.027885279,0.99947649,-9.28285e-07,0.00027572854,-3.0757488,0.028400719,-3.4304978,-2.8616053,-2.5668048,0.46573515,True,PASS,7.24,False,,
HINDALCO,JINDALSTEL,0.405771,291,44250,118,2025-12-02 09:15:00+05:30,2026-05-26 15:29:00+05:30,1.2951604e-07,1e-12,0.00035988337,1e-06,0.012239266,9.45e-08,4.4766231e-07,0.00066907571,0.28931639,2.2338267e-06,217656.57,4.918793,15,False,0.098854514,0.14106364,0.11978071,0.010378218,0.042209129,6.0064421,6.0064348,6.0064369,2.232205e-06,9.1945326e-09,4.4249905e-08,0.13332062,3.1559118e-07,7.1416197e-06,0.0010592385,-3.4781256e-09,8.8006592e-05,-1.8644034,319.25294,-0.0040059967,0.0033535775,-0.45884651,20.723266,-4.9423639e-09,0.00050341682,0.033447777,0.00055746295,0.10034333,7.8195835e-05,-0.45885083,-4.9423639e-09,0,-78.300926,0,-3.4304979,-2.8616054,-2.5668048,-0.00064630707,False,HL=0.0<15,7.42,False,,
DATAPATTNS,HAL,0.405591,292,44250,118,2025-12-02 09:15:00+05:30,2026-05-26 15:29:00+05:30,2.2022591e-06,1e-12,0.001484001,1e-06,0.20811349,9.45e-08,8.8371188e-06,0.0029727292,0.24920556,1.1315905e-07,150740.61,3.406567,15,False,2.0307274,2.0765108,2.0533304,0.026242013,0.045783438,-9.1185706,-9.1185696,-9.11857,2.9754248e-07,1.1950705e-07,4.4249997e-08,0.11354979,1.1419491e-08,8.9838397e-06,0.0020181785,8.9409103e-09,0.00014511247,-0.0261367,49.301231,-0.0034780207,0.0032252597,-0.47358518,20.723266,2.0109101e-08,0.00082279619,0.033447777,0.00055746295,0.10034333,0.0001278051,-0.47357629,2.0109101e-08,0,-79.1032,0,-3.4304979,-2.8616054,-2.5668048,-0.00040603958,False,HL=0.0<15,7.12,False,,
DLF,RECLTD,0.405082,293,44250,118,2025-12-02 09:15:00+05:30,2026-05-26 15:29:00+05:30,1e-12,1e-12,1e-06,1e-06,9.45e-08,9.45e-08,0.0020143487,0.044881496,4.9643837e-10,4.9643837e-10,60737.48,1.372598,15,False,0.1001826,0.067409488,0.076182033,0.0094548171,0.032773112,5.9800702,5.9757854,5.9773288,0.0016580302,8.6168595e-09,4.3418315e-08,5.34622e-05,2.8697427e-06,-0.030563741,0.048349897,-0.00023020727,0.044892721,-0.92514335,0.32530215,-0.15897568,0.074874546,0.9997152,0.00029812507,-0.0030190765,0.0010714968,2325.0215,38.750358,6975.0644,0.043881011,0.99970192,-8.9992822e-07,0.0043032057,-2.4761991,0.12137325,-3.4304979,-2.8616054,-2.5668048,0.49200996,False,ADF_p=0.1214; HL=2325>1440,7.14,False,,
ADANIENT,JIOFIN,0.404891,294,44250,118,2025-12-02 09:15:00+05:30,2026-05-26 15:29:00+05:30,2.4923977e-07,1e-12,0.00049923919,1e-06,0.023553158,9.45e-08,5.8098647e-07,0.00076222468,0.4289941,1.7212105e-06,213502.85,4.824923,15,False,0.14133698,0.19865556,0.14152205,0.017743572,0.057318575,6.9077922,6.9077802,6.907784,3.745643e-06,1.9482132e-08,4.4249879e-08,0.16810553,2.9711491e-07,7.6014377e-06,0.0011462024,-6.3042458e-09,0.00010213278,-0.20523841,426.64227,-0.0054919876,0.0052357675,-0.43876075,20.723266,-6.6147004e-09,0.00059085173,0.033447777,0.00055746295,0.10034333,9.1777118e-05,-0.43875747,-6.6147004e-09,0,-78.705444,0,-3.4304979,-2.8616054,-2.5668048,-0.0010371189,False,HL=0.0<15,7.58,False,,
RAILTEL,RITES,0.404832,295,44250,118,2025-12-02 09:15:00+05:30,2026-05-26 15:29:00+05:30,5.7908267e-08,1e-12,0.00024064137,1e-06,0.0054723312,9.45e-08,3.6796621e-07,0.00060660219,0.15737387,2.7176408e-06,229416.25,5.184548,15,False,0.47056379,0.47424926,0.46692696,0.012035539,0.0036854677,3.2579329,3.2579079,3.2579163,8.128794e-06,1.2483993e-08,4.4249285e-08,0.15682222,1.4363234e-06,5.4351431e-07,0.001329814,-6.8620031e-09,0.00026747171,0.028813144,104.46943,-0.0081141351,0.0088633803,-0.38148241,20.723266,-2.2462891e-08,0.0015916936,0.033447777,0.00055746295,0.10034333,0.00024723809,-0.38147164,-2.2462891e-08,0,-79.719281,0,-3.4304979,-2.8616054,-2.5668048,-0.002122276,False,HL=0.0<15,7.37,False,,
PNB,YESBANK,0.404763,296,44250,118,2025-12-02 09:15:00+05:30,2026-05-26 15:29:00+05:30,1e-12,1e-12,1e-06,1e-06,9.45e-08,9.45e-08,0.004078382,0.063862211,2.4519527e-10,2.4519527e-10,56340.38,1.273229,14,True,0.84581137,0.83539247,0.84227669,0.0031117245,0.010418897,2.2001179,2.1976762,2.1998378,0.0009680774,2.3890757e-08,4.3027225e-08,6.9290533e-05,2.3240233e-06,-0.0082107208,0.067010983,0.00069737032,0.063857232,-1.1394676,0.98405972,-0.17584296,0.11943253,0.99989369,4.6557183e-05,-0.075626218,0.00093116251,14888.083,248.13471,44664.248,0.096497739,0.99995344,-3.5208617e-06,0.25093012,-0.2505691,0.93221932,-3.4304979,-2.8616053,-2.5668048,0.47809553,False,ADF_p=0.9322; HL=14888>1440,7.08,False,,
AMBER,DIXON,0.404683,297,44250,118,2025-12-02 09:15:00+05:30,2026-05-26 15:29:00+05:30,6.0395423e-07,9.6305864e-06,0.00077714492,0.0031033186,0.057073675,0.91009041,0.00011779828,0.010853492,0.0051270208,0.081754897,143579.92,3.244744,15,False,0.56354376,0.57731582,0.56955586,0.015277807,0.013772057,3.4582426,3.4930713,3.541075,0.051730449,0.0026549834,0.23279671,0.046334183,0.09810649,6.9522447e-06,0.001344015,9.6950512e-09,0.00064163136,0.45754518,63.019308,-0.015340987,0.02071439,0.066776516,2.7063864,2.1438778e-09,0.0014927902,0.25611538,0.0042685896,0.76834613,0.00064163624,0.066777678,2.0007146e-09,0,-74.622185,0,-3.4304979,-2.8616054,-2.5668048,-0.0088390275,False,HL=0.3<15,8.3,False,,
CDSL,DLF,0.404323,298,44250,118,2025-12-02 09:15:00+05:30,2026-05-26 15:29:00+05:30,1e-12,1e-12,1e-06,1e-06,9.45e-08,9.45e-08,0.00055955884,0.023654996,1.7871222e-09,1.7871222e-09,92955.567,2.100691,15,False,1.0656542,1.0578078,1.061245,0.0028601544,0.0078463847,0.3732672,0.37283551,0.37332018,0.00047040475,4.6438004e-09,4.3354122e-08,6.7337131e-05,5.8198791e-06,-0.002806652,0.028336467,9.0954773e-05,0.023653474,-0.082527994,-0.080757576,-0.085820257,0.068966587,0.99889046,0.0011256652,-0.00063258095,0.0011145593,615.76674,10.262779,1847.3002,0.02349003,0.99887497,-7.1167372e-07,2.5252424e-07,-4.0702187,0.0010843218,-3.4304979,-2.8616053,-2.5668048,0.45885949,True,PASS,6.79,False,,
IRCON,MAZDOCK,0.403727,299,44250,118,2025-12-02 09:15:00+05:30,2026-05-26 15:29:00+05:30,1e-12,1e-12,1e-06,1e-06,9.45e-08,9.45e-08,0.0027705775,0.052636276,3.6093558e-10,3.6093558e-10,58092.233,1.312819,15,False,0.46676146,0.45920691,0.46440114,0.0062676476,0.0075545456,1.3821909,1.3806367,1.3813336,0.00082895525,7.2758628e-09,4.375338e-08,4.1878872e-05,1.9051915e-06,-0.010482518,0.061954659,-0.0001704469,0.05265232,-0.31630534,-0.20899987,-0.14921773,0.1218162,0.99971536,0.00028584075,0.00025643333,0.0012563553,2424.9418,40.415697,7274.8254,0.052545484,0.9997142,7.3288621e-08,0.0058719571,-2.3650327,0.15184979,-3.4304979,-2.8616054,-2.5668048,0.49076538,False,ADF_p=0.1518; HL=2425>1440,7.02,False,,
JIOFIN,SUZLON,0.402831,300,44250,118,2025-12-02 09:15:00+05:30,2026-05-26 15:29:00+05:30,1e-12,1e-12,1e-06,1e-06,9.45e-08,9.45e-08,0.0010774874,0.032825103,9.280851e-10,9.280851e-10,63601.524,1.437323,15,False,0.27170266,0.21854899,0.23788908,0.014182127,0.053153667,4.6409935,4.6303816,4.6353488,0.0036684468,1.0249095e-08,4.2537463e-08,7.6874658e-05,5.6167893e-06,-0.036791308,0.030516535,-0.00025925523,0.032842739,-0.30275144,-0.73720777,-0.10241497,0.075581217,0.99965732,0.00035753423,-0.0041673879,0.00085987355,1938.6876,32.31146,5816.0628,0.032155908,0.99964253,-1.4897175e-06,0.0020368398,-2.8451745,0.052105009,-3.4304979,-2.8616053,-2.5668048,0.49416292,False,ADF_p=0.0521; HL=1939>1440,7.77,False,,
ABCAPITAL,IREDA,0.402213,301,44250,118,2025-12-02 09:15:00+05:30,2026-05-26 15:29:00+05:30,1e-12,6.8346764e-06,1e-06,0.0026143214,9.45e-08,0.64587692,0.0010382358,0.032221667,9.6317229e-10,0.0065829709,109412.83,2.472606,15,False,0.85805624,0.85753762,0.85753807,4.3129759e-07,0.00051862173,1.6304058,1.7240111,1.6716167,0.033196345,3.5118195e-06,0.00016396666,2.0734787e-05,0.077881258,2.7240097e-05,0.0025914857,3.4933456e-07,0.0018008091,-0.26286397,9.5509346,-0.021324214,0.021450004,0.82517089,0.19225082,9.760836e-07,0.0011163607,3.6054316,0.060090527,10.816295,0.0018003439,0.82509989,1.7071713e-07,0,-47.34097,0,-3.4304979,-2.8616054,-2.5668048,0.065497729,False,HL=3.6<15,7.32,False,,
JIOFIN,PNB,0.402037,302,44250,118,2025-12-02 09:15:00+05:30,2026-05-26 15:29:00+05:30,1e-12,1e-12,1e-06,1e-06,9.45e-08,9.45e-08,0.0013235319,0.036380378,7.5555415e-10,7.5555415e-10,64804.122,1.4645,15,False,0.28788319,0.2487692,0.25919996,0.011095413,0.039113989,4.3283064,4.3219076,4.3241293,0.0023554432,9.2553541e-09,4.295069e-08,6.7338954e-05,4.414798e-06,-0.030888308,0.038836834,-0.00012428957,0.036400676,-0.23418894,-0.79100227,-0.10772774,0.079461346,0.99972758,0.00028452771,-0.0028885117,0.00084971977,2436.1324,40.602207,7308.3972,0.035620371,0.99971551,-8.2174471e-07,0.0051764514,-2.5718315,0.098960002,-3.4304978,-2.8616053,-2.5668048,0.49979817,False,ADF_p=0.0990; HL=2436>1440,6.91,False,,
BDL,SUZLON,0.402013,303,44250,118,2025-12-02 09:15:00+05:30,2026-05-26 15:29:00+05:30,1e-12,1e-12,1e-06,1e-06,9.45e-08,9.45e-08,0.0053916895,0.073428124,1.8547062e-10,1.8547062e-10,50772.876,1.14741,12,True,0.93608339,0.92411314,0.93013902,0.0029842402,0.01197025,3.6070218,3.6053336,3.6067673,0.00069554158,2.0497847e-08,4.3405937e-08,5.8918899e-05,1.6934698e-06,-0.011242648,0.075834103,0.001350143,0.073414276,0.34357167,-0.92081937,-0.12260513,0.18704189,0.99985821,0.00011830221,-0.02535505,0.0012363374,5859.1228,97.652047,17577.368,0.080375848,0.9998817,-2.9993811e-06,0.069754021,-1.3134867,0.62297975,-3.4304978,-2.8616053,-2.5668048,0.49863276,False,ADF_p=0.6230; HL=5859>1440,6.85,False,,
IRCTC,IRFC,0.40195,304,44250,118,2025-12-02 09:15:00+05:30,2026-05-26 15:29:00+05:30,1e-12,1e-12,1e-06,1e-06,9.45e-08,9.45e-08,0.00034683113,0.018623403,2.8832475e-09,2.8832475e-09,97117.039,2.194735,15,False,0.653915,0.62615727,0.6353561,0.0081508222,0.027757728,3.4124797,3.4069386,3.4089665,0.0017933014,5.7728734e-09,4.2592978e-08,8.6886794e-05,1.0015068e-05,-0.011872564,0.021501239,-2.6309902e-05,0.018621081,0.39266819,0.0092168993,-0.048903666,0.063694007,0.99913959,0.0008680917,-0.00037392128,0.00077262825,798.47231,13.307872,2395.4169,0.018542692,0.99913228,-3.2445711e-07,5.4014307e-06,-3.6615279,0.0046880198,-3.4304979,-2.8616054,-2.5668048,0.45814443,True,PASS,7.71,False,,
IRFC,JWL,0.401874,305,44250,118,2025-12-02 09:15:00+05:30,2026-05-26 15:29:00+05:30,1e-12,1e-12,1e-06,1e-06,9.45e-08,9.45e-08,0.00086826249,0.029466294,1.1517254e-09,1.1517254e-09,75538.889,1.707094,15,False,0.33398416,0.3095366,0.32043479,0.010020312,0.02444756,2.8714064,2.8668735,2.8688851,0.0018521993,6.3372283e-09,4.3210215e-08,6.4223785e-05,4.9705618e-06,-0.016516245,0.035880561,-0.00024904036,0.029470684,-0.56535423,0.029218979,-0.091078959,0.096040027,0.99947759,0.00051548679,-0.0014083397,0.00095273363,1344.6459,22.410764,4033.9376,0.029672062,0.99948465,-7.2579341e-07,0.00039840794,-3.0395603,0.031361508,-3.4304978,-2.8616053,-2.5668048,0.48658241,True,PASS,7.57,False,,
MPHASIS,TATAELXSI,0.401743,306,44250,118,2025-12-02 09:15:00+05:30,2026-05-26 15:29:00+05:30,1e-12,1e-12,1e-06,1e-06,9.45e-08,9.45e-08,0.00029581155,0.017199173,3.3805306e-09,3.3805306e-09,96550.094,2.181923,15,False,0.49173243,0.47418561,0.48053632,0.0077754497,0.017546818,3.7462964,3.7438265,3.744629,0.00096625491,2.6393222e-09,4.3678949e-08,7.7376935e-05,6.4782896e-06,-0.0073850858,0.022686854,-3.726636e-05,0.017197851,-0.023664505,-0.39248458,-0.052909788,0.050663947,0.99822902,0.0017633869,0.00037160942,0.0010239738,393.0772,6.5512866,1179.2316,0.017242493,0.99823817,6.5471375e-07,2.3563073e-10,-5.5283888,1.8107921e-06,-3.4304978,-2.8616053,-2.5668048,0.48723403,True,PASS,6.4,False,,
JINDALSTEL,VEDL,0.401466,307,44205,117.9,2025-12-02 09:15:00+05:30,2026-05-26 15:29:00+05:30,1e-12,3.278528e-06,1e-06,0.0018106706,9.45e-08,0.3098209,0.040036366,0.20009089,2.4977292e-11,8.1888751e-05,30026.284,0.679251,15,False,-1.7087802,-1.7059617,-1.7059645,2.1334841e-06,0.0028184898,16.005195,17.075921,16.507354,0.2977442,1.1765569e-05,0.00076261868,1.4489874e-05,0.0089768251,0.0027255732,0.022307508,-3.644746e-05,0.015906545,-0.29516267,5.1917586,-0.1757651,0.10047654,0.98312469,0.017028284,-1.3604135e-05,0.0029347075,40.705638,0.6784273,122.11691,0.015902462,0.98311588,-2.2969388e-07,7.8804708e-84,-19.273763,0,-3.430498,-2.8616054,-2.5668048,0.41701635,True,PASS,7.7,False,,
GRASIM,ULTRACEMCO,0.401372,308,44250,118,2025-12-02 09:15:00+05:30,2026-05-26 15:29:00+05:30,1.346155e-07,1e-12,0.00036689985,1e-06,0.012721165,9.45e-08,6.0623501e-07,0.00077861095,0.22205167,1.6495253e-06,207241.08,4.683414,15,False,0.33594947,0.35165564,0.33791848,0.0038645208,0.015706164,4.7673513,4.7673497,4.7673503,5.3145044e-07,7.0974936e-09,4.4249972e-08,0.10162689,1.2784043e-07,3.4920352e-06,0.00074883121,-7.6259488e-10,4.8812242e-05,-0.50487509,58.079544,-0.0014845248,0.0011711067,-0.48600662,20.723266,1.9850217e-10,0.00027463354,0.033447777,0.00055746295,0.10034333,4.2658882e-05,-0.48599623,1.9850216e-10,0,-80.268805,0,-3.4304979,-2.8616054,-2.5668048,-0.00016546239,False,HL=0.0<15,7.13,False,,
KPITTECH,OFSS,0.401235,309,44250,118,2025-12-02 09:15:00+05:30,2026-05-26 15:29:00+05:30,1e-12,1e-12,1e-06,1e-06,9.45e-08,9.45e-08,0.001447689,0.038048509,6.9075608e-10,6.9075608e-10,12041.801,0.272131,15,False,0.35617846,0.29425496,0.31996887,0.022909642,0.061923498,3.9244466,3.9177472,3.9206454,0.0025929015,4.6046243e-09,4.3824632e-08,4.6264728e-05,2.4847808e-06,-0.05320584,0.056444526,-0.00015016179,0.038633161,-0.55680411,-0.13480532,-0.11714933,0.095594334,0.99953119,0.00045684608,0.00094311212,0.0011831112,1517.2445,25.287408,4551.7334,0.039140434,0.99954326,4.3075867e-07,0.00085126832,-3.0367398,0.031602916,-3.4304979,-2.8616054,-2.5668048,0.47027362,False,HL=1517>1440,6.85,False,,
CAMS,CDSL,0.401097,310,44250,118,2025-12-02 09:15:00+05:30,2026-05-26 15:29:00+05:30,1.6910828e-07,1e-12,0.00041122777,1e-06,0.015980733,9.45e-08,5.5534947e-07,0.00074521773,0.30450786,1.800668e-06,212191.26,4.795283,15,False,0.42857962,0.44491136,0.43079891,0.0083382893,0.016331741,3.4863353,3.4863327,3.4863335,8.1543917e-07,1.1208165e-08,4.4249918e-08,0.13122206,2.309239e-07,2.7974787e-06,0.0010000846,-1.3308259e-09,7.9515802e-05,-0.5505238,72.043506,-0.002776521,0.001910846,-0.47825936,20.723266,-2.7036165e-09,0.00044956331,0.033447777,0.00055746295,0.10034333,6.9830759e-05,-0.47828322,-2.7036165e-09,0,-79.499516,0,-3.4304979,-2.8616054,-2.5668048,-0.00035361053,False,HL=0.0<15,7.43,False,,
HCLTECH,OFSS,0.4008,311,44250,118,2025-12-02 09:15:00+05:30,2026-05-26 15:29:00+05:30,1e-12,1e-12,1e-06,1e-06,9.45e-08,9.45e-08,0.0013396748,0.036601568,7.4644981e-10,7.4644981e-10,56099.131,1.267777,15,False,0.11407164,0.078726054,0.10177986,0.012786151,0.03534559,6.3724288,6.368471,6.3709528,0.0013702111,4.448718e-09,4.3820956e-08,4.7238598e-05,2.5972191e-06,-0.030494583,0.045537077,0.00011086794,0.036795998,0.43959241,-0.22725481,-0.08585879,0.10274822,0.99964449,0.00034682352,-0.0013604011,0.00098125284,1998.5587,33.309312,5995.6762,0.037257324,0.99965324,-4.7173731e-07,0.0031134943,-2.6963406,0.074673657,-3.4304978,-2.8616053,-2.5668048,0.49978265,False,ADF_p=0.0747; HL=1999>1440,6.82,False,,
HCLTECH,TATAELXSI,0.4003,312,44250,118,2025-12-02 09:15:00+05:30,2026-05-26 15:29:00+05:30,1.8947311e-07,1e-12,0.00043528509,1e-06,0.017905209,9.45e-08,8.3529188e-07,0.00091394304,0.22683461,1.1971863e-06,202938.56,4.586182,15,False,-0.15035807,-0.19405074,-0.16589568,0.017468579,0.043692677,8.6836379,8.6836313,8.6836335,2.0384074e-06,1.1871624e-08,4.4249964e-08,0.11167374,1.3771237e-07,-8.8047244e-06,0.0011299629,-4.9509604e-09,8.4178707e-05,0.82399375,448.96535,-0.0037787538,0.004262511,-0.45543152,20.723266,-5.8561537e-09,0.000482469,0.033447777,0.00055746295,0.10034333,7.4942006e-05,-0.45542825,-5.8561537e-09,0,-77.494201,0,-3.4304979,-2.8616054,-2.5668048,-0.00066179606,False,HL=0.0<15,6.91,False,,
GMRAIRPORT,IREDA,0.400154,313,44250,118,2025-12-02 09:15:00+05:30,2026-05-26 15:29:00+05:30,2.1205675e-07,1e-12,0.0004604962,1e-06,0.020039363,9.45e-08,5.6971276e-07,0.00075479319,0.37221697,1.7552705e-06,215313.55,4.865843,15,False,1.6407049,1.6461311,1.6502775,0.01669197,0.0054261995,-3.4379299,-3.4378766,-3.437894,1.6158819e-05,2.3694256e-08,4.4249701e-08,0.18663372,5.5906339e-07,5.1917381e-07,0.0016339327,2.9505841e-08,0.0002046989,0.082432281,40.22943,-0.0044196011,0.0054584201,-0.43820894,20.723266,4.4866196e-08,0.001184571,0.033447777,0.00055746295,0.10034333,0.00018399965,-0.43820728,4.4866196e-08,0,-79.160106,0,-3.4304979,-2.8616054,-2.5668048,-0.0010972107,False,HL=0.0<15,7.19,False,,
JSWENERGY,TATAPOWER,0.399893,314,44250,118,2025-12-02 09:15:00+05:30,2026-05-26 15:29:00+05:30,3.7806998e-07,0.00029804267,0.00061487396,0.017263912,0.035727613,28.165032,0.11157028,0.33402137,3.3886264e-06,0.0026713447,6674.6267,0.150839,15,False,-2.4560664,-2.3702591,-2.4012526,0.026627451,0.085807386,20.822546,20.679263,20.531466,0.16214918,0.015722119,0.57931719,0.00039418675,0.049195748,0.00016260604,0.0092328358,-2.3396439e-07,0.006215544,-0.29604362,9.7495884,-0.074817889,0.075074357,0.89429398,0.11171846,4.1942085e-07,0.0029380922,6.2044104,0.10340684,18.613231,0.0062156699,0.894296,4.4334461e-08,0,-40.6127,0,-3.4304979,-2.8616054,-2.5668048,0.12930066,False,HL=6.2<15,7.29,False,,
COCHINSHIP,NBCC,0.399892,315,44250,118,2025-12-02 09:15:00+05:30,2026-05-26 15:29:00+05:30,1e-12,1.1990823e-05,1e-06,0.0034627768,9.45e-08,1.1331328,0.0014545612,0.038138711,6.8749253e-10,0.0082436016,101763.13,2.299732,15,False,0.80531848,0.80546414,0.80546436,1.9223477e-07,0.00014565803,3.5811218,3.6576284,3.6421253,0.070592348,6.0007422e-06,0.00025098003,2.2730993e-05,0.086736995,1.9318943e-05,0.0027866275,2.8943784e-07,0.0018692639,0.47893263,17.211698,-0.027641223,0.028817714,0.7996785,0.22362979,-6.9780326e-07,0.0012497935,3.0995297,0.051658828,9.298589,0.0018687812,0.7996111,-1.3983203e-07,0,-45.607864,0,-3.4304979,-2.8616054,-2.5668048,0.055589809,False,HL=3.1<15,7.5,False,,
BANKINDIA,RBLBANK,0.399545,316,44250,118,2025-12-02 09:15:00+05:30,2026-05-26 15:29:00+05:30,1e-12,2.974356e-06,1e-06,0.0017246321,9.45e-08,0.28107664,0.00086838359,0.029468349,1.1515648e-09,0.0034251638,113711.97,2.569762,15,False,0.95030254,0.94977482,0.94977669,1.3540777e-06,0.00052772087,-0.43936857,-0.57221843,-0.44041648,0.08387838,1.6269511e-06,0.00010487832,1.9145084e-05,0.056806079,-5.2374981e-05,0.0034417478,7.2364172e-07,0.0023522301,0.24529405,19.524591,-0.039411268,0.039534613,0.8673858,0.14240298,2.1862518e-06,0.0012546664,4.8675047,0.081125078,14.602514,0.002351006,0.86727169,2.9017751e-07,0,-41.617724,0,-3.4304979,-2.8616054,-2.5668048,0.116601,False,HL=4.9<15,7.73,False,,
IRFC,TITAGARH,0.399245,317,44250,118,2025-12-02 09:15:00+05:30,2026-05-26 15:29:00+05:30,1e-12,1e-12,1e-06,1e-06,9.45e-08,9.45e-08,0.0009822658,0.03134112,1.0180544e-09,1.0180544e-09,74407.603,1.681528,15,False,0.21162953,0.19193213,0.20284735,0.0089404534,0.019697399,3.3400067,3.3366862,3.3384321,0.0014432521,5.5305284e-09,4.3471934e-08,5.8931921e-05,4.0578574e-06,-0.013570474,0.03885765,-0.00032789642,0.03135743,-0.17723848,-0.39215768,-0.093488361,0.11789592,0.99953025,0.00046239766,-0.0015982655,0.00096126327,1499.0283,24.983805,4497.0849,0.031609639,0.99953771,-7.388634e-07,0.00075512056,-3.0672149,0.029076506,-3.4304978,-2.8616053,-2.5668048,0.500981,False,HL=1499>1440,6.32,False,,
IRCTC,IREDA,0.399195,318,44250,118,2025-12-02 09:15:00+05:30,2026-05-26 15:29:00+05:30,1e-12,1e-12,1e-06,1e-06,9.45e-08,9.45e-08,0.0007791716,0.027913645,1.2834143e-09,1.2834143e-09,71264.568,1.610499,15,False,0.33697164,0.29818067,0.31539588,0.013478368,0.038790965,4.8564143,4.8486244,4.8522463,0.0028508296,7.198474e-09,4.2900739e-08,7.2453132e-05,5.959933e-06,-0.025060813,0.031732647,-0.00018850636,0.027918384,0.26367671,-0.12287416,-0.069379366,0.087250223,0.99962516,0.00037564464,-0.0017049524,0.00076449024,1845.2205,30.753675,5535.6615,0.027891274,0.99962443,-6.4033594e-07,0.0019540643,-2.6056449,0.091836193,-3.4304978,-2.8616053,-2.5668048,0.48779917,False,ADF_p=0.0918; HL=1845>1440,7.57,False,,
RECLTD,TATAPOWER,0.399179,319,44250,118,2025-12-02 09:15:00+05:30,2026-05-26 15:29:00+05:30,1e-12,2.0457224e-05,1e-06,0.0045229663,9.45e-08,1.9332077,0.0068107016,0.082526975,1.4682775e-10,0.0030036882,68475.997,1.54748,15,False,1.4228447,1.422356,1.4223564,3.1130304e-07,0.00048876883,-2.6003398,-2.7732061,-2.6203942,0.10098445,7.2321537e-06,0.0006272525,7.3113811e-06,0.053300101,-7.4321707e-05,0.0034067431,2.7103543e-07,0.0023112917,0.10712305,12.423907,-0.028939598,0.037439533,0.87489346,0.13365716,1.357747e-07,0.0011949831,5.1860088,0.08643348,15.558026,0.0023112699,0.87488996,1.6986778e-08,0,-39.490101,0,-3.4304979,-2.8616054,-2.5668048,0.12583216,False,HL=5.2<15,7.33,False,,
LTM,TATAELXSI,0.399165,320,44250,118,2025-12-02 09:15:00+05:30,2026-05-26 15:29:00+05:30,1e-12,1e-12,1e-06,1e-06,9.45e-08,9.45e-08,0.0010487633,0.032384615,9.53504e-10,9.53504e-10,51182.525,1.156667,15,False,0.18756527,0.14645576,0.16615719,0.015560326,0.041109512,7.1183322,7.1131565,7.1155517,0.0019006228,4.4217863e-09,4.3728692e-08,5.160816e-05,3.2381372e-06,-0.031404416,0.043070125,-0.00022876874,0.032495416,0.021131963,-0.4668837,-0.075847217,0.093626841,0.99945157,0.00052290065,-0.0019539615,0.0010763569,1325.581,22.093017,3976.7431,0.03328371,0.99947724,-1.0214607e-06,0.00044943979,-3.1770265,0.021353587,-3.4304978,-2.8616053,-2.5668048,0.49665686,True,PASS,6.84,False,,
BANKINDIA,IREDA,0.398931,321,44250,118,2025-12-02 09:15:00+05:30,2026-05-26 15:29:00+05:30,7.8584353e-07,1e-12,0.00088647816,1e-06,0.074262213,9.45e-08,1.3532426e-06,0.0011632896,0.58071147,7.3896578e-07,195383.13,4.415438,15,False,1.3642102,1.3842176,1.3938791,0.026308369,0.020007416,-1.7557873,-1.7557762,-1.7557799,3.3483966e-06,5.5398987e-08,4.4249914e-08,0.19273363,1.5999212e-07,2.3875773e-06,0.001416389,1.4515807e-08,0.00012414774,-0.066512989,41.323847,-0.00315204,0.0029517331,-0.47222589,20.723266,3.2218981e-08,0.00070440454,0.033447777,0.00055746295,0.10034333,0.0001094153,-0.47214246,3.2218981e-08,0,-79.696086,0,-3.4304979,-2.8616054,-2.5668048,-0.00039055217,False,HL=0.0<15,6.69,False,,
IREDA,TATAPOWER,0.398259,322,44250,118,2025-12-02 09:15:00+05:30,2026-05-26 15:29:00+05:30,1e-12,8.4624342e-06,1e-06,0.0029090263,9.45e-08,0.79970004,0.0028469402,0.053356725,3.5125431e-10,0.0029724665,87538.123,1.978263,15,False,-1.276169,-1.2752558,-1.2752577,1.6788342e-06,0.00091319047,12.554258,12.56923,12.463557,0.11196158,3.7588419e-06,0.00028829223,1.043846e-05,0.053026821,8.3393933e-06,0.0061474043,-1.8321347e-06,0.0041931666,-0.290511,11.993955,-0.064184621,0.059535138,0.89446935,0.11152294,-1.5899512e-06,0.0019803732,6.2152881,0.10358814,18.645864,0.0041932422,0.89447088,-1.6778615e-07,0,-41.32258,0,-3.4304979,-2.8616054,-2.5668048,0.1211719,False,HL=6.2<15,7.54,False,,
GODREJPROP,IREDA,0.398102,323,44250,118,2025-12-02 09:15:00+05:30,2026-05-26 15:29:00+05:30,4.9291631e-08,1e-12,0.00022201719,1e-06,0.0046580591,9.45e-08,3.9337191e-07,0.00062719367,0.12530542,2.5421236e-06,229278.11,5.181426,15,False,-0.011061683,-0.046829548,-0.044478556,0.02052381,0.035767864,7.7017426,7.7016256,7.7016645,3.655658e-05,1.499486e-08,4.4248976e-08,0.16250339,1.8883944e-06,-4.9500065e-06,0.0013551424,-4.0188815e-08,0.00033325409,0.06497304,110.18329,-0.010041135,0.0097189254,-0.25822175,20.723266,-3.7926507e-08,0.0020726366,0.033447777,0.00055746295,0.10034333,0.00032194306,-0.2582131,-3.7926507e-08,0,-78.127302,0,-3.4304979,-2.8616054,-2.5668048,-0.0043134367,False,HL=0.0<15,7.84,False,,
CANBK,YESBANK,0.397768,324,44250,118,2025-12-02 09:15:00+05:30,2026-05-26 15:29:00+05:30,1e-12,1e-12,1e-06,1e-06,9.45e-08,9.45e-08,0.001877197,0.043326632,5.3270914e-10,5.3270914e-10,70390.763,1.590752,15,False,0.37868952,0.35683983,0.36804497,0.0059305603,0.021849692,3.8488111,3.8434052,3.847029,0.0019187762,1.691264e-08,4.2336619e-08,7.857822e-05,4.3674488e-06,-0.017172202,0.04546956,4.0757456e-05,0.043325637,-0.49098037,0.37919605,-0.1236129,0.11500068,0.9997374,0.00023789407,-0.0074433217,0.00099296098,2913.68,48.561333,8741.04,0.045522424,0.99976213,-1.7705115e-06,0.014506042,-1.9852942,0.29305807,-3.4304978,-2.8616053,-2.5668048,0.49841528,False,ADF_p=0.2931; HL=2914>1440,7.18,False,,
LTF,SHRIRAMFIN,0.397763,325,44250,118,2025-12-02 09:15:00+05:30,2026-05-26 15:29:00+05:30,1e-12,1e-12,1e-06,1e-06,9.45e-08,9.45e-08,0.00050485616,0.022469004,1.9807622e-09,1.9807622e-09,79168.826,1.789126,15,False,0.64047138,0.61648124,0.61731736,0.008656487,0.023990146,1.4126309,1.4097592,1.4099017,0.0012725283,4.1009136e-09,4.346306e-08,7.0702791e-05,5.7624453e-06,-0.011560856,0.03105692,3.5584761e-05,0.022474248,-0.052991787,-0.79574291,-0.064162308,0.059783581,0.99881778,0.001202018,-0.00040438709,0.0010931437,576.6529,9.6108816,1729.9587,0.022294964,0.9987987,-4.8578856e-07,1.0098018e-07,-4.6297902,0.00011378725,-3.4304978,-2.8616053,-2.5668048,0.46721982,True,PASS,6.1,False,,
CENTRALBK,UNIONBANK,0.397752,326,44250,118,2025-12-02 09:15:00+05:30,2026-05-26 15:29:00+05:30,1e-12,1e-12,1e-06,1e-06,9.45e-08,9.45e-08,0.00089172342,0.029861738,1.121424e-09,1.121424e-09,81439.375,1.840438,15,False,0.57214286,0.54473602,0.55239309,0.0077776215,0.027406843,0.7521096,0.74815462,0.74961195,0.0014856127,7.1656082e-09,4.3046836e-08,7.0858327e-05,5.2530838e-06,-0.016403571,0.032735194,0.00013049315,0.02986005,-0.53975758,0.82926878,-0.10976887,0.074488486,0.99949271,0.00037939595,-0.0075778565,0.00095117813,1826.9757,30.449595,5480.9271,0.034530313,0.99962068,-2.8744627e-06,0.006124231,-1.4653918,0.5505568,-3.4304978,-2.8616053,-2.5668048,0.45754755,False,ADF_p=0.5506; HL=1827>1440,7.22,False,,
HAL,RVNL,0.397534,327,44250,118,2025-12-02 09:15:00+05:30,2026-05-26 15:29:00+05:30,1.296668e-05,0.00027927703,0.0036009276,0.016711584,1.2253512,26.391679,0.0053828323,0.073367788,0.0024088954,0.051882915,66970.86,1.513466,15,False,0.6936589,0.49913011,0.53796949,0.054370091,0.19452879,4.4149721,5.622262,5.2729735,0.32044049,0.11449857,3.5389923,0.03269063,0.13256441,6.2282231e-06,0.0012877911,1.1445851e-07,0.00074509591,-0.010835408,51.109077,-0.015467421,0.018235153,0.39112932,0.93882485,3.1920964e-08,0.0010208658,0.73831363,0.012305227,2.2149409,0.00074500872,0.39108715,1.9437085e-08,0,-66.203659,0,-3.4304979,-2.8616054,-2.5668048,-0.0088685764,False,HL=0.7<15,7.36,False,,
JIOFIN,PFC,0.397438,328,44250,118,2025-12-02 09:15:00+05:30,2026-05-26 15:29:00+05:30,1e-12,1e-12,1e-06,1e-06,9.45e-08,9.45e-08,0.00067716303,0.026022356,1.4767492e-09,1.4767492e-09,51546.906,1.164902,15,False,0.49035956,0.43553443,0.45557717,0.018535169,0.054825126,2.8349705,2.8265226,2.8298396,0.0030715571,5.2739638e-09,4.332022e-08,6.8586706e-05,5.3736848e-06,-0.032146042,0.032959028,0.00014165264,0.026034511,-0.57793348,0.074803809,-0.10076341,0.059502386,0.99948881,0.00051212326,6.632928e-05,0.00083255806,1353.4772,22.557954,4060.4317,0.026014308,0.99948801,3.3960071e-08,0.00037801865,-3.2929274,0.015197594,-3.4304979,-2.8616053,-2.5668048,0.49783522,True,PASS,7.14,False,,
ADANIENSOL,TATAPOWER,0.397042,329,44250,118,2025-12-02 09:15:00+05:30,2026-05-26 15:29:00+05:30,7.5940136e-06,0.00032341401,0.0027557238,0.017983715,0.71763429,30.562624,0.29181551,0.54019951,2.6023338e-05,0.0011082824,-14425.692,-0.326004,15,False,-4.1330928,-3.489328,-3.7367018,0.20084719,0.64376484,31.533976,28.363595,29.245321,0.98240103,0.16591406,6.059348,0.0034152686,0.023982114,0.00034711387,0.014392456,-2.0350707e-06,0.0093647114,-0.17602438,9.4346176,-0.1047457,0.12862116,0.90508154,0.099636826,3.3216503e-06,0.00418223,6.9567369,0.11594561,20.870211,0.0093687784,0.90516609,3.1500509e-07,0,-38.321518,0,-3.4304979,-2.8616053,-2.5668048,0.15366853,False,HL=7.0<15,7.45,False,,
GAIL,TATAPOWER,0.396867,330,44250,118,2025-12-02 09:15:00+05:30,2026-05-26 15:29:00+05:30,1e-12,1.2422209e-05,1e-06,0.0035245154,9.45e-08,1.1738987,0.0041375171,0.064323534,2.4169085e-10,0.0030023341,79429.115,1.795008,15,False,-0.9199221,-0.91908864,-0.91908963,8.5613822e-07,0.00083345509,10.64947,10.675761,10.564408,0.080691429,5.0701267e-06,0.00040571315,9.0940808e-06,0.053286599,1.2843473e-05,0.0046565451,-1.0701145e-06,0.0031656933,-0.1013775,14.988048,-0.036099304,0.045008951,0.88804473,0.11873881,-5.3320194e-07,0.0015426713,5.8375792,0.097292986,17.512738,0.0031656439,0.88803972,-5.9697438e-08,0,-40.721342,0,-3.4304979,-2.8616054,-2.5668048,0.11973554,False,HL=5.8<15,7.96,False,,
ADANIENT,IREDA,0.396492,331,44250,118,2025-12-02 09:15:00+05:30,2026-05-26 15:29:00+05:30,7.1538614e-06,0.00014806545,0.0026746703,0.012168215,0.67603991,13.992185,0.0027879788,0.052801314,0.002565967,0.053108531,82049.375,1.854223,15,False,0.76037047,0.68660755,0.68551455,0.025368185,0.073762918,3.9546629,4.6567137,4.3637511,0.15394878,0.067776802,1.6037763,0.032727687,0.14364643,2.6436913e-05,0.0014127041,4.3499254e-08,0.00084897068,-0.042653526,89.419472,-0.028820864,0.024009284,0.41418055,0.88148,9.9283676e-08,0.0011272087,0.78634476,0.013105746,2.3590343,0.00084895191,0.41416949,5.8163407e-08,0,-65.206969,0,-3.4304979,-2.8616054,-2.5668048,-0.0084858752,False,HL=0.8<15,7.22,False,,
HINDZINC,JINDALSTEL,0.396442,332,44250,118,2025-12-02 09:15:00+05:30,2026-05-26 15:29:00+05:30,1.609747e-07,1e-12,0.00040121653,1e-06,0.015212109,9.45e-08,2.4503597e-05,0.0049501108,0.0065694314,4.0810334e-08,180022.01,4.068294,15,False,-0.070229759,-0.031552692,-0.04417076,0.0127581,0.038677067,6.6974147,6.6974106,6.6974119,1.2486929e-06,2.1107193e-07,4.4249973e-08,0.061163099,7.9349681e-08,1.4178772e-05,0.0018415903,-9.4795993e-08,0.00095371119,-0.37594152,176.40212,-0.03529743,0.03696005,0.20727085,1.5737284,-8.6280239e-08,0.001692004,0.44044904,0.0073408173,1.3213471,0.00095372132,0.20727094,-6.8396853e-08,0,-71.318357,0,-3.4304979,-2.8616054,-2.5668048,-0.0098738615,False,HL=0.4<15,7.57,False,,
ABCAPITAL,JIOFIN,0.396276,333,44250,118,2025-12-02 09:15:00+05:30,2026-05-26 15:29:00+05:30,1.6590336e-07,1e-12,0.00040731236,1e-06,0.015677867,9.45e-08,3.9677932e-07,0.00062990421,0.41812502,2.5202927e-06,221267.13,5.000387,15,False,0.33694488,0.35522419,0.339976,0.007592132,0.018279315,3.9474558,3.9474427,3.9474471,4.1998353e-06,1.3751383e-08,4.4249818e-08,0.16783615,4.450929e-07,2.4750004e-06,0.0010891608,-4.2591167e-09,9.9303384e-05,-0.061848397,82.862053,-0.0032866234,0.00280665,-0.43946786,20.723266,-5.383122e-09,0.00057426678,0.033447777,0.00055746295,0.10034333,8.9200974e-05,-0.43946726,-5.383122e-09,0,-77.377134,0,-3.4304979,-2.8616054,-2.5668048,-0.00096467709,False,HL=0.0<15,6.92,False,,
BANKINDIA,NBCC,0.39606,334,44250,118,2025-12-02 09:15:00+05:30,2026-05-26 15:29:00+05:30,1e-12,6.5768976e-06,1e-06,0.0025645463,9.45e-08,0.62151682,0.00080009027,0.028285867,1.249859e-09,0.0082201945,114941.86,2.597556,15,False,0.85732755,0.85634331,0.85634416,6.1072846e-07,0.0009842463,0.91974387,1.0720048,1.0899963,0.12502241,3.3479707e-06,0.00013894065,2.3471329e-05,0.086619022,3.9877739e-05,0.0024899548,3.8231991e-07,0.0016809973,-0.29331519,9.9109853,-0.022985732,0.018094005,0.80163178,0.22120895,8.6003767e-07,0.0011177897,3.1334499,0.052224165,9.4003498,0.0016805203,0.80154918,1.7067519e-07,0,-47.730168,0,-3.4304979,-2.8616054,-2.5668048,0.052494559,False,HL=3.1<15,7.47,False,,
ADANIGREEN,IREDA,0.395512,335,44250,118,2025-12-02 09:15:00+05:30,2026-05-26 15:29:00+05:30,1e-12,2.9131703e-05,1e-06,0.0053973793,9.45e-08,2.752946,0.0044034784,0.06635871,2.270932e-10,0.0066156117,77524.912,1.751975,15,False,1.1434054,1.1435289,1.1435291,2.4236089e-07,0.00012346221,1.2764765,1.7232082,1.3696974,0.14112499,1.350114e-05,0.00066328291,1.6522933e-05,0.078068226,0.00012903536,0.0032275104,7.86327e-07,0.0022029882,-0.290602,11.505934,-0.027386852,0.0294317,0.8212337,0.19694061,1.4092549e-06,0.0013826105,3.5195747,0.058659578,10.558724,0.0022030138,0.82123941,2.5191924e-07,0,-46.080424,0,-3.4304979,-2.8616054,-2.5668048,0.064288949,False,HL=3.5<15,7.58,False,,
BANKINDIA,JIOFIN,0.395397,336,44250,118,2025-12-02 09:15:00+05:30,2026-05-26 15:29:00+05:30,3.1131264e-06,1e-12,0.0017644054,1e-06,0.29419044,9.45e-08,6.0427293e-06,0.0024581964,0.51518547,1.6548813e-07,160965.04,3.637628,15,False,1.7577669,1.8311937,1.8138464,0.032675176,0.073426813,-5.0652954,-5.0652934,-5.065294,6.058465e-07,1.9082247e-07,4.424999e-08,0.16988037,2.4236276e-08,9.8234399e-06,0.0015061422,1.1678391e-08,0.00011623729,0.16290723,32.658218,-0.0023886864,0.0021413666,-0.46808325,20.723266,2.186465e-08,0.00066126275,0.033447777,0.00055746295,0.10034333,0.00010271408,-0.46806451,2.186465e-08,0,-79.439834,0,-3.4304979,-2.8616054,-2.5668048,-0.0005546515,False,HL=0.0<15,7.83,False,,
BANKINDIA,YESBANK,0.395078,337,44250,118,2025-12-02 09:15:00+05:30,2026-05-26 15:29:00+05:30,1e-12,3.9989621e-07,1e-06,0.00063237347,9.45e-08,0.037790192,5.8808136e-05,0.0076686463,1.700445e-08,0.006800015,170911.18,3.862399,15,False,0.87989946,0.88180512,0.88181072,2.5367728e-06,0.00190566,2.244081,2.2193868,2.3346882,0.092643963,5.5777676e-07,1.0107283e-05,3.8457272e-05,0.079100942,-6.6830435e-06,0.0024763629,1.0007297e-07,0.00167512,-0.11051223,10.840604,-0.021278384,0.021190391,0.80484226,0.21710341,4.4437275e-07,0.001103824,3.1927051,0.053211752,9.5781154,0.0016751416,0.80484673,8.6720793e-08,0,-46.391797,0,-3.4304979,-2.8616054,-2.5668048,0.066127022,False,HL=3.2<15,7.4,False,,
KPITTECH,WIPRO,0.39502,338,44250,118,2025-12-02 09:15:00+05:30,2026-05-26 15:29:00+05:30,1e-12,1e-12,1e-06,1e-06,9.45e-08,9.45e-08,0.029669061,0.17224709,3.3705145e-11,3.3705145e-11,11275.43,0.254812,15,False,0.31513159,0.25206791,0.25902617,0.0055930108,0.063063673,5.3904921,5.3875473,5.3888685,0.001064964,3.7163603e-08,4.4032547e-08,3.3527229e-05,3.5669186e-07,-0.14994418,0.11058955,-0.0039314959,0.17220827,0.2039742,-1.5243924,-0.28903274,0.28359357,0.99997518,5.1226966e-05,-0.14495579,0.0012132991,13530.904,225.51507,40592.713,0.11986808,0.99994877,-7.4254554e-06,0.063081836,-1.5668825,0.50020488,-3.4304979,-2.8616054,-2.5668048,0.47876979,False,ADF_p=0.5002; HL=13531>1440,7.53,False,,
CANBK,NBCC,0.394882,339,44250,118,2025-12-02 09:15:00+05:30,2026-05-26 15:29:00+05:30,1e-12,1e-12,1e-06,1e-06,9.45e-08,9.45e-08,0.0012855815,0.035855007,7.7785809e-10,7.7785809e-10,77513.403,1.751715,15,False,0.21709941,0.19960118,0.21067694,0.0056926954,0.017498227,4.0005392,3.9972878,3.9997671,0.001284264,9.4206003e-09,4.2876534e-08,6.7829631e-05,4.6097939e-06,-0.010741442,0.039689429,-7.9760156e-05,0.035853719,0.24820537,0.12039752,-0.10009722,0.11316971,0.99959883,0.00040005978,-0.0013593318,0.0010156936,1732.609,28.876817,5197.8271,0.035907509,0.99960002,-5.437052e-07,0.0014869495,-2.8416795,0.052562363,-3.4304978,-2.8616053,-2.5668048,0.49669334,False,ADF_p=0.0526; HL=1733>1440,6.36,False,,
HINDCOPPER,NMDC,0.394657,340,44250,118,2025-12-02 09:15:00+05:30,2026-05-26 15:29:00+05:30,2.6410226e-07,1e-12,0.0005139088,1e-06,0.024957663,9.45e-08,7.9740675e-07,0.00089297634,0.33120143,1.2540651e-06,210112.67,4.748309,15,False,0.012573432,0.12461143,0.11033869,0.035181518,0.112038,5.7660988,5.7660711,5.7660792,8.4111214e-06,3.6862337e-08,4.4249741e-08,0.19951642,5.2539726e-07,1.2719106e-05,0.0019716906,-2.3550506e-08,0.00030561497,-0.34686349,427.6661,-0.015096725,0.014380464,-0.38151172,20.723266,-2.1102412e-08,0.0018186554,0.033447777,0.00055746295,0.10034333,0.0002824921,-0.38149825,-2.1102412e-08,0,-76.525931,0,-3.4304979,-2.8616054,-2.5668048,-0.0020741964,False,HL=0.0<15,8.05,False,,
JSWSTEEL,NATIONALUM,0.394237,341,44250,118,2025-12-02 09:15:00+05:30,2026-05-26 15:29:00+05:30,3.4447989e-08,1e-12,0.0001856017,1e-06,0.003255335,9.45e-08,1.4890536e-07,0.00038588257,0.2313415,6.7156751e-06,244805.92,5.532337,15,False,0.1352087,0.14271985,0.1331803,0.007016042,0.0075111536,6.3039899,6.3039632,6.3039715,8.3113902e-06,4.9078207e-09,4.4249046e-08,0.15268566,2.0514601e-06,1.2175412e-06,0.00087985161,-3.8216626e-09,0.00011559274,-0.25839213,83.818959,-0.0030007766,0.0027168504,-0.42133133,20.723266,8.2120836e-10,0.00067487021,0.033447777,0.00055746295,0.10034333,0.00010482772,-0.42131213,8.2120836e-10,0,-78.321304,0,-3.4304979,-2.8616054,-2.5668048,-0.0013407037,False,HL=0.0<15,7.1,False,,
EICHERMOT,HEROMOTOCO,0.393955,342,44250,118,2025-12-02 09:15:00+05:30,2026-05-26 15:29:00+05:30,2.2483678e-07,1e-12,0.00047416957,1e-06,0.021247076,9.45e-08,8.8791165e-07,0.00094229064,0.25321977,1.1262382e-06,199762.13,4.514398,15,False,0.52042372,0.53825257,0.53045921,0.0052319826,0.01782885,4.3204617,4.3204615,4.3204616,1.2271226e-07,1.225466e-08,4.4249972e-08,0.11054496,1.061321e-07,3.6550657e-06,0.00081735592,1.2879901e-10,5.462074e-05,-1.3982815,388.47639,-0.0030150684,0.0026506333,-0.47826461,20.723266,1.0905461e-09,0.00030881867,0.033447777,0.00055746295,0.10034333,4.7968867e-05,-0.47832512,1.0905461e-09,0,-79.649028,0,-3.4304979,-2.8616054,-2.5668048,-0.00026194718,False,HL=0.0<15,7.3,False,,
HDFCBANK,ICICIBANK,0.393936,343,44250,118,2025-12-02 09:15:00+05:30,2026-05-26 15:29:00+05:30,1e-12,1e-12,1e-06,1e-06,9.45e-08,9.45e-08,0.00023213325,0.01523592,4.3078705e-09,4.3078705e-09,96406.931,2.178688,15,False,0.22919002,0.19767885,0.21287321,0.012003412,0.031511168,5.2427556,5.2380881,5.2402795,0.0017393116,2.9223648e-09,4.3477241e-08,8.7102439e-05,8.5048524e-06,-0.011114327,0.019518523,-3.6943374e-05,0.015234851,-0.88767407,1.6859325,-0.061969978,0.038521625,0.99873013,0.0012714933,0.00023530644,0.00076802215,545.14418,9.0857364,1635.4325,0.015230063,0.99872931,2.9900044e-07,5.6459663e-08,-4.6518005,0.00010356311,-3.4304979,-2.8616054,-2.5668048,0.485595,True,PASS,7.29,False,,
IREDA,NHPC,0.393867,344,44250,118,2025-12-02 09:15:00+05:30,2026-05-26 15:29:00+05:30,4.1980068e-07,1e-12,0.00064792027,1e-06,0.039671164,9.45e-08,7.750089e-07,0.0008803459,0.54167207,1.2903078e-06,208814.12,4.718963,15,False,-0.81246283,-0.82822899,-0.83109037,0.02102728,0.015766159,8.4775943,8.4775632,8.4775733,9.5095144e-06,3.9728654e-08,4.4249853e-08,0.21072655,3.3599994e-07,-1.5752575e-06,0.0016636496,-2.2757288e-08,0.00017714088,0.67849478,124.90979,-0.0051196653,0.0064045092,-0.40562706,20.723266,-3.5618802e-08,0.0010423863,0.033447777,0.00055746295,0.10034333,0.00016191407,-0.40562369,-3.5618802e-08,0,-78.510708,0,-3.4304979,-2.8616054,-2.5668048,-0.0016445468,False,HL=0.0<15,7.91,False,,
HCLTECH,KPITTECH,0.39376,345,44250,118,2025-12-02 09:15:00+05:30,2026-05-26 15:29:00+05:30,1e-12,1e-12,1e-06,1e-06,9.45e-08,9.45e-08,0.002102342,0.045851303,4.7566e-10,4.7566e-10,62867.347,1.420731,15,False,0.49847787,0.49642256,0.50648082,0.0043966029,0.0020553066,3.8448168,3.8437302,3.845235,0.00066193266,7.7062997e-09,4.3537132e-08,4.6266978e-05,2.608873e-06,-0.0050064995,0.05565465,0.00024698814,0.046177289,0.14640924,-0.68560263,-0.10192805,0.10132315,0.99979715,0.00015878002,-0.0086720697,0.00093013498,4365.456,72.7576,13096.368,0.0521955,0.99984123,-1.3768421e-06,0.048655102,-1.5498039,0.50874616,-3.4304978,-2.8616053,-2.5668048,0.4766201,False,ADF_p=0.5087; HL=4365>1440,6.87,False,,
CGPOWER,NBCC,0.393603,346,44250,118,2025-12-02 09:15:00+05:30,2026-05-26 15:29:00+05:30,1.6171524e-06,4.2058646e-05,0.0012716731,0.0064852638,0.1528209,3.9745421,0.00055226189,0.023500253,0.0029282347,0.076157068,117081.53,2.64591,15,False,0.5065119,0.55177134,0.55315904,0.023885764,0.045259435,4.0895478,4.2616404,4.0174957,0.11309385,0.015543443,0.32361727,0.032277375,0.18145381,2.6644435e-05,0.0014915738,3.9848513e-09,0.00088073752,-1.1997687,138.76985,-0.029591061,0.028260032,0.37480483,0.98133443,4.5155212e-08,0.0012338805,0.70633126,0.011772188,2.1189938,0.00088074381,0.37481061,2.823056e-08,0,-66.853787,0,-3.4304979,-2.8616054,-2.5668048,-0.0086871322,False,HL=0.7<15,7.33,False,,
IRFC,RITES,0.393522,347,44250,118,2025-12-02 09:15:00+05:30,2026-05-26 15:29:00+05:30,1e-12,1e-12,1e-06,1e-06,9.45e-08,9.45e-08,0.0013354727,0.036544119,7.4879856e-10,7.4879856e-10,69124.194,1.562129,15,False,0.29176841,0.27047894,0.28116186,0.0093061432,0.021289467,3.171623,3.167404,3.1694836,0.0018167256,7.9849469e-09,4.3199024e-08,6.044863e-05,3.9845372e-06,-0.01695944,0.043866299,-0.00039961442,0.036563159,-0.17693096,-0.49145513,-0.100821,0.12296197,0.99965839,0.00034119681,-0.0013862155,0.00095579324,2031.5172,33.858619,6094.5515,0.036588657,0.99965886,-4.7289165e-07,0.0030215887,-2.5836326,0.096427484,-3.4304979,-2.8616054,-2.5668048,0.49127141,False,ADF_p=0.0964; HL=2032>1440,7.41,False,,
BAJAJ-AUTO,MARUTI,0.393025,348,44250,118,2025-12-02 09:15:00+05:30,2026-05-26 15:29:00+05:30,1.6346466e-06,1e-12,0.001278533,1e-06,0.1544741,9.45e-08,7.1362754e-06,0.0026713808,0.22906159,1.4012912e-07,151964.16,3.434218,15,False,1.4492716,1.4967051,1.4716135,0.017234111,0.04743345,-4.9360701,-4.9360694,-4.9360696,1.9938503e-07,7.6208885e-08,4.4249998e-08,0.099828505,1.0201467e-08,1.0693791e-05,0.0012137654,4.7711856e-09,7.4043167e-05,0.69204515,89.739191,-0.0017599313,0.0018385248,-0.4765491,20.723266,8.2620612e-09,0.00041907787,0.033447777,0.00055746295,0.10034333,6.509545e-05,-0.47654913,8.2620612e-09,0,-80.820629,0,-3.4304979,-2.8616054,-2.5668048,-0.00032130506,False,HL=0.0<15,6.96,False,,
GMRAIRPORT,NBCC,0.392866,349,44250,118,2025-12-02 09:15:00+05:30,2026-05-26 15:29:00+05:30,6.0328309e-07,1e-12,0.000776713,1e-06,0.057010252,9.45e-08,1.3670007e-06,0.0011691881,0.44131877,7.315285e-07,202480.08,4.575821,15,False,1.1223002,1.1447834,1.1421437,0.01943938,0.022483218,-0.65355465,-0.65354081,-0.65354549,4.1661606e-06,6.1856761e-08,4.4249848e-08,0.19880986,2.4628754e-07,2.4726946e-06,0.0012345062,1.8063752e-08,0.00015154509,0.38633197,72.214908,-0.0046342875,0.005506131,-0.45824447,20.723266,1.8768072e-08,0.00086714374,0.033447777,0.00055746295,0.10034333,0.00013469361,-0.45823029,1.8768072e-08,0,-79.408151,0,-3.4304979,-2.8616054,-2.5668048,-0.0008622868,False,HL=0.0<15,7.31,False,,
INOXWIND,JIOFIN,0.392715,350,44250,118,2025-12-02 09:15:00+05:30,2026-05-26 15:29:00+05:30,1e-12,1e-12,1e-06,1e-06,9.45e-08,9.45e-08,0.014790092,0.12161452,6.7612832e-11,6.7612832e-11,25950.128,0.586444,15,False,0.10411958,0.05431307,0.060002546,0.0056856073,0.049806515,4.2942892,4.2915096,4.2925558,0.0010461398,2.3564627e-08,4.3889727e-08,3.6653222e-05,6.5904089e-07,-0.087921642,0.10030301,-0.0017184123,0.12160535,-0.44390083,-0.75606045,-0.26782594,0.20531047,0.9999407,8.9523129e-05,-0.056766348,0.0013243851,7742.6604,129.04434,23227.981,0.098976405,0.99991048,-5.0816736e-06,0.041899005,-1.7221462,0.41973972,-3.4304978,-2.8616053,-2.5668048,0.52645755,False,ADF_p=0.4197; HL=7743>1440,7.76,False,,
KPITTECH,LTM,0.392321,351,44250,118,2025-12-02 09:15:00+05:30,2026-05-26 15:29:00+05:30,1e-12,1e-12,1e-06,1e-06,9.45e-08,9.45e-08,0.0057420793,0.075776509,1.7415294e-10,1.7415294e-10,13804.661,0.31197,15,False,0.18198871,0.12862182,0.14573557,0.016149176,0.053366887,5.5434726,5.538369,5.5404247,0.0019447438,9.5217581e-09,4.3864414e-08,3.448443e-05,1.1450112e-06,-0.087377726,0.088644773,-0.0013126051,0.08197783,-0.37185254,-0.81562085,-0.20883026,0.14855217,0.99988622,0.00012330924,-0.007393137,0.001236697,5621.2102,93.686837,16863.631,0.078749986,0.9998767,-9.1158593e-07,0.042776006,-1.7286602,0.41640963,-3.4304979,-2.8616054,-2.5668048,0.47876169,False,ADF_p=0.4164; HL=5621>1440,7.7,False,,
ADANIPORTS,JIOFIN,0.392219,352,44250,118,2025-12-02 09:15:00+05:30,2026-05-26 15:29:00+05:30,1.4076848e-06,1e-12,0.0011864589,1e-06,0.13302621,9.45e-08,0.00041990341,0.020491545,0.0033524015,2.3815001e-09,124175.39,2.806224,15,False,-0.048258534,-0.018229903,-0.050476201,0.014598436,0.030028631,7.6012043,7.6012038,7.6012039,1.7155011e-07,3.7858899e-06,4.4249995e-08,0.049332121,9.0049812e-09,1.3424943e-05,0.0016430972,-1.8547502e-07,0.00097518038,-0.39451051,117.71347,-0.030162849,0.028560284,0.49563731,0.70196384,-9.4690337e-08,0.0011553978,0.98744001,0.016457333,2.96232,0.00097512249,0.49561105,-4.776076e-08,0,-66.713021,0,-3.4304979,-2.8616054,-2.5668048,-0.0072722747,False,HL=1.0<15,7.53,False,,
MAZDOCK,ZENTEC,0.391722,353,44250,118,2025-12-02 09:15:00+05:30,2026-05-26 15:29:00+05:30,1e-12,1e-12,1e-06,1e-06,9.45e-08,9.45e-08,0.0011850205,0.034424127,8.4386725e-10,8.4386725e-10,80508.474,1.819401,15,False,0.16875689,0.15838312,0.1572257,0.0027456868,0.010373769,6.6630429,6.6624599,6.6623672,0.00040359561,5.344684e-09,4.3620992e-08,5.3926196e-05,3.3301129e-06,-0.0047629861,0.038364682,-0.00014899629,0.034421936,-0.41742589,0.13286614,-0.1320159,0.085716726,0.99943591,0.00059689833,-0.0033094317,0.0011563304,1161.2483,19.354138,3483.7449,0.033466998,0.99940328,-1.9748048e-06,9.299081e-05,-3.7679807,0.0032524387,-3.4304979,-2.8616053,-2.5668048,0.52316329,True,PASS,7.46,False,,
IREDA,PNB,0.391633,354,44250,118,2025-12-02 09:15:00+05:30,2026-05-26 15:29:00+05:30,1e-12,1e-12,1e-06,1e-06,9.45e-08,9.45e-08,0.0022466183,0.047398506,4.4511343e-10,4.4511343e-10,65363.295,1.477137,15,False,0.29707317,0.28602167,0.28364341,0.0039227459,0.011051501,3.5087337,3.5080499,3.5075285,0.00082210299,1.1466886e-08,4.3138059e-08,6.1828778e-05,3.0881947e-06,-0.0075370667,0.053640131,-3.7623238e-05,0.047435642,-0.2670572,-0.60773874,-0.12078337,0.10637994,0.99976875,0.00023931167,-0.0022151223,0.0010202019,2896.4203,48.273671,8689.2608,0.046632552,0.99976072,-5.3004121e-07,0.0096284623,-2.2549577,0.18690656,-3.4304978,-2.8616053,-2.5668048,0.49159845,False,ADF_p=0.1869; HL=2896>1440,6.84,False,,
ADANIENSOL,ADANIPOWER,0.39156,355,44250,118,2025-12-02 09:15:00+05:30,2026-05-26 15:29:00+05:30,1e-12,0.00026648204,1e-06,0.016324278,9.45e-08,25.182553,0.047701377,0.21840645,2.0963755e-11,0.0055864643,24982.793,0.564583,15,False,2.6008392,2.5999563,2.5999565,1.4935449e-07,0.00088295439,-6.079181,-7.0128158,-6.2394426,0.33638214,5.0176709e-05,0.0049520706,4.6437842e-06,0.071981987,-0.00029440433,0.0072788535,1.5593031e-06,0.0051298247,-0.45416406,11.272534,-0.059921427,0.053893805,0.84447297,0.16900339,1.8275755e-06,0.0029826021,4.1013804,0.068356341,12.304141,0.0051301802,0.84450604,2.8417694e-07,0,-45.843512,0,-3.4304979,-2.8616054,-2.5668048,0.076111921,False,HL=4.1<15,7.13,False,,
PHOENIXLTD,PRESTIGE,0.391419,356,44250,118,2025-12-02 09:15:00+05:30,2026-05-26 15:29:00+05:30,4.237895e-07,4.3689857e-06,0.00065099116,0.0020902119,0.040048107,0.41286915,3.0645544e-05,0.0055358418,0.013828747,0.14256512,168982.05,3.818803,15,False,0.47988629,0.48061256,0.47216903,0.010109219,0.00072626308,3.8961701,4.0062568,4.0243143,0.065059189,0.001512766,0.079457002,0.068942204,0.12950505,4.1292264e-06,0.0010205429,3.445779e-09,0.00044099203,0.22593789,30.008824,-0.0094593736,0.0096964639,-0.10639108,20.723266,2.6029533e-08,0.002822812,0.033447777,0.00055746295,0.10034333,0.00043846795,-0.10638522,2.6029533e-08,0,-76.803514,0,-3.4304979,-2.8616054,-2.5668048,-0.0066753508,False,HL=0.0<15,7.71,False,,
INDHOTEL,JIOFIN,0.391357,357,44250,118,2025-12-02 09:15:00+05:30,2026-05-26 15:29:00+05:30,1e-12,1e-12,1e-06,1e-06,9.45e-08,9.45e-08,0.00077224303,0.027789261,1.2949291e-09,1.2949291e-09,85691.678,1.936535,15,False,0.16942836,0.15237672,0.15510221,0.0060575797,0.017051631,5.6436046,5.6410555,5.6415925,0.0011478248,6.2623446e-09,4.3128621e-08,6.6582629e-05,5.4847241e-06,-0.0096808789,0.032093917,-0.00019355367,0.027788996,-0.75150268,0.14813615,-0.097566578,0.055052671,0.99942428,0.00058343733,-0.00065698957,0.00094309757,1188.0405,19.800675,3564.1215,0.027608609,0.99941673,-3.8320045e-07,0.00014963003,-3.3446185,0.012998081,-3.4304978,-2.8616053,-2.5668048,0.47716761,True,PASS,6.72,False,,
DLF,RVNL,0.391324,358,44250,118,2025-12-02 09:15:00+05:30,2026-05-26 15:29:00+05:30,1e-12,1e-12,1e-06,1e-06,9.45e-08,9.45e-08,0.0010964977,0.033113406,9.1199466e-10,9.1199466e-10,76209.02,1.722238,15,False,0.36475996,0.33744012,0.34265908,0.0076420225,0.027319847,4.4671683,4.4635247,4.4644951,0.0013994058,6.9630442e-09,4.3241136e-08,5.9492015e-05,4.3334116e-06,-0.018957672,0.036356055,-0.00017187894,0.03311217,-0.52873014,-0.10336949,-0.11391765,0.071021468,0.99957866,0.00042220836,-0.00022068472,0.00096130251,1641.7183,27.361972,4925.1549,0.033081231,0.99957788,-9.3155266e-08,0.0011106882,-2.7859272,0.060312259,-3.4304978,-2.8616053,-2.5668048,0.4949806,False,ADF_p=0.0603; HL=1642>1440,7.15,False,,
NBCC,RAILTEL,0.390983,359,44250,118,2025-12-02 09:15:00+05:30,2026-05-26 15:29:00+05:30,1e-12,1e-12,1e-06,1e-06,9.45e-08,9.45e-08,0.003470427,0.05891033,2.8814898e-10,2.8814898e-10,49889.047,1.127436,15,False,0.1496646,0.11407188,0.1218362,0.0090618363,0.035592719,3.881441,3.8772888,3.8787014,0.0016385841,1.1084434e-08,4.3522033e-08,4.479663e-05,2.0132194e-06,-0.040564011,0.061687409,-0.00084374216,0.058969555,0.11395858,-0.063132516,-0.14941478,0.14656423,0.99982509,0.00019562982,-0.0074452454,0.001102979,3543.157,59.052616,10629.471,0.055761535,0.99980439,-1.4563696e-06,0.013902651,-2.2048543,0.20448835,-3.4304978,-2.8616053,-2.5668048,0.51148963,False,ADF_p=0.2045; HL=3543>1440,6.89,False,,
CHOLAFIN,SHRIRAMFIN,0.390644,360,44250,118,2025-12-02 09:15:00+05:30,2026-05-26 15:29:00+05:30,1e-12,1e-12,1e-06,1e-06,9.45e-08,9.45e-08,0.00092803576,0.030463679,1.0775447e-09,1.0775447e-09,74918.265,1.693068,15,False,0.78202424,0.75477688,0.75822225,0.0081664505,0.027247362,2.1773232,2.1743106,2.1748103,0.0011872141,5.230036e-09,4.3512794e-08,5.9998911e-05,4.0753168e-06,-0.017709098,0.036307527,0.00010348456,0.030462685,0.34938503,-0.67143475,-0.094000619,0.075963263,0.99940701,0.00061338137,-0.0012003862,0.0010492289,1130.0428,18.834046,3390.1283,0.029956423,0.99938681,-7.3606875e-07,8.9929374e-05,-3.3502791,0.012775235,-3.4304979,-2.8616054,-2.5668048,0.47763213,True,PASS,7.3,False,,
ADANIENT,NBCC,0.390601,361,44250,118,2025-12-02 09:15:00+05:30,2026-05-26 15:29:00+05:30,1.2111404e-06,4.990587e-05,0.0011005182,0.0070644087,0.11445277,4.7161047,0.0003490794,0.018683667,0.003469527,0.14296424,125202.09,2.829426,15,False,0.54681885,0.58243386,0.57688479,0.018100393,0.035615015,5.1181893,5.3392392,5.0531671,0.1047913,0.013290277,0.27676677,0.0307039,0.25393917,2.2387798e-05,0.0012654204,3.9306655e-09,0.00071363756,0.32843137,137.29927,-0.027688718,0.025052318,0.27868559,1.2776695,5.0590114e-09,0.0011407932,0.54250897,0.0090418162,1.6275269,0.00071364569,0.27868602,3.6491357e-09,0,-69.670866,0,-3.4304979,-2.8616054,-2.5668048,-0.01009043,False,HL=0.5<15,7.52,False,,
PFC,PNB,0.390519,362,44250,118,2025-12-02 09:15:00+05:30,2026-05-26 15:29:00+05:30,2.0706129e-07,1e-12,0.00045503988,1e-06,0.019567292,9.45e-08,4.0002187e-07,0.00063247282,0.51762494,2.4998633e-06,223492.72,5.050683,15,False,0.14913032,0.1943106,0.17359044,0.021840703,0.045180283,5.1664839,5.1664658,5.1664717,5.7572391e-06,1.9034455e-08,4.4249677e-08,0.19476138,5.5806869e-07,5.318309e-06,0.00098604037,-6.318544e-09,9.6691585e-05,-0.40856818,64.181239,-0.0023513527,0.0020770709,-0.42944678,20.723266,-1.2883247e-08,0.00056215286,0.033447777,0.00055746295,0.10034333,8.7319316e-05,-0.42943162,-1.2883247e-08,0,-78.46545,0,-3.4304979,-2.8616054,-2.5668048,-0.0012350504,False,HL=0.0<15,7.52,False,,
COCHINSHIP,IREDA,0.389922,363,44250,118,2025-12-02 09:15:00+05:30,2026-05-26 15:29:00+05:30,1e-12,1.5143642e-06,1e-06,0.001230595,9.45e-08,0.14310741,0.00024221797,0.015563353,4.1285128e-09,0.0062520719,140798.15,3.181879,15,False,1.2442871,1.2441751,1.2441812,5.6845742e-06,0.00011193357,1.2517708,1.2789182,1.2888811,0.047589697,8.5010426e-07,3.8519778e-05,2.2603869e-05,0.075975256,7.0018046e-06,0.0034304027,9.6857417e-07,0.0023482232,0.21410038,12.105258,-0.025768134,0.031915538,0.82294144,0.19489094,2.8932934e-07,0.001465966,3.5565901,0.059276501,10.66977,0.002348081,0.8229244,5.1233166e-08,0,-45.329835,0,-3.4304979,-2.8616054,-2.5668048,0.06868606,False,HL=3.6<15,6.67,False,,
BSE,JIOFIN,0.389699,364,44250,118,2025-12-02 09:15:00+05:30,2026-05-26 15:29:00+05:30,6.3376107e-07,1e-12,0.00079609112,1e-06,0.059890421,9.45e-08,1.2927139e-06,0.0011369758,0.49025626,7.7356637e-07,194991.54,4.406588,15,False,0.24181086,0.33210713,0.25922696,0.028614019,0.090296266,6.5722637,6.5722607,6.5722616,9.3856431e-07,4.1867572e-08,4.4249952e-08,0.16942429,1.184823e-07,1.1873378e-05,0.0012370479,-3.8361554e-09,9.6027649e-05,-0.32892238,384.087,-0.0044116359,0.0048663833,-0.41424364,20.723266,-5.3451577e-09,0.00056268451,0.033447777,0.00055746295,0.10034333,8.7401898e-05,-0.41424722,-5.3451577e-09,0,-76.961275,0,-3.4304979,-2.8616054,-2.5668048,-0.001530981,False,HL=0.0<15,6.94,False,,
INOXWIND,RECLTD,0.389433,365,44250,118,2025-12-02 09:15:00+05:30,2026-05-26 15:29:00+05:30,1e-12,1e-12,1e-06,1e-06,9.45e-08,9.45e-08,0.011737252,0.1083386,8.519882e-11,8.519882e-11,29268.094,0.661426,15,False,0.51385023,0.46408435,0.47053105,0.0066860906,0.049765882,1.8683301,1.8652692,1.8663827,0.0011545681,1.9455985e-08,4.3859875e-08,3.9210471e-05,7.7587774e-07,-0.084850963,0.088725714,-0.00042559492,0.10835533,-0.17234825,-0.80313588,-0.21754847,0.19558911,0.99994078,9.3728612e-05,-0.045563057,0.0011792097,7395.2571,123.25428,22185.771,0.086127124,0.99990628,-4.270362e-06,0.035022257,-1.7863667,0.38725093,-3.4304978,-2.8616053,-2.5668048,0.52947621,False,ADF_p=0.3873; HL=7395>1440,7.06,False,,
ADANIGREEN,NHPC,0.389391,366,44250,118,2025-12-02 09:15:00+05:30,2026-05-26 15:29:00+05:30,1e-12,0.00018354503,1e-06,0.013547879,9.45e-08,17.345005,0.018215208,0.13496373,5.4899179e-11,0.010076471,45715.399,1.033116,15,False,-1.0541135,-1.0528252,-1.0528254,1.1832614e-07,0.001288258,11.513523,11.878439,11.511137,0.17973246,3.2905715e-05,0.0023651365,5.0762407e-06,0.09545161,8.8162671e-05,0.0046079736,9.8042452e-07,0.0030829625,0.29031034,23.365689,-0.041859838,0.073355089,0.79225736,0.23287629,8.1594731e-07,0.0021039564,2.9764609,0.049607682,8.9293828,0.0030828976,0.79225158,1.6951177e-07,0,-49.772323,0,-3.4304979,-2.8616054,-2.5668048,0.042615105,False,HL=3.0<15,7.68,False,,
BDL,INOXWIND,0.389372,367,44250,118,2025-12-02 09:15:00+05:30,2026-05-26 15:29:00+05:30,1e-12,1e-12,1e-06,1e-06,9.45e-08,9.45e-08,0.0036991753,0.060820846,2.7033052e-10,2.7033052e-10,57507.777,1.299611,15,False,0.037282332,0.011261264,0.014515441,0.0042691254,0.026021068,7.1510219,7.1485611,7.1493505,0.0010068508,1.4569766e-08,4.3293448e-08,5.2805607e-05,2.2045421e-06,-0.022474309,0.061602148,-0.0011127635,0.060809685,-0.28296183,-0.37481549,-0.19501156,0.13618561,0.99978748,0.0002382504,-0.010391623,0.0012537383,2909.3222,48.488703,8727.9665,0.057434795,0.99976178,-2.4755136e-06,0.0075350796,-2.3437338,0.1582505,-3.4304978,-2.8616053,-2.5668048,0.50990377,False,ADF_p=0.1583; HL=2909>1440,6.71,False,,
LTM,OFSS,0.38932,368,44250,118,2025-12-02 09:15:00+05:30,2026-05-26 15:29:00+05:30,1.6010881e-07,1e-12,0.00040013599,1e-06,0.015130283,9.45e-08,8.3228272e-07,0.0009122953,0.19237311,1.2015148e-06,203595.36,4.601025,15,False,-0.12210816,-0.16631667,-0.14488579,0.018708263,0.044208514,9.8197182,9.819712,9.819714,1.9197919e-06,9.8153496e-09,4.4249965e-08,0.10530924,1.3834032e-07,-9.4250792e-06,0.001230843,-4.7809835e-09,9.6466097e-05,0.23963691,253.18664,-0.0039743573,0.0036178305,-0.46441412,20.723266,-5.2854038e-09,0.0005500036,0.033447777,0.00055746295,0.10034333,8.543217e-05,-0.46440999,-5.2854038e-09,0,-77.803062,0,-3.4304979,-2.8616054,-2.5668048,-0.00047995594,False,HL=0.0<15,6.78,False,,
IREDA,SJVN,0.389156,369,44250,118,2025-12-02 09:15:00+05:30,2026-05-26 15:29:00+05:30,1e-12,1e-12,1e-06,1e-06,9.45e-08,9.45e-08,0.0008109821,0.028477747,1.2330728e-09,1.2330728e-09,82077.857,1.854867,15,False,0.46523034,0.44850836,0.45011019,0.0065125956,0.016721978,2.9228373,2.9197291,2.9202231,0.0016104896,8.3588333e-09,4.2651346e-08,7.8536411e-05,6.3230004e-06,-0.0092481315,0.034457653,-0.0002237602,0.028484014,-0.42635994,-0.30085267,-0.075203691,0.092096463,0.99938528,0.00062383068,-0.00073873008,0.00099890624,1111.1143,18.518571,3333.3428,0.028279802,0.99937636,-4.6069878e-07,9.1443754e-05,-3.435946,0.0097928316,-3.4304978,-2.8616053,-2.5668048,0.48554666,True,PASS,6.3,False,,
BANKBARODA,JIOFIN,0.38913,370,44250,118,2025-12-02 09:15:00+05:30,2026-05-26 15:29:00+05:30,3.0547391e-06,1e-12,0.0017477812,1e-06,0.28867285,9.45e-08,5.911515e-06,0.0024313607,0.51674386,1.6916137e-07,161302.55,3.645255,15,False,1.928569,1.9932217,1.9766087,0.028015132,0.064652714,-5.3307572,-5.3307547,-5.3307556,7.5652094e-07,1.8674111e-07,4.424999e-08,0.16990757,2.4706582e-08,8.610786e-06,0.0016250105,1.3620007e-08,0.00012362989,0.18417758,32.202217,-0.0024288935,0.002693632,-0.45466938,20.723266,2.2969718e-08,0.00070888242,0.033447777,0.00055746295,0.10034333,0.00011011085,-0.45466112,2.2969718e-08,0,-78.746253,0,-3.4304979,-2.8616054,-2.5668048,-0.00087199952,False,HL=0.0<15,7.24,False,,
ABCAPITAL,CANBK,0.389001,371,44250,118,2025-12-02 09:15:00+05:30,2026-05-26 15:29:00+05:30,6.8450499e-08,1e-12,0.00026163046,1e-06,0.0064685722,9.45e-08,2.4972344e-07,0.00049972336,0.27410523,4.0044299e-06,234625.11,5.302262,15,False,0.20036784,0.21016632,0.19526981,0.0095240505,0.0097984788,4.8673632,4.867304,4.8673237,1.8901421e-05,1.1040717e-08,4.4249132e-08,0.17811354,1.4664731e-06,1.2385225e-06,0.0011379057,-1.2390614e-08,0.00016887972,-0.10424322,106.83734,-0.0060375295,0.0051862854,-0.38283963,20.723266,-1.4917969e-08,0.0010044077,0.033447777,0.00055746295,0.10034333,0.00015601485,-0.38283847,-1.4917969e-08,0,-76.767784,0,-3.4304979,-2.8616054,-2.5668048,-0.0020504491,False,HL=0.0<15,7.38,False,,
BDL,IRFC,0.388787,372,44250,118,2025-12-02 09:15:00+05:30,2026-05-26 15:29:00+05:30,1.7188243e-06,1e-12,0.0013110394,1e-06,0.1624289,9.45e-08,3.5381701e-06,0.0018810024,0.48579472,2.8263198e-07,179312.02,4.052249,15,False,1.9130671,1.9491332,1.9192684,0.028703503,0.036066011,-1.7683859,-1.768378,-1.7683806,2.396989e-06,1.5574095e-07,4.4249963e-08,0.19663036,7.0980572e-08,3.9256728e-06,0.0018653249,2.8567201e-08,0.00019860228,-0.22010696,88.457277,-0.0055548666,0.0054671945,-0.42565104,20.723266,3.4207657e-08,0.0011569551,0.033447777,0.00055746295,0.10034333,0.00017971008,-0.42564012,3.4207657e-08,0,-78.096877,0,-3.4304979,-2.8616054,-2.5668048,-0.0013023706,False,HL=0.0<15,7.58,False,,
GRSE,RVNL,0.388775,373,44250,118,2025-12-02 09:15:00+05:30,2026-05-26 15:29:00+05:30,1.0805515e-05,1e-12,0.0032871743,1e-06,1.0211211,9.45e-08,2.2662783e-05,0.0047605444,0.47679557,4.4125207e-08,131660.21,2.975372,15,False,3.5137345,3.6422048,3.5330011,0.057962597,0.12847031,-12.369349,-12.369347,-12.369347,6.6272452e-07,6.9033099e-07,4.4249996e-08,0.16496486,7.8702341e-09,1.7006529e-05,0.0041173571,6.0865111e-08,0.00031701548,0.34507461,81.198159,-0.0063455067,0.010181151,-0.43951845,20.723266,7.8100507e-08,0.0018331802,0.033447777,0.00055746295,0.10034333,0.00028474825,-0.4395076,7.8100507e-08,0,-78.02901,0,-3.4304979,-2.8616054,-2.5668048,-0.0010228549,False,HL=0.0<15,6.98,False,,
INDIANB,MAHABANK,0.388551,374,44250,118,2025-12-02 09:15:00+05:30,2026-05-26 15:29:00+05:30,1e-12,1e-12,1e-06,1e-06,9.45e-08,9.45e-08,7.77346e-05,0.0088167227,1.2864284e-08,1.2864284e-08,-78674.121,-1.777946,15,False,0.23213214,0.20626108,0.22362886,0.010349904,0.025871063,5.8228423,5.8201274,5.8241544,0.0022926738,4.063077e-09,4.2242849e-08,0.00015309352,2.3592949e-05,-0.0033873216,0.029292335,-9.5113376e-05,0.022734121,0.32426025,-0.024546105,-0.070890218,0.093805316,0.9989164,0.0012608919,-0.0016500693,0.00105855,549.72767,9.1621279,1649.183,0.021079362,0.9987399,-2.0792479e-06,6.1612306e-09,-5.7199197,6.9797148e-07,-3.4304979,-2.8616054,-2.5668048,0.50408167,True,PASS,7.33,False,,
BANKINDIA,J&KBANK,0.388317,375,44250,118,2025-12-02 09:15:00+05:30,2026-05-26 15:29:00+05:30,1e-12,6.8434737e-06,1e-06,0.0026160034,9.45e-08,0.64670826,0.00094465065,0.03073517,1.0585924e-09,0.0072444492,111333.6,2.516014,15,False,1.1405499,1.1401039,1.140107,2.615953e-06,0.00044607314,-0.34633879,-0.65857907,-0.38068754,0.16027982,3.8085211e-06,0.00017010311,2.4106564e-05,0.081537644,-8.8115431e-05,0.0031445782,1.2760314e-06,0.0021561335,-0.39516762,11.810251,-0.032771147,0.023433091,0.78670325,0.24001501,7.7396169e-07,0.0014933882,2.8879326,0.048132211,8.6637979,0.0021554527,0.78661605,1.65151e-07,0,-46.750725,0,-3.4304979,-2.8616054,-2.5668048,0.060645871,False,HL=2.9<15,7.4,False,,
ABCAPITAL,BANKINDIA,0.38828,376,44250,118,2025-12-02 09:15:00+05:30,2026-05-26 15:29:00+05:30,5.6727793e-08,1e-12,0.00023817597,1e-06,0.0053607764,9.45e-08,2.2808915e-07,0.0004775868,0.24870886,4.3842505e-06,237220.8,5.360922,15,False,0.31962299,0.32465299,0.31072618,0.011049511,0.0050299982,4.2795605,4.2795129,4.2795286,1.5367751e-05,9.8434126e-09,4.424894e-08,0.17494513,1.8021994e-06,5.8499424e-07,0.0010868697,-8.915655e-09,0.00017152166,-0.13105978,82.212155,-0.0057803357,0.0050462951,-0.38902749,20.723266,-1.4747284e-08,0.0010172609,0.033447777,0.00055746295,0.10034333,0.00015801134,-0.38902581,-1.4747284e-08,0,-76.851753,0,-3.4304979,-2.8616054,-2.5668048,-0.0019526223,False,HL=0.0<15,7.84,False,,
IREDA,LTF,0.387828,377,44250,118,2025-12-02 09:15:00+05:30,2026-05-26 15:29:00+05:30,1e-12,2.917134e-07,1e-06,0.00054010499,9.45e-08,0.027566916,9.9747251e-06,0.0031582788,1.0025339e-07,0.029245257,203905.92,4.608043,15,False,0.7630043,0.76328762,0.76332012,3.0409181e-05,0.00028331632,0.57553691,0.5565569,0.53901369,0.036753554,1.0062303e-07,4.7708073e-06,2.1617683e-05,0.15697532,-3.1549847e-06,0.0018544006,1.9504583e-07,0.0012212678,0.28209411,15.414325,-0.017043757,0.021616665,0.66332668,0.41065648,-1.4032829e-07,0.0011064677,1.6879003,0.028131671,5.0637008,0.0012209121,0.66321472,-4.7260501e-08,0,-56.496703,0,-3.4304979,-2.8616054,-2.5668048,0.0082790828,False,HL=1.7<15,7.47,False,,
BEL,NBCC,0.387769,378,44250,118,2025-12-02 09:15:00+05:30,2026-05-26 15:29:00+05:30,1e-12,1.7995279e-05,1e-06,0.0042420843,9.45e-08,1.7005539,0.0021747529,0.046634246,4.5982235e-10,0.0082746316,92923.069,2.099956,15,False,0.70308684,0.70324255,0.70324293,3.0720508e-07,0.00015571382,2.6829146,2.8337828,2.8308272,0.113166,8.8723715e-06,0.00037351725,2.2015975e-05,0.086892989,3.8984373e-05,0.002211328,4.7361797e-07,0.0015105227,-0.8648257,27.627688,-0.030314146,0.020486728,0.7938627,0.23084628,2.2203829e-07,0.0010263693,3.0026352,0.050043921,9.0079057,0.0015105226,0.79386149,4.5770643e-08,0,-47.509807,0,-3.4304979,-2.8616054,-2.5668048,0.052043082,False,HL=3.0<15,7.13,False,,
CDSL,GODREJPROP,0.38749,379,44250,118,2025-12-02 09:15:00+05:30,2026-05-26 15:29:00+05:30,1e-12,1e-12,1e-06,1e-06,9.45e-08,9.45e-08,0.00048219679,0.02195898,2.0738421e-09,2.0738421e-09,92420.085,2.088589,15,False,0.3413045,0.31433319,0.32433105,0.006828903,0.026971319,4.7638156,4.760687,4.7620807,0.00096663912,3.6435945e-09,4.3568137e-08,6.7498167e-05,5.5024236e-06,-0.012281515,0.025126693,-7.4129174e-05,0.021958231,0.23112995,0.85668301,-0.078019307,0.078375808,0.99897474,0.0010620165,-0.00078539649,0.00099457314,652.67083,10.877847,1958.0125,0.021580231,0.99893855,-8.3366126e-07,4.0807168e-07,-4.476916,0.00021641342,-3.4304979,-2.8616054,-2.5668048,0.47526236,True,PASS,7.32,False,,
UNIONBANK,YESBANK,0.38728,380,44250,118,2025-12-02 09:15:00+05:30,2026-05-26 15:29:00+05:30,3.2500357e-07,1e-12,0.00057009084,1e-06,0.030712837,9.45e-08,4.0283757e-07,0.00063469486,0.80678566,2.4823901e-06,229155.55,5.178656,15,False,0.53954794,0.55850379,0.58192282,0.034542301,0.018955857,3.3773565,3.3773449,3.3773483,4.0184951e-06,4.1519796e-08,4.4249054e-08,0.29403857,1.2647119e-06,1.5618641e-06,0.0010490761,-3.7056142e-09,0.0001504318,0.36893727,67.377904,-0.0034328639,0.0034951782,-0.42353673,20.723266,-3.5845604e-09,0.00087731876,0.033447777,0.00055746295,0.10034333,0.0001362741,-0.42353539,-3.5845604e-09,0,-77.40241,0,-3.4304979,-2.8616054,-2.5668048,-0.0015531549,False,HL=0.0<15,7.25,False,,
NHPC,TATAPOWER,0.387267,381,44250,118,2025-12-02 09:15:00+05:30,2026-05-26 15:29:00+05:30,1e-12,1e-12,1e-06,1e-06,9.45e-08,9.45e-08,0.00015314296,0.012375094,6.5298465e-09,6.5298465e-09,112515.73,2.542728,15,False,0.62964607,0.62644587,0.63124159,0.0050644759,0.0032001997,0.59184209,0.59112858,0.59193363,0.00085279129,3.1566207e-09,4.317144e-08,0.00010724989,1.2370632e-05,-0.0010201039,0.01685125,5.7273605e-06,0.012373432,0.29257829,0.24424505,-0.035639892,0.052357494,0.99771972,0.0022677825,-0.00010698382,0.00083608056,305.64976,5.0941627,916.94929,0.012414591,0.99773479,-2.4234113e-07,8.4686202e-13,-6.0486043,1.293755e-07,-3.4304978,-2.8616053,-2.5668048,0.45266264,True,PASS,6.13,False,,
POWERGRID,TATAPOWER,0.387007,382,44250,118,2025-12-02 09:15:00+05:30,2026-05-26 15:29:00+05:30,1e-12,3.7463742e-05,1e-06,0.0061207632,9.45e-08,3.5403236,0.0024583348,0.049581597,4.0677942e-10,0.015239479,89496.199,2.022513,15,False,-0.55260998,-0.55170008,-0.55170057,4.4684785e-07,0.00090990327,8.8852908,9.0125064,8.9490102,0.10234862,6.4313351e-06,0.00052013903,8.5205277e-06,0.11603928,2.5507194e-05,0.0023494181,-1.0971713e-07,0.0015749664,-0.088780559,15.603708,-0.019841653,0.021084105,0.75964303,0.27490767,-1.3906913e-07,0.001167838,2.5213818,0.042023029,7.5641453,0.0015749768,0.75964226,-3.3426343e-08,0,-54.066743,0,-3.4304979,-2.8616054,-2.5668048,0.025561151,False,HL=2.5<15,6.55,False,,
IREDA,LICHSGFIN,0.38689,383,44250,118,2025-12-02 09:15:00+05:30,2026-05-26 15:29:00+05:30,6.07252e-08,1e-12,0.00024642484,1e-06,0.0057385314,9.45e-08,2.731935e-07,0.00052267916,0.22227908,3.6604092e-06,229823.13,5.193743,15,False,-0.12148531,-0.13492194,-0.13678035,0.011414506,0.013436623,5.7148824,5.7148387,5.7148531,1.3633245e-05,7.3591708e-09,4.4249696e-08,0.14448985,8.3882232e-07,-2.1006206e-06,0.0012308879,-1.0568537e-08,0.00014847132,0.61968311,139.02633,-0.0043780004,0.005358201,-0.39376092,20.723266,-1.9055501e-08,0.00087861653,0.033447777,0.00055746295,0.10034333,0.00013647568,-0.39375339,-1.9055501e-08,0,-78.317576,0,-3.4304979,-2.8616054,-2.5668048,-0.0018517407,False,HL=0.0<15,7.44,False,,
PFC,TATAPOWER,0.38686,384,44250,118,2025-12-02 09:15:00+05:30,2026-05-26 15:29:00+05:30,2.3726144e-06,5.7932751e-05,0.0015403293,0.0076113567,0.22421206,5.4746449,0.00086192829,0.029358615,0.0027526819,0.067212959,106501.82,2.406821,15,False,0.71004733,0.63667023,0.67728053,0.021025055,0.073377107,1.6564316,2.2256488,1.9532011,0.18066034,0.024828093,0.90646737,0.033976966,0.14586557,8.3209987e-06,0.0012231546,-4.4410872e-09,0.00070374952,0.27025652,34.405182,-0.013694558,0.015520668,0.3380916,1.0844467,-2.9091208e-08,0.0010364242,0.63917129,0.010652855,1.9175139,0.00070375005,0.33808881,-1.9255796e-08,0,-66.769741,0,-3.4304979,-2.8616054,-2.5668048,-0.0091585811,False,HL=0.6<15,7.06,False,,
TATAELXSI,TATATECH,0.386836,385,44250,118,2025-12-02 09:15:00+05:30,2026-05-26 15:29:00+05:30,1e-12,1e-12,1e-06,1e-06,9.45e-08,9.45e-08,0.001001691,0.031649502,9.9831185e-10,9.9831185e-10,70095.617,1.584082,15,False,0.82618748,0.80727055,0.82687104,0.0092966728,0.018916931,3.1584824,3.1548173,3.1578065,0.0014108074,5.7569441e-09,4.3433853e-08,5.8960046e-05,4.1136452e-06,-0.015471724,0.040790456,4.8184557e-05,0.031636119,-0.1356926,-0.35202975,-0.08945254,0.077871842,0.99949999,0.00045538392,-0.0015855671,0.001000525,1522.1161,25.368601,4566.3482,0.033153098,0.99954472,-7.2187737e-07,0.0012289001,-2.3540815,0.15511799,-3.4304979,-2.8616053,-2.5668048,0.49116329,False,ADF_p=0.1551; HL=1522>1440,7.01,False,,
ADANIGREEN,ATGL,0.38672,386,44250,118,2025-12-02 09:15:00+05:30,2026-05-26 15:29:00+05:30,1e-12,1e-12,1e-06,1e-06,9.45e-08,9.45e-08,0.00028411145,0.016855606,3.5197455e-09,3.5197455e-09,-557400.56,-12.596623,15,False,2.5050585,2.5243126,2.527763,0.0088188082,0.019254033,-9.0988806,-9.0946065,-9.0948953,0.0018446172,3.5445467e-09,4.3331636e-08,8.4395717e-05,8.3331208e-06,0.0066650499,0.094416853,0.00056225537,0.086165497,-1.6427786,8.2074867,-0.5750215,0.25401701,0.99909781,0.00084589767,-0.0034117107,0.0036608816,819.42202,13.657034,2458.2661,0.089004461,0.99915446,-2.8847378e-06,1.4110752e-05,-4.3387425,0.00038037556,-3.4304979,-2.8616053,-2.5668048,0.49269633,True,PASS,6.8,False,,
ADANIGREEN,AMBUJACEM,0.386669,387,44250,118,2025-12-02 09:15:00+05:30,2026-05-26 15:29:00+05:30,2.5353556e-09,1.9627868e-05,5.0352315e-05,0.004430335,0.00023959111,1.8548336,0.0081128558,0.090071393,3.1251087e-07,0.0024193538,64728.771,1.462797,15,False,1.0232567,1.0236616,1.0236024,0.00016988934,0.00040489149,0.4879418,1.0315606,0.58554353,0.20943899,0.00012021505,0.0048699704,5.0309574e-05,0.047846663,0.000254668,0.0035651051,6.2364711e-07,0.0025013873,0.12570948,8.3090007,-0.024699503,0.032282399,0.87248768,0.1363957,7.5837313e-07,0.0013065115,5.0818843,0.084698071,15.245653,0.002501485,0.87249731,9.6694611e-08,0,-39.693972,0,-3.4304979,-2.8616054,-2.5668048,0.12813234,False,HL=5.1<15,6.88,False,,
PFC,RVNL,0.386647,388,44250,118,2025-12-02 09:15:00+05:30,2026-05-26 15:29:00+05:30,5.622316e-06,0.00012646032,0.0023711423,0.011245458,0.53130886,11.950501,0.0034929039,0.059100795,0.0016096394,0.036204924,77918.906,1.760879,15,False,0.76785834,0.59434223,0.63147602,0.042180899,0.17351612,1.4637222,2.7684345,2.3796865,0.35678227,0.054563491,1.686414,0.027315006,0.11477984,2.638322e-05,0.001395671,-6.0255026e-08,0.00084634007,-0.22884314,35.431013,-0.020028171,0.020008622,0.46371809,0.76846971,-5.0541e-08,0.0010492423,0.90198374,0.015033062,2.7059512,0.00084634499,0.46372216,-2.7104019e-08,0,-63.246202,0,-3.4304979,-2.8616054,-2.5668048,-0.0070133145,False,HL=0.9<15,7.1,False,,
HDFCBANK,RELIANCE,0.386157,389,44250,118,2025-12-02 09:15:00+05:30,2026-05-26 15:29:00+05:30,3.4448445e-08,1e-12,0.00018560292,1e-06,0.0032553781,9.45e-08,1.7792173e-07,0.00042180769,0.19361573,5.620449e-06,240489.72,5.434796,15,False,-0.018932111,-0.052459547,-0.036647347,0.013983869,0.033527437,7.0380182,7.0379955,7.0380032,7.0403461e-06,3.985026e-09,4.4249826e-08,0.12632503,8.5393284e-07,-5.9899261e-06,0.00085237655,-3.4282586e-09,9.5426405e-05,0.42874226,382.60774,-0.0041974903,0.0039037809,-0.44974748,20.723266,-4.9884056e-09,0.00054871238,0.033447777,0.00055746295,0.10034333,8.5231605e-05,-0.44974754,-4.9884056e-09,0,-80.022371,0,-3.4304979,-2.8616054,-2.5668048,-0.00090469491,False,HL=0.0<15,7.58,False,,
NATIONALUM,SAIL,0.386065,390,44250,118,2025-12-02 09:15:00+05:30,2026-05-26 15:29:00+05:30,4.9939203e-07,1e-12,0.00070667675,1e-06,0.047192547,9.45e-08,9.383365e-07,0.00096867771,0.53220996,1.0657158e-06,203058.31,4.588888,15,False,0.26906225,0.33274651,0.32126506,0.022316266,0.063684255,4.2657983,4.2657968,4.2657971,4.4665389e-07,3.2813523e-08,4.4249869e-08,0.18513539,2.447785e-07,7.6060681e-06,0.0013216401,-2.2954999e-09,0.00011747427,-1.9443716,340.9328,-0.0060913001,0.0050436019,-0.47831609,20.723266,3.0857183e-11,0.00066413834,0.033447777,0.00055746295,0.10034333,0.00010316074,-0.478307,3.0857183e-11,0,-78.086553,0,-3.4304979,-2.8616054,-2.5668048,-0.00022430301,False,HL=0.0<15,7.12,False,,
CANBK,RBLBANK,0.3859,391,44250,118,2025-12-02 09:15:00+05:30,2026-05-26 15:29:00+05:30,1e-12,1e-12,1e-06,1e-06,9.45e-08,9.45e-08,0.0010357678,0.032183346,9.6546737e-10,9.6546737e-10,77284.569,1.746544,15,False,0.33196599,0.30386491,0.31913973,0.0086120732,0.028101077,3.1342679,3.1302334,3.1328794,0.001496866,6.5857832e-09,4.3292337e-08,6.3444922e-05,4.3659761e-06,-0.017139764,0.03609589,-5.7050725e-06,0.032181816,-0.076877099,0.025711695,-0.102682,0.089462274,0.99949953,0.00050305214,-0.0014190643,0.0010182915,1377.8834,22.964723,4133.6501,0.03210337,0.99949707,-7.1368382e-07,0.00041288283,-3.2343396,0.018081049,-3.4304978,-2.8616053,-2.5668048,0.49915422,True,PASS,6.85,False,,
BHEL,MAZDOCK,0.385655,392,44250,118,2025-12-02 09:15:00+05:30,2026-05-26 15:29:00+05:30,1.7703801e-06,1e-12,0.0013305563,1e-06,0.16730092,9.45e-08,6.1304702e-06,0.0024759786,0.28878374,1.6311962e-07,158741.47,3.587378,15,False,1.2083753,1.2671721,1.2209838,0.016457848,0.058796855,-3.8613205,-3.8613192,-3.8613197,3.9185939e-07,9.6095348e-08,4.4249993e-08,0.12159716,2.0516878e-08,1.0946745e-05,0.0014470628,7.4852678e-09,0.00010213487,-0.080876314,30.14816,-0.0019901138,0.0020233502,-0.47226541,20.723266,1.3669654e-08,0.00057959116,0.033447777,0.00055746295,0.10034333,9.002801e-05,-0.47226876,1.3669654e-08,0,-79.021188,0,-3.4304979,-2.8616054,-2.5668048,-0.000407493,False,HL=0.0<15,6.85,False,,
BANKINDIA,PFC,0.385477,393,44250,118,2025-12-02 09:15:00+05:30,2026-05-26 15:29:00+05:30,1e-12,1e-12,1e-06,1e-06,9.45e-08,9.45e-08,0.0014005364,0.037423741,7.1401217e-10,7.1401217e-10,65356.626,1.476986,15,False,0.47041887,0.45122263,0.46578292,0.0085299882,0.019196237,2.2234784,2.2206498,2.2230183,0.001388361,7.0720153e-09,4.3420771e-08,5.7398097e-05,3.4795791e-06,-0.013846304,0.047956508,5.4754389e-05,0.037453703,0.92816377,0.11357103,-0.069864235,0.10719834,0.99960074,0.00039719798,0.00067368563,0.0010584882,1745.0924,29.084873,5235.2772,0.037554979,0.99960288,2.6753344e-07,0.0015571454,-2.8919001,0.046298044,-3.4304978,-2.8616053,-2.5668048,0.50507605,False,HL=1745>1440,7.02,False,,
ADANIGREEN,JSWENERGY,0.38541,394,44250,118,2025-12-02 09:15:00+05:30,2026-05-26 15:29:00+05:30,5.3630723e-06,0.00011053808,0.0023158308,0.010513709,0.50681033,10.445848,0.0019035221,0.043629372,0.0028174468,0.058070289,88934.264,2.009814,15,False,0.71537038,0.63293072,0.64706145,0.025714079,0.082439657,2.510431,3.2648415,2.9064873,0.1900743,0.039245304,1.5860722,0.036016968,0.12959633,1.5714193e-05,0.0016167526,4.1158704e-08,0.00093737005,0.95815248,80.455214,-0.024078135,0.03212698,0.31796653,1.1458078,4.8029331e-08,0.0014190125,0.6049419,0.010082365,1.8148257,0.00093737922,0.31796694,3.2757592e-08,0,-66.943806,0,-3.4304979,-2.8616054,-2.5668048,-0.0096703622,False,HL=0.6<15,7.42,False,,
CANBK,LTF,0.38532,395,44250,118,2025-12-02 09:15:00+05:30,2026-05-26 15:29:00+05:30,1e-12,1e-12,1e-06,1e-06,9.45e-08,9.45e-08,0.00056112876,0.023688156,1.7821222e-09,1.7821222e-09,91973.295,2.078493,15,False,0.43234217,0.4134667,0.42612937,0.0062965653,0.01887547,2.554871,2.552062,2.5543624,0.0011544103,5.3677181e-09,4.3144769e-08,7.3420019e-05,6.4298165e-06,-0.0080790762,0.027769712,-6.5271844e-05,0.023686613,0.35856506,-0.058051845,-0.060194521,0.078206931,0.99917191,0.00083286828,-0.00031049287,0.00096416475,832.24106,13.870684,2496.7232,0.023623709,0.99916748,-2.58492e-07,8.4043038e-06,-3.9703143,0.001574185,-3.4304979,-2.8616054,-2.5668048,0.48501407,True,PASS,8.06,False,,
HUDCO,PFC,0.385319,396,44250,118,2025-12-02 09:15:00+05:30,2026-05-26 15:29:00+05:30,1e-12,1e-12,1e-06,1e-06,9.45e-08,9.45e-08,0.0055486551,0.074489295,1.8022385e-10,1.8022385e-10,44874.396,1.014111,15,False,0.30042678,0.26468674,0.2672646,0.0058618322,0.035740046,3.6989128,3.6967393,3.6971922,0.00098836674,1.2984643e-08,4.3706903e-08,4.3565871e-05,1.3637429e-06,-0.037815096,0.077061175,0.00023851197,0.074504293,-0.26760682,-0.91203893,-0.17591963,0.14349078,0.99988913,0.0001511461,-0.017115536,0.001109459,4585.9416,76.43236,13757.825,0.063811329,0.99984887,-2.586751e-06,0.016380178,-2.1247595,0.23467591,-3.4304978,-2.8616053,-2.5668048,0.50516694,False,ADF_p=0.2347; HL=4586>1440,6.75,False,,
CDSL,KFINTECH,0.384946,397,44250,118,2025-12-02 09:15:00+05:30,2026-05-26 15:29:00+05:30,1e-12,1e-12,1e-06,1e-06,9.45e-08,9.45e-08,0.00050131703,0.02239011,1.9947457e-09,1.9947457e-09,92659.573,2.094002,15,False,0.55369857,0.53500633,0.53641303,0.0054600901,0.01869224,3.5018066,3.4997363,3.4999698,0.00082187978,4.1746183e-09,4.3431016e-08,6.9691945e-05,5.8945577e-06,-0.0083512652,0.026804815,-5.7419338e-05,0.022391165,-0.44766776,1.2197222,-0.1034228,0.062203515,0.99902345,0.0010050989,-0.00055480631,0.00098978353,689.63083,11.493847,2068.8925,0.022076023,0.99899541,-5.5735506e-07,8.667985e-07,-4.1016918,0.0009623071,-3.4304978,-2.8616053,-2.5668048,0.46659422,True,PASS,7.68,False,,
ADANIPORTS,GMRAIRPORT,0.38494,398,44250,118,2025-12-02 09:15:00+05:30,2026-05-26 15:29:00+05:30,2.9816712e-07,1e-12,0.00054604681,1e-06,0.028176793,9.45e-08,4.9831233e-07,0.00070591241,0.59835388,2.0067735e-06,218353.94,4.934552,15,False,0.23688325,0.28102327,0.2411759,0.016969645,0.044140021,6.2165521,6.2165384,6.2165429,4.3773083e-06,2.4319109e-08,4.424972e-08,0.20339157,4.6602557e-07,4.9077707e-06,0.00097541819,-5.620898e-09,9.0553564e-05,-0.14231782,247.3773,-0.0038809489,0.0035636798,-0.42929568,20.723266,-3.3455494e-09,0.00052648969,0.033447777,0.00055746295,0.10034333,8.1779749e-05,-0.42926619,-3.3455494e-09,0,-76.974659,0,-3.4304979,-2.8616054,-2.5668048,-0.0012004019,False,HL=0.0<15,7.04,False,,
BANKINDIA,LTF,0.384764,399,44250,118,2025-12-02 09:15:00+05:30,2026-05-26 15:29:00+05:30,4.5470775e-07,1e-12,0.00067432022,1e-06,0.042969883,9.45e-08,1.0395568e-06,0.0010195866,0.43740539,9.6194839e-07,200396.86,4.528743,15,False,1.1555456,1.1702598,1.173977,0.01690078,0.014714111,-1.6275576,-1.6275452,-1.6275492,3.7535422e-06,3.1955667e-08,4.4249898e-08,0.16568406,1.904564e-07,2.0134885e-06,0.0013651608,1.2691934e-08,0.0001188791,0.075544333,76.395826,-0.0031486796,0.0036789109,-0.47327193,20.723266,2.7430416e-08,0.00067415836,0.033447777,0.00055746295,0.10034333,0.00010471715,-0.47326122,2.7430416e-08,0,-79.587538,0,-3.4304979,-2.8616054,-2.5668048,-0.00045661011,False,HL=0.0<15,7.07,False,,
BEML,DATAPATTNS,0.384667,400,44250,118,2025-12-02 09:15:00+05:30,2026-05-26 15:29:00+05:30,1e-12,1e-12,1e-06,1e-06,9.45e-08,9.45e-08,0.0015095508,0.038852938,6.6244872e-10,6.6244872e-10,63034.453,1.424507,15,False,0.3531781,0.34115494,0.34520166,0.0077997326,0.012023159,4.6801546,4.6786361,4.6791757,0.00098308478,5.2252666e-09,4.3755125e-08,4.9124733e-05,2.6186219e-06,-0.0093912175,0.051405982,7.3004399e-05,0.038969538,-0.77349265,0.18334342,-0.14013329,0.10374863,0.99945691,0.00054328254,3.7744258e-05,0.0012845207,1275.8503,21.264171,3827.5509,0.038968458,0.99945687,2.0500227e-08,0.00026337833,-3.1296621,0.024434522,-3.4304978,-2.8616053,-2.5668048,0.49282021,True,PASS,6.81,False,,
JSWSTEEL,VEDL,0.384625,401,44205,117.9,2025-12-02 09:15:00+05:30,2026-05-26 15:29:00+05:30,1e-12,1e-12,1e-06,1e-06,9.45e-08,9.45e-08,1.5437582e-05,0.0039290689,6.4776983e-08,6.4776983e-08,-297524.98,-6.730573,15,False,-0.29423693,-0.2509473,-0.27613555,0.014400176,0.043289632,8.6186118,8.6227897,8.6195909,0.001729085,1.9106815e-09,4.2946077e-08,0.00027865302,4.2087764e-05,0.0038701533,0.018329334,-5.9271773e-05,0.014073831,-0.21368324,-0.27490424,-0.046213776,0.048905632,0.99674627,0.0032590858,-5.9813198e-05,0.0011362527,212.68148,3.5446913,638.04444,0.014073822,0.99674622,-1.9461903e-07,1.0921112e-17,-8.7753733,2.4570579e-14,-3.430498,-2.8616054,-2.5668048,0.48898266,True,PASS,7.35,False,,
KAYNES,NBCC,0.384439,402,44250,118,2025-12-02 09:15:00+05:30,2026-05-26 15:29:00+05:30,1e-12,1e-12,1e-06,1e-06,9.45e-08,9.45e-08,0.0087484459,0.093533127,1.1430602e-10,1.1430602e-10,41206.263,0.931215,12,True,0.10654424,0.034687684,0.036755369,0.0016483703,0.071856552,8.0888417,8.0874837,8.087952,0.00037446243,2.2173868e-08,4.3665975e-08,5.1103857e-05,1.0954017e-06,-0.043305192,0.084908824,-0.00077954694,0.093528148,0.3965359,1.075927,-0.23959175,0.32005617,0.99983572,0.00025598806,-0.040140184,0.0016952911,2707.7325,45.128875,8123.1976,0.074923739,0.99974404,-1.0274093e-05,0.0014865975,-3.0458016,0.030832886,-3.4304979,-2.8616053,-2.5668048,0.52717584,False,HL=2708>1440,7.4,False,,
NBCC,PNB,0.384352,403,44250,118,2025-12-02 09:15:00+05:30,2026-05-26 15:29:00+05:30,1e-12,1e-12,1e-06,1e-06,9.45e-08,9.45e-08,0.0058639719,0.076576575,1.7053288e-10,1.7053288e-10,44877.502,1.014181,15,False,0.40845053,0.37579406,0.38032035,0.006031886,0.032656464,2.7736778,2.7705466,2.7714964,0.0012712678,1.751348e-08,4.353001e-08,5.4587814e-05,1.4964203e-06,-0.046176086,0.073005078,-0.00021534176,0.076586723,0.22056103,-0.52941525,-0.14877274,0.1967216,0.99991036,0.00010432584,-0.012283205,0.0010254914,6644.0602,110.73434,19932.181,0.070993905,0.99989568,-1.2813889e-06,0.050618097,-1.6159843,0.4748352,-3.4304978,-2.8616053,-2.5668048,0.5120158,False,ADF_p=0.4748; HL=6644>1440,6.69,False,,
JIOFIN,LTF,0.384307,404,44250,118,2025-12-02 09:15:00+05:30,2026-05-26 15:29:00+05:30,1e-12,1e-12,1e-06,1e-06,9.45e-08,9.45e-08,0.000711179,0.026667939,1.4061158e-09,1.4061158e-09,77512.798,1.751702,15,False,0.25268137,0.21485854,0.22742368,0.011599745,0.037822829,4.2747237,4.2688174,4.2710979,0.0021086687,5.8720341e-09,4.3176685e-08,6.9097737e-05,5.6057567e-06,-0.021658788,0.029787912,-0.00015812522,0.026666121,-0.60431496,-0.1218494,-0.096459108,0.062411035,0.99948567,0.00052373489,-0.0010702417,0.00085537116,1323.4695,22.057826,3970.4086,0.02642919,0.9994764,-5.6037618e-07,0.00029709636,-3.498795,0.0080180952,-3.4304978,-2.8616053,-2.5668048,0.49817959,True,PASS,6.67,False,,
LAURUSLABS,ZYDUSLIFE,0.384283,405,44250,118,2025-12-02 09:15:00+05:30,2026-05-26 15:29:00+05:30,1e-12,0.00012992244,1e-06,0.011398353,9.45e-08,12.277671,0.0010302963,0.032098229,9.7059457e-10,0.12610202,103617.77,2.341645,15,False,-0.95319081,-0.95195742,-0.95195803,5.1554783e-07,0.0012333992,13.456167,13.871337,13.470209,0.12267447,8.1286795e-06,0.00070294889,9.7904549e-06,0.2975862,3.1964657e-05,0.0022463266,-1.4600768e-07,0.0013107782,0.35789471,43.930042,-0.02883404,0.038143859,0.44562172,0.80831675,-6.4789888e-08,0.0016665429,0.85751926,0.014291988,2.5725578,0.0013107224,0.4456075,-3.5919028e-08,0,-66.067682,0,-3.4304979,-2.8616054,-2.5668048,-0.0085342177,False,HL=0.9<15,6.91,False,,
PNB,UCOBANK,0.384278,406,44250,118,2025-12-02 09:15:00+05:30,2026-05-26 15:29:00+05:30,1e-12,1.4233356e-06,1e-06,0.0011930363,9.45e-08,0.13450521,5.3491396e-05,0.0073137813,1.8694595e-08,0.026608682,172515.84,3.898663,15,False,1.0754431,1.0744737,1.0744791,5.1584808e-06,0.00096940945,1.1572752,1.1862097,1.2003826,0.033060064,8.4608531e-07,1.6900506e-05,3.4174981e-05,0.15033004,3.9242544e-06,0.0015412047,2.7622296e-07,0.00109946,-0.15750754,35.378359,-0.021056871,0.025515175,0.55111534,0.59581811,2.3248654e-07,0.0012001735,1.1633537,0.019389228,3.490061,0.0010994417,0.55111151,1.0436053e-07,0,-58.59989,0,-3.4304979,-2.8616054,-2.5668048,0.0048406967,False,HL=1.2<15,5.88,False,,
KPITTECH,TECHM,0.384074,407,44250,118,2025-12-02 09:15:00+05:30,2026-05-26 15:29:00+05:30,1e-12,1e-12,1e-06,1e-06,9.45e-08,9.45e-08,0.025129426,0.15852264,3.9793985e-11,3.9793985e-11,10097.793,0.228199,15,False,0.28010407,0.22367981,0.23366809,0.0081668099,0.056424266,5.0769784,5.0738745,5.0752543,0.0011302474,2.291499e-08,4.4043272e-08,2.905419e-05,3.829488e-07,-0.1512542,0.1097023,-0.0014419954,0.16100155,0.22140656,-1.4278555,-0.27769252,0.2710856,0.99997142,5.597071e-05,-0.1155638,0.001217302,12384.106,206.40176,37152.317,0.11505432,0.99994403,-6.4680069e-06,0.059717288,-1.5902515,0.48848865,-3.4304979,-2.8616054,-2.5668048,0.47746874,False,ADF_p=0.4885; HL=12384>1440,5.88,False,,
M&M,MOTHERSON,0.384061,408,44250,118,2025-12-02 09:15:00+05:30,2026-05-26 15:29:00+05:30,1.4726515e-07,1e-12,0.00038375142,1e-06,0.013916557,9.45e-08,3.2989252e-07,0.00057436271,0.44640343,3.0312903e-06,227148.22,5.133293,15,False,-0.13870622,-0.1713055,-0.15863665,0.015735916,0.032599288,8.8841483,8.8840886,8.8841087,1.8754858e-05,1.4429835e-08,4.4249379e-08,0.19145936,9.0272035e-07,-3.8024983e-06,0.0011293222,-1.6667792e-08,0.00012217283,-0.13366826,201.85399,-0.0038260996,0.0036917859,-0.41573639,20.723266,-2.5920626e-08,0.00071534617,0.033447777,0.00055746295,0.10034333,0.00011111486,-0.41573362,-2.5920626e-08,0,-78.993055,0,-3.4304979,-2.8616054,-2.5668048,-0.0013950297,False,HL=0.0<15,5.48,False,,
JIOFIN,TATASTEEL,0.384029,409,44250,118,2025-12-02 09:15:00+05:30,2026-05-26 15:29:00+05:30,1e-12,1e-12,1e-06,1e-06,9.45e-08,9.45e-08,0.0016699762,0.040865342,5.9881093e-10,5.9881093e-10,49570.39,1.120235,15,False,0.33866348,0.28224196,0.29902708,0.014758376,0.056421522,3.9877398,3.9798996,3.9830613,0.0027833325,8.7599789e-09,4.3279232e-08,5.5738508e-05,3.410035e-06,-0.047548191,0.040098282,0.00034254225,0.041121343,0.096859842,-0.95095702,-0.10045675,0.088579011,0.99978401,0.00024556101,-0.0062767423,0.0008547085,2822.7086,47.045144,8468.1259,0.038567663,0.99975447,-1.5411339e-06,0.0064763832,-2.564019,0.10066414,-3.4304978,-2.8616053,-2.5668048,0.49998813,False,ADF_p=0.1007; HL=2823>1440,5.5,False,,
PNB,RBLBANK,0.38391,410,44250,118,2025-12-02 09:15:00+05:30,2026-05-26 15:29:00+05:30,1e-12,1e-12,1e-06,1e-06,9.45e-08,9.45e-08,0.00099442406,0.03153449,1.0056072e-09,1.0056072e-09,67692.857,1.529782,15,False,0.79247553,0.75285439,0.77469108,0.011434165,0.039621134,0.31246849,0.30720457,0.31094991,0.0019579831,6.4783114e-09,4.3286018e-08,6.4028721e-05,4.4742364e-06,-0.023073802,0.038370172,8.0366562e-05,0.031553121,-0.052451463,-0.44712646,-0.079701209,0.099070371,0.99944825,0.00054827715,-0.003336143,0.0010483017,1264.2277,21.070462,3792.6832,0.031657106,0.99945187,-1.8286296e-06,0.00025920724,-3.1413267,0.02364219,-3.4304978,-2.8616053,-2.5668048,0.4818397,True,PASS,4.61,False,,
DLF,IRFC,0.38374,411,44250,118,2025-12-02 09:15:00+05:30,2026-05-26 15:29:00+05:30,1e-12,1e-12,1e-06,1e-06,9.45e-08,9.45e-08,0.0010403713,0.032254788,9.6119528e-10,9.6119528e-10,79125.491,1.788147,15,False,0.45958989,0.43142825,0.43654392,0.0070378088,0.028161642,4.38264,4.3783616,4.3795349,0.0015864634,8.5325602e-09,4.2847525e-08,6.3479024e-05,5.2034931e-06,-0.018789648,0.03405249,-0.00024532127,0.032253036,-0.56796708,-0.28896099,-0.1064837,0.070762324,0.99956362,0.00045209056,-0.0013829663,0.00095293815,1533.2043,25.553405,4599.6128,0.031691077,0.99954801,-6.2508471e-07,0.00064440103,-2.848826,0.051630678,-3.4304979,-2.8616053,-2.5668048,0.48529272,False,ADF_p=0.0516; HL=1533>1440,5.53,False,,
RECLTD,SUZLON,0.383737,412,44250,118,2025-12-02 09:15:00+05:30,2026-05-26 15:29:00+05:30,1e-12,1e-12,1e-06,1e-06,9.45e-08,9.45e-08,0.0011652499,0.034135757,8.5818501e-10,8.5818501e-10,82398.282,1.862108,15,False,0.2763346,0.27344093,0.27897635,0.0028388708,0.0028936678,4.7806652,4.779682,4.7811327,0.00074601966,1.0559173e-08,4.257389e-08,7.574713e-05,5.3336373e-06,2.0500016e-05,0.037277905,-3.0471852e-05,0.034134655,-0.055794058,-0.84742008,-0.084602152,0.078674264,0.99965282,0.00032284225,-0.0031676853,0.00089955179,2147.0151,35.783584,6441.0452,0.035401037,0.99967721,-1.0224976e-06,0.0049862939,-2.6058842,0.091787216,-3.4304978,-2.8616053,-2.5668048,0.51138751,False,ADF_p=0.0918; HL=2147>1440,5.24,False,,
CANBK,J&KBANK,0.383437,413,44250,118,2025-12-02 09:15:00+05:30,2026-05-26 15:29:00+05:30,1e-12,1e-12,1e-06,1e-06,9.45e-08,9.45e-08,0.0038071337,0.061701975,2.626648e-10,2.626648e-10,42691.736,0.964785,15,False,0.57257709,0.53432801,0.55308568,0.011992216,0.038249085,2.3513922,2.3447505,2.3485658,0.0024302253,1.3806618e-08,4.3447935e-08,5.7896731e-05,2.0036758e-06,-0.053279141,0.06345652,0.0011736873,0.06204407,-0.3442348,-0.95359542,-0.14013329,0.11348756,0.99987134,0.00010498689,-0.023245751,0.00099527774,6602.226,110.0371,19806.678,0.068684976,0.99989502,-2.440371e-06,0.084312013,-1.1139929,0.70945954,-3.4304978,-2.8616053,-2.5668048,0.4847263,False,ADF_p=0.7095; HL=6602>1440,4.92,False,,
MARUTI,TMPV,0.383354,414,44250,118,2025-12-02 09:15:00+05:30,2026-05-26 15:29:00+05:30,1e-12,1e-12,1e-06,1e-06,9.45e-08,9.45e-08,0.0007038886,0.026530899,1.4206794e-09,1.4206794e-09,72059.329,1.628459,15,False,0.21598161,0.18304141,0.19885628,0.013406851,0.032940196,8.4203436,8.4142619,8.4170335,0.0023664403,5.5649346e-09,4.3251252e-08,6.7019562e-05,5.4442779e-06,-0.020569816,0.033169427,-0.00015959433,0.026533117,-0.42008356,-0.40338248,-0.072721241,0.06175306,0.99946415,0.00053396873,-0.00042371199,0.00086873616,1298.1044,21.635074,3894.3133,0.026583673,0.99946617,-2.2618856e-07,0.00030147146,-3.2275724,0.018443138,-3.4304978,-2.8616053,-2.5668048,0.4855948,True,PASS,5.27,False,,
BSE,IREDA,0.383058,415,44250,118,2025-12-02 09:15:00+05:30,2026-05-26 15:29:00+05:30,1.2448206e-09,6.6367991e-05,3.5282016e-05,0.0081466552,0.00011763555,6.2717751,0.0099973974,0.099986986,1.2451447e-07,0.0066385268,59405.638,1.3425,15,False,1.0718695,1.0715175,1.0716737,0.00015736386,0.00035198495,2.6529592,3.1787641,2.8058847,0.15826625,8.1662366e-05,0.002713373,1.9851855e-05,0.078181972,0.00015106697,0.0033895975,8.7784629e-07,0.002291429,-0.53297567,33.257881,-0.045757043,0.040792002,0.84260948,0.1712531,1.4820046e-06,0.0013410311,4.0475016,0.06745836,12.142505,0.0022914197,0.84260829,2.3325525e-07,0,-46.52948,0,-3.4304979,-2.8616054,-2.5668048,0.068995786,False,HL=4.0<15,5.92,False,,
CANBK,DLF,0.382877,416,44250,118,2025-12-02 09:15:00+05:30,2026-05-26 15:29:00+05:30,1e-12,1e-12,1e-06,1e-06,9.45e-08,9.45e-08,0.00081683507,0.028580327,1.2242373e-09,1.2242373e-09,86311.054,1.950532,15,False,0.52766079,0.52108887,0.5290861,0.0037948623,0.0065719265,1.5658525,1.5650964,1.5663692,0.00060064464,5.3897599e-09,4.3390137e-08,6.0099386e-05,4.6906486e-06,-0.0020987604,0.033399456,3.1844809e-05,0.028579277,0.60711491,-0.12231226,-0.055818954,0.096832266,0.99943678,0.00056402035,-0.00014458576,0.00095933783,1228.94,20.482334,3686.8201,0.028563353,0.99943614,-8.1526315e-08,0.00020452478,-3.2640091,0.016565947,-3.4304978,-2.8616053,-2.5668048,0.48591121,True,PASS,5.16,False,,
INDIANB,JIOFIN,0.382751,417,44250,118,2025-12-02 09:15:00+05:30,2026-05-26 15:29:00+05:30,2.8089564e-06,1e-12,0.0016759942,1e-06,0.26544638,9.45e-08,5.5087086e-06,0.0023470638,0.50991197,1.8153075e-07,163136,3.686689,15,False,1.7675148,1.8375253,1.8206333,0.036988305,0.070010422,-3.3505418,-3.3505395,-3.3505402,7.0555034e-07,1.7399199e-07,4.4249989e-08,0.16978722,2.683443e-08,9.2760485e-06,0.0015549292,1.3730036e-08,0.0001201416,0.062429122,28.649837,-0.0022656825,0.0020434188,-0.45403201,20.723266,2.1536097e-08,0.00068914067,0.033447777,0.00055746295,0.10034333,0.00010704436,-0.45403152,2.1536097e-08,0,-78.800282,0,-3.4304979,-2.8616054,-2.5668048,-0.00087302187,False,HL=0.0<15,6.91,False,,
RAILTEL,TITAGARH,0.382446,418,44250,118,2025-12-02 09:15:00+05:30,2026-05-26 15:29:00+05:30,1e-12,1e-12,1e-06,1e-06,9.45e-08,9.45e-08,0.0045714014,0.06761214,2.187513e-10,2.187513e-10,51319.895,1.159772,15,False,0.092129338,0.084482589,0.086643992,0.0044883687,0.0076467491,5.1987403,5.197319,5.1977124,0.00073984711,1.0848927e-08,4.3697693e-08,4.2660737e-05,1.5285778e-06,-0.013349614,0.073798371,-0.0009038498,0.067617336,-0.814153,-0.040852084,-0.2042326,0.13622303,0.99976931,0.00022971931,0.0010744145,0.0014525043,3017.3658,50.28943,9052.0973,0.067764723,0.99977031,2.467854e-07,0.01224304,-2.1629073,0.21998224,-3.4304978,-2.8616053,-2.5668048,0.50056965,False,ADF_p=0.2200; HL=3017>1440,6.75,False,,
JIOFIN,TATAPOWER,0.381926,419,44250,118,2025-12-02 09:15:00+05:30,2026-05-26 15:29:00+05:30,1e-12,1e-12,1e-06,1e-06,9.45e-08,9.45e-08,0.00063702067,0.025239268,1.5698078e-09,1.5698078e-09,70212.041,1.586713,15,False,0.39807701,0.35388126,0.37099136,0.014909554,0.044195754,3.3497919,3.3430546,3.3459277,0.0025043793,5.2031773e-09,4.3292106e-08,6.7072266e-05,5.6266492e-06,-0.024390083,0.030009428,-6.9295478e-06,0.02523844,-0.59759959,-0.14718897,-0.089969249,0.062789731,0.99941123,0.00059470459,-0.00057540501,0.00086620258,1165.5319,19.425532,3496.5957,0.025116194,0.99940547,-3.4209427e-07,0.00013387718,-3.7302004,0.0037078647,-3.4304978,-2.8616053,-2.5668048,0.49938506,True,PASS,6.7,False,,
EXIDEIND,NBCC,0.381746,420,44250,118,2025-12-02 09:15:00+05:30,2026-05-26 15:29:00+05:30,3.0176681e-08,1e-12,0.00017371436,1e-06,0.0028516963,9.45e-08,1.9327746e-07,0.00043963332,0.1561314,5.1739091e-06,246187.21,5.563553,15,False,0.23603817,0.23895481,0.22011957,0.011224727,0.002916637,4.8153651,4.815262,4.8152966,3.3198105e-05,9.5694774e-09,4.4247544e-08,0.17534505,3.9348526e-06,3.6705907e-07,0.00091800567,-1.5876146e-08,0.00022287938,-0.02918138,44.448516,-0.0047095,0.004738927,-0.33034847,20.723266,-2.3548631e-08,0.0013543328,0.033447777,0.00055746295,0.10034333,0.00021036879,-0.33034853,-2.3548631e-08,0,-77.976941,0,-3.4304979,-2.8616054,-2.5668048,-0.0033878421,False,HL=0.0<15,7.15,False,,
ABCAPITAL,PNB,0.381516,421,44250,118,2025-12-02 09:15:00+05:30,2026-05-26 15:29:00+05:30,1.0080782e-07,1e-12,0.00031750247,1e-06,0.0095263391,9.45e-08,2.7183259e-07,0.00052137567,0.37084524,3.6787348e-06,232111.13,5.245449,15,False,0.23482051,0.24820534,0.23085183,0.010160678,0.013384828,4.7383717,4.7383293,4.7383435,1.359422e-05,1.3280672e-08,4.4249368e-08,0.18975451,1.093924e-06,1.5728963e-06,0.0011274366,-9.4615446e-09,0.00014300489,-0.14644471,101.14245,-0.0050455927,0.004260072,-0.40480404,20.723266,-1.1752561e-08,0.00084185358,0.033447777,0.00055746295,0.10034333,0.00013076529,-0.40480294,-1.1752561e-08,0,-77.125027,0,-3.4304979,-2.8616054,-2.5668048,-0.0016493705,False,HL=0.0<15,7.18,False,,
AMBUJACEM,JIOFIN,0.381353,422,44250,118,2025-12-02 09:15:00+05:30,2026-05-26 15:29:00+05:30,1e-12,1e-12,1e-06,1e-06,9.45e-08,9.45e-08,0.00068353261,0.026144457,1.462988e-09,1.462988e-09,81883.574,1.850476,15,False,0.59264615,0.58109155,0.59110136,0.0079078839,0.011554597,2.9075883,2.9048637,2.9067239,0.0014718799,5.9764932e-09,4.3109947e-08,6.8750348e-05,5.8917406e-06,-0.0072605434,0.033808817,-6.3588619e-05,0.026192542,-0.62268726,0.16797929,-0.089704595,0.051035364,0.9994138,0.00058245495,0.0010136727,0.00089698049,1190.0443,19.834071,3570.1329,0.026280694,0.99941771,5.9024677e-07,0.00017351397,-3.2119884,0.019301148,-3.4304979,-2.8616054,-2.5668048,0.46971422,True,PASS,7.01,False,,
BAJFINANCE,SHRIRAMFIN,0.381253,423,44250,118,2025-12-02 09:15:00+05:30,2026-05-26 15:29:00+05:30,1e-12,1e-12,1e-06,1e-06,9.45e-08,9.45e-08,0.00092501822,0.030414112,1.0810598e-09,1.0810598e-09,73958.835,1.671386,15,False,0.59238785,0.56733554,0.56923792,0.0071990937,0.025052304,2.9376891,2.9349543,2.9352349,0.0010540842,5.2230388e-09,4.3512488e-08,6.0047566e-05,4.0830403e-06,-0.016754855,0.037268619,8.9652281e-05,0.03040762,0.057497887,-0.69137049,-0.076001392,0.078911309,0.99959951,0.00041366756,-0.0012088059,0.00086067345,1675.6141,27.926901,5026.8422,0.029922486,0.99958642,-4.9994038e-07,0.0010557415,-2.7818959,0.06090671,-3.4304979,-2.8616054,-2.5668048,0.46039003,False,ADF_p=0.0609; HL=1676>1440,8.1,False,,
CDSL,HUDCO,0.381223,424,44250,118,2025-12-02 09:15:00+05:30,2026-05-26 15:29:00+05:30,1e-12,1e-12,1e-06,1e-06,9.45e-08,9.45e-08,0.0021324153,0.046178083,4.689518e-10,4.689518e-10,65282.706,1.475315,15,True,0.86502233,0.84560617,0.85829152,0.0060237079,0.019416153,2.6437906,2.6403915,2.6426681,0.0010564628,9.7420851e-09,4.3308425e-08,5.5494689e-05,2.9520897e-06,-0.023035138,0.048717687,0.00042544432,0.046174546,-0.85493302,0.59744243,-0.14209537,0.097558844,0.99973079,0.00026370671,-0.0019255898,0.0010715183,2628.4776,43.807961,7885.4329,0.046657775,0.99973633,-5.07724e-07,0.0084173506,-2.2045288,0.20460586,-3.4304979,-2.8616053,-2.5668048,0.49522113,False,ADF_p=0.2046; HL=2628>1440,7.32,False,,
RECLTD,UNIONBANK,0.381181,425,44250,118,2025-12-02 09:15:00+05:30,2026-05-26 15:29:00+05:30,1e-12,1e-12,1e-06,1e-06,9.45e-08,9.45e-08,0.001581321,0.039765828,6.3238265e-10,6.3238265e-10,75896.297,1.715171,15,False,0.10284754,0.096113928,0.097955004,0.002758173,0.0067336094,5.3599288,5.3590936,5.3594791,0.00054921857,8.9903113e-09,4.3187741e-08,6.3617822e-05,3.6544897e-06,-0.0031232459,0.043103525,-7.7621093e-05,0.039764839,0.0081309964,-0.28690467,-0.11930061,0.090638907,0.99971096,0.00028407534,-0.0032060912,0.00095615716,2440.0118,40.666864,7320.0354,0.040114143,0.99971597,-9.1064209e-07,0.0064771796,-2.6034125,0.092294026,-3.4304978,-2.8616053,-2.5668048,0.51718139,False,ADF_p=0.0923; HL=2440>1440,7.26,False,,
CDSL,PFC,0.381042,426,44250,118,2025-12-02 09:15:00+05:30,2026-05-26 15:29:00+05:30,1e-12,1e-12,1e-06,1e-06,9.45e-08,9.45e-08,0.0014793269,0.038462019,6.7598311e-10,6.7598311e-10,60672.122,1.371121,15,False,0.21829852,0.1710664,0.18471603,0.011840643,0.047232122,6.0882713,6.0824626,6.0847585,0.00199583,7.2359092e-09,4.3429725e-08,5.6693109e-05,3.3631556e-06,-0.036369907,0.039258431,9.847555e-05,0.038475157,-0.30228381,-0.58390648,-0.12208951,0.087868491,0.99962196,0.00042445711,-0.0043245487,0.0010580398,1633.0205,27.217009,4899.0616,0.036313667,0.99957563,-1.8351959e-06,0.00058393388,-3.1586827,0.02250435,-3.4304979,-2.8616054,-2.5668048,0.49206736,False,HL=1633>1440,7.04,False,,
INOXWIND,IRCON,0.380921,427,44250,118,2025-12-02 09:15:00+05:30,2026-05-26 15:29:00+05:30,1e-12,1e-12,1e-06,1e-06,9.45e-08,9.45e-08,0.011378026,0.10666783,8.7888704e-11,8.7888704e-11,31311.952,0.707615,15,False,0.30171724,0.24688155,0.25283111,0.0059333128,0.054835688,3.3629013,3.3595857,3.3608195,0.0012308857,2.2943911e-08,4.3796871e-08,3.8353845e-05,8.4372491e-07,-0.083373026,0.08344156,-0.0017898328,0.10665337,-0.23757987,-0.75727202,-0.21427424,0.20346481,0.9999351,0.000102937,-0.046730639,0.0012150801,6733.7031,112.22838,20201.109,0.084684544,0.99989707,-4.8100641e-06,0.028681248,-1.8804913,0.34129356,-3.4304978,-2.8616053,-2.5668048,0.52223618,False,ADF_p=0.3413; HL=6734>1440,6.97,False,,
BANKBARODA,YESBANK,0.380777,428,44250,118,2025-12-02 09:15:00+05:30,2026-05-26 15:29:00+05:30,1e-12,1e-12,1e-06,1e-06,9.45e-08,9.45e-08,0.0023929789,0.048918084,4.1788918e-10,4.1788918e-10,67266.079,1.520137,15,True,0.67648098,0.67129414,0.67832734,0.0031564677,0.0051868402,3.5917039,3.5896212,3.5918184,0.00098955746,1.8706045e-08,4.2560718e-08,7.5443472e-05,3.6114357e-06,-0.003504549,0.052499435,0.00051704707,0.048914306,-0.26079243,-0.049145662,-0.12779421,0.12457536,0.99981529,0.0001494733,-0.010733594,0.00094019159,4637.2642,77.287737,13911.793,0.05437754,0.99985054,-1.6042659e-06,0.050950545,-1.1920764,0.67699494,-3.4304978,-2.8616053,-2.5668048,0.47431348,False,ADF_p=0.6770; HL=4637>1440,6.75,False,,
INDHOTEL,NBCC,0.380729,429,44250,118,2025-12-02 09:15:00+05:30,2026-05-26 15:29:00+05:30,1e-12,1e-12,1e-06,1e-06,9.45e-08,9.45e-08,0.00019119191,0.013827216,5.2303468e-09,5.2303468e-09,117698.7,2.659858,15,False,0.64269071,0.64243986,0.64278303,0.0027526158,0.00025084443,3.5591857,3.5591451,3.5592354,0.0005912137,4.8719731e-09,4.2458717e-08,0.00010783262,1.4133003e-05,-0.00025932916,0.016385115,3.3691626e-05,0.013826472,-0.25017684,-0.35814452,-0.046381943,0.040619736,0.99787595,0.0021264981,7.2885457e-05,0.00090166345,325.95711,5.4326185,977.87133,0.013826013,0.99787576,1.5482611e-07,3.5057585e-12,-5.9635739,2.012244e-07,-3.4304978,-2.8616053,-2.5668048,0.46017194,True,PASS,6.33,False,,
DLF,PFC,0.380724,430,44250,118,2025-12-02 09:15:00+05:30,2026-05-26 15:29:00+05:30,1e-12,1e-12,1e-06,1e-06,9.45e-08,9.45e-08,0.0019598003,0.044269632,5.1025607e-10,5.1025607e-10,58146.63,1.314048,15,False,0.12668802,0.090680745,0.1008864,0.010681201,0.036007274,5.8231786,5.818531,5.8202552,0.0017989966,8.1535056e-09,4.3479104e-08,5.3314466e-05,2.8136045e-06,-0.03351263,0.048409828,7.4118306e-05,0.044305869,-0.91219351,0.30386957,-0.15555046,0.075443853,0.99971345,0.00029996151,-0.0027289662,0.001060737,2310.7871,38.513118,6932.3613,0.043307186,0.99970008,-8.1846204e-07,0.0042019512,-2.4791674,0.12062574,-3.4304979,-2.8616054,-2.5668048,0.49149146,False,ADF_p=0.1206; HL=2311>1440,6.78,False,,
IOB,MAHABANK,0.380391,431,44250,118,2025-12-02 09:15:00+05:30,2026-05-26 15:29:00+05:30,1e-12,1e-12,1e-06,1e-06,9.45e-08,9.45e-08,0.0010289346,0.032077011,9.7187906e-10,9.7187906e-10,85186.414,1.925117,15,False,0.056045725,0.024709165,0.029773112,0.0044382745,0.031336559,3.4267026,3.4233071,3.4245835,0.0011330625,9.0479442e-09,4.2796315e-08,7.8634194e-05,5.3304892e-06,-0.015137952,0.031563628,-0.00014583488,0.032075466,-0.15413018,-0.67739157,-0.084328247,0.085008002,0.9994405,0.00061385961,-0.0033272451,0.0010731038,1129.1624,18.819373,3387.4871,0.030626137,0.99938633,-2.0418346e-06,5.6859142e-05,-3.43814,0.0097253941,-3.4304979,-2.8616053,-2.5668048,0.45460429,True,PASS,6.98,False,,
DIVISLAB,LAURUSLABS,0.380349,432,44250,118,2025-12-02 09:15:00+05:30,2026-05-26 15:29:00+05:30,1e-12,1e-12,1e-06,1e-06,9.45e-08,9.45e-08,6.8804167e-06,0.0026230548,1.4534003e-07,1.4534003e-07,-12547.681,-0.283563,15,False,0.20336988,0.20278157,0.20019054,0.0038464323,0.00058830828,7.356093,7.355237,7.3550786,0.00065517407,1.1859672e-09,4.3414386e-08,0.00039618884,5.1651931e-05,-4.3759126e-05,0.0085567261,-5.4654915e-06,0.0065236732,0.037830119,1.4390347,-0.031420023,0.029967974,0.99282307,0.0071990992,-1.7430544e-05,0.00078300071,96.282487,1.6047081,288.84746,0.0065254141,0.99282675,-1.2503361e-07,9.8462758e-37,-11.873324,6.4268036e-22,-3.4304979,-2.8616054,-2.5668048,0.46539762,True,PASS,7.61,False,,
CDSL,HDFCAMC,0.380206,433,44250,118,2025-12-02 09:15:00+05:30,2026-05-26 15:29:00+05:30,1e-12,5.3196818e-06,1e-06,0.0023064435,9.45e-08,0.50270993,0.005258741,0.072517177,1.9015958e-10,0.0010115885,74682.836,1.687748,15,False,0.96628228,0.96634465,0.96634531,5.1832376e-07,6.2369868e-05,-0.22694821,-0.53855435,-0.4129128,0.084725336,2.6991024e-06,0.00033369396,1.198493e-05,0.031273147,-0.00022489808,0.0037680618,8.8158912e-07,0.0026858293,-0.12864839,6.6453798,-0.03612078,0.022835943,0.9260923,0.076732338,2.6985482e-06,0.0010524841,9.0333124,0.15055521,27.099937,0.0026866515,0.92613771,1.9932094e-07,0,-34.392584,0,-3.4304979,-2.8616054,-2.5668048,0.21529483,False,HL=9.0<15,6.61,False,,
NMDC,RECLTD,0.380093,434,44250,118,2025-12-02 09:15:00+05:30,2026-05-26 15:29:00+05:30,4.4516493e-07,1e-12,0.00066720681,1e-06,0.042068086,9.45e-08,9.428482e-07,0.00097100371,0.4721491,1.0606161e-06,200960.84,4.541488,15,False,0.48776,0.52242564,0.50217728,0.0088817747,0.03466564,1.4659407,1.4659406,1.4659407,8.0339123e-08,2.7563796e-08,4.4249946e-08,0.16118287,1.519333e-07,4.8615672e-06,0.0009574312,7.8505565e-11,7.1812373e-05,0.71219054,40.93754,-0.0014594071,0.001835251,-0.46117971,20.723266,4.4343601e-09,0.00041020404,0.033447777,0.00055746295,0.10034333,6.3717075e-05,-0.46116329,4.4343601e-09,0,-78.844967,0,-3.4304979,-2.8616054,-2.5668048,-0.00074333455,False,HL=0.0<15,6.94,False,,
NTPC,TATAPOWER,0.380036,435,44250,118,2025-12-02 09:15:00+05:30,2026-05-26 15:29:00+05:30,1e-12,5.5682378e-06,1e-06,0.0023597114,9.45e-08,0.52619847,0.0018648911,0.043184385,5.3622434e-10,0.0029858247,97128.168,2.194987,15,False,0.78199707,0.78198505,0.78198553,3.5442504e-07,1.2016144e-05,1.1337585,1.240232,1.232853,0.053952917,2.6370591e-06,0.00019544537,1.1876643e-05,0.053141569,4.4877536e-05,0.0020005881,3.0342843e-07,0.0014450515,-0.085977045,8.7873683,-0.020911874,0.020715585,0.85202122,0.1601766,8.6470747e-10,0.0008178051,4.3273936,0.072123226,12.982181,0.0014448917,0.85199332,1.2798249e-10,0,-41.884894,0,-3.4304979,-2.8616054,-2.5668048,0.10252435,False,HL=4.3<15,7.51,False,,
CONCOR,IREDA,0.379967,436,44250,118,2025-12-02 09:15:00+05:30,2026-05-26 15:29:00+05:30,1e-12,1e-12,1e-06,1e-06,9.45e-08,9.45e-08,0.00011239375,0.010601592,8.8972917e-09,8.8972917e-09,36718.273,0.829791,15,False,0.16791359,0.17148969,0.16819211,0.0062328946,0.0035761005,5.3927722,5.3918962,5.3916248,0.0014772015,3.847824e-09,4.2612133e-08,0.00012670019,1.7745214e-05,0.00045346887,0.025079294,-0.00011188271,0.018534777,-0.94382382,1.0524888,-0.066589381,0.043855523,0.99877896,0.0010977216,-0.0011840277,0.00091616983,631.4417,10.524028,1894.3251,0.019553067,0.99890288,-1.2990196e-06,1.5042507e-06,-4.0501992,0.0011693025,-3.4304978,-2.8616053,-2.5668048,0.47721869,True,PASS,7.15,False,,
CDSL,INOXWIND,0.379903,437,44250,118,2025-12-02 09:15:00+05:30,2026-05-26 15:29:00+05:30,1e-12,1e-12,1e-06,1e-06,9.45e-08,9.45e-08,0.0018516845,0.043031204,5.4004881e-10,5.4004881e-10,64858.039,1.465718,15,False,0.10286733,0.058927511,0.069922831,0.0090042192,0.043939823,6.8707425,6.8645737,6.8670842,0.0020782484,1.0830084e-08,4.3006745e-08,6.0045677e-05,3.6195698e-06,-0.035271215,0.039681387,-0.00099128224,0.043021219,-0.27868431,-0.71296006,-0.12039533,0.094881477,0.99967577,0.00037145127,-0.0074330905,0.0010956083,1866.0514,31.100857,5598.1543,0.040196606,0.99962862,-2.7605182e-06,0.0010776245,-2.9780087,0.036999779,-3.4304978,-2.8616053,-2.5668048,0.49168709,False,HL=1866>1440,6.43,False,,
IREDA,TITAGARH,0.379614,438,44250,118,2025-12-02 09:15:00+05:30,2026-05-26 15:29:00+05:30,1e-12,1e-12,1e-06,1e-06,9.45e-08,9.45e-08,0.00057025481,0.023880009,1.753602e-09,1.753602e-09,97584.009,2.205288,15,False,0.70787983,0.70026458,0.70222966,0.0017224181,0.0076152465,0.20560059,0.20516192,0.20538933,0.00026943535,4.4430905e-09,4.3423751e-08,6.8176498e-05,5.5346651e-06,-0.0030526266,0.026208087,8.8136129e-05,0.023878061,-0.073446958,0.9125737,-0.095431974,0.090857097,0.99899144,0.0009947587,-0.0012183145,0.0010726866,696.79931,11.613322,2090.3979,0.024049109,0.99900574,-1.2113263e-06,1.6027268e-06,-3.7649004,0.0032875516,-3.4304978,-2.8616053,-2.5668048,0.48498677,True,PASS,6.43,False,,
CGPOWER,RVNL,0.379592,439,44250,118,2025-12-02 09:15:00+05:30,2026-05-26 15:29:00+05:30,1.5566389e-07,3.3840627e-05,0.00039454264,0.0058172697,0.014710238,3.1979392,0.00764979,0.087463078,2.034878e-05,0.0044237327,65545.56,1.481256,15,False,0.92777845,0.86777302,0.88206341,0.017665379,0.060005434,1.149813,1.9536531,1.5055557,0.25025556,0.005357935,0.1660358,0.001708614,0.060059656,0.00015124592,0.0033296413,1.148802e-06,0.0022775878,-0.38615337,27.8778,-0.039226824,0.039517672,0.84170946,0.17233175,9.3349581e-07,0.0013370849,4.0221676,0.067036126,12.066503,0.0022775154,0.84169989,1.4777249e-07,0,-44.747124,0,-3.4304979,-2.8616054,-2.5668048,0.08178174,False,HL=4.0<15,5.39,False,,
BEL,SOLARINDS,0.379519,440,44250,118,2025-12-02 09:15:00+05:30,2026-05-26 15:29:00+05:30,1e-12,6.589939e-05,1e-06,0.0081178439,9.45e-08,6.2274923,0.00041493893,0.02037005,2.4099932e-09,0.15881708,122714.08,2.7732,15,False,-0.68087591,-0.67980965,-0.67981117,1.4045009e-06,0.0010662616,12.486756,12.720258,12.533247,0.10580692,2.2125486e-06,0.00034923662,8.402098e-06,0.32691651,1.6592166e-05,0.0020935204,-1.7888364e-07,0.0011870747,-0.9046241,51.637124,-0.03143721,0.020099872,0.39783651,0.92176951,-6.0881344e-08,0.0016116757,0.75197452,0.012532909,2.2559235,0.0011870021,0.39781448,-3.6661864e-08,0,-67.732338,0,-3.4304979,-2.8616054,-2.5668048,-0.0092635861,False,HL=0.8<15,4.82,False,,
EXIDEIND,MOTHERSON,0.3793,441,44250,118,2025-12-02 09:15:00+05:30,2026-05-26 15:29:00+05:30,1.3771616e-08,1e-12,0.00011735253,1e-06,0.0013014177,9.45e-08,4.3257131e-07,0.00065770154,0.031836637,2.3117576e-06,234803.86,5.306302,15,False,-0.029506956,-0.03499225,-0.052862569,0.014898059,0.0054852939,6.0778088,6.0775601,6.0776436,7.8152189e-05,1.2103759e-08,4.4246902e-08,0.11774653,4.3154084e-06,-1.0188713e-06,0.0011658201,-9.167538e-08,0.00050261441,0.015133189,68.15302,-0.011991969,0.011813115,0.0060013839,5.1157669,-8.6749205e-08,0.0016077159,0.13549233,0.0022582055,0.40647699,0.00050261904,0.0060013735,-8.6228591e-08,0,-73.969894,0,-3.4304979,-2.8616054,-2.5668048,-0.0083352955,False,HL=0.1<15,5.37,False,,
BHEL,SUZLON,0.379133,442,44250,118,2025-12-02 09:15:00+05:30,2026-05-26 15:29:00+05:30,2.2267183e-06,4.3547247e-06,0.0014922192,0.0020867977,0.21042488,0.41152148,3.4487542e-05,0.0058726095,0.064565873,0.1262695,164114.45,3.708801,15,False,0.49603663,0.56504995,0.53497531,0.020945305,0.069013315,3.689929,3.7751701,3.5917451,0.085342545,0.0037137427,0.059387877,0.14555329,0.11631511,1.1413292e-05,0.001167192,8.8726187e-10,0.00044563406,-0.32421782,53.177772,-0.013231513,0.012771955,-0.097705192,20.723266,-1.9878038e-08,0.002855109,0.033447777,0.00055746295,0.10034333,0.00044348466,-0.097700441,-1.9878038e-08,0,-73.296358,0,-3.4304979,-2.8616054,-2.5668048,-0.0067909564,False,HL=0.0<15,6.32,False,,
COCHINSHIP,IRCON,0.379081,443,44250,118,2025-12-02 09:15:00+05:30,2026-05-26 15:29:00+05:30,1.8340151e-06,1e-12,0.0013542581,1e-06,0.17331442,9.45e-08,3.474882e-06,0.0018641035,0.52779204,2.8777956e-07,174393.49,3.941096,15,False,2.083487,2.1177307,2.0926118,0.030877416,0.034243723,-3.1382147,-3.1382014,-3.1382058,4.0383998e-06,1.344356e-07,4.424995e-08,0.1866699,7.4142414e-08,3.8194935e-06,0.0026297738,4.481357e-08,0.00023692268,-0.2767879,34.018361,-0.0042395491,0.0043147917,-0.46009598,20.723266,7.0915705e-08,0.0013542525,0.033447777,0.00055746295,0.10034333,0.00021035632,-0.46009072,7.0915705e-08,0,-78.335326,0,-3.4304979,-2.8616054,-2.5668048,-0.00061542805,False,HL=0.0<15,5.68,False,,
ADANIENT,ADANIPOWER,0.378983,444,44250,118,2025-12-02 09:15:00+05:30,2026-05-26 15:29:00+05:30,1e-12,1e-12,1e-06,1e-06,9.45e-08,9.45e-08,0.004128866,0.064256253,2.4219725e-10,2.4219725e-10,45511.031,1.028498,15,False,0.83446502,0.80238694,0.81587784,0.010290497,0.03207808,3.5528769,3.5479201,3.5504456,0.0019169692,1.3027163e-08,4.355677e-08,5.0809588e-05,1.7975975e-06,-0.048164107,0.065305151,0.001295298,0.064254613,-0.62313044,-0.87313722,-0.15845426,0.12166837,0.99984026,0.0001588083,0.0021026062,0.0011485533,4364.6784,72.744641,13094.035,0.064446534,0.9998412,3.3388481e-07,0.030825919,-1.6613835,0.45111055,-3.4304978,-2.8616053,-2.5668048,0.47705933,False,ADF_p=0.4511; HL=4365>1440,4.41,False,,
EXIDEIND,IREDA,0.378799,445,44250,118,2025-12-02 09:15:00+05:30,2026-05-26 15:29:00+05:30,1.440406e-08,1e-12,0.00012001692,1e-06,0.0013611837,9.45e-08,2.2984573e-07,0.00047942229,0.062668382,4.3507442e-06,247613.68,5.595789,15,False,0.40308316,0.40350673,0.38733218,0.010065469,0.00042357117,3.9427307,3.9426672,3.9426895,2.1291448e-05,8.5148442e-09,4.4247172e-08,0.1407785,5.1019385e-06,1.0488483e-07,0.00089551654,-9.5417704e-09,0.00031801269,-0.11202973,28.545247,-0.0062958638,0.0067238494,-0.2120438,20.723266,-4.4865374e-09,0.0020007766,0.033447777,0.00055746295,0.10034333,0.00031078103,-0.21204138,-4.4865374e-09,0,-76.931975,0,-3.4304979,-2.8616054,-2.5668048,-0.0053922016,False,HL=0.0<15,4.4,False,,
JSWSTEEL,SAIL,0.378618,446,44250,118,2025-12-02 09:15:00+05:30,2026-05-26 15:29:00+05:30,4.3415652e-08,1e-12,0.00020836423,1e-06,0.0041027791,9.45e-08,1.5054508e-07,0.0003880014,0.28838971,6.6425284e-06,245911.7,5.557327,15,False,0.150247,0.15826608,0.15121935,0.0073150693,0.0080190817,6.323889,6.3238435,6.3238575,1.4125265e-05,6.362609e-09,4.4248615e-08,0.17649541,2.5854122e-06,1.11405e-06,0.00085949115,-6.7570466e-09,0.00012134036,-0.51640222,74.090532,-0.0035229126,0.0028190951,-0.41297411,20.723266,-2.5706269e-09,0.00071140868,0.033447777,0.00055746295,0.10034333,0.00011050325,-0.41294483,-2.5706269e-09,0,-78.498457,0,-3.4304979,-2.8616054,-2.5668048,-0.0015369395,False,HL=0.0<15,5.46,False,,
JIOFIN,SBIN,0.378544,447,44250,118,2025-12-02 09:15:00+05:30,2026-05-26 15:29:00+05:30,1e-12,1e-12,1e-06,1e-06,9.45e-08,9.45e-08,0.00064806228,0.025457067,1.5430616e-09,1.5430616e-09,65134.036,1.471956,15,False,0.48521171,0.44907504,0.45699924,0.013179204,0.036136673,2.3836375,2.3791026,2.3802206,0.001870917,4.5001875e-09,4.3487778e-08,6.4845053e-05,4.9890701e-06,-0.020073013,0.035441387,9.150795e-05,0.025467973,-0.3751709,-0.36447099,-0.074271687,0.066861347,0.99947208,0.00052873166,4.4510525e-05,0.00082765894,1310.9621,21.849369,3932.8864,0.025451815,0.99947141,2.3527903e-08,0.00031070659,-3.4546077,0.0092323231,-3.4304979,-2.8616053,-2.5668048,0.50114313,True,PASS,5.01,False,,
BANDHANBNK,BANKINDIA,0.378273,448,44250,118,2025-12-02 09:15:00+05:30,2026-05-26 15:29:00+05:30,6.0250896e-07,1e-12,0.00077621451,1e-06,0.056937097,9.45e-08,1.0474492e-06,0.0010234497,0.57521544,9.5470021e-07,200540.17,4.531981,15,False,0.3748168,0.4342227,0.38989452,0.023977263,0.059405905,3.142737,3.1427333,3.1427346,1.2282336e-06,4.1437212e-08,4.4249887e-08,0.18732881,1.918999e-07,7.2527695e-06,0.0010977208,-2.7870603e-09,9.1425516e-05,0.41921282,182.05471,-0.0035062661,0.0039383281,-0.47841482,20.723266,-9.2038426e-09,0.00051683762,0.033447777,0.00055746295,0.10034333,8.0280492e-05,-0.47839141,-9.2038426e-09,0,-79.521798,0,-3.4304979,-2.8616054,-2.5668048,-0.00028289459,False,HL=0.0<15,5.08,False,,
BHARATFORG,MOTHERSON,0.378111,449,44250,118,2025-12-02 09:15:00+05:30,2026-05-26 15:29:00+05:30,8.5140123e-12,7.4416445e-05,2.9178781e-06,0.0086264967,8.0457417e-07,7.0323541,0.0017942976,0.04235915,4.7450392e-09,0.04147386,94688.87,2.139861,15,False,-0.034508938,-0.032165445,-0.03216963,3.9656164e-06,0.0023434929,7.4204927,7.7258367,7.5654335,0.1233037,1.7155944e-05,0.00074396957,2.1249699e-05,0.18393864,3.8267523e-05,0.0021942574,-4.3352489e-07,0.0013946185,-0.21221723,104.02785,-0.043333506,0.046341915,0.64934977,0.43183295,-1.8334338e-07,0.0012959639,1.605128,0.026752134,4.8153841,0.0013945048,0.64931784,-6.4295253e-08,0,-60.04749,0,-3.4304979,-2.8616054,-2.5668048,0.0036110264,False,HL=1.6<15,7.11,False,,
MAZDOCK,TITAGARH,0.378107,450,44250,118,2025-12-02 09:15:00+05:30,2026-05-26 15:29:00+05:30,1e-12,1e-12,1e-06,1e-06,9.45e-08,9.45e-08,9.5642624e-05,0.0097797047,1.0455589e-08,1.0455589e-08,12826.742,0.28987,15,False,0.58866018,0.58108855,0.58324767,0.0060921882,0.0075716352,3.9398998,3.9395264,3.9396938,0.00099713713,2.3881632e-09,4.3327623e-08,0.00012523011,1.4477837e-05,-0.0015498711,0.02553221,3.325782e-05,0.020087373,0.031875329,-0.1365085,-0.067810803,0.079530114,0.99846377,0.0015281036,-0.00060380793,0.0011138653,453.5996,7.5599934,1360.7988,0.020148433,0.99847306,-9.2197645e-07,3.4041628e-09,-5.4537007,2.6100202e-06,-3.4304979,-2.8616054,-2.5668048,0.50211146,True,PASS,7.7,False,,
HAVELLS,VOLTAS,0.37802,451,44250,118,2025-12-02 09:15:00+05:30,2026-05-26 15:29:00+05:30,1e-12,1e-12,1e-06,1e-06,9.45e-08,9.45e-08,0.00023728184,0.015403955,4.2143975e-09,4.2143975e-09,110762.34,2.503104,15,False,0.42261082,0.40293561,0.41172183,0.0064090494,0.019675213,4.2156979,4.2129443,4.2141811,0.0009158055,2.9379358e-09,4.3479756e-08,8.7738673e-05,8.3808223e-06,-0.0069641863,0.017548316,-3.2968276e-05,0.015402118,-0.26765557,0.08636011,-0.046826472,0.071756583,0.99857312,0.0014300303,-0.00012911783,0.00082309389,484.70802,8.078467,1454.1241,0.01539082,0.99857099,-1.8451045e-07,9.1231998e-09,-5.1204602,1.2750008e-05,-3.4304978,-2.8616053,-2.5668048,0.48080156,True,PASS,7.41,False,,
NBCC,TATAPOWER,0.377974,452,44250,118,2025-12-02 09:15:00+05:30,2026-05-26 15:29:00+05:30,1e-12,3.7784998e-07,1e-06,0.00061469503,9.45e-08,0.035706823,0.012198319,0.110446,8.1978511e-11,3.0975579e-05,55160.231,1.246559,15,False,-2.4132129,-2.4121853,-2.4121954,7.1429084e-06,0.0010276697,19.136098,19.140832,18.968855,0.16351417,1.8032589e-06,0.00013351454,1.259834e-05,0.0055199923,3.952783e-05,0.029272423,-3.6553388e-05,0.020598965,-0.25836607,1.1678068,-0.10825823,0.095406772,0.99018231,0.0098663084,-3.4285635e-05,0.002893612,70.253954,1.1708992,210.76186,0.020599086,0.9901822,-3.3660938e-07,1.4079987e-49,-14.4297,7.6668748e-27,-3.4304978,-2.8616053,-2.5668048,0.44442435,True,PASS,6.68,False,,
CDSL,SUZLON,0.377709,453,44250,118,2025-12-02 09:15:00+05:30,2026-05-26 15:29:00+05:30,1e-12,1e-12,1e-06,1e-06,9.45e-08,9.45e-08,0.0024028452,0.049018825,4.1617329e-10,4.1617329e-10,59348.73,1.341214,15,False,0.72374946,0.67990664,0.69603112,0.0088640597,0.043842817,4.4927095,4.4862186,4.4901729,0.0021406306,1.4145775e-08,4.2953318e-08,6.6750893e-05,3.2077717e-06,-0.038406983,0.046419674,0.00068397352,0.049017597,-0.96525083,-0.14146718,-0.13715245,0.076893211,0.99978959,0.00019566865,-0.017853985,0.0010055817,3542.4539,59.040898,10627.362,0.050832531,0.99980435,-3.4931235e-06,0.02241755,-1.6508305,0.45660734,-3.4304978,-2.8616053,-2.5668048,0.46364575,False,ADF_p=0.4566; HL=3542>1440,6.82,False,,
CDSL,LTF,0.377602,454,44250,118,2025-12-02 09:15:00+05:30,2026-05-26 15:29:00+05:30,1e-12,1e-12,1e-06,1e-06,9.45e-08,9.45e-08,0.00064331795,0.025363713,1.5544413e-09,1.5544413e-09,88740.486,2.005435,15,True,0.79306983,0.7611493,0.7712408,0.0067759004,0.031920528,2.829529,2.825389,2.8271583,0.0011864548,5.6512901e-09,4.3162746e-08,7.0863655e-05,5.9425712e-06,-0.016232155,0.026486184,3.9209663e-06,0.025362101,0.049074155,-0.35136811,-0.090634223,0.078143221,0.99914525,0.00089755153,-0.001387484,0.0010488384,772.26449,12.871075,2316.7935,0.024755055,0.99910285,-1.2447796e-06,2.4989449e-06,-4.1098815,0.00093273329,-3.4304978,-2.8616053,-2.5668048,0.47958499,True,PASS,7.56,False,,
CAMS,IREDA,0.37755,455,44250,118,2025-12-02 09:15:00+05:30,2026-05-26 15:29:00+05:30,1.0434304e-07,1e-12,0.00032302173,1e-06,0.009860417,9.45e-08,2.6404557e-07,0.00051385365,0.39517056,3.787225e-06,233122.53,5.268306,15,False,0.44668345,0.4554997,0.44201683,0.0098833093,0.0088162516,4.4366145,4.436605,4.4366079,3.1951664e-06,1.2035309e-08,4.4249386e-08,0.18757057,1.1465481e-06,1.0579824e-06,0.0010226824,-1.9373777e-09,0.00012432663,-0.25504452,73.285936,-0.0038339359,0.0035043512,-0.45494826,20.723266,-3.9489133e-09,0.00071276007,0.033447777,0.00055746295,0.10034333,0.00011071316,-0.45497045,-3.9489133e-09,0,-79.044292,0,-3.4304979,-2.8616054,-2.5668048,-0.00081026499,False,HL=0.0<15,7.47,False,,
IRCTC,RVNL,0.377539,456,44250,118,2025-12-02 09:15:00+05:30,2026-05-26 15:29:00+05:30,1e-12,1e-12,1e-06,1e-06,9.45e-08,9.45e-08,0.00034251318,0.018507112,2.9195956e-09,2.9195956e-09,96028.869,2.170144,15,False,0.55005986,0.52214963,0.53055631,0.0088346105,0.027910234,3.3536918,3.3491471,3.3506408,0.0015756582,4.500773e-09,4.3083073e-08,8.2873158e-05,8.5057036e-06,-0.011701276,0.021908471,-5.7388027e-06,0.018507683,0.55000521,0.43508461,-0.063632809,0.069613194,0.99901353,0.00095770889,0.00039336217,0.00082226048,723.75561,12.062593,2171.2668,0.018787875,0.99904275,3.7654611e-07,2.8979531e-06,-3.6438825,0.0049754295,-3.4304978,-2.8616053,-2.5668048,0.46864132,True,PASS,7.07,False,,
BDL,CDSL,0.377354,457,44250,118,2025-12-02 09:15:00+05:30,2026-05-26 15:29:00+05:30,8.760236e-07,1e-12,0.00093596133,1e-06,0.082784231,9.45e-08,2.7460107e-06,0.0016571091,0.31901682,3.6416464e-07,177218.98,4.004949,15,False,1.3202419,1.3482645,1.3376563,0.012022613,0.028022651,-2.4018311,-2.401828,-2.401829,9.402261e-07,5.2100985e-08,4.4249984e-08,0.1315431,4.4770526e-08,4.815709e-06,0.0014723677,8.3847714e-09,0.0001113792,0.53198684,77.566719,-0.0029400238,0.0032143348,-0.46402455,20.723266,7.4177555e-09,0.00063516359,0.033447777,0.00055746295,0.10034333,9.8660087e-05,-0.46401073,7.4177555e-09,0,-79.32451,0,-3.4304979,-2.8616054,-2.5668048,-0.00062494009,False,HL=0.0<15,7.07,False,,
NBCC,NMDC,0.377254,458,44250,118,2025-12-02 09:15:00+05:30,2026-05-26 15:29:00+05:30,3.4227568e-07,1e-12,0.00058504331,1e-06,0.032345051,9.45e-08,6.9906539e-07,0.0008361013,0.48961897,1.4304814e-06,211492.87,4.7795,15,False,-0.6195453,-0.63748202,-0.64758852,0.026369967,0.017936712,7.4371714,7.4371307,7.4371437,1.2480678e-05,3.3679075e-08,4.4249787e-08,0.20693968,4.3290871e-07,-1.7670956e-06,0.001645249,-2.7204833e-08,0.00018451171,-0.04839924,113.87958,-0.0046812681,0.0046866276,-0.39656888,20.723266,-3.2405053e-08,0.0010904666,0.033447777,0.00055746295,0.10034333,0.0001693824,-0.39656591,-3.2405053e-08,0,-77.117438,0,-3.4304979,-2.8616054,-2.5668048,-0.0018735743,False,HL=0.0<15,7.33,False,,
IREDA,JWL,0.377206,459,44250,118,2025-12-02 09:15:00+05:30,2026-05-26 15:29:00+05:30,1e-12,5.3057366e-07,1e-06,0.00072840487,9.45e-08,0.050139211,0.00016048051,0.01266809,6.2312863e-09,0.0033061564,149598.18,3.38075,15,False,0.88776536,0.88706752,0.88708288,1.5510858e-05,0.00069783903,-0.066352026,-0.16582226,-0.16271479,0.062076371,3.387785e-07,1.9854342e-05,2.0981351e-05,0.055837537,-4.2138888e-05,0.0036959151,2.0010113e-06,0.0025724026,-0.42385801,18.331483,-0.047373076,0.031868419,0.85312814,0.15885205,1.8428252e-06,0.0014499035,4.3634764,0.072724606,13.090429,0.002572336,0.85312257,2.7066944e-07,0,-42.085444,0,-3.4304979,-2.8616054,-2.5668048,0.09808971,False,HL=4.4<15,7.9,False,,
BANKINDIA,IRFC,0.37716,460,44250,118,2025-12-02 09:15:00+05:30,2026-05-26 15:29:00+05:30,1.6872762e-07,1e-12,0.00041076468,1e-06,0.01594476,9.45e-08,4.3123289e-07,0.00065668325,0.39126798,2.3189326e-06,221058.25,4.995667,15,False,-0.34341629,-0.35867545,-0.34491488,0.017652773,0.015259156,6.6275144,6.6274556,6.6274749,1.8292714e-05,2.048852e-08,4.4249632e-08,0.19324137,7.0046589e-07,-1.5277702e-06,0.0014598162,-2.2878907e-08,0.00018067712,0.48021545,215.00886,-0.0055699875,0.0070862918,-0.38850619,20.723266,-2.3292279e-08,0.0010717615,0.033447777,0.00055746295,0.10034333,0.00016647693,-0.38848529,-2.3292279e-08,0,-76.67693,0,-3.4304979,-2.8616054,-2.5668048,-0.0020081358,False,HL=0.0<15,7.31,False,,
INDHOTEL,IREDA,0.376996,461,44250,118,2025-12-02 09:15:00+05:30,2026-05-26 15:29:00+05:30,1e-12,1e-12,1e-06,1e-06,9.45e-08,9.45e-08,0.0007010627,0.026477589,1.4264059e-09,1.4264059e-09,90339.747,2.041576,15,True,0.81156158,0.79833663,0.80438309,0.0045957814,0.013224945,2.5979617,2.5954369,2.5966199,0.00089763286,6.9202315e-09,4.2877492e-08,7.4259614e-05,6.3506086e-06,-0.0089955651,0.029321184,0.00010970507,0.026476002,-0.35045303,-0.10485133,-0.072358564,0.074902469,0.99933799,0.00065973237,0.00064766095,0.0009635562,1050.649,17.510817,3151.9471,0.02652639,0.99934049,4.2714198e-07,6.868438e-05,-3.2624832,0.016641064,-3.4304978,-2.8616053,-2.5668048,0.46322892,True,PASS,6.8,False,,
ABCAPITAL,RECLTD,0.376825,462,44250,118,2025-12-02 09:15:00+05:30,2026-05-26 15:29:00+05:30,3.427396e-09,1e-12,5.8543967e-05,1e-06,0.00032388893,9.45e-08,2.960247e-06,0.0017205368,0.0011578075,3.3780965e-07,197006.43,4.452123,15,False,-0.3431883,-0.34326069,-0.35085461,0.01089553,7.2388894e-05,7.89383,7.8936599,7.8937152,5.3226026e-05,1.6976939e-08,4.4248856e-08,0.03080728,1.950814e-06,-2.0540169e-07,0.0025413594,-4.5351246e-07,0.0016298861,-0.17591739,45.319694,-0.036426367,0.029240016,0.66441352,0.40885723,-3.1006065e-07,0.0014738604,1.6953282,0.028255469,5.0859845,0.0016298795,0.66440908,-1.0405354e-07,0,-60.49173,0,-3.4304979,-2.8616054,-2.5668048,0.0036864522,False,HL=1.7<15,7.27,False,,
COCHINSHIP,ZENTEC,0.376748,463,44250,118,2025-12-02 09:15:00+05:30,2026-05-26 15:29:00+05:30,6.1081043e-08,1e-12,0.00024714579,1e-06,0.0057721585,9.45e-08,3.7844972e-07,0.00061518267,0.16139804,2.6423589e-06,221598.39,5.007873,15,False,-0.21383263,-0.22004474,-0.22354184,0.011574234,0.0062121158,8.9539439,8.9538927,8.95391,1.5720543e-05,7.1115813e-09,4.4249631e-08,0.12457579,7.3987461e-07,-1.0004711e-06,0.0015280115,-1.7564481e-08,0.00018894457,-0.16997526,112.39693,-0.0049404052,0.0053046886,-0.40029707,20.723266,-3.1624108e-08,0.0011146663,0.033447777,0.00055746295,0.10034333,0.00017314135,-0.40028279,-3.1624108e-08,0,-80.624305,0,-3.4304979,-2.8616054,-2.5668048,-0.0017282669,False,HL=0.0<15,6.79,False,,
HAL,NBCC,0.37673,464,44250,118,2025-12-02 09:15:00+05:30,2026-05-26 15:29:00+05:30,7.8298218e-08,1e-12,0.00027981819,1e-06,0.0073991816,9.45e-08,1.9675779e-07,0.00044357389,0.39794215,5.0823908e-06,240161.27,5.427373,15,False,0.29335695,0.30233749,0.29092086,0.011328988,0.0089805347,7.0184047,7.0183855,7.0183917,6.1544385e-06,1.0646135e-08,4.4248849e-08,0.19705676,1.8669261e-06,1.0138759e-06,0.00091851564,-3.1497119e-09,0.00011791339,-0.10515768,107.14122,-0.0032472665,0.004020729,-0.40499317,20.723266,-1.2844391e-08,0.00069402488,0.033447777,0.00055746295,0.10034333,0.00010780302,-0.40496686,-1.2844391e-08,0,-77.871007,0,-3.4304979,-2.8616054,-2.5668048,-0.0017028574,False,HL=0.0<15,7.74,False,,
IDFCFIRSTB,UPL,0.376458,465,44250,118,2025-12-02 09:15:00+05:30,2026-05-26 15:29:00+05:30,1.0674938e-07,1e-12,0.00032672524,1e-06,0.010087817,9.45e-08,3.9742636e-07,0.00063041761,0.26860167,2.5161894e-06,221188.26,4.998605,15,False,-0.13576985,-0.16236749,-0.1527398,0.02010248,0.026597637,5.304976,5.3049494,5.3049577,8.2862397e-06,9.7885124e-09,4.4249824e-08,0.14166001,4.7526184e-07,-4.1745558e-06,0.0012774037,-9.7588836e-09,0.0001243796,0.16031464,819.55719,-0.0076923709,0.0075447135,-0.40462226,20.723266,-3.0047128e-09,0.00073215406,0.033447777,0.00055746295,0.10034333,0.00011372564,-0.40455543,-3.0047128e-09,0,-77.870992,0,-3.4304979,-2.8616054,-2.5668048,-0.0016367447,False,HL=0.0<15,7.37,False,,
JIOFIN,RELIANCE,0.376391,466,44250,118,2025-12-02 09:15:00+05:30,2026-05-26 15:29:00+05:30,1e-12,1e-12,1e-06,1e-06,9.45e-08,9.45e-08,0.00086410168,0.029395606,1.1572712e-09,1.1572712e-09,75067.722,1.696446,15,False,0.050987071,0.018677439,0.029211314,0.010400639,0.032309632,5.3479775,5.3440112,5.3454893,0.0014573295,4.7925497e-09,4.3565401e-08,5.8227667e-05,4.0853109e-06,-0.020273852,0.034121389,-0.00010543104,0.029398793,-0.64199243,-0.047213862,-0.10825653,0.069219304,0.99946454,0.00054229292,-0.00082582827,0.00096220767,1278.1785,21.302976,3834.5356,0.029217083,0.99945785,-4.4771942e-07,0.00024602286,-3.5664925,0.0064348925,-3.4304978,-2.8616053,-2.5668048,0.50033677,True,PASS,6.46,False,,
NBCC,VOLTAS,0.376354,467,44250,118,2025-12-02 09:15:00+05:30,2026-05-26 15:29:00+05:30,1.5801981e-08,1.8952494e-06,0.00012570593,0.0013766806,0.0014932872,0.17910107,0.0017496695,0.041829051,9.0314092e-06,0.0010832043,98750.222,2.231643,15,False,0.75482017,0.73278831,0.7368801,0.0086329857,0.022031865,-0.68991772,-0.67998438,-0.75048235,0.059520883,0.00045440752,0.023247158,0.0016621405,0.0270123,-8.8992046e-05,0.0037268517,3.7160368e-07,0.0024888576,0.12334742,5.5054156,-0.027244876,0.021074135,0.90880743,0.095586437,1.12955e-06,0.0010884051,7.2515223,0.12085871,21.754567,0.0024893012,0.9088398,1.0297e-07,0,-35.857708,0,-3.4304979,-2.8616054,-2.5668048,0.17825298,False,HL=7.3<15,7.07,False,,
OBEROIRLTY,PHOENIXLTD,0.376313,468,44250,118,2025-12-02 09:15:00+05:30,2026-05-26 15:29:00+05:30,5.6873467e-09,1e-12,7.5414499e-05,1e-06,0.00053745426,9.45e-08,5.3031376e-07,0.00072822645,0.010724494,1.8856761e-06,231277.22,5.226604,15,False,0.0090655777,0.014975169,0.0058795588,0.0081320053,0.0059095912,7.3273878,7.3272822,7.3273178,3.3026513e-05,5.8097079e-09,4.4249057e-08,0.071025868,2.7248637e-06,1.9048898e-06,0.001257392,-4.836991e-08,0.00057831074,0.78844046,131.88857,-0.019337475,0.020999315,0.05379697,2.9221256,-2.566676e-08,0.0013980499,0.2372065,0.0039534417,0.7116195,0.00057830673,0.053819169,-2.4285396e-08,0,-74.942168,0,-3.4304979,-2.8616054,-2.5668048,-0.0086242867,False,HL=0.2<15,6.58,False,,
GODREJPROP,JIOFIN,0.376265,469,44250,118,2025-12-02 09:15:00+05:30,2026-05-26 15:29:00+05:30,1e-12,1e-12,1e-06,1e-06,9.45e-08,9.45e-08,0.0059386335,0.07706253,1.683889e-10,1.683889e-10,46295.979,1.046237,15,False,0.055154291,0.024665624,0.028332562,0.0048431973,0.030488667,7.3313903,7.3290087,7.3296909,0.0008963861,1.4920934e-08,4.3626878e-08,4.2811554e-05,1.3985401e-06,-0.040243263,0.074039081,-0.00087118382,0.077056745,-0.51336543,-0.56172061,-0.19790067,0.15625816,0.99986376,0.00015634749,-0.014271678,0.0012720236,4433.3758,73.889596,13300.127,0.071934081,0.99984366,-2.2311666e-06,0.023172543,-1.9753513,0.29748414,-3.4304978,-2.8616053,-2.5668048,0.50419797,False,ADF_p=0.2975; HL=4433>1440,5.59,False,,
CGPOWER,MAZDOCK,0.376074,470,44250,118,2025-12-02 09:15:00+05:30,2026-05-26 15:29:00+05:30,1e-12,3.0290585e-06,1e-06,0.0017404191,9.45e-08,0.28624603,0.0031942696,0.05651787,3.1306061e-10,0.00094827891,85647.811,1.935544,15,False,0.82164611,0.82167761,0.82167793,6.6396749e-07,3.1504373e-05,0.019238749,0.36340756,0.13777949,0.10893501,1.617368e-06,0.00019543244,1.3060098e-05,0.030293032,0.00025463232,0.0046437321,1.0996453e-06,0.0032751172,-0.47283972,13.072093,-0.036489248,0.03515973,0.92725934,0.075522381,1.3236623e-06,0.001272868,9.1780366,0.15296728,27.53411,0.0032751449,0.92725898,9.6284549e-08,0,-33.30541,0,-3.4304979,-2.8616054,-2.5668048,0.2209245,False,HL=9.2<15,4.23,False,,
EICHERMOT,MOTHERSON,0.376041,471,44250,118,2025-12-02 09:15:00+05:30,2026-05-26 15:29:00+05:30,2.4737367e-09,1e-12,4.9736674e-05,1e-06,0.00023376812,9.45e-08,0.0028897669,0.053756552,8.5603332e-07,3.4604868e-10,87189.347,1.970381,15,False,-0.27065834,-0.25587855,-0.26598232,0.011668395,0.01477979,10.162377,10.162367,10.16237,3.8771654e-06,5.4533596e-07,4.4249174e-08,0.00094576865,7.6174113e-08,0.00033541271,0.01355924,-3.038713e-05,0.0096424412,-0.14839935,1.2452568,-0.03915625,0.040056747,0.99256946,0.0074578413,-4.044186e-05,0.0011776771,92.942066,1.5490344,278.8262,0.0096428331,0.9925699,-3.0048709e-07,5.3882147e-38,-13.210399,1.0499054e-24,-3.4304978,-2.8616053,-2.5668048,0.45880631,True,PASS,5.53,False,,
BHEL,INOXWIND,0.375772,472,44250,118,2025-12-02 09:15:00+05:30,2026-05-26 15:29:00+05:30,1e-12,6.0862444e-05,1e-06,0.0078014386,9.45e-08,5.751501,0.0076138368,0.087257302,1.3133983e-10,0.0079936628,65221.072,1.473923,15,False,-0.62577258,-0.62376715,-0.62376776,5.4107753e-07,0.0020054224,8.7246312,8.8836082,8.5511697,0.19037438,2.2356017e-05,0.0011173077,1.4028725e-05,0.08547557,4.4257455e-05,0.0047161998,-1.6743785e-06,0.0030952841,-0.267911,15.531386,-0.043562097,0.046596989,0.84375074,0.16991541,-8.5842749e-07,0.0018043022,4.0793661,0.067989436,12.238098,0.0030951229,0.84373618,-1.3414116e-07,0,-47.174082,0,-3.4304979,-2.8616054,-2.5668048,0.063648444,False,HL=4.1<15,5.44,False,,
ANGELONE,IREDA,0.37574,473,44250,118,2025-12-02 09:15:00+05:30,2026-05-26 15:29:00+05:30,2.16477e-07,1e-12,0.00046527089,1e-06,0.020457076,9.45e-08,5.1749643e-07,0.00071937225,0.41831592,1.9323805e-06,217708.49,4.919966,15,False,0.13251254,0.17760701,0.12189974,0.025131756,0.04509447,4.9792661,4.9792423,4.9792497,7.3785386e-06,2.1883841e-08,4.4249702e-08,0.18842677,5.5723955e-07,5.4388565e-06,0.0014162737,-1.15949e-08,0.00015888632,-0.21417509,337.44632,-0.0074958257,0.0066780581,-0.42247149,20.723266,-1.5311114e-08,0.00092712713,0.033447777,0.00055746295,0.10034333,0.00014401084,-0.42247827,-1.5311114e-08,0,-78.317077,0,-3.4304979,-2.8616054,-2.5668048,-0.0013871389,False,HL=0.0<15,5.29,False,,
DLF,INDHOTEL,0.375099,474,44250,118,2025-12-02 09:15:00+05:30,2026-05-26 15:29:00+05:30,1e-12,1e-12,1e-06,1e-06,9.45e-08,9.45e-08,0.0014171202,0.037644657,7.0565645e-10,7.0565645e-10,68166.259,1.54048,15,False,0.14744663,0.12032907,0.12790758,0.0088882743,0.027117565,5.5941227,5.5905556,5.5917754,0.0014227105,6.6395361e-09,4.3480778e-08,5.4412293e-05,3.3359832e-06,-0.021768512,0.043017193,-0.00027518474,0.037650436,-0.90988463,0.48180672,-0.13980219,0.068661519,0.99961236,0.00039585683,-0.0016004671,0.0010484362,1751.0047,29.183412,5253.0141,0.037261294,0.99960422,-6.3343047e-07,0.0013943522,-2.8480917,0.051725779,-3.4304978,-2.8616053,-2.5668048,0.4898962,False,ADF_p=0.0517; HL=1751>1440,4.96,False,,
ASHOKLEY,HEROMOTOCO,0.374922,475,44250,118,2025-12-02 09:15:00+05:30,2026-05-26 15:29:00+05:30,2.655762e-08,1e-12,0.00016296509,1e-06,0.0025096951,9.45e-08,2.4925469e-07,0.00049925414,0.10654813,4.0119606e-06,232991.6,5.265347,15,False,0.15668848,0.15988701,0.16961488,0.011046039,0.0031985303,3.7187954,3.7187669,3.718777,9.1534783e-06,3.6910757e-09,4.4249784e-08,0.10429256,8.1612891e-07,7.9074828e-07,0.0011638358,-5.4140204e-09,0.00015530854,0.89455316,295.76831,-0.0071344389,0.0070607244,-0.41379658,20.723266,-5.8064895e-09,0.00091024915,0.033447777,0.00055746295,0.10034333,0.00014138918,-0.41379508,-5.8064895e-09,0,-79.526232,0,-3.4304979,-2.8616054,-2.5668048,-0.0016063557,False,HL=0.0<15,5.08,False,,
BANKBARODA,PFC,0.374757,476,44250,118,2025-12-02 09:15:00+05:30,2026-05-26 15:29:00+05:30,1e-12,1e-12,1e-06,1e-06,9.45e-08,9.45e-08,0.00085047577,0.029162918,1.1758125e-09,1.1758125e-09,71081.218,1.606355,15,False,0.57176581,0.53469559,0.5536926,0.01285697,0.037070222,2.3386374,2.3331498,2.3362543,0.0020974066,5.7690523e-09,4.3348333e-08,6.4669535e-05,4.7034663e-06,-0.022910438,0.034530483,0.00013619513,0.02916166,0.14739511,0.11144698,-0.08436399,0.089985794,0.99948882,0.00050597343,0.00074931949,0.00093254873,1369.928,22.832134,4109.7841,0.029315188,0.99949415,3.7903985e-07,0.00043736381,-2.9981103,0.035071254,-3.4304978,-2.8616053,-2.5668048,0.48033388,True,PASS,4.09,False,,
JIOFIN,UNIONBANK,0.374475,477,44250,118,2025-12-02 09:15:00+05:30,2026-05-26 15:29:00+05:30,1e-12,1e-12,1e-06,1e-06,9.45e-08,9.45e-08,0.0026851302,0.051818242,3.7242142e-10,3.7242142e-10,49694.554,1.123041,15,False,0.28156217,0.23400681,0.24591878,0.011518786,0.047555362,4.2969191,4.2909075,4.2931989,0.0022113776,1.121847e-08,4.3346238e-08,5.8558862e-05,2.5482152e-06,-0.049931929,0.049361336,0.00054214312,0.052052248,0.21488675,-1.147562,-0.10634674,0.10328074,0.9998658,0.00015838103,-0.011154249,0.00085279208,4376.4533,72.940889,13129.36,0.047915561,0.99984163,-1.7664816e-06,0.021003503,-2.0249295,0.27575047,-3.4304978,-2.8616053,-2.5668048,0.50386676,False,ADF_p=0.2758; HL=4376>1440,4.83,False,,
BANKINDIA,UCOBANK,0.374459,478,44250,118,2025-12-02 09:15:00+05:30,2026-05-26 15:29:00+05:30,1e-12,1.0910332e-05,1e-06,0.0033030792,9.45e-08,1.0310264,0.00039128729,0.019780983,2.555667e-09,0.027883176,129099.3,2.917498,15,False,1.0851586,1.0855834,1.0855839,4.6669783e-07,0.00042479385,1.2744612,1.4650234,1.4178368,0.0777108,5.9469394e-06,0.00012236855,3.2524803e-05,0.15359401,2.794187e-05,0.0017110175,1.8968641e-07,0.0011820816,-0.22943056,15.869736,-0.02215782,0.018281595,0.53133149,0.63239118,3.5616433e-07,0.0013293368,1.0960734,0.018267891,3.2882203,0.0011820263,0.5313198,1.6692717e-07,0,-56.584908,0,-3.4304979,-2.8616054,-2.5668048,0.0047147297,False,HL=1.1<15,6.39,False,,
IREDA,KAYNES,0.374445,479,44250,118,2025-12-02 09:15:00+05:30,2026-05-26 15:29:00+05:30,4.5826612e-07,7.7683777e-06,0.00067695356,0.002787181,0.043306148,0.73411169,0.00012045556,0.010975225,0.0038044414,0.06449165,146402.87,3.308539,15,False,0.31698609,0.31612133,0.33494164,0.01177911,0.00086475728,2.2229748,2.3036031,2.0925826,0.13024404,0.0019774909,0.12976491,0.042051928,0.10651156,3.16134e-06,0.001266487,1.2704321e-08,0.00065241901,0.081205526,49.908303,-0.016106484,0.015006597,0.21704747,1.5277941,-5.5742271e-08,0.0011402693,0.45369149,0.0075615248,1.3610745,0.00065231898,0.21701385,-4.3645426e-08,0,-71.656924,0,-3.4304979,-2.8616054,-2.5668048,-0.010077864,False,HL=0.5<15,4.35,False,,
NBCC,PRESTIGE,0.374192,480,44250,118,2025-12-02 09:15:00+05:30,2026-05-26 15:29:00+05:30,3.3529519e-07,1e-12,0.0005790468,1e-06,0.031685396,9.45e-08,1.3029376e-06,0.0011414629,0.25733788,7.6749648e-07,194896.53,4.404441,15,False,1.5703753,1.5796818,1.5772254,0.0093853512,0.0093064055,-6.8859177,-6.8859036,-6.8859083,4.2645925e-06,2.4040739e-08,4.4249946e-08,0.12869859,1.3564974e-07,1.4987271e-06,0.0018008278,1.7450988e-08,0.00016075552,0.2662171,48.10373,-0.0044174258,0.004520154,-0.47262594,20.723266,1.5369423e-08,0.00091197126,0.033447777,0.00055746295,0.10034333,0.00014165668,-0.47258312,1.5369423e-08,0,-80.707474,0,-3.4304979,-2.8616054,-2.5668048,-0.00052021057,False,HL=0.0<15,4.63,False,,
BAJFINANCE,CHOLAFIN,0.374137,481,44250,118,2025-12-02 09:15:00+05:30,2026-05-26 15:29:00+05:30,1e-12,1e-12,1e-06,1e-06,9.45e-08,9.45e-08,0.00026965169,0.016421075,3.7084878e-09,3.7084878e-09,107061.34,2.419465,15,False,0.64136034,0.63629694,0.6357229,0.0025129778,0.0050633946,2.1535009,2.1527275,2.1526698,0.00035738348,2.9779465e-09,4.3521968e-08,8.3271079e-05,7.6451457e-06,-0.0021858749,0.02027103,-1.4041817e-05,0.016430494,0.3647493,0.5867568,-0.051803538,0.076364759,0.99861236,0.0013903489,0.00015114307,0.00086588312,498.54191,8.3090318,1495.6257,0.016420349,0.99861062,2.0999558e-07,1.439795e-08,-5.2608119,6.5975658e-06,-3.4304978,-2.8616053,-2.5668048,0.47606419,True,PASS,6.04,False,,
BANKBARODA,IREDA,0.374115,482,44250,118,2025-12-02 09:15:00+05:30,2026-05-26 15:29:00+05:30,1e-12,1e-12,1e-06,1e-06,9.45e-08,9.45e-08,0.002380025,0.0487855,4.2016365e-10,4.2016365e-10,63673.627,1.438952,15,False,0.78742927,0.783208,0.79103315,0.0042220914,0.0042212665,1.8098076,1.8086349,1.810191,0.00085761741,1.126705e-08,4.3223725e-08,5.7696971e-05,2.8932265e-06,-0.0036522854,0.056031313,0.00040243053,0.048794114,0.77434356,0.45725829,-0.099002347,0.16175987,0.99978976,0.00021301719,0.001702428,0.0010006096,3253.9495,54.232492,9761.8485,0.048477737,0.99978701,3.626078e-07,0.014444792,-1.894994,0.33441976,-3.4304979,-2.8616054,-2.5668048,0.4810538,False,ADF_p=0.3344; HL=3254>1440,6.96,False,,
GRSE,NBCC,0.373892,483,44250,118,2025-12-02 09:15:00+05:30,2026-05-26 15:29:00+05:30,5.9060956e-06,1e-12,0.002430246,1e-06,0.55812603,9.45e-08,9.0273355e-06,0.0030045525,0.65424571,1.1077466e-07,154360.5,3.488373,15,False,2.4097478,2.5104621,2.4886873,0.060823912,0.10071431,-3.5711652,-3.5711607,-3.5711622,1.3790711e-06,4.0777427e-07,4.4249984e-08,0.20442606,2.649674e-08,1.0902415e-05,0.00262655,3.7863833e-08,0.00022810571,0.026852455,50.803138,-0.005256111,0.0052565914,-0.45105868,20.723266,4.1489974e-08,0.0013105765,0.033447777,0.00055746295,0.10034333,0.00020357211,-0.45103048,4.1489974e-08,0,-78.386416,0,-3.4304979,-2.8616054,-2.5668048,-0.00088912383,False,HL=0.0<15,7.08,False,,
J&KBANK,PNB,0.373864,484,44250,118,2025-12-02 09:15:00+05:30,2026-05-26 15:29:00+05:30,1.3861919e-06,1e-12,0.0011773665,1e-06,0.13099513,9.45e-08,2.0232642e-06,0.0014224149,0.68512648,4.9425083e-07,185265.99,4.186802,15,False,0.6533303,0.73410442,0.6756194,0.031867547,0.080774122,1.5177566,1.5177566,1.5177566,4.9677932e-08,8.955077e-08,4.424995e-08,0.19812319,8.5995058e-08,9.2442945e-06,0.0011779451,4.126493e-10,9.5325021e-05,-0.20026541,24.353261,-0.0020315714,0.0014251051,-0.49168423,20.723266,9.0709019e-09,0.00053433182,0.033447777,0.00055746295,0.10034333,8.2997869e-05,-0.49163972,9.0709019e-09,0,-78.148795,0,-3.4304979,-2.8616054,-2.5668048,-9.1062854e-05,False,HL=0.0<15,7.89,False,,
CENTRALBK,INDIANB,0.373833,485,44250,118,2025-12-02 09:15:00+05:30,2026-05-26 15:29:00+05:30,1e-12,1e-12,1e-06,1e-06,9.45e-08,9.45e-08,0.00062246125,0.024949173,1.6065257e-09,1.6065257e-09,90923.957,2.054779,15,False,0.39338729,0.37697881,0.38484104,0.0054071299,0.016408482,0.98813645,0.98589779,0.98707934,0.00081564169,4.5477538e-09,4.3453084e-08,6.6655041e-05,5.2076294e-06,-0.0087257125,0.028576918,-2.8648731e-05,0.024949188,-0.84895026,1.7742514,-0.092626839,0.061071292,0.99924131,0.00062449808,-0.0028145156,0.00097198689,1109.9268,18.498781,3329.7805,0.027502987,0.9993757,-1.7571108e-06,0.00037420816,-2.3567163,0.15432729,-3.4304978,-2.8616053,-2.5668048,0.46212741,False,ADF_p=0.1543,7.12,False,,
BEL,IRFC,0.37375,486,44250,118,2025-12-02 09:15:00+05:30,2026-05-26 15:29:00+05:30,1e-12,1.470495e-05,1e-06,0.0038347034,9.45e-08,1.3896178,0.0019319285,0.043953709,5.1761749e-10,0.0076115395,95619.053,2.160883,15,False,0.7127034,0.71364225,0.7136425,2.2230562e-07,0.0009388468,2.6330942,2.7591272,2.7111642,0.095958324,5.3685332e-06,0.00027485993,1.1183971e-05,0.08349766,3.4759254e-05,0.0022332188,8.727544e-07,0.0015204968,-0.92501759,28.058069,-0.033718528,0.018039553,0.80322522,0.21911404,8.9750727e-07,0.0010065685,3.1634083,0.052723472,9.490225,0.0015205238,0.80323011,1.7660241e-07,0,-46.458217,0,-3.4304979,-2.8616054,-2.5668048,0.060093545,False,HL=3.2<15,7.15,False,,
CANBK,CDSL,0.373741,487,44250,118,2025-12-02 09:15:00+05:30,2026-05-26 15:29:00+05:30,1e-12,1e-12,1e-06,1e-06,9.45e-08,9.45e-08,0.00071496105,0.026738756,1.3986776e-09,1.3986776e-09,88416.839,1.998121,15,False,0.31240591,0.30271317,0.31103714,0.0046106102,0.009692739,2.7285571,2.7273167,2.7285343,0.00067507248,4.5148516e-09,4.3529493e-08,6.1389647e-05,4.61635e-06,-0.0043638035,0.031438611,-4.7889298e-05,0.026737747,0.27230346,0.45308985,-0.085663107,0.095263216,0.99931402,0.00068465336,0.00012086258,0.00099054738,1012.406,16.873434,3037.218,0.026768552,0.99931558,8.2720649e-08,5.072291e-05,-3.6963591,0.0041646587,-3.4304978,-2.8616053,-2.5668048,0.49887939,True,PASS,7.12,False,,
BHEL,IREDA,0.373708,488,44250,118,2025-12-02 09:15:00+05:30,2026-05-26 15:29:00+05:30,3.5867502e-06,1e-12,0.0018938717,1e-06,0.33894789,9.45e-08,6.2403262e-06,0.0024980645,0.57476966,1.6024803e-07,163322.76,3.69091,15,False,1.4013514,1.5012941,1.4278352,0.030726332,0.09994266,-1.2686732,-1.2686704,-1.2686713,8.4465686e-07,2.4856159e-07,4.4249981e-08,0.19261394,3.5013577e-08,1.164572e-05,0.001530637,1.6146104e-08,0.00013423768,-0.14073894,38.329675,-0.0031294293,0.0029631043,-0.46284334,20.723266,2.3189626e-08,0.00076607762,0.033447777,0.00055746295,0.10034333,0.00011899499,-0.4628433,2.3189626e-08,0,-78.493649,0,-3.4304979,-2.8616054,-2.5668048,-0.00057589703,False,HL=0.0<15,7.87,False,,
BEL,BHEL,0.373676,489,44250,118,2025-12-02 09:15:00+05:30,2026-05-26 15:29:00+05:30,1e-12,1e-12,1e-06,1e-06,9.45e-08,9.45e-08,0.0054859881,0.074067456,1.8228257e-10,1.8228257e-10,46393.319,1.048437,15,False,0.53605783,0.53222872,0.54069649,0.0039142858,0.0038291074,2.9873804,2.9865915,2.987886,0.00064587295,1.3396733e-08,4.3684768e-08,4.8302859e-05,1.4023296e-06,-0.0038600955,0.083401193,0.0016477468,0.074050208,-0.40723798,-0.80844067,-0.16871672,0.14091226,0.99991591,3.2725791e-05,-0.097292855,0.00096031528,21180.456,353.0076,63541.369,0.11870083,0.99996727,-3.1839335e-06,0.29778172,-0.38635216,0.91235266,-3.4304978,-2.8616053,-2.5668048,0.50370583,False,ADF_p=0.9124; HL=21180>1440,6.85,False,,
IOB,UCOBANK,0.373591,490,44250,118,2025-12-02 09:15:00+05:30,2026-05-26 15:29:00+05:30,2.5432335e-09,1e-12,5.0430482e-05,1e-06,0.00024033557,9.45e-08,0.0002443384,0.015631328,1.0408653e-05,4.0926846e-09,141853.75,3.205734,15,False,0.57244139,0.56322,0.56081763,0.0071066376,0.0092213852,1.6920364,1.692025,1.6920276,3.08272e-06,2.4650651e-07,4.4247803e-08,0.0032369874,4.0360869e-07,-7.145828e-05,0.0037441541,-2.7217087e-06,0.0027382641,1.3854771,20.478872,-0.018231272,0.046365992,0.94090069,0.060912473,-7.3646543e-07,0.00095578932,11.379397,0.18965661,34.13819,0.0027383822,0.94090559,-4.3520989e-08,7.8828545e-291,-23.057284,0,-3.4304979,-2.8616053,-2.5668048,0.3083401,False,HL=11.4<15,6.89,False,,
IREDA,NMDC,0.373404,491,44250,118,2025-12-02 09:15:00+05:30,2026-05-26 15:29:00+05:30,9.3062189e-08,1e-12,0.00030506096,1e-06,0.0087943769,9.45e-08,3.2024435e-07,0.00056590136,0.29059744,3.1226156e-06,230050.73,5.198887,15,False,-0.211891,-0.22201201,-0.22875894,0.016573529,0.01012101,5.8659102,5.8658241,5.8658517,2.65517e-05,1.5910022e-08,4.4249285e-08,0.19660676,1.4526765e-06,-1.0873607e-06,0.0012979863,-2.5779095e-08,0.00021331694,0.48320284,116.28924,-0.0056633613,0.007049149,-0.34541309,20.723266,-4.0129838e-08,0.0012887809,0.033447777,0.00055746295,0.10034333,0.00020018659,-0.34540779,-4.0129838e-08,0,-78.002182,0,-3.4304979,-2.8616054,-2.5668048,-0.0027448518,False,HL=0.0<15,6.78,False,,
MOTHERSON,TVSMOTOR,0.373303,492,44250,118,2025-12-02 09:15:00+05:30,2026-05-26 15:29:00+05:30,1e-12,1.612116e-07,1e-06,0.00040151164,9.45e-08,0.015234496,0.00087306009,0.02954759,1.1453965e-09,0.0001846512,112900.48,2.551423,15,False,-0.25638124,-0.25649388,-0.256517,1.8215333e-05,0.00011263382,6.8765099,6.9966961,6.8979818,0.067488311,2.1956506e-07,2.6336972e-05,1.4220613e-05,0.013463077,0.00021371586,0.0088778104,-5.0097356e-06,0.0060779677,-0.013395039,4.7472367,-0.043041349,0.052907101,0.97242939,0.028025495,1.1427375e-05,0.0014371833,24.732736,0.41221227,74.198209,0.006070445,0.97236358,3.1581179e-07,1.5247873e-136,-23.327604,0,-3.4304979,-2.8616053,-2.5668048,0.35161442,True,PASS,7.8,False,,
IOC,PETRONET,0.373128,493,44250,118,2025-12-02 09:15:00+05:30,2026-05-26 15:29:00+05:30,1e-12,9.1304647e-05,1e-06,0.0095553465,9.45e-08,8.6282892,0.024355542,0.15606262,4.1058416e-11,0.0037488242,40128.406,0.906857,15,False,2.6094408,2.6092062,2.6092065,3.2120034e-07,0.00023462287,-9.5281263,-9.7434652,-9.6507515,0.094020708,1.3119587e-05,0.0018628053,2.8400793e-06,0.059363857,-8.1730305e-05,0.0075390956,2.7294622e-06,0.005025999,-0.49941119,23.455846,-0.09319389,0.064619522,0.875595,0.13287214,-3.4557537e-07,0.0025906556,5.2166482,0.086944136,15.649944,0.0050254821,0.87557704,-4.2997511e-08,0,-40.897047,0,-3.4304979,-2.8616054,-2.5668048,0.11203029,False,HL=5.2<15,7.75,False,,
CGPOWER,IREDA,0.373075,494,44250,118,2025-12-02 09:15:00+05:30,2026-05-26 15:29:00+05:30,6.7250616e-06,0.00015045844,0.0025932724,0.01226615,0.63551832,14.218323,0.0031541247,0.056161595,0.0021321483,0.047702123,79842.548,1.804351,15,False,0.76888377,0.63252157,0.67243142,0.037560969,0.1363622,2.6923682,3.7022757,3.2822623,0.28442526,0.068217622,1.6142188,0.029731428,0.13956716,2.8731589e-05,0.0016211741,9.7479329e-08,0.00098453252,-0.99603288,114.38223,-0.032272694,0.029553275,0.44650277,0.80631793,1.8362751e-07,0.0012502311,0.85964501,0.014327417,2.578935,0.00098451454,0.44649908,1.01638e-07,0,-65.698572,0,-3.4304979,-2.8616054,-2.5668048,-0.0068980304,False,HL=0.9<15,7.2,False,,
LODHA,PHOENIXLTD,0.373013,495,44250,118,2025-12-02 09:15:00+05:30,2026-05-26 15:29:00+05:30,7.775526e-08,1e-12,0.0002788463,1e-06,0.0073478721,9.45e-08,4.2048935e-07,0.0006484515,0.18491612,2.3781815e-06,220231.58,4.976985,15,False,-0.078596775,-0.10694247,-0.1008541,0.018261751,0.028345699,7.6080169,7.6079906,7.6079996,8.2134194e-06,7.6745288e-09,4.4249847e-08,0.12311385,4.6927587e-07,-5.0826983e-06,0.0014073539,-9.4272979e-09,0.00015366373,-0.49798933,234.62489,-0.0061662456,0.006034756,-0.42927232,20.723266,-1.2458763e-08,0.00089349355,0.033447777,0.00055746295,0.10034333,0.00013878653,-0.42927193,-1.2458763e-08,0,-80.062197,0,-3.4304979,-2.8616054,-2.5668048,-0.0011973902,False,HL=0.0<15,7.41,False,,
CANBK,FEDERALBNK,0.372967,496,44250,118,2025-12-02 09:15:00+05:30,2026-05-26 15:29:00+05:30,1e-12,1e-12,1e-06,1e-06,9.45e-08,9.45e-08,0.0011019719,0.033195961,9.0746419e-10,9.0746419e-10,77757.219,1.757225,15,False,0.16059106,0.13369867,0.14707079,0.0080506817,0.026892388,4.1398202,4.1358944,4.1383039,0.0014632684,6.9450601e-09,4.3265403e-08,6.3113425e-05,4.2804644e-06,-0.016538974,0.03651542,-8.940603e-05,0.033194392,-0.20618713,0.13901077,-0.10910972,0.1005348,0.99948734,0.00051916623,-0.0011761703,0.0010630453,1335.1161,22.251935,4005.3482,0.032990093,0.99948097,-6.1046941e-07,0.00032499346,-3.3618685,0.012329522,-3.4304978,-2.8616053,-2.5668048,0.49755941,True,PASS,5.88,False,,
DLF,MAZDOCK,0.37284,497,44250,118,2025-12-02 09:15:00+05:30,2026-05-26 15:29:00+05:30,1e-12,1e-12,1e-06,1e-06,9.45e-08,9.45e-08,0.00099019274,0.031467328,1.0099044e-09,1.0099044e-09,73286.399,1.65619,15,False,0.20023742,0.17672462,0.18391896,0.0089331389,0.023512801,4.9907034,4.9878319,4.9888016,0.0011863849,4.6389966e-09,4.3666731e-08,5.4158991e-05,3.5242298e-06,-0.016417053,0.038477107,-0.00010626226,0.031472768,-0.71271747,0.23575534,-0.12076614,0.064156331,0.99946877,0.00053178894,-0.00016036112,0.0010260093,1303.4253,21.723756,3910.276,0.031460575,0.99946835,-8.5255599e-08,0.00030053384,-3.1522704,0.022919092,-3.4304979,-2.8616054,-2.5668048,0.48547879,True,PASS,7.54,False,,
HAL,SOLARINDS,0.372719,498,44250,118,2025-12-02 09:15:00+05:30,2026-05-26 15:29:00+05:30,1e-12,2.7344834e-05,1e-06,0.0052292288,9.45e-08,2.5840868,0.00051701198,0.022737897,1.9341912e-09,0.052890136,121536.46,2.746587,15,False,-0.37246969,-0.37196156,-0.37196312,1.4101775e-06,0.00050812251,11.947875,12.051618,11.897366,0.084797919,1.4939258e-06,0.00025021584,8.8690181e-06,0.20501923,1.1783246e-05,0.0021099199,-2.3407779e-07,0.0013045951,-0.67167903,53.452761,-0.04031967,0.022495146,0.61544568,0.48539945,-1.5683729e-07,0.0012854255,1.4279933,0.023799889,4.28398,0.0013046147,0.61545131,-6.0311576e-08,0,-61.354512,0,-3.4304979,-2.8616054,-2.5668048,0.00018842027,False,HL=1.4<15,7.86,False,,
ABCAPITAL,NBCC,0.372702,499,44250,118,2025-12-02 09:15:00+05:30,2026-05-26 15:29:00+05:30,4.6499664e-07,6.9138977e-11,0.00068190662,8.3149851e-06,0.043942183,6.5336334e-06,1.0873298e-06,0.0010427511,0.42765006,6.3586025e-05,208245.98,4.706124,15,False,0.586544,0.61518029,0.60007842,0.010045672,0.028636294,3.0884647,3.0884716,3.0884684,1.225294e-05,1.9425484e-07,3.0584633e-06,0.19828835,2.1982147e-05,3.3047519e-06,0.0010532974,1.1501423e-09,0.00013053726,-0.028877177,30.619083,-0.0032234657,0.0028682853,-0.43673537,20.723266,1.3041558e-09,0.00075601098,0.033447777,0.00055746295,0.10034333,0.00011743134,-0.43673614,1.3041557e-09,0,-77.478606,0,-3.4304979,-2.8616054,-2.5668048,-0.0010441807,False,HL=0.0<15,6.85,False,,
INDIANB,RECLTD,0.372593,500,44250,118,2025-12-02 09:15:00+05:30,2026-05-26 15:29:00+05:30,7.0721458e-07,1e-12,0.00084096051,1e-06,0.066831778,9.45e-08,1.7542094e-06,0.0013244657,0.40315289,5.7005738e-07,187857.46,4.245366,15,False,-1.2537248,-1.2724076,-1.257388,0.016264539,0.018682806,14.136953,14.136941,14.136945,3.8532233e-06,4.972699e-08,4.4249966e-08,0.1597685,9.4149531e-08,-2.5172282e-06,0.0021359738,-2.0410165e-08,0.00017781456,0.54444351,180.58915,-0.0054564439,0.0068518946,-0.42225035,20.723266,-2.7955202e-08,0.0010376996,0.033447777,0.00055746295,0.10034333,0.00016118609,-0.42225331,-2.7955202e-08,0,-78.095304,0,-3.4304979,-2.8616054,-2.5668048,-0.0013801073,False,HL=0.0<15,7.08,False,,
