symbol_a,symbol_b,Q_beta,Q_alpha,R,half_life_minutes,capital_inr,skipped,skip_reason,error,TOTAL_TRADES,TOTAL_NET_PNL,TOTAL_GROSS_PNL,TOTAL_WIN_RATE,IS_TRADES,IS_WIN_RATE,IS_NET_PNL,IS_GROSS_PNL,OOS_TRADES,OOS_WIN_RATE,OOS_NET_PNL,OOS_GROSS_PNL,Z_ENTRY,Z_STOP,Z_EXIT
BDL,COCHINSHIP,1e-12,6.5688583e-07,0.00051259739,6.3743849,50000.0,False,,,180,-6012.554083036928,3484.900000000067,47.77777777777778,145,46.89655172413793,-6317.687402969893,1339.0000000001046,35,51.42857142857143,305.13331993296197,2145.899999999962,2.0,3.0,0.0
BDL,COCHINSHIP,1e-12,6.5688583e-07,0.00051259739,6.3743849,50000.0,False,,,192,-8796.234408568125,1333.5999999998805,43.229166666666664,154,44.15584415584416,-6969.153082901165,1162.0999999998373,38,39.473684210526315,-1827.0813256669576,171.50000000004275,2.0,3.0,0.5
BDL,COCHINSHIP,1e-12,6.5688583e-07,0.00051259739,6.3743849,50000.0,False,,,201,-8952.792052149873,1653.0000000001287,40.298507462686565,159,41.509433962264154,-6092.757644503926,2303.2000000000744,42,35.714285714285715,-2860.034407645945,-650.199999999945,2.0,3.0,1.0
BDL,COCHINSHIP,1e-12,6.5688583e-07,0.00051259739,6.3743849,50000.0,False,,,180,-8223.709323333986,1273.6000000000122,41.666666666666664,145,39.310344827586206,-9106.923006384939,-1450.499999999943,35,51.42857142857143,883.2136830509552,2724.099999999956,2.0,3.5,0.0
BDL,COCHINSHIP,1e-12,6.5688583e-07,0.00051259739,6.3743849,50000.0,False,,,192,-9907.216680571164,222.69999999983406,36.979166666666664,154,36.36363636363637,-8709.282722241174,-578.1000000001766,38,39.473684210526315,-1197.9339583299898,800.8000000000109,2.0,3.5,0.5
BDL,COCHINSHIP,1e-12,6.5688583e-07,0.00051259739,6.3743849,50000.0,False,,,201,-9457.26202525087,1148.5000000001319,34.32835820895522,159,33.9622641509434,-7305.423909280916,1090.3000000000836,42,35.714285714285715,-2151.838115969952,58.20000000004802,2.0,3.5,1.0
BDL,COCHINSHIP,1e-12,6.5688583e-07,0.00051259739,6.3743849,50000.0,False,,,181,-10189.370568332031,-640.4000000000319,37.569060773480665,146,36.3013698630137,-10089.41903272201,-2381.600000000014,35,42.857142857142854,-99.95153561001769,1741.1999999999816,2.0,4.0,0.0
BDL,COCHINSHIP,1e-12,6.5688583e-07,0.00051259739,6.3743849,50000.0,False,,,193,-10523.045809700168,-341.20000000017353,34.196891191709845,155,34.193548387096776,-8991.09297862621,-808.4000000002168,38,34.21052631578947,-1531.952831073957,467.20000000004325,2.0,4.0,0.5
BDL,COCHINSHIP,1e-12,6.5688583e-07,0.00051259739,6.3743849,50000.0,False,,,203,-9144.475575190909,1566.100000000094,32.01970443349754,161,31.677018633540374,-7058.93364270395,1441.200000000052,42,33.333333333333336,-2085.5419324869576,124.90000000004216,2.0,4.0,1.0
BDL,COCHINSHIP,1e-12,6.5688583e-07,0.00051259739,6.3743849,50000.0,False,,,180,-10335.84833056406,-841.4000000000588,36.111111111111114,145,35.172413793103445,-8819.95930907105,-1166.9000000000503,35,40.0,-1515.8890214930084,325.49999999999113,2.0,4.5,0.0
BDL,COCHINSHIP,1e-12,6.5688583e-07,0.00051259739,6.3743849,50000.0,False,,,192,-10442.719016731226,-315.5000000002244,33.333333333333336,154,33.76623376623377,-7348.096556945263,780.0999999997389,38,31.57894736842105,-3094.6224597859627,-1095.5999999999633,2.0,4.5,0.5
BDL,COCHINSHIP,1e-12,6.5688583e-07,0.00051259739,6.3743849,50000.0,False,,,203,-10474.952040565948,234.00000000005411,30.049261083743843,161,29.81366459627329,-7004.57648222797,1494.000000000032,42,30.952380952380953,-3470.375558337979,-1259.9999999999784,2.0,4.5,1.0
BDL,COCHINSHIP,1e-12,6.5688583e-07,0.00051259739,6.3743849,50000.0,False,,,177,-11737.821310296125,-2399.4000000001242,34.463276836158194,142,33.098591549295776,-10674.477631773094,-3177.5000000000973,35,40.0,-1063.3436785230272,778.0999999999722,2.0,5.0,0.0
BDL,COCHINSHIP,1e-12,6.5688583e-07,0.00051259739,6.3743849,50000.0,False,,,189,-11341.300662852336,-1370.0000000003397,31.746031746031747,151,31.788079470198674,-8699.223546036352,-727.0000000003574,38,31.57894736842105,-2642.0771168159818,-642.9999999999823,2.0,5.0,0.5
BDL,COCHINSHIP,1e-12,6.5688583e-07,0.00051259739,6.3743849,50000.0,False,,,203,-11959.20034644292,-1247.29999999992,28.571428571428573,161,27.950310559006212,-8941.370131074924,-439.89999999992256,42,30.952380952380953,-3017.830215367997,-807.3999999999974,2.0,5.0,1.0
BDL,COCHINSHIP,1e-12,6.5688583e-07,0.00051259739,6.3743849,50000.0,False,,,177,-11696.383730764905,-2355.6999999999052,35.02824858757062,142,33.80281690140845,-10786.75494164693,-3288.4999999999327,35,40.0,-909.6287891179722,932.800000000027,2.0,5.5,0.0
BDL,COCHINSHIP,1e-12,6.5688583e-07,0.00051259739,6.3743849,50000.0,False,,,190,-11995.350116226215,-1970.4000000002134,32.10526315789474,152,32.23684210526316,-9710.12505794526,-1685.10000000026,38,31.57894736842105,-2285.225058280954,-285.2999999999538,2.0,5.5,0.5
BDL,COCHINSHIP,1e-12,6.5688583e-07,0.00051259739,6.3743849,50000.0,False,,,204,-12553.965554125707,-1788.199999999709,28.92156862745098,162,28.395061728395063,-9951.026588472761,-1396.4999999997601,42,30.952380952380953,-2602.9389656529497,-391.6999999999491,2.0,5.5,1.0
BDL,COCHINSHIP,1e-12,6.5688583e-07,0.00051259739,6.3743849,50000.0,False,,,176,-12451.941296135996,-3164.5999999999904,33.52272727272727,141,31.914893617021278,-11819.33351620601,-4374.600000000008,35,40.0,-632.6077799299827,1210.0000000000173,2.0,6.0,0.0
BDL,COCHINSHIP,1e-12,6.5688583e-07,0.00051259739,6.3743849,50000.0,False,,,190,-12621.161557510299,-2596.4000000002984,31.05263157894737,152,30.92105263157895,-10612.957508417334,-2588.300000000334,38,31.57894736842105,-2008.2040490929635,-8.099999999963984,2.0,6.0,0.5
BDL,COCHINSHIP,1e-12,6.5688583e-07,0.00051259739,6.3743849,50000.0,False,,,204,-12711.45929740177,-1945.7999999997721,27.941176470588236,162,27.160493827160494,-10385.541340936812,-1831.299999999813,42,30.952380952380953,-2325.9179564649594,-114.4999999999593,2.0,6.0,1.0
BDL,COCHINSHIP,1e-12,6.5688583e-07,0.00051259739,6.3743849,50000.0,False,,,174,-12123.836771491015,-2941.100000000014,32.18390804597701,139,30.215827338129497,-11924.948753421028,-4585.100000000031,35,40.0,-198.88801806998288,1644.0000000000173,2.0,6.5,0.0
BDL,COCHINSHIP,1e-12,6.5688583e-07,0.00051259739,6.3743849,50000.0,False,,,188,-12254.681828129284,-2334.500000000288,30.319148936170212,150,30.0,-10680.197540896319,-2760.4000000003234,38,31.57894736842105,-1574.4842872329637,425.90000000003624,2.0,6.5,0.5
BDL,COCHINSHIP,1e-12,6.5688583e-07,0.00051259739,6.3743849,50000.0,False,,,204,-13075.155052630756,-2309.899999999756,26.470588235294116,162,25.308641975308642,-11182.956858025798,-2629.399999999797,42,30.952380952380953,-1892.1981946049593,319.5000000000405,2.0,6.5,1.0
BDL,COCHINSHIP,1e-12,6.5688583e-07,0.00051259739,6.3743849,50000.0,False,,,174,-11706.110486478012,-2523.4000000000087,32.18390804597701,139,30.215827338129497,-11074.801867125043,-3734.7000000000444,35,40.0,-631.3086193529651,1211.3000000000347,2.0,7.0,0.0
BDL,COCHINSHIP,1e-12,6.5688583e-07,0.00051259739,6.3743849,50000.0,False,,,188,-11699.844134528295,-1779.600000000295,30.319148936170212,150,30.0,-9830.050654600338,-1910.0000000003383,38,31.57894736842105,-1869.793479927956,130.40000000004352,2.0,7.0,0.5
BDL,COCHINSHIP,1e-12,6.5688583e-07,0.00051259739,6.3743849,50000.0,False,,,204,-12450.362558729785,-1684.9999999997838,26.470588235294116,162,25.308641975308642,-10332.809971729814,-1778.9999999998133,42,30.952380952380953,-2117.552586999971,94.00000000002933,2.0,7.0,1.0
BDL,COCHINSHIP,1e-12,6.5688583e-07,0.00051259739,6.3743849,50000.0,False,,,174,-11976.832464385028,-2794.5000000000255,32.18390804597701,139,30.215827338129497,-10921.098078069037,-3581.1000000000386,35,40.0,-1055.7343863159874,786.6000000000122,2.0,7.5,0.0
BDL,COCHINSHIP,1e-12,6.5688583e-07,0.00051259739,6.3743849,50000.0,False,,,188,-11886.9201583623,-1967.0000000002956,30.319148936170212,150,30.0,-9676.346865544336,-1756.4000000003325,38,31.57894736842105,-2210.573292817963,-210.59999999996285,2.0,7.5,0.5
BDL,COCHINSHIP,1e-12,6.5688583e-07,0.00051259739,6.3743849,50000.0,False,,,204,-12637.438582563782,-1872.3999999997852,26.470588235294116,162,25.308641975308642,-10179.106182673808,-1625.3999999998075,42,30.952380952380953,-2458.332399889978,-246.9999999999775,2.0,7.5,1.0
BDL,COCHINSHIP,1e-12,6.5688583e-07,0.00051259739,6.3743849,50000.0,False,,,174,-11583.136198747045,-2399.5000000000437,32.18390804597701,139,30.215827338129497,-10527.401812431053,-3186.1000000000568,35,40.0,-1055.7343863159874,786.6000000000122,2.0,8.0,0.0
BDL,COCHINSHIP,1e-12,6.5688583e-07,0.00051259739,6.3743849,50000.0,False,,,188,-11432.382809556293,-1511.2000000002963,30.319148936170212,150,30.0,-9221.809516738329,-1300.6000000003332,38,31.57894736842105,-2210.573292817963,-210.59999999996285,2.0,8.0,0.5
BDL,COCHINSHIP,1e-12,6.5688583e-07,0.00051259739,6.3743849,50000.0,False,,,204,-12170.09258466981,-1403.7999999998106,26.470588235294116,162,25.308641975308642,-9711.760184779832,-1156.799999999833,42,30.952380952380953,-2458.332399889978,-246.9999999999775,2.0,8.0,1.0
BDL,COCHINSHIP,1e-12,6.5688583e-07,0.00051259739,6.3743849,50000.0,False,,,174,-11093.052854931004,-1909.1000000000029,32.18390804597701,139,30.215827338129497,-10037.318468615013,-2695.700000000016,35,40.0,-1055.7343863159874,786.6000000000122,2.0,8.5,0.0
BDL,COCHINSHIP,1e-12,6.5688583e-07,0.00051259739,6.3743849,50000.0,False,,,188,-10942.299465740252,-1020.8000000002553,30.319148936170212,150,30.0,-8731.726172922288,-810.2000000002922,38,31.57894736842105,-2210.573292817963,-210.59999999996285,2.0,8.5,0.5
BDL,COCHINSHIP,1e-12,6.5688583e-07,0.00051259739,6.3743849,50000.0,False,,,204,-11680.00924085377,-913.39999999977,26.470588235294116,162,25.308641975308642,-9221.676840963793,-666.3999999997925,42,30.952380952380953,-2458.332399889978,-246.9999999999775,2.0,8.5,1.0
BDL,COCHINSHIP,1e-12,6.5688583e-07,0.00051259739,6.3743849,50000.0,False,,,174,-9677.773292320999,-494.1000000000024,32.18390804597701,139,30.215827338129497,-8622.038906005007,-1280.7000000000146,35,40.0,-1055.7343863159874,786.6000000000122,2.0,9.0,0.0
BDL,COCHINSHIP,1e-12,6.5688583e-07,0.00051259739,6.3743849,50000.0,False,,,188,-9527.019903130255,394.199999999749,30.319148936170212,150,30.0,-7316.446610312291,604.7999999997123,38,31.57894736842105,-2210.573292817963,-210.59999999996285,2.0,9.0,0.5
BDL,COCHINSHIP,1e-12,6.5688583e-07,0.00051259739,6.3743849,50000.0,False,,,204,-10234.609339372766,531.7000000002322,26.470588235294116,162,25.308641975308642,-7776.276939482789,778.7000000002097,42,30.952380952380953,-2458.332399889978,-246.9999999999775,2.0,9.0,1.0
BDL,COCHINSHIP,1e-12,6.5688583e-07,0.00051259739,6.3743849,50000.0,False,,,174,-9658.58568995303,-474.9000000000344,32.18390804597701,139,30.215827338129497,-8602.851303637039,-1261.5000000000466,35,40.0,-1055.7343863159874,786.6000000000122,2.0,9.5,0.0
BDL,COCHINSHIP,1e-12,6.5688583e-07,0.00051259739,6.3743849,50000.0,False,,,188,-9913.96988421827,6.9999999997301074,30.319148936170212,150,30.0,-7703.3965914003065,217.59999999969295,38,31.57894736842105,-2210.573292817963,-210.59999999996285,2.0,9.5,0.5
BDL,COCHINSHIP,1e-12,6.5688583e-07,0.00051259739,6.3743849,50000.0,False,,,204,-10621.559320460785,144.50000000021305,26.470588235294116,162,25.308641975308642,-8163.22692057081,391.50000000019077,42,30.952380952380953,-2458.332399889978,-246.9999999999775,2.0,9.5,1.0
BDL,COCHINSHIP,1e-12,6.5688583e-07,0.00051259739,6.3743849,50000.0,False,,,174,-7455.907926969049,1727.4999999999418,32.758620689655174,139,30.215827338129497,-7687.442773997035,-345.500000000043,35,42.857142857142854,231.53484702798505,2072.9999999999845,2.0,10.0,0.0
BDL,COCHINSHIP,1e-12,6.5688583e-07,0.00051259739,6.3743849,50000.0,False,,,188,-7791.346178034297,2129.3999999997063,30.851063829787233,150,30.0,-6787.988061760304,1133.5999999996966,38,34.21052631578947,-1003.358116273991,995.8000000000095,2.0,10.0,0.5
BDL,COCHINSHIP,1e-12,6.5688583e-07,0.00051259739,6.3743849,50000.0,False,,,204,-8441.296693380784,2324.5000000002174,26.96078431372549,162,25.308641975308642,-7247.818390930807,1307.5000000001944,42,33.333333333333336,-1193.478302449978,1017.0000000000225,2.0,10.0,1.0
BDL,COCHINSHIP,1e-12,6.5688583e-07,0.00051259739,6.3743849,50000.0,False,,,174,-7455.907926969049,1727.4999999999418,32.758620689655174,139,30.215827338129497,-7687.442773997035,-345.500000000043,35,42.857142857142854,231.53484702798505,2072.9999999999845,2.0,10.5,0.0
BDL,COCHINSHIP,1e-12,6.5688583e-07,0.00051259739,6.3743849,50000.0,False,,,188,-7791.346178034297,2129.3999999997063,30.851063829787233,150,30.0,-6787.988061760304,1133.5999999996966,38,34.21052631578947,-1003.358116273991,995.8000000000095,2.0,10.5,0.5
BDL,COCHINSHIP,1e-12,6.5688583e-07,0.00051259739,6.3743849,50000.0,False,,,204,-8441.296693380784,2324.5000000002174,26.96078431372549,162,25.308641975308642,-7247.818390930807,1307.5000000001944,42,33.333333333333336,-1193.478302449978,1017.0000000000225,2.0,10.5,1.0
BDL,COCHINSHIP,1e-12,6.5688583e-07,0.00051259739,6.3743849,50000.0,False,,,174,-7156.101639969048,2027.4999999999418,32.758620689655174,139,30.215827338129497,-7387.636486997035,-45.500000000042974,35,42.857142857142854,231.53484702798505,2072.9999999999845,2.0,11.0,0.0
BDL,COCHINSHIP,1e-12,6.5688583e-07,0.00051259739,6.3743849,50000.0,False,,,188,-7491.539891034296,2429.3999999997063,30.851063829787233,150,30.0,-6488.181774760304,1433.5999999996966,38,34.21052631578947,-1003.358116273991,995.8000000000095,2.0,11.0,0.5
BDL,COCHINSHIP,1e-12,6.5688583e-07,0.00051259739,6.3743849,50000.0,False,,,204,-8141.490406380783,2624.5000000002174,26.96078431372549,162,25.308641975308642,-6948.012103930807,1607.5000000001944,42,33.333333333333336,-1193.478302449978,1017.0000000000225,2.0,11.0,1.0
BDL,COCHINSHIP,1e-12,6.5688583e-07,0.00051259739,6.3743849,50000.0,False,,,174,-7210.466513345063,1973.0999999999267,32.758620689655174,139,30.215827338129497,-7442.00136037305,-99.90000000005807,35,42.857142857142854,231.53484702798505,2072.9999999999845,2.0,11.5,0.0
BDL,COCHINSHIP,1e-12,6.5688583e-07,0.00051259739,6.3743849,50000.0,False,,,188,-7362.023575050264,2558.9999999997367,30.851063829787233,150,30.0,-6358.665458776274,1563.199999999727,38,34.21052631578947,-1003.358116273991,995.8000000000095,2.0,11.5,0.5
BDL,COCHINSHIP,1e-12,6.5688583e-07,0.00051259739,6.3743849,50000.0,False,,,204,-7883.0573869867785,2883.100000000225,26.96078431372549,162,25.308641975308642,-6689.579084536801,1866.100000000202,42,33.333333333333336,-1193.478302449978,1017.0000000000225,2.0,11.5,1.0
BDL,COCHINSHIP,1e-12,6.5688583e-07,0.00051259739,6.3743849,50000.0,False,,,174,-7210.466513345063,1973.0999999999267,32.758620689655174,139,30.215827338129497,-7442.00136037305,-99.90000000005807,35,42.857142857142854,231.53484702798505,2072.9999999999845,2.0,12.0,0.0
BDL,COCHINSHIP,1e-12,6.5688583e-07,0.00051259739,6.3743849,50000.0,False,,,188,-7362.023575050264,2558.9999999997367,30.851063829787233,150,30.0,-6358.665458776274,1563.199999999727,38,34.21052631578947,-1003.358116273991,995.8000000000095,2.0,12.0,0.5
BDL,COCHINSHIP,1e-12,6.5688583e-07,0.00051259739,6.3743849,50000.0,False,,,204,-7883.0573869867785,2883.100000000225,26.96078431372549,162,25.308641975308642,-6689.579084536801,1866.100000000202,42,33.333333333333336,-1193.478302449978,1017.0000000000225,2.0,12.0,1.0
BDL,COCHINSHIP,1e-12,6.5688583e-07,0.00051259739,6.3743849,50000.0,False,,,174,-9591.074027435052,-405.900000000054,32.758620689655174,139,30.215827338129497,-9822.608874463032,-2478.9000000000397,35,42.857142857142854,231.53484702798505,2072.9999999999845,2.0,12.5,0.0
BDL,COCHINSHIP,1e-12,6.5688583e-07,0.00051259739,6.3743849,50000.0,False,,,188,-9520.481081520253,401.9999999997485,30.851063829787233,150,30.0,-8517.12296524626,-593.8000000002608,38,34.21052631578947,-1003.358116273991,995.8000000000095,2.0,12.5,0.5
BDL,COCHINSHIP,1e-12,6.5688583e-07,0.00051259739,6.3743849,50000.0,False,,,204,-10113.463477005762,654.2000000002383,26.96078431372549,162,25.308641975308642,-8919.985174555784,-362.7999999997844,42,33.333333333333336,-1193.478302449978,1017.0000000000225,2.0,12.5,1.0
BDL,COCHINSHIP,1e-12,6.5688583e-07,0.00051259739,6.3743849,50000.0,False,,,174,-9591.074027435052,-405.900000000054,32.758620689655174,139,30.215827338129497,-9822.608874463032,-2478.9000000000397,35,42.857142857142854,231.53484702798505,2072.9999999999845,2.0,13.0,0.0
BDL,COCHINSHIP,1e-12,6.5688583e-07,0.00051259739,6.3743849,50000.0,False,,,188,-9520.481081520253,401.9999999997485,30.851063829787233,150,30.0,-8517.12296524626,-593.8000000002608,38,34.21052631578947,-1003.358116273991,995.8000000000095,2.0,13.0,0.5
BDL,COCHINSHIP,1e-12,6.5688583e-07,0.00051259739,6.3743849,50000.0,False,,,204,-10113.463477005762,654.2000000002383,26.96078431372549,162,25.308641975308642,-8919.985174555784,-362.7999999997844,42,33.333333333333336,-1193.478302449978,1017.0000000000225,2.0,13.0,1.0
BDL,COCHINSHIP,1e-12,6.5688583e-07,0.00051259739,6.3743849,50000.0,False,,,174,-9591.074027435052,-405.900000000054,32.758620689655174,139,30.215827338129497,-9822.608874463032,-2478.9000000000397,35,42.857142857142854,231.53484702798505,2072.9999999999845,2.0,13.5,0.0
BDL,COCHINSHIP,1e-12,6.5688583e-07,0.00051259739,6.3743849,50000.0,False,,,188,-9520.481081520253,401.9999999997485,30.851063829787233,150,30.0,-8517.12296524626,-593.8000000002608,38,34.21052631578947,-1003.358116273991,995.8000000000095,2.0,13.5,0.5
BDL,COCHINSHIP,1e-12,6.5688583e-07,0.00051259739,6.3743849,50000.0,False,,,204,-10113.463477005762,654.2000000002383,26.96078431372549,162,25.308641975308642,-8919.985174555784,-362.7999999997844,42,33.333333333333336,-1193.478302449978,1017.0000000000225,2.0,13.5,1.0
BDL,COCHINSHIP,1e-12,6.5688583e-07,0.00051259739,6.3743849,50000.0,False,,,174,-9591.074027435052,-405.900000000054,32.758620689655174,139,30.215827338129497,-9822.608874463032,-2478.9000000000397,35,42.857142857142854,231.53484702798505,2072.9999999999845,2.0,14.0,0.0
BDL,COCHINSHIP,1e-12,6.5688583e-07,0.00051259739,6.3743849,50000.0,False,,,188,-9520.481081520253,401.9999999997485,30.851063829787233,150,30.0,-8517.12296524626,-593.8000000002608,38,34.21052631578947,-1003.358116273991,995.8000000000095,2.0,14.0,0.5
BDL,COCHINSHIP,1e-12,6.5688583e-07,0.00051259739,6.3743849,50000.0,False,,,204,-10113.463477005762,654.2000000002383,26.96078431372549,162,25.308641975308642,-8919.985174555784,-362.7999999997844,42,33.333333333333336,-1193.478302449978,1017.0000000000225,2.0,14.0,1.0
BDL,COCHINSHIP,1e-12,6.5688583e-07,0.00051259739,6.3743849,50000.0,False,,,174,-9591.074027435052,-405.900000000054,32.758620689655174,139,30.215827338129497,-9822.608874463032,-2478.9000000000397,35,42.857142857142854,231.53484702798505,2072.9999999999845,2.0,14.5,0.0
BDL,COCHINSHIP,1e-12,6.5688583e-07,0.00051259739,6.3743849,50000.0,False,,,188,-9520.481081520253,401.9999999997485,30.851063829787233,150,30.0,-8517.12296524626,-593.8000000002608,38,34.21052631578947,-1003.358116273991,995.8000000000095,2.0,14.5,0.5
BDL,COCHINSHIP,1e-12,6.5688583e-07,0.00051259739,6.3743849,50000.0,False,,,204,-10113.463477005762,654.2000000002383,26.96078431372549,162,25.308641975308642,-8919.985174555784,-362.7999999997844,42,33.333333333333336,-1193.478302449978,1017.0000000000225,2.0,14.5,1.0
BDL,COCHINSHIP,1e-12,6.5688583e-07,0.00051259739,6.3743849,50000.0,False,,,174,-9591.074027435052,-405.900000000054,32.758620689655174,139,30.215827338129497,-9822.608874463032,-2478.9000000000397,35,42.857142857142854,231.53484702798505,2072.9999999999845,2.0,15.0,0.0
BDL,COCHINSHIP,1e-12,6.5688583e-07,0.00051259739,6.3743849,50000.0,False,,,188,-9520.481081520253,401.9999999997485,30.851063829787233,150,30.0,-8517.12296524626,-593.8000000002608,38,34.21052631578947,-1003.358116273991,995.8000000000095,2.0,15.0,0.5
BDL,COCHINSHIP,1e-12,6.5688583e-07,0.00051259739,6.3743849,50000.0,False,,,204,-10113.463477005762,654.2000000002383,26.96078431372549,162,25.308641975308642,-8919.985174555784,-362.7999999997844,42,33.333333333333336,-1193.478302449978,1017.0000000000225,2.0,15.0,1.0
BDL,COCHINSHIP,1e-12,6.5688583e-07,0.00051259739,6.3743849,50000.0,False,,,174,-9591.074027435052,-405.900000000054,32.758620689655174,139,30.215827338129497,-9822.608874463032,-2478.9000000000397,35,42.857142857142854,231.53484702798505,2072.9999999999845,2.0,15.5,0.0
BDL,COCHINSHIP,1e-12,6.5688583e-07,0.00051259739,6.3743849,50000.0,False,,,188,-9520.481081520253,401.9999999997485,30.851063829787233,150,30.0,-8517.12296524626,-593.8000000002608,38,34.21052631578947,-1003.358116273991,995.8000000000095,2.0,15.5,0.5
BDL,COCHINSHIP,1e-12,6.5688583e-07,0.00051259739,6.3743849,50000.0,False,,,204,-10113.463477005762,654.2000000002383,26.96078431372549,162,25.308641975308642,-8919.985174555784,-362.7999999997844,42,33.333333333333336,-1193.478302449978,1017.0000000000225,2.0,15.5,1.0
BDL,COCHINSHIP,1e-12,6.5688583e-07,0.00051259739,6.3743849,50000.0,False,,,174,-9591.074027435052,-405.900000000054,32.758620689655174,139,30.215827338129497,-9822.608874463032,-2478.9000000000397,35,42.857142857142854,231.53484702798505,2072.9999999999845,2.0,16.0,0.0
BDL,COCHINSHIP,1e-12,6.5688583e-07,0.00051259739,6.3743849,50000.0,False,,,188,-9520.481081520253,401.9999999997485,30.851063829787233,150,30.0,-8517.12296524626,-593.8000000002608,38,34.21052631578947,-1003.358116273991,995.8000000000095,2.0,16.0,0.5
BDL,COCHINSHIP,1e-12,6.5688583e-07,0.00051259739,6.3743849,50000.0,False,,,204,-10113.463477005762,654.2000000002383,26.96078431372549,162,25.308641975308642,-8919.985174555784,-362.7999999997844,42,33.333333333333336,-1193.478302449978,1017.0000000000225,2.0,16.0,1.0
BDL,COCHINSHIP,1e-12,6.5688583e-07,0.00051259739,6.3743849,50000.0,False,,,174,-9591.074027435052,-405.900000000054,32.758620689655174,139,30.215827338129497,-9822.608874463032,-2478.9000000000397,35,42.857142857142854,231.53484702798505,2072.9999999999845,2.0,16.5,0.0
BDL,COCHINSHIP,1e-12,6.5688583e-07,0.00051259739,6.3743849,50000.0,False,,,188,-9520.481081520253,401.9999999997485,30.851063829787233,150,30.0,-8517.12296524626,-593.8000000002608,38,34.21052631578947,-1003.358116273991,995.8000000000095,2.0,16.5,0.5
BDL,COCHINSHIP,1e-12,6.5688583e-07,0.00051259739,6.3743849,50000.0,False,,,204,-10113.463477005762,654.2000000002383,26.96078431372549,162,25.308641975308642,-8919.985174555784,-362.7999999997844,42,33.333333333333336,-1193.478302449978,1017.0000000000225,2.0,16.5,1.0
BDL,COCHINSHIP,1e-12,6.5688583e-07,0.00051259739,6.3743849,50000.0,False,,,174,-9591.074027435052,-405.900000000054,32.758620689655174,139,30.215827338129497,-9822.608874463032,-2478.9000000000397,35,42.857142857142854,231.53484702798505,2072.9999999999845,2.0,17.0,0.0
BDL,COCHINSHIP,1e-12,6.5688583e-07,0.00051259739,6.3743849,50000.0,False,,,188,-9520.481081520253,401.9999999997485,30.851063829787233,150,30.0,-8517.12296524626,-593.8000000002608,38,34.21052631578947,-1003.358116273991,995.8000000000095,2.0,17.0,0.5
BDL,COCHINSHIP,1e-12,6.5688583e-07,0.00051259739,6.3743849,50000.0,False,,,204,-10113.463477005762,654.2000000002383,26.96078431372549,162,25.308641975308642,-8919.985174555784,-362.7999999997844,42,33.333333333333336,-1193.478302449978,1017.0000000000225,2.0,17.0,1.0
BDL,COCHINSHIP,1e-12,6.5688583e-07,0.00051259739,6.3743849,50000.0,False,,,174,-9591.074027435052,-405.900000000054,32.758620689655174,139,30.215827338129497,-9822.608874463032,-2478.9000000000397,35,42.857142857142854,231.53484702798505,2072.9999999999845,2.0,17.5,0.0
BDL,COCHINSHIP,1e-12,6.5688583e-07,0.00051259739,6.3743849,50000.0,False,,,188,-9520.481081520253,401.9999999997485,30.851063829787233,150,30.0,-8517.12296524626,-593.8000000002608,38,34.21052631578947,-1003.358116273991,995.8000000000095,2.0,17.5,0.5
BDL,COCHINSHIP,1e-12,6.5688583e-07,0.00051259739,6.3743849,50000.0,False,,,204,-10113.463477005762,654.2000000002383,26.96078431372549,162,25.308641975308642,-8919.985174555784,-362.7999999997844,42,33.333333333333336,-1193.478302449978,1017.0000000000225,2.0,17.5,1.0
BDL,COCHINSHIP,1e-12,6.5688583e-07,0.00051259739,6.3743849,50000.0,False,,,174,-9591.074027435052,-405.900000000054,32.758620689655174,139,30.215827338129497,-9822.608874463032,-2478.9000000000397,35,42.857142857142854,231.53484702798505,2072.9999999999845,2.0,18.0,0.0
BDL,COCHINSHIP,1e-12,6.5688583e-07,0.00051259739,6.3743849,50000.0,False,,,188,-9520.481081520253,401.9999999997485,30.851063829787233,150,30.0,-8517.12296524626,-593.8000000002608,38,34.21052631578947,-1003.358116273991,995.8000000000095,2.0,18.0,0.5
BDL,COCHINSHIP,1e-12,6.5688583e-07,0.00051259739,6.3743849,50000.0,False,,,204,-10113.463477005762,654.2000000002383,26.96078431372549,162,25.308641975308642,-8919.985174555784,-362.7999999997844,42,33.333333333333336,-1193.478302449978,1017.0000000000225,2.0,18.0,1.0
BDL,COCHINSHIP,1e-12,6.5688583e-07,0.00051259739,6.3743849,50000.0,False,,,174,-9591.074027435052,-405.900000000054,32.758620689655174,139,30.215827338129497,-9822.608874463032,-2478.9000000000397,35,42.857142857142854,231.53484702798505,2072.9999999999845,2.0,18.5,0.0
BDL,COCHINSHIP,1e-12,6.5688583e-07,0.00051259739,6.3743849,50000.0,False,,,188,-9520.481081520253,401.9999999997485,30.851063829787233,150,30.0,-8517.12296524626,-593.8000000002608,38,34.21052631578947,-1003.358116273991,995.8000000000095,2.0,18.5,0.5
BDL,COCHINSHIP,1e-12,6.5688583e-07,0.00051259739,6.3743849,50000.0,False,,,204,-10113.463477005762,654.2000000002383,26.96078431372549,162,25.308641975308642,-8919.985174555784,-362.7999999997844,42,33.333333333333336,-1193.478302449978,1017.0000000000225,2.0,18.5,1.0
BDL,COCHINSHIP,1e-12,6.5688583e-07,0.00051259739,6.3743849,50000.0,False,,,174,-9591.074027435052,-405.900000000054,32.758620689655174,139,30.215827338129497,-9822.608874463032,-2478.9000000000397,35,42.857142857142854,231.53484702798505,2072.9999999999845,2.0,19.0,0.0
BDL,COCHINSHIP,1e-12,6.5688583e-07,0.00051259739,6.3743849,50000.0,False,,,188,-9520.481081520253,401.9999999997485,30.851063829787233,150,30.0,-8517.12296524626,-593.8000000002608,38,34.21052631578947,-1003.358116273991,995.8000000000095,2.0,19.0,0.5
BDL,COCHINSHIP,1e-12,6.5688583e-07,0.00051259739,6.3743849,50000.0,False,,,204,-10113.463477005762,654.2000000002383,26.96078431372549,162,25.308641975308642,-8919.985174555784,-362.7999999997844,42,33.333333333333336,-1193.478302449978,1017.0000000000225,2.0,19.0,1.0
BDL,COCHINSHIP,1e-12,6.5688583e-07,0.00051259739,6.3743849,50000.0,False,,,174,-10192.285568299072,-1007.5000000000762,32.758620689655174,139,30.215827338129497,-10423.820415327053,-3080.500000000062,35,42.857142857142854,231.53484702798505,2072.9999999999845,2.0,19.5,0.0
BDL,COCHINSHIP,1e-12,6.5688583e-07,0.00051259739,6.3743849,50000.0,False,,,188,-9977.785604624265,-55.60000000026457,30.851063829787233,150,30.0,-8974.427488350273,-1051.4000000002738,38,34.21052631578947,-1003.358116273991,995.8000000000095,2.0,19.5,0.5
BDL,COCHINSHIP,1e-12,6.5688583e-07,0.00051259739,6.3743849,50000.0,False,,,204,-10529.194861645768,238.200000000229,26.96078431372549,162,25.308641975308642,-9335.716559195791,-778.7999999997935,42,33.333333333333336,-1193.478302449978,1017.0000000000225,2.0,19.5,1.0
BDL,COCHINSHIP,1e-12,6.5688583e-07,0.00051259739,6.3743849,50000.0,False,,,174,-10192.285568299072,-1007.5000000000762,32.758620689655174,139,30.215827338129497,-10423.820415327053,-3080.500000000062,35,42.857142857142854,231.53484702798505,2072.9999999999845,2.0,20.0,0.0
BDL,COCHINSHIP,1e-12,6.5688583e-07,0.00051259739,6.3743849,50000.0,False,,,188,-9977.785604624265,-55.60000000026457,30.851063829787233,150,30.0,-8974.427488350273,-1051.4000000002738,38,34.21052631578947,-1003.358116273991,995.8000000000095,2.0,20.0,0.5
BDL,COCHINSHIP,1e-12,6.5688583e-07,0.00051259739,6.3743849,50000.0,False,,,204,-10529.194861645768,238.200000000229,26.96078431372549,162,25.308641975308642,-9335.716559195791,-778.7999999997935,42,33.333333333333336,-1193.478302449978,1017.0000000000225,2.0,20.0,1.0
BDL,COCHINSHIP,1e-12,6.5688583e-07,0.00051259739,6.3743849,50000.0,False,,,174,-10192.285568299072,-1007.5000000000762,32.758620689655174,139,30.215827338129497,-10423.820415327053,-3080.500000000062,35,42.857142857142854,231.53484702798505,2072.9999999999845,2.0,20.5,0.0
BDL,COCHINSHIP,1e-12,6.5688583e-07,0.00051259739,6.3743849,50000.0,False,,,188,-9977.785604624265,-55.60000000026457,30.851063829787233,150,30.0,-8974.427488350273,-1051.4000000002738,38,34.21052631578947,-1003.358116273991,995.8000000000095,2.0,20.5,0.5
BDL,COCHINSHIP,1e-12,6.5688583e-07,0.00051259739,6.3743849,50000.0,False,,,204,-10529.194861645768,238.200000000229,26.96078431372549,162,25.308641975308642,-9335.716559195791,-778.7999999997935,42,33.333333333333336,-1193.478302449978,1017.0000000000225,2.0,20.5,1.0
BDL,COCHINSHIP,1e-12,6.5688583e-07,0.00051259739,6.3743849,50000.0,False,,,174,-10192.285568299072,-1007.5000000000762,32.758620689655174,139,30.215827338129497,-10423.820415327053,-3080.500000000062,35,42.857142857142854,231.53484702798505,2072.9999999999845,2.0,21.0,0.0
BDL,COCHINSHIP,1e-12,6.5688583e-07,0.00051259739,6.3743849,50000.0,False,,,188,-9977.785604624265,-55.60000000026457,30.851063829787233,150,30.0,-8974.427488350273,-1051.4000000002738,38,34.21052631578947,-1003.358116273991,995.8000000000095,2.0,21.0,0.5
BDL,COCHINSHIP,1e-12,6.5688583e-07,0.00051259739,6.3743849,50000.0,False,,,204,-10529.194861645768,238.200000000229,26.96078431372549,162,25.308641975308642,-9335.716559195791,-778.7999999997935,42,33.333333333333336,-1193.478302449978,1017.0000000000225,2.0,21.0,1.0
BDL,COCHINSHIP,1e-12,6.5688583e-07,0.00051259739,6.3743849,50000.0,False,,,174,-10192.285568299072,-1007.5000000000762,32.758620689655174,139,30.215827338129497,-10423.820415327053,-3080.500000000062,35,42.857142857142854,231.53484702798505,2072.9999999999845,2.0,21.5,0.0
BDL,COCHINSHIP,1e-12,6.5688583e-07,0.00051259739,6.3743849,50000.0,False,,,188,-9977.785604624265,-55.60000000026457,30.851063829787233,150,30.0,-8974.427488350273,-1051.4000000002738,38,34.21052631578947,-1003.358116273991,995.8000000000095,2.0,21.5,0.5
BDL,COCHINSHIP,1e-12,6.5688583e-07,0.00051259739,6.3743849,50000.0,False,,,204,-10529.194861645768,238.200000000229,26.96078431372549,162,25.308641975308642,-9335.716559195791,-778.7999999997935,42,33.333333333333336,-1193.478302449978,1017.0000000000225,2.0,21.5,1.0
BDL,COCHINSHIP,1e-12,6.5688583e-07,0.00051259739,6.3743849,50000.0,False,,,174,-10192.285568299072,-1007.5000000000762,32.758620689655174,139,30.215827338129497,-10423.820415327053,-3080.500000000062,35,42.857142857142854,231.53484702798505,2072.9999999999845,2.0,22.0,0.0
BDL,COCHINSHIP,1e-12,6.5688583e-07,0.00051259739,6.3743849,50000.0,False,,,188,-9977.785604624265,-55.60000000026457,30.851063829787233,150,30.0,-8974.427488350273,-1051.4000000002738,38,34.21052631578947,-1003.358116273991,995.8000000000095,2.0,22.0,0.5
BDL,COCHINSHIP,1e-12,6.5688583e-07,0.00051259739,6.3743849,50000.0,False,,,204,-10529.194861645768,238.200000000229,26.96078431372549,162,25.308641975308642,-9335.716559195791,-778.7999999997935,42,33.333333333333336,-1193.478302449978,1017.0000000000225,2.0,22.0,1.0
BDL,COCHINSHIP,1e-12,6.5688583e-07,0.00051259739,6.3743849,50000.0,False,,,174,-10192.285568299072,-1007.5000000000762,32.758620689655174,139,30.215827338129497,-10423.820415327053,-3080.500000000062,35,42.857142857142854,231.53484702798505,2072.9999999999845,2.0,22.5,0.0
BDL,COCHINSHIP,1e-12,6.5688583e-07,0.00051259739,6.3743849,50000.0,False,,,188,-9977.785604624265,-55.60000000026457,30.851063829787233,150,30.0,-8974.427488350273,-1051.4000000002738,38,34.21052631578947,-1003.358116273991,995.8000000000095,2.0,22.5,0.5
BDL,COCHINSHIP,1e-12,6.5688583e-07,0.00051259739,6.3743849,50000.0,False,,,204,-10529.194861645768,238.200000000229,26.96078431372549,162,25.308641975308642,-9335.716559195791,-778.7999999997935,42,33.333333333333336,-1193.478302449978,1017.0000000000225,2.0,22.5,1.0
BDL,COCHINSHIP,1e-12,6.5688583e-07,0.00051259739,6.3743849,50000.0,False,,,174,-10192.285568299072,-1007.5000000000762,32.758620689655174,139,30.215827338129497,-10423.820415327053,-3080.500000000062,35,42.857142857142854,231.53484702798505,2072.9999999999845,2.0,23.0,0.0
BDL,COCHINSHIP,1e-12,6.5688583e-07,0.00051259739,6.3743849,50000.0,False,,,188,-9977.785604624265,-55.60000000026457,30.851063829787233,150,30.0,-8974.427488350273,-1051.4000000002738,38,34.21052631578947,-1003.358116273991,995.8000000000095,2.0,23.0,0.5
BDL,COCHINSHIP,1e-12,6.5688583e-07,0.00051259739,6.3743849,50000.0,False,,,204,-10529.194861645768,238.200000000229,26.96078431372549,162,25.308641975308642,-9335.716559195791,-778.7999999997935,42,33.333333333333336,-1193.478302449978,1017.0000000000225,2.0,23.0,1.0
BDL,COCHINSHIP,1e-12,6.5688583e-07,0.00051259739,6.3743849,50000.0,False,,,174,-10192.285568299072,-1007.5000000000762,32.758620689655174,139,30.215827338129497,-10423.820415327053,-3080.500000000062,35,42.857142857142854,231.53484702798505,2072.9999999999845,2.0,23.5,0.0
BDL,COCHINSHIP,1e-12,6.5688583e-07,0.00051259739,6.3743849,50000.0,False,,,188,-9977.785604624265,-55.60000000026457,30.851063829787233,150,30.0,-8974.427488350273,-1051.4000000002738,38,34.21052631578947,-1003.358116273991,995.8000000000095,2.0,23.5,0.5
BDL,COCHINSHIP,1e-12,6.5688583e-07,0.00051259739,6.3743849,50000.0,False,,,204,-10529.194861645768,238.200000000229,26.96078431372549,162,25.308641975308642,-9335.716559195791,-778.7999999997935,42,33.333333333333336,-1193.478302449978,1017.0000000000225,2.0,23.5,1.0
BDL,COCHINSHIP,1e-12,6.5688583e-07,0.00051259739,6.3743849,50000.0,False,,,174,-10192.285568299072,-1007.5000000000762,32.758620689655174,139,30.215827338129497,-10423.820415327053,-3080.500000000062,35,42.857142857142854,231.53484702798505,2072.9999999999845,2.0,24.0,0.0
BDL,COCHINSHIP,1e-12,6.5688583e-07,0.00051259739,6.3743849,50000.0,False,,,188,-9977.785604624265,-55.60000000026457,30.851063829787233,150,30.0,-8974.427488350273,-1051.4000000002738,38,34.21052631578947,-1003.358116273991,995.8000000000095,2.0,24.0,0.5
BDL,COCHINSHIP,1e-12,6.5688583e-07,0.00051259739,6.3743849,50000.0,False,,,204,-10529.194861645768,238.200000000229,26.96078431372549,162,25.308641975308642,-9335.716559195791,-778.7999999997935,42,33.333333333333336,-1193.478302449978,1017.0000000000225,2.0,24.0,1.0
BDL,COCHINSHIP,1e-12,6.5688583e-07,0.00051259739,6.3743849,50000.0,False,,,174,-10192.285568299072,-1007.5000000000762,32.758620689655174,139,30.215827338129497,-10423.820415327053,-3080.500000000062,35,42.857142857142854,231.53484702798505,2072.9999999999845,2.0,24.5,0.0
BDL,COCHINSHIP,1e-12,6.5688583e-07,0.00051259739,6.3743849,50000.0,False,,,188,-9977.785604624265,-55.60000000026457,30.851063829787233,150,30.0,-8974.427488350273,-1051.4000000002738,38,34.21052631578947,-1003.358116273991,995.8000000000095,2.0,24.5,0.5
BDL,COCHINSHIP,1e-12,6.5688583e-07,0.00051259739,6.3743849,50000.0,False,,,204,-10529.194861645768,238.200000000229,26.96078431372549,162,25.308641975308642,-9335.716559195791,-778.7999999997935,42,33.333333333333336,-1193.478302449978,1017.0000000000225,2.0,24.5,1.0
BDL,COCHINSHIP,1e-12,6.5688583e-07,0.00051259739,6.3743849,50000.0,False,,,174,-10192.285568299072,-1007.5000000000762,32.758620689655174,139,30.215827338129497,-10423.820415327053,-3080.500000000062,35,42.857142857142854,231.53484702798505,2072.9999999999845,2.0,25.0,0.0
BDL,COCHINSHIP,1e-12,6.5688583e-07,0.00051259739,6.3743849,50000.0,False,,,188,-9977.785604624265,-55.60000000026457,30.851063829787233,150,30.0,-8974.427488350273,-1051.4000000002738,38,34.21052631578947,-1003.358116273991,995.8000000000095,2.0,25.0,0.5
BDL,COCHINSHIP,1e-12,6.5688583e-07,0.00051259739,6.3743849,50000.0,False,,,204,-10529.194861645768,238.200000000229,26.96078431372549,162,25.308641975308642,-9335.716559195791,-778.7999999997935,42,33.333333333333336,-1193.478302449978,1017.0000000000225,2.0,25.0,1.0
BDL,COCHINSHIP,1e-12,6.5688583e-07,0.00051259739,6.3743849,50000.0,False,,,174,-10192.285568299072,-1007.5000000000762,32.758620689655174,139,30.215827338129497,-10423.820415327053,-3080.500000000062,35,42.857142857142854,231.53484702798505,2072.9999999999845,2.0,25.5,0.0
BDL,COCHINSHIP,1e-12,6.5688583e-07,0.00051259739,6.3743849,50000.0,False,,,188,-9977.785604624265,-55.60000000026457,30.851063829787233,150,30.0,-8974.427488350273,-1051.4000000002738,38,34.21052631578947,-1003.358116273991,995.8000000000095,2.0,25.5,0.5
BDL,COCHINSHIP,1e-12,6.5688583e-07,0.00051259739,6.3743849,50000.0,False,,,204,-10529.194861645768,238.200000000229,26.96078431372549,162,25.308641975308642,-9335.716559195791,-778.7999999997935,42,33.333333333333336,-1193.478302449978,1017.0000000000225,2.0,25.5,1.0
BDL,COCHINSHIP,1e-12,6.5688583e-07,0.00051259739,6.3743849,50000.0,False,,,174,-10192.285568299072,-1007.5000000000762,32.758620689655174,139,30.215827338129497,-10423.820415327053,-3080.500000000062,35,42.857142857142854,231.53484702798505,2072.9999999999845,2.0,26.0,0.0
BDL,COCHINSHIP,1e-12,6.5688583e-07,0.00051259739,6.3743849,50000.0,False,,,188,-9977.785604624265,-55.60000000026457,30.851063829787233,150,30.0,-8974.427488350273,-1051.4000000002738,38,34.21052631578947,-1003.358116273991,995.8000000000095,2.0,26.0,0.5
BDL,COCHINSHIP,1e-12,6.5688583e-07,0.00051259739,6.3743849,50000.0,False,,,204,-10529.194861645768,238.200000000229,26.96078431372549,162,25.308641975308642,-9335.716559195791,-778.7999999997935,42,33.333333333333336,-1193.478302449978,1017.0000000000225,2.0,26.0,1.0
BDL,COCHINSHIP,1e-12,6.5688583e-07,0.00051259739,6.3743849,50000.0,False,,,174,-10192.285568299072,-1007.5000000000762,32.758620689655174,139,30.215827338129497,-10423.820415327053,-3080.500000000062,35,42.857142857142854,231.53484702798505,2072.9999999999845,2.0,26.5,0.0
BDL,COCHINSHIP,1e-12,6.5688583e-07,0.00051259739,6.3743849,50000.0,False,,,188,-9977.785604624265,-55.60000000026457,30.851063829787233,150,30.0,-8974.427488350273,-1051.4000000002738,38,34.21052631578947,-1003.358116273991,995.8000000000095,2.0,26.5,0.5
BDL,COCHINSHIP,1e-12,6.5688583e-07,0.00051259739,6.3743849,50000.0,False,,,204,-10529.194861645768,238.200000000229,26.96078431372549,162,25.308641975308642,-9335.716559195791,-778.7999999997935,42,33.333333333333336,-1193.478302449978,1017.0000000000225,2.0,26.5,1.0
BDL,COCHINSHIP,1e-12,6.5688583e-07,0.00051259739,6.3743849,50000.0,False,,,174,-10192.285568299072,-1007.5000000000762,32.758620689655174,139,30.215827338129497,-10423.820415327053,-3080.500000000062,35,42.857142857142854,231.53484702798505,2072.9999999999845,2.0,27.0,0.0
BDL,COCHINSHIP,1e-12,6.5688583e-07,0.00051259739,6.3743849,50000.0,False,,,188,-9977.785604624265,-55.60000000026457,30.851063829787233,150,30.0,-8974.427488350273,-1051.4000000002738,38,34.21052631578947,-1003.358116273991,995.8000000000095,2.0,27.0,0.5
BDL,COCHINSHIP,1e-12,6.5688583e-07,0.00051259739,6.3743849,50000.0,False,,,204,-10529.194861645768,238.200000000229,26.96078431372549,162,25.308641975308642,-9335.716559195791,-778.7999999997935,42,33.333333333333336,-1193.478302449978,1017.0000000000225,2.0,27.0,1.0
BDL,COCHINSHIP,1e-12,6.5688583e-07,0.00051259739,6.3743849,50000.0,False,,,174,-10192.285568299072,-1007.5000000000762,32.758620689655174,139,30.215827338129497,-10423.820415327053,-3080.500000000062,35,42.857142857142854,231.53484702798505,2072.9999999999845,2.0,27.5,0.0
BDL,COCHINSHIP,1e-12,6.5688583e-07,0.00051259739,6.3743849,50000.0,False,,,188,-9977.785604624265,-55.60000000026457,30.851063829787233,150,30.0,-8974.427488350273,-1051.4000000002738,38,34.21052631578947,-1003.358116273991,995.8000000000095,2.0,27.5,0.5
BDL,COCHINSHIP,1e-12,6.5688583e-07,0.00051259739,6.3743849,50000.0,False,,,204,-10529.194861645768,238.200000000229,26.96078431372549,162,25.308641975308642,-9335.716559195791,-778.7999999997935,42,33.333333333333336,-1193.478302449978,1017.0000000000225,2.0,27.5,1.0
BDL,COCHINSHIP,1e-12,6.5688583e-07,0.00051259739,6.3743849,50000.0,False,,,174,-10192.285568299072,-1007.5000000000762,32.758620689655174,139,30.215827338129497,-10423.820415327053,-3080.500000000062,35,42.857142857142854,231.53484702798505,2072.9999999999845,2.0,28.0,0.0
BDL,COCHINSHIP,1e-12,6.5688583e-07,0.00051259739,6.3743849,50000.0,False,,,188,-9977.785604624265,-55.60000000026457,30.851063829787233,150,30.0,-8974.427488350273,-1051.4000000002738,38,34.21052631578947,-1003.358116273991,995.8000000000095,2.0,28.0,0.5
BDL,COCHINSHIP,1e-12,6.5688583e-07,0.00051259739,6.3743849,50000.0,False,,,204,-10529.194861645768,238.200000000229,26.96078431372549,162,25.308641975308642,-9335.716559195791,-778.7999999997935,42,33.333333333333336,-1193.478302449978,1017.0000000000225,2.0,28.0,1.0
BDL,COCHINSHIP,1e-12,6.5688583e-07,0.00051259739,6.3743849,50000.0,False,,,174,-10192.285568299072,-1007.5000000000762,32.758620689655174,139,30.215827338129497,-10423.820415327053,-3080.500000000062,35,42.857142857142854,231.53484702798505,2072.9999999999845,2.0,28.5,0.0
BDL,COCHINSHIP,1e-12,6.5688583e-07,0.00051259739,6.3743849,50000.0,False,,,188,-9977.785604624265,-55.60000000026457,30.851063829787233,150,30.0,-8974.427488350273,-1051.4000000002738,38,34.21052631578947,-1003.358116273991,995.8000000000095,2.0,28.5,0.5
BDL,COCHINSHIP,1e-12,6.5688583e-07,0.00051259739,6.3743849,50000.0,False,,,204,-10529.194861645768,238.200000000229,26.96078431372549,162,25.308641975308642,-9335.716559195791,-778.7999999997935,42,33.333333333333336,-1193.478302449978,1017.0000000000225,2.0,28.5,1.0
BDL,COCHINSHIP,1e-12,6.5688583e-07,0.00051259739,6.3743849,50000.0,False,,,174,-10192.285568299072,-1007.5000000000762,32.758620689655174,139,30.215827338129497,-10423.820415327053,-3080.500000000062,35,42.857142857142854,231.53484702798505,2072.9999999999845,2.0,29.0,0.0
BDL,COCHINSHIP,1e-12,6.5688583e-07,0.00051259739,6.3743849,50000.0,False,,,188,-9977.785604624265,-55.60000000026457,30.851063829787233,150,30.0,-8974.427488350273,-1051.4000000002738,38,34.21052631578947,-1003.358116273991,995.8000000000095,2.0,29.0,0.5
BDL,COCHINSHIP,1e-12,6.5688583e-07,0.00051259739,6.3743849,50000.0,False,,,204,-10529.194861645768,238.200000000229,26.96078431372549,162,25.308641975308642,-9335.716559195791,-778.7999999997935,42,33.333333333333336,-1193.478302449978,1017.0000000000225,2.0,29.0,1.0
BDL,COCHINSHIP,1e-12,6.5688583e-07,0.00051259739,6.3743849,50000.0,False,,,174,-10192.285568299072,-1007.5000000000762,32.758620689655174,139,30.215827338129497,-10423.820415327053,-3080.500000000062,35,42.857142857142854,231.53484702798505,2072.9999999999845,2.0,29.5,0.0
BDL,COCHINSHIP,1e-12,6.5688583e-07,0.00051259739,6.3743849,50000.0,False,,,188,-9977.785604624265,-55.60000000026457,30.851063829787233,150,30.0,-8974.427488350273,-1051.4000000002738,38,34.21052631578947,-1003.358116273991,995.8000000000095,2.0,29.5,0.5
BDL,COCHINSHIP,1e-12,6.5688583e-07,0.00051259739,6.3743849,50000.0,False,,,204,-10529.194861645768,238.200000000229,26.96078431372549,162,25.308641975308642,-9335.716559195791,-778.7999999997935,42,33.333333333333336,-1193.478302449978,1017.0000000000225,2.0,29.5,1.0
BDL,COCHINSHIP,1e-12,6.5688583e-07,0.00051259739,6.3743849,50000.0,False,,,174,-10192.285568299072,-1007.5000000000762,32.758620689655174,139,30.215827338129497,-10423.820415327053,-3080.500000000062,35,42.857142857142854,231.53484702798505,2072.9999999999845,2.0,30.0,0.0
BDL,COCHINSHIP,1e-12,6.5688583e-07,0.00051259739,6.3743849,50000.0,False,,,188,-9977.785604624265,-55.60000000026457,30.851063829787233,150,30.0,-8974.427488350273,-1051.4000000002738,38,34.21052631578947,-1003.358116273991,995.8000000000095,2.0,30.0,0.5
BDL,COCHINSHIP,1e-12,6.5688583e-07,0.00051259739,6.3743849,50000.0,False,,,204,-10529.194861645768,238.200000000229,26.96078431372549,162,25.308641975308642,-9335.716559195791,-778.7999999997935,42,33.333333333333336,-1193.478302449978,1017.0000000000225,2.0,30.0,1.0
BDL,COCHINSHIP,1e-12,6.5688583e-07,0.00051259739,6.3743849,50000.0,False,,,121,-3563.0070978257177,2820.200000000283,52.892561983471076,99,50.505050505050505,-5246.29772090174,-19.999999999738975,22,63.63636363636363,1683.2906230760232,2840.200000000022,2.5,3.0,0.0
BDL,COCHINSHIP,1e-12,6.5688583e-07,0.00051259739,6.3743849,50000.0,False,,,123,-2988.873240530012,3501.3999999999883,52.03252032520325,101,50.495049504950494,-4103.649527520003,1230.599999999997,22,59.09090909090909,1114.7762869899916,2270.7999999999915,2.5,3.0,0.5
BDL,COCHINSHIP,1e-12,6.5688583e-07,0.00051259739,6.3743849,50000.0,False,,,126,-3943.930204073817,2703.6000000001827,50.0,102,49.01960784313726,-3084.728166530893,2301.700000000107,24,54.166666666666664,-859.202037542924,401.9000000000758,2.5,3.0,1.0
BDL,COCHINSHIP,1e-12,6.5688583e-07,0.00051259739,6.3743849,50000.0,False,,,120,-5091.036363598772,1240.5000000002244,47.5,98,44.89795918367347,-7480.824376057833,-2306.399999999835,22,59.09090909090909,2389.78801245906,3546.9000000000597,2.5,3.5,0.0
BDL,COCHINSHIP,1e-12,6.5688583e-07,0.00051259739,6.3743849,50000.0,False,,,122,-3700.8488697800426,2737.7999999999556,46.721311475409834,100,45.0,-5573.189550372046,-290.8000000000475,22,54.54545454545455,1872.340680592003,3028.600000000003,2.5,3.5,0.5
BDL,COCHINSHIP,1e-12,6.5688583e-07,0.00051259739,6.3743849,50000.0,False,,,126,-4640.035642005831,2008.0000000001664,45.23809523809524,102,43.13725490196079,-4617.446922403945,769.2000000000542,24,54.166666666666664,-22.58871960188725,1238.8000000001125,2.5,3.5,1.0
BDL,COCHINSHIP,1e-12,6.5688583e-07,0.00051259739,6.3743849,50000.0,False,,,121,-7943.104376733865,-1560.1999999998557,40.49586776859504,99,39.39393939393939,-8724.131384991926,-3498.1999999999193,22,45.45454545454545,781.0270082580636,1938.0000000000637,2.5,4.0,0.0
BDL,COCHINSHIP,1e-12,6.5688583e-07,0.00051259739,6.3743849,50000.0,False,,,123,-5192.477604520091,1297.7999999999072,39.83739837398374,101,39.603960396039604,-6105.2036268281045,-771.2000000001055,22,40.90909090909091,912.7260223080133,2069.0000000000127,2.5,4.0,0.5
BDL,COCHINSHIP,1e-12,6.5688583e-07,0.00051259739,6.3743849,50000.0,False,,,127,-4771.382971963931,1928.8000000000666,39.37007874015748,103,38.83495145631068,-4189.494650305015,1249.2999999999822,24,41.666666666666664,-581.8883216589161,679.5000000000839,2.5,4.0,1.0
BDL,COCHINSHIP,1e-12,6.5688583e-07,0.00051259739,6.3743849,50000.0,False,,,121,-8135.658073674909,-1754.8999999999055,38.01652892561984,99,37.37373737373738,-7516.337522973981,-2292.7999999999774,22,40.90909090909091,-619.3205507009271,537.9000000000724,2.5,4.5,0.0
BDL,COCHINSHIP,1e-12,6.5688583e-07,0.00051259739,6.3743849,50000.0,False,,,123,-5147.833461644159,1340.199999999836,37.39837398373984,101,38.613861386138616,-4523.873066780168,807.9999999998302,22,31.818181818181817,-623.960394863994,532.200000000006,2.5,4.5,0.5
BDL,COCHINSHIP,1e-12,6.5688583e-07,0.00051259739,6.3743849,50000.0,False,,,127,-5754.683756992986,944.1000000000126,35.43307086614173,103,35.922330097087375,-3809.8476684340503,1627.5999999999492,24,33.333333333333336,-1944.8360885589366,-683.4999999999366,2.5,4.5,1.0
BDL,COCHINSHIP,1e-12,6.5688583e-07,0.00051259739,6.3743849,50000.0,False,,,120,-9636.218888877935,-3305.7999999999292,34.166666666666664,98,32.6530612244898,-9460.649363394983,-4287.499999999984,22,40.90909090909091,-175.56952548294657,981.700000000053,2.5,5.0,0.0
BDL,COCHINSHIP,1e-12,6.5688583e-07,0.00051259739,6.3743849,50000.0,False,,,122,-5951.924066586253,485.7999999997446,34.42622950819672,100,35.0,-5771.714696940242,-490.20000000024197,22,31.818181818181817,-180.20936964601333,975.9999999999866,2.5,5.0,0.5
BDL,COCHINSHIP,1e-12,6.5688583e-07,0.00051259739,6.3743849,50000.0,False,,,127,-7247.726380621961,-545.9999999999613,33.07086614173228,103,33.00970873786408,-5746.641317281005,-306.3000000000054,24,33.333333333333336,-1501.0850633409557,-239.69999999995593,2.5,5.0,1.0
BDL,COCHINSHIP,1e-12,6.5688583e-07,0.00051259739,6.3743849,50000.0,False,,,121,-9942.15999108273,-3557.2999999997264,34.710743801652896,99,33.333333333333336,-9893.722530890831,-4667.099999999833,22,40.90909090909091,-48.4374601918928,1109.8000000001068,2.5,5.5,0.0
BDL,COCHINSHIP,1e-12,6.5688583e-07,0.00051259739,6.3743849,50000.0,False,,,123,-6632.556344074128,-141.20000000013033,34.146341463414636,101,34.65346534653465,-6782.616208849144,-1448.3000000001446,22,31.818181818181817,150.0598647750138,1307.100000000014,2.5,5.5,0.5
BDL,COCHINSHIP,1e-12,6.5688583e-07,0.00051259739,6.3743849,50000.0,False,,,128,-7869.074412418749,-1113.4999999997535,33.59375,104,33.65384615384615,-6756.297774678841,-1262.8999999998448,24,33.333333333333336,-1112.776637739909,149.40000000009127,2.5,5.5,1.0
BDL,COCHINSHIP,1e-12,6.5688583e-07,0.00051259739,6.3743849,50000.0,False,,,121,-11045.166505456817,-4660.699999999811,32.231404958677686,99,30.303030303030305,-11273.750054452907,-6047.699999999909,22,40.90909090909091,228.58354899609685,1387.0000000000966,2.5,6.0,0.0
BDL,COCHINSHIP,1e-12,6.5688583e-07,0.00051259739,6.3743849,50000.0,False,,,123,-7258.367785358214,-767.200000000214,31.70731707317073,101,31.683168316831683,-7685.448659321217,-2351.5000000002183,22,31.818181818181817,427.0808739630037,1584.3000000000038,2.5,6.0,0.5
BDL,COCHINSHIP,1e-12,6.5688583e-07,0.00051259739,6.3743849,50000.0,False,,,128,-8026.568155694808,-1271.0999999998148,32.03125,104,31.73076923076923,-7190.812527142892,-1697.699999999896,24,33.333333333333336,-835.7556285519192,426.6000000000811,2.5,6.0,1.0
BDL,COCHINSHIP,1e-12,6.5688583e-07,0.00051259739,6.3743849,50000.0,False,,,120,-10512.616233685838,-4180.799999999833,30.833333333333332,98,28.571428571428573,-11160.928584481928,-5987.799999999931,22,40.90909090909091,648.3123507960967,1807.0000000000964,2.5,6.5,0.0
BDL,COCHINSHIP,1e-12,6.5688583e-07,0.00051259739,6.3743849,50000.0,False,,,122,-6638.174142354177,-199.60000000017908,31.147540983606557,100,31.0,-7484.983818117182,-2203.9000000001834,22,31.818181818181817,846.8096757630041,2004.3000000000038,2.5,6.5,0.5
BDL,COCHINSHIP,1e-12,6.5688583e-07,0.00051259739,6.3743849,50000.0,False,,,128,-8404.2548709838,-1649.1999999998002,29.6875,104,28.846153846153847,-7988.228044231881,-2495.799999999881,24,33.333333333333336,-416.0268267519191,846.6000000000811,2.5,6.5,1.0
BDL,COCHINSHIP,1e-12,6.5688583e-07,0.00051259739,6.3743849,50000.0,False,,,120,-10099.986655551838,-3768.1999999998297,30.833333333333332,98,28.571428571428573,-10310.781698185947,-5137.399999999946,22,40.90909090909091,210.79504263411513,1369.200000000115,2.5,7.0,0.0
BDL,COCHINSHIP,1e-12,6.5688583e-07,0.00051259739,6.3743849,50000.0,False,,,122,-6088.433155632185,350.1999999998134,31.147540983606557,100,31.0,-6634.836931821198,-1353.500000000199,22,31.818181818181817,546.4037761890121,1703.7000000000126,2.5,7.0,0.5
BDL,COCHINSHIP,1e-12,6.5688583e-07,0.00051259739,6.3743849,50000.0,False,,,128,-7784.559083961823,-1029.399999999826,29.6875,104,28.846153846153847,-7138.081157935894,-1645.3999999998962,24,33.333333333333336,-646.4779260259302,616.0000000000703,2.5,7.0,1.0
BDL,COCHINSHIP,1e-12,6.5688583e-07,0.00051259739,6.3743849,50000.0,False,,,120,-10357.017479685854,-4025.599999999844,30.833333333333332,98,28.571428571428573,-10157.077909129941,-4983.799999999938,22,40.90909090909091,-199.93957055590658,958.2000000000933,2.5,7.5,0.0
BDL,COCHINSHIP,1e-12,6.5688583e-07,0.00051259739,6.3743849,50000.0,False,,,122,-6264.516282276187,173.79999999981237,31.147540983606557,100,31.0,-6481.133142765192,-1199.9000000001931,22,31.818181818181817,216.61686048900526,1373.7000000000053,2.5,7.5,0.5
BDL,COCHINSHIP,1e-12,6.5688583e-07,0.00051259739,6.3743849,50000.0,False,,,128,-7960.642210605823,-1205.799999999827,29.6875,104,28.846153846153847,-6984.377368879888,-1491.7999999998904,24,33.333333333333336,-976.2648417259368,286.00000000006344,2.5,7.5,1.0
BDL,COCHINSHIP,1e-12,6.5688583e-07,0.00051259739,6.3743849,50000.0,False,,,120,-9963.32121404787,-3630.599999999862,30.833333333333332,98,28.571428571428573,-9763.381643491957,-4588.7999999999565,22,40.90909090909091,-199.93957055590658,958.2000000000933,2.5,8.0,0.0
BDL,COCHINSHIP,1e-12,6.5688583e-07,0.00051259739,6.3743849,50000.0,False,,,122,-5809.978933470187,629.5999999998114,31.147540983606557,100,31.0,-6026.5957939591935,-744.1000000001939,22,31.818181818181817,216.61686048900526,1373.7000000000053,2.5,8.0,0.5
BDL,COCHINSHIP,1e-12,6.5688583e-07,0.00051259739,6.3743849,50000.0,False,,,128,-7493.296212711854,-737.1999999998543,29.6875,104,28.846153846153847,-6517.031370985917,-1023.1999999999177,24,33.333333333333336,-976.2648417259368,286.00000000006344,2.5,8.0,1.0
BDL,COCHINSHIP,1e-12,6.5688583e-07,0.00051259739,6.3743849,50000.0,False,,,120,-9473.237870231831,-3140.1999999998225,30.833333333333332,98,28.571428571428573,-9273.298299675918,-4098.399999999916,22,40.90909090909091,-199.93957055590658,958.2000000000933,2.5,8.5,0.0
BDL,COCHINSHIP,1e-12,6.5688583e-07,0.00051259739,6.3743849,50000.0,False,,,122,-5319.8955896541465,1119.999999999853,31.147540983606557,100,31.0,-5536.512450143152,-253.7000000001524,22,31.818181818181817,216.61686048900526,1373.7000000000053,2.5,8.5,0.5
BDL,COCHINSHIP,1e-12,6.5688583e-07,0.00051259739,6.3743849,50000.0,False,,,128,-7003.212868895812,-246.79999999981283,29.6875,104,28.846153846153847,-6026.948027169876,-532.7999999998763,24,33.333333333333336,-976.2648417259368,286.00000000006344,2.5,8.5,1.0
BDL,COCHINSHIP,1e-12,6.5688583e-07,0.00051259739,6.3743849,50000.0,False,,,120,-8057.958307621824,-1725.1999999998202,30.833333333333332,98,28.571428571428573,-7858.018737065917,-2683.3999999999132,22,40.90909090909091,-199.93957055590658,958.2000000000933,2.5,9.0,0.0
BDL,COCHINSHIP,1e-12,6.5688583e-07,0.00051259739,6.3743849,50000.0,False,,,122,-3904.6160270441433,2534.9999999998545,31.147540983606557,100,31.0,-4121.232887533149,1161.29999999985,22,31.818181818181817,216.61686048900526,1373.7000000000053,2.5,9.0,0.5
BDL,COCHINSHIP,1e-12,6.5688583e-07,0.00051259739,6.3743849,50000.0,False,,,128,-5557.81296741481,1198.3000000001898,29.6875,104,28.846153846153847,-4581.548125688874,912.3000000001264,24,33.333333333333336,-976.2648417259368,286.00000000006344,2.5,9.0,1.0
BDL,COCHINSHIP,1e-12,6.5688583e-07,0.00051259739,6.3743849,50000.0,False,,,120,-8038.770705253855,-1705.9999999998522,30.833333333333332,98,28.571428571428573,-7838.831134697948,-2664.1999999999452,22,40.90909090909091,-199.93957055590658,958.2000000000933,2.5,9.5,0.0
BDL,COCHINSHIP,1e-12,6.5688583e-07,0.00051259739,6.3743849,50000.0,False,,,122,-4291.566008132164,2147.7999999998374,31.147540983606557,100,31.0,-4508.182868621169,774.0999999998314,22,31.818181818181817,216.61686048900526,1373.7000000000053,2.5,9.5,0.5
BDL,COCHINSHIP,1e-12,6.5688583e-07,0.00051259739,6.3743849,50000.0,False,,,128,-5944.762948502827,811.1000000001702,29.6875,104,28.846153846153847,-4968.498106776891,525.1000000001068,24,33.333333333333336,-976.2648417259368,286.00000000006344,2.5,9.5,1.0
BDL,COCHINSHIP,1e-12,6.5688583e-07,0.00051259739,6.3743849,50000.0,False,,,120,-5836.092942269877,496.4000000001247,31.666666666666668,98,28.571428571428573,-6923.422605057944,-1748.1999999999414,22,45.45454545454545,1087.329662788066,2244.600000000066,2.5,10.0,0.0
BDL,COCHINSHIP,1e-12,6.5688583e-07,0.00051259739,6.3743849,50000.0,False,,,122,-2168.9423019481874,4270.199999999812,31.9672131147541,100,31.0,-3592.774338981166,1690.0999999998353,22,36.36363636363637,1423.8320370329775,2580.0999999999776,2.5,10.0,0.5
BDL,COCHINSHIP,1e-12,6.5688583e-07,0.00051259739,6.3743849,50000.0,False,,,128,-3764.5003214228254,2991.100000000175,30.46875,104,28.846153846153847,-4053.0895771368873,1441.100000000111,24,37.5,288.5892557140633,1550.0000000000634,2.5,10.0,1.0
BDL,COCHINSHIP,1e-12,6.5688583e-07,0.00051259739,6.3743849,50000.0,False,,,120,-5836.092942269877,496.4000000001247,31.666666666666668,98,28.571428571428573,-6923.422605057944,-1748.1999999999414,22,45.45454545454545,1087.329662788066,2244.600000000066,2.5,10.5,0.0
BDL,COCHINSHIP,1e-12,6.5688583e-07,0.00051259739,6.3743849,50000.0,False,,,122,-2168.9423019481874,4270.199999999812,31.9672131147541,100,31.0,-3592.774338981166,1690.0999999998353,22,36.36363636363637,1423.8320370329775,2580.0999999999776,2.5,10.5,0.5
BDL,COCHINSHIP,1e-12,6.5688583e-07,0.00051259739,6.3743849,50000.0,False,,,128,-3764.5003214228254,2991.100000000175,30.46875,104,28.846153846153847,-4053.0895771368873,1441.100000000111,24,37.5,288.5892557140633,1550.0000000000634,2.5,10.5,1.0
BDL,COCHINSHIP,1e-12,6.5688583e-07,0.00051259739,6.3743849,50000.0,False,,,120,-5536.286655269878,796.4000000001247,31.666666666666668,98,28.571428571428573,-6623.616318057944,-1448.1999999999414,22,45.45454545454545,1087.329662788066,2244.600000000066,2.5,11.0,0.0
BDL,COCHINSHIP,1e-12,6.5688583e-07,0.00051259739,6.3743849,50000.0,False,,,122,-1869.136014948188,4570.199999999812,31.9672131147541,100,31.0,-3292.9680519811664,1990.0999999998353,22,36.36363636363637,1423.8320370329775,2580.0999999999776,2.5,11.0,0.5
BDL,COCHINSHIP,1e-12,6.5688583e-07,0.00051259739,6.3743849,50000.0,False,,,128,-3464.694034422824,3291.100000000175,30.46875,104,28.846153846153847,-3753.2832901368874,1741.100000000111,24,37.5,288.5892557140633,1550.0000000000634,2.5,11.0,1.0
BDL,COCHINSHIP,1e-12,6.5688583e-07,0.00051259739,6.3743849,50000.0,False,,,120,-5590.651528645894,742.0000000001096,31.666666666666668,98,28.571428571428573,-6677.981191433961,-1502.599999999956,22,45.45454545454545,1087.329662788066,2244.600000000066,2.5,11.5,0.0
BDL,COCHINSHIP,1e-12,6.5688583e-07,0.00051259739,6.3743849,50000.0,False,,,122,-1739.6196989641576,4699.799999999843,31.9672131147541,100,31.0,-3163.451735997135,2119.6999999998657,22,36.36363636363637,1423.8320370329775,2580.0999999999776,2.5,11.5,0.5
BDL,COCHINSHIP,1e-12,6.5688583e-07,0.00051259739,6.3743849,50000.0,False,,,128,-3206.2610150288156,3549.7000000001826,30.46875,104,28.846153846153847,-3494.850270742879,1999.7000000001187,24,37.5,288.5892557140633,1550.0000000000634,2.5,11.5,1.0
BDL,COCHINSHIP,1e-12,6.5688583e-07,0.00051259739,6.3743849,50000.0,False,,,120,-5590.651528645894,742.0000000001096,31.666666666666668,98,28.571428571428573,-6677.981191433961,-1502.599999999956,22,45.45454545454545,1087.329662788066,2244.600000000066,2.5,12.0,0.0
BDL,COCHINSHIP,1e-12,6.5688583e-07,0.00051259739,6.3743849,50000.0,False,,,122,-1739.6196989641576,4699.799999999843,31.9672131147541,100,31.0,-3163.451735997135,2119.6999999998657,22,36.36363636363637,1423.8320370329775,2580.0999999999776,2.5,12.0,0.5
BDL,COCHINSHIP,1e-12,6.5688583e-07,0.00051259739,6.3743849,50000.0,False,,,128,-3206.2610150288156,3549.7000000001826,30.46875,104,28.846153846153847,-3494.850270742879,1999.7000000001187,24,37.5,288.5892557140633,1550.0000000000634,2.5,12.0,1.0
BDL,COCHINSHIP,1e-12,6.5688583e-07,0.00051259739,6.3743849,50000.0,False,,,120,-7971.259042735874,-1636.9999999998693,31.666666666666668,98,28.571428571428573,-9058.588705523935,-3881.599999999936,22,45.45454545454545,1087.329662788066,2244.600000000066,2.5,12.5,0.0
BDL,COCHINSHIP,1e-12,6.5688583e-07,0.00051259739,6.3743849,50000.0,False,,,122,-3898.077205434145,2542.7999999998533,31.9672131147541,100,31.0,-5321.909242467123,-37.300000000124555,22,36.36363636363637,1423.8320370329775,2580.0999999999776,2.5,12.5,0.5
BDL,COCHINSHIP,1e-12,6.5688583e-07,0.00051259739,6.3743849,50000.0,False,,,128,-5436.667105047803,1320.8000000001932,30.46875,104,28.846153846153847,-5725.256360761867,-229.19999999987022,24,37.5,288.5892557140633,1550.0000000000634,2.5,12.5,1.0
BDL,COCHINSHIP,1e-12,6.5688583e-07,0.00051259739,6.3743849,50000.0,False,,,120,-7971.259042735874,-1636.9999999998693,31.666666666666668,98,28.571428571428573,-9058.588705523935,-3881.599999999936,22,45.45454545454545,1087.329662788066,2244.600000000066,2.5,13.0,0.0
BDL,COCHINSHIP,1e-12,6.5688583e-07,0.00051259739,6.3743849,50000.0,False,,,122,-3898.077205434145,2542.7999999998533,31.9672131147541,100,31.0,-5321.909242467123,-37.300000000124555,22,36.36363636363637,1423.8320370329775,2580.0999999999776,2.5,13.0,0.5
BDL,COCHINSHIP,1e-12,6.5688583e-07,0.00051259739,6.3743849,50000.0,False,,,128,-5436.667105047803,1320.8000000001932,30.46875,104,28.846153846153847,-5725.256360761867,-229.19999999987022,24,37.5,288.5892557140633,1550.0000000000634,2.5,13.0,1.0
BDL,COCHINSHIP,1e-12,6.5688583e-07,0.00051259739,6.3743849,50000.0,False,,,120,-7971.259042735874,-1636.9999999998693,31.666666666666668,98,28.571428571428573,-9058.588705523935,-3881.599999999936,22,45.45454545454545,1087.329662788066,2244.600000000066,2.5,13.5,0.0
BDL,COCHINSHIP,1e-12,6.5688583e-07,0.00051259739,6.3743849,50000.0,False,,,122,-3898.077205434145,2542.7999999998533,31.9672131147541,100,31.0,-5321.909242467123,-37.300000000124555,22,36.36363636363637,1423.8320370329775,2580.0999999999776,2.5,13.5,0.5
BDL,COCHINSHIP,1e-12,6.5688583e-07,0.00051259739,6.3743849,50000.0,False,,,128,-5436.667105047803,1320.8000000001932,30.46875,104,28.846153846153847,-5725.256360761867,-229.19999999987022,24,37.5,288.5892557140633,1550.0000000000634,2.5,13.5,1.0
BDL,COCHINSHIP,1e-12,6.5688583e-07,0.00051259739,6.3743849,50000.0,False,,,120,-7971.259042735874,-1636.9999999998693,31.666666666666668,98,28.571428571428573,-9058.588705523935,-3881.599999999936,22,45.45454545454545,1087.329662788066,2244.600000000066,2.5,14.0,0.0
BDL,COCHINSHIP,1e-12,6.5688583e-07,0.00051259739,6.3743849,50000.0,False,,,122,-3898.077205434145,2542.7999999998533,31.9672131147541,100,31.0,-5321.909242467123,-37.300000000124555,22,36.36363636363637,1423.8320370329775,2580.0999999999776,2.5,14.0,0.5
BDL,COCHINSHIP,1e-12,6.5688583e-07,0.00051259739,6.3743849,50000.0,False,,,128,-5436.667105047803,1320.8000000001932,30.46875,104,28.846153846153847,-5725.256360761867,-229.19999999987022,24,37.5,288.5892557140633,1550.0000000000634,2.5,14.0,1.0
BDL,COCHINSHIP,1e-12,6.5688583e-07,0.00051259739,6.3743849,50000.0,False,,,120,-7971.259042735874,-1636.9999999998693,31.666666666666668,98,28.571428571428573,-9058.588705523935,-3881.599999999936,22,45.45454545454545,1087.329662788066,2244.600000000066,2.5,14.5,0.0
BDL,COCHINSHIP,1e-12,6.5688583e-07,0.00051259739,6.3743849,50000.0,False,,,122,-3898.077205434145,2542.7999999998533,31.9672131147541,100,31.0,-5321.909242467123,-37.300000000124555,22,36.36363636363637,1423.8320370329775,2580.0999999999776,2.5,14.5,0.5
BDL,COCHINSHIP,1e-12,6.5688583e-07,0.00051259739,6.3743849,50000.0,False,,,128,-5436.667105047803,1320.8000000001932,30.46875,104,28.846153846153847,-5725.256360761867,-229.19999999987022,24,37.5,288.5892557140633,1550.0000000000634,2.5,14.5,1.0
BDL,COCHINSHIP,1e-12,6.5688583e-07,0.00051259739,6.3743849,50000.0,False,,,120,-7971.259042735874,-1636.9999999998693,31.666666666666668,98,28.571428571428573,-9058.588705523935,-3881.599999999936,22,45.45454545454545,1087.329662788066,2244.600000000066,2.5,15.0,0.0
BDL,COCHINSHIP,1e-12,6.5688583e-07,0.00051259739,6.3743849,50000.0,False,,,122,-3898.077205434145,2542.7999999998533,31.9672131147541,100,31.0,-5321.909242467123,-37.300000000124555,22,36.36363636363637,1423.8320370329775,2580.0999999999776,2.5,15.0,0.5
BDL,COCHINSHIP,1e-12,6.5688583e-07,0.00051259739,6.3743849,50000.0,False,,,128,-5436.667105047803,1320.8000000001932,30.46875,104,28.846153846153847,-5725.256360761867,-229.19999999987022,24,37.5,288.5892557140633,1550.0000000000634,2.5,15.0,1.0
BDL,COCHINSHIP,1e-12,6.5688583e-07,0.00051259739,6.3743849,50000.0,False,,,120,-7971.259042735874,-1636.9999999998693,31.666666666666668,98,28.571428571428573,-9058.588705523935,-3881.599999999936,22,45.45454545454545,1087.329662788066,2244.600000000066,2.5,15.5,0.0
BDL,COCHINSHIP,1e-12,6.5688583e-07,0.00051259739,6.3743849,50000.0,False,,,122,-3898.077205434145,2542.7999999998533,31.9672131147541,100,31.0,-5321.909242467123,-37.300000000124555,22,36.36363636363637,1423.8320370329775,2580.0999999999776,2.5,15.5,0.5
BDL,COCHINSHIP,1e-12,6.5688583e-07,0.00051259739,6.3743849,50000.0,False,,,128,-5436.667105047803,1320.8000000001932,30.46875,104,28.846153846153847,-5725.256360761867,-229.19999999987022,24,37.5,288.5892557140633,1550.0000000000634,2.5,15.5,1.0
BDL,COCHINSHIP,1e-12,6.5688583e-07,0.00051259739,6.3743849,50000.0,False,,,120,-7971.259042735874,-1636.9999999998693,31.666666666666668,98,28.571428571428573,-9058.588705523935,-3881.599999999936,22,45.45454545454545,1087.329662788066,2244.600000000066,2.5,16.0,0.0
BDL,COCHINSHIP,1e-12,6.5688583e-07,0.00051259739,6.3743849,50000.0,False,,,122,-3898.077205434145,2542.7999999998533,31.9672131147541,100,31.0,-5321.909242467123,-37.300000000124555,22,36.36363636363637,1423.8320370329775,2580.0999999999776,2.5,16.0,0.5
BDL,COCHINSHIP,1e-12,6.5688583e-07,0.00051259739,6.3743849,50000.0,False,,,128,-5436.667105047803,1320.8000000001932,30.46875,104,28.846153846153847,-5725.256360761867,-229.19999999987022,24,37.5,288.5892557140633,1550.0000000000634,2.5,16.0,1.0
BDL,COCHINSHIP,1e-12,6.5688583e-07,0.00051259739,6.3743849,50000.0,False,,,120,-7971.259042735874,-1636.9999999998693,31.666666666666668,98,28.571428571428573,-9058.588705523935,-3881.599999999936,22,45.45454545454545,1087.329662788066,2244.600000000066,2.5,16.5,0.0
BDL,COCHINSHIP,1e-12,6.5688583e-07,0.00051259739,6.3743849,50000.0,False,,,122,-3898.077205434145,2542.7999999998533,31.9672131147541,100,31.0,-5321.909242467123,-37.300000000124555,22,36.36363636363637,1423.8320370329775,2580.0999999999776,2.5,16.5,0.5
BDL,COCHINSHIP,1e-12,6.5688583e-07,0.00051259739,6.3743849,50000.0,False,,,128,-5436.667105047803,1320.8000000001932,30.46875,104,28.846153846153847,-5725.256360761867,-229.19999999987022,24,37.5,288.5892557140633,1550.0000000000634,2.5,16.5,1.0
BDL,COCHINSHIP,1e-12,6.5688583e-07,0.00051259739,6.3743849,50000.0,False,,,120,-7971.259042735874,-1636.9999999998693,31.666666666666668,98,28.571428571428573,-9058.588705523935,-3881.599999999936,22,45.45454545454545,1087.329662788066,2244.600000000066,2.5,17.0,0.0
BDL,COCHINSHIP,1e-12,6.5688583e-07,0.00051259739,6.3743849,50000.0,False,,,122,-3898.077205434145,2542.7999999998533,31.9672131147541,100,31.0,-5321.909242467123,-37.300000000124555,22,36.36363636363637,1423.8320370329775,2580.0999999999776,2.5,17.0,0.5
BDL,COCHINSHIP,1e-12,6.5688583e-07,0.00051259739,6.3743849,50000.0,False,,,128,-5436.667105047803,1320.8000000001932,30.46875,104,28.846153846153847,-5725.256360761867,-229.19999999987022,24,37.5,288.5892557140633,1550.0000000000634,2.5,17.0,1.0
BDL,COCHINSHIP,1e-12,6.5688583e-07,0.00051259739,6.3743849,50000.0,False,,,120,-7971.259042735874,-1636.9999999998693,31.666666666666668,98,28.571428571428573,-9058.588705523935,-3881.599999999936,22,45.45454545454545,1087.329662788066,2244.600000000066,2.5,17.5,0.0
BDL,COCHINSHIP,1e-12,6.5688583e-07,0.00051259739,6.3743849,50000.0,False,,,122,-3898.077205434145,2542.7999999998533,31.9672131147541,100,31.0,-5321.909242467123,-37.300000000124555,22,36.36363636363637,1423.8320370329775,2580.0999999999776,2.5,17.5,0.5
BDL,COCHINSHIP,1e-12,6.5688583e-07,0.00051259739,6.3743849,50000.0,False,,,128,-5436.667105047803,1320.8000000001932,30.46875,104,28.846153846153847,-5725.256360761867,-229.19999999987022,24,37.5,288.5892557140633,1550.0000000000634,2.5,17.5,1.0
BDL,COCHINSHIP,1e-12,6.5688583e-07,0.00051259739,6.3743849,50000.0,False,,,120,-7971.259042735874,-1636.9999999998693,31.666666666666668,98,28.571428571428573,-9058.588705523935,-3881.599999999936,22,45.45454545454545,1087.329662788066,2244.600000000066,2.5,18.0,0.0
BDL,COCHINSHIP,1e-12,6.5688583e-07,0.00051259739,6.3743849,50000.0,False,,,122,-3898.077205434145,2542.7999999998533,31.9672131147541,100,31.0,-5321.909242467123,-37.300000000124555,22,36.36363636363637,1423.8320370329775,2580.0999999999776,2.5,18.0,0.5
BDL,COCHINSHIP,1e-12,6.5688583e-07,0.00051259739,6.3743849,50000.0,False,,,128,-5436.667105047803,1320.8000000001932,30.46875,104,28.846153846153847,-5725.256360761867,-229.19999999987022,24,37.5,288.5892557140633,1550.0000000000634,2.5,18.0,1.0
BDL,COCHINSHIP,1e-12,6.5688583e-07,0.00051259739,6.3743849,50000.0,False,,,120,-7971.259042735874,-1636.9999999998693,31.666666666666668,98,28.571428571428573,-9058.588705523935,-3881.599999999936,22,45.45454545454545,1087.329662788066,2244.600000000066,2.5,18.5,0.0
BDL,COCHINSHIP,1e-12,6.5688583e-07,0.00051259739,6.3743849,50000.0,False,,,122,-3898.077205434145,2542.7999999998533,31.9672131147541,100,31.0,-5321.909242467123,-37.300000000124555,22,36.36363636363637,1423.8320370329775,2580.0999999999776,2.5,18.5,0.5
BDL,COCHINSHIP,1e-12,6.5688583e-07,0.00051259739,6.3743849,50000.0,False,,,128,-5436.667105047803,1320.8000000001932,30.46875,104,28.846153846153847,-5725.256360761867,-229.19999999987022,24,37.5,288.5892557140633,1550.0000000000634,2.5,18.5,1.0
BDL,COCHINSHIP,1e-12,6.5688583e-07,0.00051259739,6.3743849,50000.0,False,,,120,-7971.259042735874,-1636.9999999998693,31.666666666666668,98,28.571428571428573,-9058.588705523935,-3881.599999999936,22,45.45454545454545,1087.329662788066,2244.600000000066,2.5,19.0,0.0
BDL,COCHINSHIP,1e-12,6.5688583e-07,0.00051259739,6.3743849,50000.0,False,,,122,-3898.077205434145,2542.7999999998533,31.9672131147541,100,31.0,-5321.909242467123,-37.300000000124555,22,36.36363636363637,1423.8320370329775,2580.0999999999776,2.5,19.0,0.5
BDL,COCHINSHIP,1e-12,6.5688583e-07,0.00051259739,6.3743849,50000.0,False,,,128,-5436.667105047803,1320.8000000001932,30.46875,104,28.846153846153847,-5725.256360761867,-229.19999999987022,24,37.5,288.5892557140633,1550.0000000000634,2.5,19.0,1.0
BDL,COCHINSHIP,1e-12,6.5688583e-07,0.00051259739,6.3743849,50000.0,False,,,120,-8572.470583599894,-2238.5999999998894,31.666666666666668,98,28.571428571428573,-9659.800246387955,-4483.199999999956,22,45.45454545454545,1087.329662788066,2244.600000000066,2.5,19.5,0.0
BDL,COCHINSHIP,1e-12,6.5688583e-07,0.00051259739,6.3743849,50000.0,False,,,122,-4355.381728538157,2085.19999999984,31.9672131147541,100,31.0,-5779.213765571136,-494.9000000001372,22,36.36363636363637,1423.8320370329775,2580.0999999999776,2.5,19.5,0.5
BDL,COCHINSHIP,1e-12,6.5688583e-07,0.00051259739,6.3743849,50000.0,False,,,128,-5852.398489687811,904.800000000186,30.46875,104,28.846153846153847,-6140.987745401875,-645.1999999998775,24,37.5,288.5892557140633,1550.0000000000634,2.5,19.5,1.0
BDL,COCHINSHIP,1e-12,6.5688583e-07,0.00051259739,6.3743849,50000.0,False,,,120,-8572.470583599894,-2238.5999999998894,31.666666666666668,98,28.571428571428573,-9659.800246387955,-4483.199999999956,22,45.45454545454545,1087.329662788066,2244.600000000066,2.5,20.0,0.0
BDL,COCHINSHIP,1e-12,6.5688583e-07,0.00051259739,6.3743849,50000.0,False,,,122,-4355.381728538157,2085.19999999984,31.9672131147541,100,31.0,-5779.213765571136,-494.9000000001372,22,36.36363636363637,1423.8320370329775,2580.0999999999776,2.5,20.0,0.5
BDL,COCHINSHIP,1e-12,6.5688583e-07,0.00051259739,6.3743849,50000.0,False,,,128,-5852.398489687811,904.800000000186,30.46875,104,28.846153846153847,-6140.987745401875,-645.1999999998775,24,37.5,288.5892557140633,1550.0000000000634,2.5,20.0,1.0
BDL,COCHINSHIP,1e-12,6.5688583e-07,0.00051259739,6.3743849,50000.0,False,,,120,-8572.470583599894,-2238.5999999998894,31.666666666666668,98,28.571428571428573,-9659.800246387955,-4483.199999999956,22,45.45454545454545,1087.329662788066,2244.600000000066,2.5,20.5,0.0
BDL,COCHINSHIP,1e-12,6.5688583e-07,0.00051259739,6.3743849,50000.0,False,,,122,-4355.381728538157,2085.19999999984,31.9672131147541,100,31.0,-5779.213765571136,-494.9000000001372,22,36.36363636363637,1423.8320370329775,2580.0999999999776,2.5,20.5,0.5
BDL,COCHINSHIP,1e-12,6.5688583e-07,0.00051259739,6.3743849,50000.0,False,,,128,-5852.398489687811,904.800000000186,30.46875,104,28.846153846153847,-6140.987745401875,-645.1999999998775,24,37.5,288.5892557140633,1550.0000000000634,2.5,20.5,1.0
BDL,COCHINSHIP,1e-12,6.5688583e-07,0.00051259739,6.3743849,50000.0,False,,,120,-8572.470583599894,-2238.5999999998894,31.666666666666668,98,28.571428571428573,-9659.800246387955,-4483.199999999956,22,45.45454545454545,1087.329662788066,2244.600000000066,2.5,21.0,0.0
BDL,COCHINSHIP,1e-12,6.5688583e-07,0.00051259739,6.3743849,50000.0,False,,,122,-4355.381728538157,2085.19999999984,31.9672131147541,100,31.0,-5779.213765571136,-494.9000000001372,22,36.36363636363637,1423.8320370329775,2580.0999999999776,2.5,21.0,0.5
BDL,COCHINSHIP,1e-12,6.5688583e-07,0.00051259739,6.3743849,50000.0,False,,,128,-5852.398489687811,904.800000000186,30.46875,104,28.846153846153847,-6140.987745401875,-645.1999999998775,24,37.5,288.5892557140633,1550.0000000000634,2.5,21.0,1.0
BDL,COCHINSHIP,1e-12,6.5688583e-07,0.00051259739,6.3743849,50000.0,False,,,120,-8572.470583599894,-2238.5999999998894,31.666666666666668,98,28.571428571428573,-9659.800246387955,-4483.199999999956,22,45.45454545454545,1087.329662788066,2244.600000000066,2.5,21.5,0.0
BDL,COCHINSHIP,1e-12,6.5688583e-07,0.00051259739,6.3743849,50000.0,False,,,122,-4355.381728538157,2085.19999999984,31.9672131147541,100,31.0,-5779.213765571136,-494.9000000001372,22,36.36363636363637,1423.8320370329775,2580.0999999999776,2.5,21.5,0.5
BDL,COCHINSHIP,1e-12,6.5688583e-07,0.00051259739,6.3743849,50000.0,False,,,128,-5852.398489687811,904.800000000186,30.46875,104,28.846153846153847,-6140.987745401875,-645.1999999998775,24,37.5,288.5892557140633,1550.0000000000634,2.5,21.5,1.0
BDL,COCHINSHIP,1e-12,6.5688583e-07,0.00051259739,6.3743849,50000.0,False,,,120,-8572.470583599894,-2238.5999999998894,31.666666666666668,98,28.571428571428573,-9659.800246387955,-4483.199999999956,22,45.45454545454545,1087.329662788066,2244.600000000066,2.5,22.0,0.0
BDL,COCHINSHIP,1e-12,6.5688583e-07,0.00051259739,6.3743849,50000.0,False,,,122,-4355.381728538157,2085.19999999984,31.9672131147541,100,31.0,-5779.213765571136,-494.9000000001372,22,36.36363636363637,1423.8320370329775,2580.0999999999776,2.5,22.0,0.5
BDL,COCHINSHIP,1e-12,6.5688583e-07,0.00051259739,6.3743849,50000.0,False,,,128,-5852.398489687811,904.800000000186,30.46875,104,28.846153846153847,-6140.987745401875,-645.1999999998775,24,37.5,288.5892557140633,1550.0000000000634,2.5,22.0,1.0
BDL,COCHINSHIP,1e-12,6.5688583e-07,0.00051259739,6.3743849,50000.0,False,,,120,-8572.470583599894,-2238.5999999998894,31.666666666666668,98,28.571428571428573,-9659.800246387955,-4483.199999999956,22,45.45454545454545,1087.329662788066,2244.600000000066,2.5,22.5,0.0
BDL,COCHINSHIP,1e-12,6.5688583e-07,0.00051259739,6.3743849,50000.0,False,,,122,-4355.381728538157,2085.19999999984,31.9672131147541,100,31.0,-5779.213765571136,-494.9000000001372,22,36.36363636363637,1423.8320370329775,2580.0999999999776,2.5,22.5,0.5
BDL,COCHINSHIP,1e-12,6.5688583e-07,0.00051259739,6.3743849,50000.0,False,,,128,-5852.398489687811,904.800000000186,30.46875,104,28.846153846153847,-6140.987745401875,-645.1999999998775,24,37.5,288.5892557140633,1550.0000000000634,2.5,22.5,1.0
BDL,COCHINSHIP,1e-12,6.5688583e-07,0.00051259739,6.3743849,50000.0,False,,,120,-8572.470583599894,-2238.5999999998894,31.666666666666668,98,28.571428571428573,-9659.800246387955,-4483.199999999956,22,45.45454545454545,1087.329662788066,2244.600000000066,2.5,23.0,0.0
BDL,COCHINSHIP,1e-12,6.5688583e-07,0.00051259739,6.3743849,50000.0,False,,,122,-4355.381728538157,2085.19999999984,31.9672131147541,100,31.0,-5779.213765571136,-494.9000000001372,22,36.36363636363637,1423.8320370329775,2580.0999999999776,2.5,23.0,0.5
BDL,COCHINSHIP,1e-12,6.5688583e-07,0.00051259739,6.3743849,50000.0,False,,,128,-5852.398489687811,904.800000000186,30.46875,104,28.846153846153847,-6140.987745401875,-645.1999999998775,24,37.5,288.5892557140633,1550.0000000000634,2.5,23.0,1.0
BDL,COCHINSHIP,1e-12,6.5688583e-07,0.00051259739,6.3743849,50000.0,False,,,120,-8572.470583599894,-2238.5999999998894,31.666666666666668,98,28.571428571428573,-9659.800246387955,-4483.199999999956,22,45.45454545454545,1087.329662788066,2244.600000000066,2.5,23.5,0.0
BDL,COCHINSHIP,1e-12,6.5688583e-07,0.00051259739,6.3743849,50000.0,False,,,122,-4355.381728538157,2085.19999999984,31.9672131147541,100,31.0,-5779.213765571136,-494.9000000001372,22,36.36363636363637,1423.8320370329775,2580.0999999999776,2.5,23.5,0.5
BDL,COCHINSHIP,1e-12,6.5688583e-07,0.00051259739,6.3743849,50000.0,False,,,128,-5852.398489687811,904.800000000186,30.46875,104,28.846153846153847,-6140.987745401875,-645.1999999998775,24,37.5,288.5892557140633,1550.0000000000634,2.5,23.5,1.0
BDL,COCHINSHIP,1e-12,6.5688583e-07,0.00051259739,6.3743849,50000.0,False,,,120,-8572.470583599894,-2238.5999999998894,31.666666666666668,98,28.571428571428573,-9659.800246387955,-4483.199999999956,22,45.45454545454545,1087.329662788066,2244.600000000066,2.5,24.0,0.0
BDL,COCHINSHIP,1e-12,6.5688583e-07,0.00051259739,6.3743849,50000.0,False,,,122,-4355.381728538157,2085.19999999984,31.9672131147541,100,31.0,-5779.213765571136,-494.9000000001372,22,36.36363636363637,1423.8320370329775,2580.0999999999776,2.5,24.0,0.5
BDL,COCHINSHIP,1e-12,6.5688583e-07,0.00051259739,6.3743849,50000.0,False,,,128,-5852.398489687811,904.800000000186,30.46875,104,28.846153846153847,-6140.987745401875,-645.1999999998775,24,37.5,288.5892557140633,1550.0000000000634,2.5,24.0,1.0
BDL,COCHINSHIP,1e-12,6.5688583e-07,0.00051259739,6.3743849,50000.0,False,,,120,-8572.470583599894,-2238.5999999998894,31.666666666666668,98,28.571428571428573,-9659.800246387955,-4483.199999999956,22,45.45454545454545,1087.329662788066,2244.600000000066,2.5,24.5,0.0
BDL,COCHINSHIP,1e-12,6.5688583e-07,0.00051259739,6.3743849,50000.0,False,,,122,-4355.381728538157,2085.19999999984,31.9672131147541,100,31.0,-5779.213765571136,-494.9000000001372,22,36.36363636363637,1423.8320370329775,2580.0999999999776,2.5,24.5,0.5
BDL,COCHINSHIP,1e-12,6.5688583e-07,0.00051259739,6.3743849,50000.0,False,,,128,-5852.398489687811,904.800000000186,30.46875,104,28.846153846153847,-6140.987745401875,-645.1999999998775,24,37.5,288.5892557140633,1550.0000000000634,2.5,24.5,1.0
BDL,COCHINSHIP,1e-12,6.5688583e-07,0.00051259739,6.3743849,50000.0,False,,,120,-8572.470583599894,-2238.5999999998894,31.666666666666668,98,28.571428571428573,-9659.800246387955,-4483.199999999956,22,45.45454545454545,1087.329662788066,2244.600000000066,2.5,25.0,0.0
BDL,COCHINSHIP,1e-12,6.5688583e-07,0.00051259739,6.3743849,50000.0,False,,,122,-4355.381728538157,2085.19999999984,31.9672131147541,100,31.0,-5779.213765571136,-494.9000000001372,22,36.36363636363637,1423.8320370329775,2580.0999999999776,2.5,25.0,0.5
BDL,COCHINSHIP,1e-12,6.5688583e-07,0.00051259739,6.3743849,50000.0,False,,,128,-5852.398489687811,904.800000000186,30.46875,104,28.846153846153847,-6140.987745401875,-645.1999999998775,24,37.5,288.5892557140633,1550.0000000000634,2.5,25.0,1.0
BDL,COCHINSHIP,1e-12,6.5688583e-07,0.00051259739,6.3743849,50000.0,False,,,120,-8572.470583599894,-2238.5999999998894,31.666666666666668,98,28.571428571428573,-9659.800246387955,-4483.199999999956,22,45.45454545454545,1087.329662788066,2244.600000000066,2.5,25.5,0.0
BDL,COCHINSHIP,1e-12,6.5688583e-07,0.00051259739,6.3743849,50000.0,False,,,122,-4355.381728538157,2085.19999999984,31.9672131147541,100,31.0,-5779.213765571136,-494.9000000001372,22,36.36363636363637,1423.8320370329775,2580.0999999999776,2.5,25.5,0.5
BDL,COCHINSHIP,1e-12,6.5688583e-07,0.00051259739,6.3743849,50000.0,False,,,128,-5852.398489687811,904.800000000186,30.46875,104,28.846153846153847,-6140.987745401875,-645.1999999998775,24,37.5,288.5892557140633,1550.0000000000634,2.5,25.5,1.0
BDL,COCHINSHIP,1e-12,6.5688583e-07,0.00051259739,6.3743849,50000.0,False,,,120,-8572.470583599894,-2238.5999999998894,31.666666666666668,98,28.571428571428573,-9659.800246387955,-4483.199999999956,22,45.45454545454545,1087.329662788066,2244.600000000066,2.5,26.0,0.0
BDL,COCHINSHIP,1e-12,6.5688583e-07,0.00051259739,6.3743849,50000.0,False,,,122,-4355.381728538157,2085.19999999984,31.9672131147541,100,31.0,-5779.213765571136,-494.9000000001372,22,36.36363636363637,1423.8320370329775,2580.0999999999776,2.5,26.0,0.5
BDL,COCHINSHIP,1e-12,6.5688583e-07,0.00051259739,6.3743849,50000.0,False,,,128,-5852.398489687811,904.800000000186,30.46875,104,28.846153846153847,-6140.987745401875,-645.1999999998775,24,37.5,288.5892557140633,1550.0000000000634,2.5,26.0,1.0
BDL,COCHINSHIP,1e-12,6.5688583e-07,0.00051259739,6.3743849,50000.0,False,,,120,-8572.470583599894,-2238.5999999998894,31.666666666666668,98,28.571428571428573,-9659.800246387955,-4483.199999999956,22,45.45454545454545,1087.329662788066,2244.600000000066,2.5,26.5,0.0
BDL,COCHINSHIP,1e-12,6.5688583e-07,0.00051259739,6.3743849,50000.0,False,,,122,-4355.381728538157,2085.19999999984,31.9672131147541,100,31.0,-5779.213765571136,-494.9000000001372,22,36.36363636363637,1423.8320370329775,2580.0999999999776,2.5,26.5,0.5
BDL,COCHINSHIP,1e-12,6.5688583e-07,0.00051259739,6.3743849,50000.0,False,,,128,-5852.398489687811,904.800000000186,30.46875,104,28.846153846153847,-6140.987745401875,-645.1999999998775,24,37.5,288.5892557140633,1550.0000000000634,2.5,26.5,1.0
BDL,COCHINSHIP,1e-12,6.5688583e-07,0.00051259739,6.3743849,50000.0,False,,,120,-8572.470583599894,-2238.5999999998894,31.666666666666668,98,28.571428571428573,-9659.800246387955,-4483.199999999956,22,45.45454545454545,1087.329662788066,2244.600000000066,2.5,27.0,0.0
BDL,COCHINSHIP,1e-12,6.5688583e-07,0.00051259739,6.3743849,50000.0,False,,,122,-4355.381728538157,2085.19999999984,31.9672131147541,100,31.0,-5779.213765571136,-494.9000000001372,22,36.36363636363637,1423.8320370329775,2580.0999999999776,2.5,27.0,0.5
BDL,COCHINSHIP,1e-12,6.5688583e-07,0.00051259739,6.3743849,50000.0,False,,,128,-5852.398489687811,904.800000000186,30.46875,104,28.846153846153847,-6140.987745401875,-645.1999999998775,24,37.5,288.5892557140633,1550.0000000000634,2.5,27.0,1.0
BDL,COCHINSHIP,1e-12,6.5688583e-07,0.00051259739,6.3743849,50000.0,False,,,120,-8572.470583599894,-2238.5999999998894,31.666666666666668,98,28.571428571428573,-9659.800246387955,-4483.199999999956,22,45.45454545454545,1087.329662788066,2244.600000000066,2.5,27.5,0.0
BDL,COCHINSHIP,1e-12,6.5688583e-07,0.00051259739,6.3743849,50000.0,False,,,122,-4355.381728538157,2085.19999999984,31.9672131147541,100,31.0,-5779.213765571136,-494.9000000001372,22,36.36363636363637,1423.8320370329775,2580.0999999999776,2.5,27.5,0.5
BDL,COCHINSHIP,1e-12,6.5688583e-07,0.00051259739,6.3743849,50000.0,False,,,128,-5852.398489687811,904.800000000186,30.46875,104,28.846153846153847,-6140.987745401875,-645.1999999998775,24,37.5,288.5892557140633,1550.0000000000634,2.5,27.5,1.0
BDL,COCHINSHIP,1e-12,6.5688583e-07,0.00051259739,6.3743849,50000.0,False,,,120,-8572.470583599894,-2238.5999999998894,31.666666666666668,98,28.571428571428573,-9659.800246387955,-4483.199999999956,22,45.45454545454545,1087.329662788066,2244.600000000066,2.5,28.0,0.0
BDL,COCHINSHIP,1e-12,6.5688583e-07,0.00051259739,6.3743849,50000.0,False,,,122,-4355.381728538157,2085.19999999984,31.9672131147541,100,31.0,-5779.213765571136,-494.9000000001372,22,36.36363636363637,1423.8320370329775,2580.0999999999776,2.5,28.0,0.5
BDL,COCHINSHIP,1e-12,6.5688583e-07,0.00051259739,6.3743849,50000.0,False,,,128,-5852.398489687811,904.800000000186,30.46875,104,28.846153846153847,-6140.987745401875,-645.1999999998775,24,37.5,288.5892557140633,1550.0000000000634,2.5,28.0,1.0
BDL,COCHINSHIP,1e-12,6.5688583e-07,0.00051259739,6.3743849,50000.0,False,,,120,-8572.470583599894,-2238.5999999998894,31.666666666666668,98,28.571428571428573,-9659.800246387955,-4483.199999999956,22,45.45454545454545,1087.329662788066,2244.600000000066,2.5,28.5,0.0
BDL,COCHINSHIP,1e-12,6.5688583e-07,0.00051259739,6.3743849,50000.0,False,,,122,-4355.381728538157,2085.19999999984,31.9672131147541,100,31.0,-5779.213765571136,-494.9000000001372,22,36.36363636363637,1423.8320370329775,2580.0999999999776,2.5,28.5,0.5
BDL,COCHINSHIP,1e-12,6.5688583e-07,0.00051259739,6.3743849,50000.0,False,,,128,-5852.398489687811,904.800000000186,30.46875,104,28.846153846153847,-6140.987745401875,-645.1999999998775,24,37.5,288.5892557140633,1550.0000000000634,2.5,28.5,1.0
BDL,COCHINSHIP,1e-12,6.5688583e-07,0.00051259739,6.3743849,50000.0,False,,,120,-8572.470583599894,-2238.5999999998894,31.666666666666668,98,28.571428571428573,-9659.800246387955,-4483.199999999956,22,45.45454545454545,1087.329662788066,2244.600000000066,2.5,29.0,0.0
BDL,COCHINSHIP,1e-12,6.5688583e-07,0.00051259739,6.3743849,50000.0,False,,,122,-4355.381728538157,2085.19999999984,31.9672131147541,100,31.0,-5779.213765571136,-494.9000000001372,22,36.36363636363637,1423.8320370329775,2580.0999999999776,2.5,29.0,0.5
BDL,COCHINSHIP,1e-12,6.5688583e-07,0.00051259739,6.3743849,50000.0,False,,,128,-5852.398489687811,904.800000000186,30.46875,104,28.846153846153847,-6140.987745401875,-645.1999999998775,24,37.5,288.5892557140633,1550.0000000000634,2.5,29.0,1.0
BDL,COCHINSHIP,1e-12,6.5688583e-07,0.00051259739,6.3743849,50000.0,False,,,120,-8572.470583599894,-2238.5999999998894,31.666666666666668,98,28.571428571428573,-9659.800246387955,-4483.199999999956,22,45.45454545454545,1087.329662788066,2244.600000000066,2.5,29.5,0.0
BDL,COCHINSHIP,1e-12,6.5688583e-07,0.00051259739,6.3743849,50000.0,False,,,122,-4355.381728538157,2085.19999999984,31.9672131147541,100,31.0,-5779.213765571136,-494.9000000001372,22,36.36363636363637,1423.8320370329775,2580.0999999999776,2.5,29.5,0.5
BDL,COCHINSHIP,1e-12,6.5688583e-07,0.00051259739,6.3743849,50000.0,False,,,128,-5852.398489687811,904.800000000186,30.46875,104,28.846153846153847,-6140.987745401875,-645.1999999998775,24,37.5,288.5892557140633,1550.0000000000634,2.5,29.5,1.0
BDL,COCHINSHIP,1e-12,6.5688583e-07,0.00051259739,6.3743849,50000.0,False,,,120,-8572.470583599894,-2238.5999999998894,31.666666666666668,98,28.571428571428573,-9659.800246387955,-4483.199999999956,22,45.45454545454545,1087.329662788066,2244.600000000066,2.5,30.0,0.0
BDL,COCHINSHIP,1e-12,6.5688583e-07,0.00051259739,6.3743849,50000.0,False,,,122,-4355.381728538157,2085.19999999984,31.9672131147541,100,31.0,-5779.213765571136,-494.9000000001372,22,36.36363636363637,1423.8320370329775,2580.0999999999776,2.5,30.0,0.5
BDL,COCHINSHIP,1e-12,6.5688583e-07,0.00051259739,6.3743849,50000.0,False,,,128,-5852.398489687811,904.800000000186,30.46875,104,28.846153846153847,-6140.987745401875,-645.1999999998775,24,37.5,288.5892557140633,1550.0000000000634,2.5,30.0,1.0
BDL,COCHINSHIP,1e-12,6.5688583e-07,0.00051259739,6.3743849,50000.0,False,,,85,-6577.465778814883,-2094.099999999884,50.588235294117645,72,48.611111111111114,-7313.014543709004,-3514.500000000003,13,61.53846153846154,735.5487648941194,1420.4000000001195,3.0,3.5,0.0
BDL,COCHINSHIP,1e-12,6.5688583e-07,0.00051259739,6.3743849,50000.0,False,,,85,-5035.852721517924,-552.1999999999246,50.588235294117645,72,48.611111111111114,-5909.427077687998,-2110.5999999999967,13,61.53846153846154,873.5743561700721,1558.4000000000722,3.0,3.5,0.5
BDL,COCHINSHIP,1e-12,6.5688583e-07,0.00051259739,6.3743849,50000.0,False,,,86,-4304.360191614911,231.7000000000869,48.83720930232558,73,46.57534246575342,-5391.177124100998,-1539.8999999999987,13,61.53846153846154,1086.8169324860853,1771.6000000000859,3.0,3.5,1.0
BDL,COCHINSHIP,1e-12,6.5688583e-07,0.00051259739,6.3743849,50000.0,False,,,86,-9892.390035081962,-5357.999999999957,45.348837209302324,73,46.57534246575342,-9517.51429935506,-5667.500000000058,13,38.46153846153846,-374.8757357268995,309.5000000001003,3.0,4.0,0.0
BDL,COCHINSHIP,1e-12,6.5688583e-07,0.00051259739,6.3743849,50000.0,False,,,86,-6973.926617745945,-2438.9999999999445,46.51162790697674,73,46.57534246575342,-7302.166059572026,-3451.8000000000256,13,46.15384615384615,328.2394418260807,1012.8000000000807,3.0,4.0,0.5
BDL,COCHINSHIP,1e-12,6.5688583e-07,0.00051259739,6.3743849,50000.0,False,,,87,-5051.467013192959,-463.49999999995975,44.827586206896555,74,44.5945945945946,-5861.174893842026,-1957.8000000000266,13,46.15384615384615,809.7078806490666,1494.3000000000668,3.0,4.0,1.0
BDL,COCHINSHIP,1e-12,6.5688583e-07,0.00051259739,6.3743849,50000.0,False,,,86,-8535.53372913402,-4003.000000000022,45.348837209302324,73,46.57534246575342,-7128.859298441101,-3280.700000000099,13,38.46153846153846,-1406.6744306929222,-722.2999999999224,3.0,4.5,0.0
BDL,COCHINSHIP,1e-12,6.5688583e-07,0.00051259739,6.3743849,50000.0,False,,,86,-5649.1373313780105,-1116.200000000014,45.348837209302324,73,46.57534246575342,-4809.239220025054,-960.5000000000562,13,38.46153846153846,-839.8981113529578,-155.69999999995775,3.0,4.5,0.5
BDL,COCHINSHIP,1e-12,6.5688583e-07,0.00051259739,6.3743849,50000.0,False,,,87,-4938.556208399035,-351.9000000000374,42.52873563218391,74,43.24324324324324,-4753.865186141051,-851.5000000000518,13,38.46153846153846,-184.6910222579854,499.60000000001446,3.0,4.5,1.0
BDL,COCHINSHIP,1e-12,6.5688583e-07,0.00051259739,6.3743849,50000.0,False,,,85,-9993.729506973026,-5511.300000000027,40.0,72,40.27777777777778,-8850.884608840115,-5053.000000000116,13,38.46153846153846,-1142.8448981329097,-458.29999999991014,3.0,5.0,0.0
BDL,COCHINSHIP,1e-12,6.5688583e-07,0.00051259739,6.3743849,50000.0,False,,,85,-6408.061006968085,-1925.2000000000824,40.0,72,40.27777777777778,-5831.992428175141,-2033.5000000001369,13,38.46153846153846,-576.0685787929455,108.30000000005452,3.0,5.0,0.5
BDL,COCHINSHIP,1e-12,6.5688583e-07,0.00051259739,6.3743849,50000.0,False,,,87,-6637.13233718198,-2047.3999999999799,39.08045977011494,74,39.189189189189186,-6716.2708474840065,-2811.0000000000064,13,38.46153846153846,79.1385103020267,763.6000000000267,3.0,5.0,1.0
BDL,COCHINSHIP,1e-12,6.5688583e-07,0.00051259739,6.3743849,50000.0,False,,,86,-10571.39008912584,-6034.3999999998405,38.372093023255815,73,39.726027397260275,-9555.677256283983,-5704.199999999984,13,30.76923076923077,-1015.7128328418562,-330.19999999985635,3.0,5.5,0.0
BDL,COCHINSHIP,1e-12,6.5688583e-07,0.00051259739,6.3743849,50000.0,False,,,86,-7347.2212877759775,-2810.5999999999794,37.2093023255814,73,38.35616438356164,-7101.42194340406,-3250.0000000000614,13,30.76923076923077,-245.79934437191807,439.40000000008195,3.0,5.5,0.5
BDL,COCHINSHIP,1e-12,6.5688583e-07,0.00051259739,6.3743849,50000.0,False,,,88,-7519.706628881793,-2875.9999999997945,36.36363636363637,75,37.333333333333336,-7987.153564784867,-4028.699999999868,13,30.76923076923077,467.4469359030743,1152.700000000074,3.0,5.5,1.0
BDL,COCHINSHIP,1e-12,6.5688583e-07,0.00051259739,6.3743849,50000.0,False,,,86,-11676.395312079925,-7139.799999999927,34.883720930232556,73,35.61643835616438,-10937.703488426057,-7086.800000000061,13,30.76923076923077,-738.6918236538663,-52.99999999986653,3.0,6.0,0.0
BDL,COCHINSHIP,1e-12,6.5688583e-07,0.00051259739,6.3743849,50000.0,False,,,86,-8012.207417228096,-3475.8000000001,33.72093023255814,73,34.24657534246575,-8043.429082044168,-4192.400000000172,13,30.76923076923077,31.22166481607195,716.6000000000718,3.0,6.0,0.5
BDL,COCHINSHIP,1e-12,6.5688583e-07,0.00051259739,6.3743849,50000.0,False,,,88,-7719.57299405389,-3075.999999999891,32.95454545454545,75,33.333333333333336,-8464.040939144954,-4505.899999999954,13,30.76923076923077,744.4679450910638,1429.9000000000635,3.0,6.0,1.0
BDL,COCHINSHIP,1e-12,6.5688583e-07,0.00051259739,6.3743849,50000.0,False,,,86,-11700.110737850953,-7163.699999999954,32.55813953488372,73,32.87671232876713,-11381.147715997085,-7530.700000000088,13,30.76923076923077,-318.9630218538663,367.00000000013347,3.0,6.5,0.0
BDL,COCHINSHIP,1e-12,6.5688583e-07,0.00051259739,6.3743849,50000.0,False,,,86,-7877.525188034096,-3341.200000000096,32.55813953488372,73,32.87671232876713,-8328.475654650167,-4477.800000000168,13,30.76923076923077,450.9504666160718,1136.6000000000718,3.0,6.5,0.5
BDL,COCHINSHIP,1e-12,6.5688583e-07,0.00051259739,6.3743849,50000.0,False,,,88,-8078.571784119879,-3435.399999999877,29.545454545454547,75,29.333333333333332,-9242.768531010943,-5285.29999999994,13,30.76923076923077,1164.1967468910636,1849.9000000000633,3.0,6.5,1.0
BDL,COCHINSHIP,1e-12,6.5688583e-07,0.00051259739,6.3743849,50000.0,False,,,86,-11287.481159716948,-6751.099999999953,32.55813953488372,73,32.87671232876713,-10531.0008297011,-6680.300000000105,13,30.76923076923077,-756.480330015848,-70.79999999984807,3.0,7.0,0.0
BDL,COCHINSHIP,1e-12,6.5688583e-07,0.00051259739,6.3743849,50000.0,False,,,86,-7327.784201312102,-2791.4000000001024,32.55813953488372,73,32.87671232876713,-7478.328768354182,-3627.400000000183,13,30.76923076923077,150.54456704207988,836.00000000008,3.0,7.0,0.5
BDL,COCHINSHIP,1e-12,6.5688583e-07,0.00051259739,6.3743849,50000.0,False,,,88,-7458.875997097901,-2815.599999999904,29.545454545454547,75,29.333333333333332,-8392.621644714953,-4434.899999999957,13,30.76923076923077,933.745647617053,1619.3000000000532,3.0,7.0,1.0
BDL,COCHINSHIP,1e-12,6.5688583e-07,0.00051259739,6.3743849,50000.0,False,,,86,-11544.511983850965,-7008.499999999969,32.55813953488372,73,32.87671232876713,-10377.297040645095,-6526.700000000099,13,30.76923076923077,-1167.2149432058698,-481.7999999998699,3.0,7.5,0.0
BDL,COCHINSHIP,1e-12,6.5688583e-07,0.00051259739,6.3743849,50000.0,False,,,86,-7503.867327956103,-2967.800000000104,32.55813953488372,73,32.87671232876713,-7324.624979298176,-3473.800000000177,13,30.76923076923077,-179.24234865792707,506.0000000000732,3.0,7.5,0.5
BDL,COCHINSHIP,1e-12,6.5688583e-07,0.00051259739,6.3743849,50000.0,False,,,88,-7634.959123741902,-2991.9999999999054,29.545454545454547,75,29.333333333333332,-8238.917855658947,-4281.299999999951,13,30.76923076923077,603.9587319170463,1289.300000000046,3.0,7.5,1.0
BDL,COCHINSHIP,1e-12,6.5688583e-07,0.00051259739,6.3743849,50000.0,False,,,86,-11150.815718212985,-6613.499999999987,32.55813953488372,73,32.87671232876713,-9983.600775007115,-6131.700000000117,13,30.76923076923077,-1167.2149432058698,-481.7999999998699,3.0,8.0,0.0
BDL,COCHINSHIP,1e-12,6.5688583e-07,0.00051259739,6.3743849,50000.0,False,,,86,-7049.329979150103,-2512.0000000001055,32.55813953488372,73,32.87671232876713,-6870.087630492176,-3018.0000000001787,13,30.76923076923077,-179.24234865792707,506.0000000000732,3.0,8.0,0.5
BDL,COCHINSHIP,1e-12,6.5688583e-07,0.00051259739,6.3743849,50000.0,False,,,88,-7167.61312584793,-2523.3999999999314,29.545454545454547,75,29.333333333333332,-7771.571857764977,-3812.699999999977,13,30.76923076923077,603.9587319170463,1289.300000000046,3.0,8.0,1.0
BDL,COCHINSHIP,1e-12,6.5688583e-07,0.00051259739,6.3743849,50000.0,False,,,86,-10660.732374396945,-6123.099999999946,32.55813953488372,73,32.87671232876713,-9493.517431191074,-5641.300000000076,13,30.76923076923077,-1167.2149432058698,-481.7999999998699,3.0,8.5,0.0
BDL,COCHINSHIP,1e-12,6.5688583e-07,0.00051259739,6.3743849,50000.0,False,,,86,-6559.246635334062,-2021.600000000064,32.55813953488372,73,32.87671232876713,-6380.004286676136,-2527.6000000001372,13,30.76923076923077,-179.24234865792707,506.0000000000732,3.0,8.5,0.5
BDL,COCHINSHIP,1e-12,6.5688583e-07,0.00051259739,6.3743849,50000.0,False,,,88,-6677.529782031892,-2032.9999999998915,29.545454545454547,75,29.333333333333332,-7281.488513948937,-3322.2999999999374,13,30.76923076923077,603.9587319170463,1289.300000000046,3.0,8.5,1.0
BDL,COCHINSHIP,1e-12,6.5688583e-07,0.00051259739,6.3743849,50000.0,False,,,86,-9245.45281178694,-4708.099999999944,32.55813953488372,73,32.87671232876713,-8078.237868581071,-4226.300000000074,13,30.76923076923077,-1167.2149432058698,-481.7999999998699,3.0,9.0,0.0
BDL,COCHINSHIP,1e-12,6.5688583e-07,0.00051259739,6.3743849,50000.0,False,,,86,-5143.967072724061,-606.6000000000613,32.55813953488372,73,32.87671232876713,-4964.7247240661345,-1112.6000000001345,13,30.76923076923077,-179.24234865792707,506.0000000000732,3.0,9.0,0.5
BDL,COCHINSHIP,1e-12,6.5688583e-07,0.00051259739,6.3743849,50000.0,False,,,88,-5232.129880550889,-587.8999999998885,29.545454545454547,75,29.333333333333332,-5836.088612467935,-1877.199999999934,13,30.76923076923077,603.9587319170463,1289.300000000046,3.0,9.0,1.0
BDL,COCHINSHIP,1e-12,6.5688583e-07,0.00051259739,6.3743849,50000.0,False,,,86,-9226.26520941897,-4688.899999999976,32.55813953488372,73,32.87671232876713,-8059.050266213102,-4207.100000000106,13,30.76923076923077,-1167.2149432058698,-481.7999999998699,3.0,9.5,0.0
BDL,COCHINSHIP,1e-12,6.5688583e-07,0.00051259739,6.3743849,50000.0,False,,,86,-5530.917053812082,-993.8000000000811,32.55813953488372,73,32.87671232876713,-5351.674705154155,-1499.8000000001543,13,30.76923076923077,-179.24234865792707,506.0000000000732,3.0,9.5,0.5
BDL,COCHINSHIP,1e-12,6.5688583e-07,0.00051259739,6.3743849,50000.0,False,,,88,-5619.079861638906,-975.0999999999074,29.545454545454547,75,29.333333333333332,-6223.038593555952,-2264.3999999999533,13,30.76923076923077,603.9587319170463,1289.300000000046,3.0,9.5,1.0
BDL,COCHINSHIP,1e-12,6.5688583e-07,0.00051259739,6.3743849,50000.0,False,,,86,-7023.5874464349945,-2486.5,33.72093023255814,73,32.87671232876713,-7143.6417365730995,-3291.100000000102,13,38.46153846153846,120.05429013810277,804.6000000001025,3.0,10.0,0.0
BDL,COCHINSHIP,1e-12,6.5688583e-07,0.00051259739,6.3743849,50000.0,False,,,86,-3408.293347628106,1128.5999999998949,33.72093023255814,73,32.87671232876713,-4436.266175514152,-583.8000000001507,13,38.46153846153846,1027.9728278860453,1712.4000000000456,3.0,10.0,0.5
BDL,COCHINSHIP,1e-12,6.5688583e-07,0.00051259739,6.3743849,50000.0,False,,,88,-3438.817234558902,1204.9000000000967,30.681818181818183,75,29.333333333333332,-5307.630063915949,-1348.3999999999494,13,38.46153846153846,1868.8128293570464,2553.300000000046,3.0,10.0,1.0
BDL,COCHINSHIP,1e-12,6.5688583e-07,0.00051259739,6.3743849,50000.0,False,,,86,-7023.5874464349945,-2486.5,33.72093023255814,73,32.87671232876713,-7143.6417365730995,-3291.100000000102,13,38.46153846153846,120.05429013810277,804.6000000001025,3.0,10.5,0.0
BDL,COCHINSHIP,1e-12,6.5688583e-07,0.00051259739,6.3743849,50000.0,False,,,86,-3408.293347628106,1128.5999999998949,33.72093023255814,73,32.87671232876713,-4436.266175514152,-583.8000000001507,13,38.46153846153846,1027.9728278860453,1712.4000000000456,3.0,10.5,0.5
BDL,COCHINSHIP,1e-12,6.5688583e-07,0.00051259739,6.3743849,50000.0,False,,,88,-3438.817234558902,1204.9000000000967,30.681818181818183,75,29.333333333333332,-5307.630063915949,-1348.3999999999494,13,38.46153846153846,1868.8128293570464,2553.300000000046,3.0,10.5,1.0
BDL,COCHINSHIP,1e-12,6.5688583e-07,0.00051259739,6.3743849,50000.0,False,,,86,-6723.781159434995,-2186.5,33.72093023255814,73,32.87671232876713,-6843.835449573099,-2991.100000000102,13,38.46153846153846,120.05429013810277,804.6000000001025,3.0,11.0,0.0
BDL,COCHINSHIP,1e-12,6.5688583e-07,0.00051259739,6.3743849,50000.0,False,,,86,-3108.4870606281047,1428.5999999998949,33.72093023255814,73,32.87671232876713,-4136.459888514151,-283.8000000001507,13,38.46153846153846,1027.9728278860453,1712.4000000000456,3.0,11.0,0.5
BDL,COCHINSHIP,1e-12,6.5688583e-07,0.00051259739,6.3743849,50000.0,False,,,88,-3139.0109475589024,1504.9000000000967,30.681818181818183,75,29.333333333333332,-5007.82377691595,-1048.3999999999494,13,38.46153846153846,1868.8128293570464,2553.300000000046,3.0,11.0,1.0
BDL,COCHINSHIP,1e-12,6.5688583e-07,0.00051259739,6.3743849,50000.0,False,,,86,-6778.14603281101,-2240.900000000016,33.72093023255814,73,32.87671232876713,-6898.200322949115,-3045.5000000001182,13,38.46153846153846,120.05429013810277,804.6000000001025,3.0,11.5,0.0
BDL,COCHINSHIP,1e-12,6.5688583e-07,0.00051259739,6.3743849,50000.0,False,,,86,-2978.9707446440743,1558.1999999999261,33.72093023255814,73,32.87671232876713,-4006.94357253012,-154.20000000011942,13,38.46153846153846,1027.9728278860453,1712.4000000000456,3.0,11.5,0.5
BDL,COCHINSHIP,1e-12,6.5688583e-07,0.00051259739,6.3743849,50000.0,False,,,88,-2880.5779281648947,1763.5000000001035,30.681818181818183,75,29.333333333333332,-4749.390757521942,-789.7999999999427,13,38.46153846153846,1868.8128293570464,2553.300000000046,3.0,11.5,1.0
BDL,COCHINSHIP,1e-12,6.5688583e-07,0.00051259739,6.3743849,50000.0,False,,,86,-6778.14603281101,-2240.900000000016,33.72093023255814,73,32.87671232876713,-6898.200322949115,-3045.5000000001182,13,38.46153846153846,120.05429013810277,804.6000000001025,3.0,12.0,0.0
BDL,COCHINSHIP,1e-12,6.5688583e-07,0.00051259739,6.3743849,50000.0,False,,,86,-2978.9707446440743,1558.1999999999261,33.72093023255814,73,32.87671232876713,-4006.94357253012,-154.20000000011942,13,38.46153846153846,1027.9728278860453,1712.4000000000456,3.0,12.0,0.5
BDL,COCHINSHIP,1e-12,6.5688583e-07,0.00051259739,6.3743849,50000.0,False,,,88,-2880.5779281648947,1763.5000000001035,30.681818181818183,75,29.333333333333332,-4749.390757521942,-789.7999999999427,13,38.46153846153846,1868.8128293570464,2553.300000000046,3.0,12.0,1.0
BDL,COCHINSHIP,1e-12,6.5688583e-07,0.00051259739,6.3743849,50000.0,False,,,86,-9158.753546900993,-4619.9,33.72093023255814,73,32.87671232876713,-9278.807837039092,-5424.500000000102,13,38.46153846153846,120.05429013810277,804.6000000001025,3.0,12.5,0.0
BDL,COCHINSHIP,1e-12,6.5688583e-07,0.00051259739,6.3743849,50000.0,False,,,86,-5137.428251114061,-598.8000000000602,33.72093023255814,73,32.87671232876713,-6165.401079000107,-2311.200000000106,13,38.46153846153846,1027.9728278860453,1712.4000000000456,3.0,12.5,0.5
BDL,COCHINSHIP,1e-12,6.5688583e-07,0.00051259739,6.3743849,50000.0,False,,,88,-5110.984018183886,-465.3999999998848,30.681818181818183,75,29.333333333333332,-6979.796847540932,-3018.6999999999307,13,38.46153846153846,1868.8128293570464,2553.300000000046,3.0,12.5,1.0
BDL,COCHINSHIP,1e-12,6.5688583e-07,0.00051259739,6.3743849,50000.0,False,,,86,-9158.753546900993,-4619.9,33.72093023255814,73,32.87671232876713,-9278.807837039092,-5424.500000000102,13,38.46153846153846,120.05429013810277,804.6000000001025,3.0,13.0,0.0
BDL,COCHINSHIP,1e-12,6.5688583e-07,0.00051259739,6.3743849,50000.0,False,,,86,-5137.428251114061,-598.8000000000602,33.72093023255814,73,32.87671232876713,-6165.401079000107,-2311.200000000106,13,38.46153846153846,1027.9728278860453,1712.4000000000456,3.0,13.0,0.5
BDL,COCHINSHIP,1e-12,6.5688583e-07,0.00051259739,6.3743849,50000.0,False,,,88,-5110.984018183886,-465.3999999998848,30.681818181818183,75,29.333333333333332,-6979.796847540932,-3018.6999999999307,13,38.46153846153846,1868.8128293570464,2553.300000000046,3.0,13.0,1.0
BDL,COCHINSHIP,1e-12,6.5688583e-07,0.00051259739,6.3743849,50000.0,False,,,86,-9158.753546900993,-4619.9,33.72093023255814,73,32.87671232876713,-9278.807837039092,-5424.500000000102,13,38.46153846153846,120.05429013810277,804.6000000001025,3.0,13.5,0.0
BDL,COCHINSHIP,1e-12,6.5688583e-07,0.00051259739,6.3743849,50000.0,False,,,86,-5137.428251114061,-598.8000000000602,33.72093023255814,73,32.87671232876713,-6165.401079000107,-2311.200000000106,13,38.46153846153846,1027.9728278860453,1712.4000000000456,3.0,13.5,0.5
BDL,COCHINSHIP,1e-12,6.5688583e-07,0.00051259739,6.3743849,50000.0,False,,,88,-5110.984018183886,-465.3999999998848,30.681818181818183,75,29.333333333333332,-6979.796847540932,-3018.6999999999307,13,38.46153846153846,1868.8128293570464,2553.300000000046,3.0,13.5,1.0
BDL,COCHINSHIP,1e-12,6.5688583e-07,0.00051259739,6.3743849,50000.0,False,,,86,-9158.753546900993,-4619.9,33.72093023255814,73,32.87671232876713,-9278.807837039092,-5424.500000000102,13,38.46153846153846,120.05429013810277,804.6000000001025,3.0,14.0,0.0
BDL,COCHINSHIP,1e-12,6.5688583e-07,0.00051259739,6.3743849,50000.0,False,,,86,-5137.428251114061,-598.8000000000602,33.72093023255814,73,32.87671232876713,-6165.401079000107,-2311.200000000106,13,38.46153846153846,1027.9728278860453,1712.4000000000456,3.0,14.0,0.5
BDL,COCHINSHIP,1e-12,6.5688583e-07,0.00051259739,6.3743849,50000.0,False,,,88,-5110.984018183886,-465.3999999998848,30.681818181818183,75,29.333333333333332,-6979.796847540932,-3018.6999999999307,13,38.46153846153846,1868.8128293570464,2553.300000000046,3.0,14.0,1.0
BDL,COCHINSHIP,1e-12,6.5688583e-07,0.00051259739,6.3743849,50000.0,False,,,86,-9158.753546900993,-4619.9,33.72093023255814,73,32.87671232876713,-9278.807837039092,-5424.500000000102,13,38.46153846153846,120.05429013810277,804.6000000001025,3.0,14.5,0.0
BDL,COCHINSHIP,1e-12,6.5688583e-07,0.00051259739,6.3743849,50000.0,False,,,86,-5137.428251114061,-598.8000000000602,33.72093023255814,73,32.87671232876713,-6165.401079000107,-2311.200000000106,13,38.46153846153846,1027.9728278860453,1712.4000000000456,3.0,14.5,0.5
BDL,COCHINSHIP,1e-12,6.5688583e-07,0.00051259739,6.3743849,50000.0,False,,,88,-5110.984018183886,-465.3999999998848,30.681818181818183,75,29.333333333333332,-6979.796847540932,-3018.6999999999307,13,38.46153846153846,1868.8128293570464,2553.300000000046,3.0,14.5,1.0
BDL,COCHINSHIP,1e-12,6.5688583e-07,0.00051259739,6.3743849,50000.0,False,,,86,-9158.753546900993,-4619.9,33.72093023255814,73,32.87671232876713,-9278.807837039092,-5424.500000000102,13,38.46153846153846,120.05429013810277,804.6000000001025,3.0,15.0,0.0
BDL,COCHINSHIP,1e-12,6.5688583e-07,0.00051259739,6.3743849,50000.0,False,,,86,-5137.428251114061,-598.8000000000602,33.72093023255814,73,32.87671232876713,-6165.401079000107,-2311.200000000106,13,38.46153846153846,1027.9728278860453,1712.4000000000456,3.0,15.0,0.5
BDL,COCHINSHIP,1e-12,6.5688583e-07,0.00051259739,6.3743849,50000.0,False,,,88,-5110.984018183886,-465.3999999998848,30.681818181818183,75,29.333333333333332,-6979.796847540932,-3018.6999999999307,13,38.46153846153846,1868.8128293570464,2553.300000000046,3.0,15.0,1.0
BDL,COCHINSHIP,1e-12,6.5688583e-07,0.00051259739,6.3743849,50000.0,False,,,86,-9158.753546900993,-4619.9,33.72093023255814,73,32.87671232876713,-9278.807837039092,-5424.500000000102,13,38.46153846153846,120.05429013810277,804.6000000001025,3.0,15.5,0.0
BDL,COCHINSHIP,1e-12,6.5688583e-07,0.00051259739,6.3743849,50000.0,False,,,86,-5137.428251114061,-598.8000000000602,33.72093023255814,73,32.87671232876713,-6165.401079000107,-2311.200000000106,13,38.46153846153846,1027.9728278860453,1712.4000000000456,3.0,15.5,0.5
BDL,COCHINSHIP,1e-12,6.5688583e-07,0.00051259739,6.3743849,50000.0,False,,,88,-5110.984018183886,-465.3999999998848,30.681818181818183,75,29.333333333333332,-6979.796847540932,-3018.6999999999307,13,38.46153846153846,1868.8128293570464,2553.300000000046,3.0,15.5,1.0
BDL,COCHINSHIP,1e-12,6.5688583e-07,0.00051259739,6.3743849,50000.0,False,,,86,-9158.753546900993,-4619.9,33.72093023255814,73,32.87671232876713,-9278.807837039092,-5424.500000000102,13,38.46153846153846,120.05429013810277,804.6000000001025,3.0,16.0,0.0
BDL,COCHINSHIP,1e-12,6.5688583e-07,0.00051259739,6.3743849,50000.0,False,,,86,-5137.428251114061,-598.8000000000602,33.72093023255814,73,32.87671232876713,-6165.401079000107,-2311.200000000106,13,38.46153846153846,1027.9728278860453,1712.4000000000456,3.0,16.0,0.5
BDL,COCHINSHIP,1e-12,6.5688583e-07,0.00051259739,6.3743849,50000.0,False,,,88,-5110.984018183886,-465.3999999998848,30.681818181818183,75,29.333333333333332,-6979.796847540932,-3018.6999999999307,13,38.46153846153846,1868.8128293570464,2553.300000000046,3.0,16.0,1.0
BDL,COCHINSHIP,1e-12,6.5688583e-07,0.00051259739,6.3743849,50000.0,False,,,86,-9158.753546900993,-4619.9,33.72093023255814,73,32.87671232876713,-9278.807837039092,-5424.500000000102,13,38.46153846153846,120.05429013810277,804.6000000001025,3.0,16.5,0.0
BDL,COCHINSHIP,1e-12,6.5688583e-07,0.00051259739,6.3743849,50000.0,False,,,86,-5137.428251114061,-598.8000000000602,33.72093023255814,73,32.87671232876713,-6165.401079000107,-2311.200000000106,13,38.46153846153846,1027.9728278860453,1712.4000000000456,3.0,16.5,0.5
BDL,COCHINSHIP,1e-12,6.5688583e-07,0.00051259739,6.3743849,50000.0,False,,,88,-5110.984018183886,-465.3999999998848,30.681818181818183,75,29.333333333333332,-6979.796847540932,-3018.6999999999307,13,38.46153846153846,1868.8128293570464,2553.300000000046,3.0,16.5,1.0
BDL,COCHINSHIP,1e-12,6.5688583e-07,0.00051259739,6.3743849,50000.0,False,,,86,-9158.753546900993,-4619.9,33.72093023255814,73,32.87671232876713,-9278.807837039092,-5424.500000000102,13,38.46153846153846,120.05429013810277,804.6000000001025,3.0,17.0,0.0
BDL,COCHINSHIP,1e-12,6.5688583e-07,0.00051259739,6.3743849,50000.0,False,,,86,-5137.428251114061,-598.8000000000602,33.72093023255814,73,32.87671232876713,-6165.401079000107,-2311.200000000106,13,38.46153846153846,1027.9728278860453,1712.4000000000456,3.0,17.0,0.5
BDL,COCHINSHIP,1e-12,6.5688583e-07,0.00051259739,6.3743849,50000.0,False,,,88,-5110.984018183886,-465.3999999998848,30.681818181818183,75,29.333333333333332,-6979.796847540932,-3018.6999999999307,13,38.46153846153846,1868.8128293570464,2553.300000000046,3.0,17.0,1.0
BDL,COCHINSHIP,1e-12,6.5688583e-07,0.00051259739,6.3743849,50000.0,False,,,86,-9158.753546900993,-4619.9,33.72093023255814,73,32.87671232876713,-9278.807837039092,-5424.500000000102,13,38.46153846153846,120.05429013810277,804.6000000001025,3.0,17.5,0.0
BDL,COCHINSHIP,1e-12,6.5688583e-07,0.00051259739,6.3743849,50000.0,False,,,86,-5137.428251114061,-598.8000000000602,33.72093023255814,73,32.87671232876713,-6165.401079000107,-2311.200000000106,13,38.46153846153846,1027.9728278860453,1712.4000000000456,3.0,17.5,0.5
BDL,COCHINSHIP,1e-12,6.5688583e-07,0.00051259739,6.3743849,50000.0,False,,,88,-5110.984018183886,-465.3999999998848,30.681818181818183,75,29.333333333333332,-6979.796847540932,-3018.6999999999307,13,38.46153846153846,1868.8128293570464,2553.300000000046,3.0,17.5,1.0
BDL,COCHINSHIP,1e-12,6.5688583e-07,0.00051259739,6.3743849,50000.0,False,,,86,-9158.753546900993,-4619.9,33.72093023255814,73,32.87671232876713,-9278.807837039092,-5424.500000000102,13,38.46153846153846,120.05429013810277,804.6000000001025,3.0,18.0,0.0
BDL,COCHINSHIP,1e-12,6.5688583e-07,0.00051259739,6.3743849,50000.0,False,,,86,-5137.428251114061,-598.8000000000602,33.72093023255814,73,32.87671232876713,-6165.401079000107,-2311.200000000106,13,38.46153846153846,1027.9728278860453,1712.4000000000456,3.0,18.0,0.5
BDL,COCHINSHIP,1e-12,6.5688583e-07,0.00051259739,6.3743849,50000.0,False,,,88,-5110.984018183886,-465.3999999998848,30.681818181818183,75,29.333333333333332,-6979.796847540932,-3018.6999999999307,13,38.46153846153846,1868.8128293570464,2553.300000000046,3.0,18.0,1.0
BDL,COCHINSHIP,1e-12,6.5688583e-07,0.00051259739,6.3743849,50000.0,False,,,86,-9158.753546900993,-4619.9,33.72093023255814,73,32.87671232876713,-9278.807837039092,-5424.500000000102,13,38.46153846153846,120.05429013810277,804.6000000001025,3.0,18.5,0.0
BDL,COCHINSHIP,1e-12,6.5688583e-07,0.00051259739,6.3743849,50000.0,False,,,86,-5137.428251114061,-598.8000000000602,33.72093023255814,73,32.87671232876713,-6165.401079000107,-2311.200000000106,13,38.46153846153846,1027.9728278860453,1712.4000000000456,3.0,18.5,0.5
BDL,COCHINSHIP,1e-12,6.5688583e-07,0.00051259739,6.3743849,50000.0,False,,,88,-5110.984018183886,-465.3999999998848,30.681818181818183,75,29.333333333333332,-6979.796847540932,-3018.6999999999307,13,38.46153846153846,1868.8128293570464,2553.300000000046,3.0,18.5,1.0
BDL,COCHINSHIP,1e-12,6.5688583e-07,0.00051259739,6.3743849,50000.0,False,,,86,-9158.753546900993,-4619.9,33.72093023255814,73,32.87671232876713,-9278.807837039092,-5424.500000000102,13,38.46153846153846,120.05429013810277,804.6000000001025,3.0,19.0,0.0
BDL,COCHINSHIP,1e-12,6.5688583e-07,0.00051259739,6.3743849,50000.0,False,,,86,-5137.428251114061,-598.8000000000602,33.72093023255814,73,32.87671232876713,-6165.401079000107,-2311.200000000106,13,38.46153846153846,1027.9728278860453,1712.4000000000456,3.0,19.0,0.5
BDL,COCHINSHIP,1e-12,6.5688583e-07,0.00051259739,6.3743849,50000.0,False,,,88,-5110.984018183886,-465.3999999998848,30.681818181818183,75,29.333333333333332,-6979.796847540932,-3018.6999999999307,13,38.46153846153846,1868.8128293570464,2553.300000000046,3.0,19.0,1.0
BDL,COCHINSHIP,1e-12,6.5688583e-07,0.00051259739,6.3743849,50000.0,False,,,86,-9759.965087765013,-5221.50000000002,33.72093023255814,73,32.87671232876713,-9880.019377903112,-6026.100000000122,13,38.46153846153846,120.05429013810277,804.6000000001025,3.0,19.5,0.0
BDL,COCHINSHIP,1e-12,6.5688583e-07,0.00051259739,6.3743849,50000.0,False,,,86,-5594.732774218073,-1056.4000000000733,33.72093023255814,73,32.87671232876713,-6622.705602104119,-2768.800000000119,13,38.46153846153846,1027.9728278860453,1712.4000000000456,3.0,19.5,0.5
BDL,COCHINSHIP,1e-12,6.5688583e-07,0.00051259739,6.3743849,50000.0,False,,,88,-5526.715402823893,-881.3999999998921,30.681818181818183,75,29.333333333333332,-7395.528232180938,-3434.699999999938,13,38.46153846153846,1868.8128293570464,2553.300000000046,3.0,19.5,1.0
BDL,COCHINSHIP,1e-12,6.5688583e-07,0.00051259739,6.3743849,50000.0,False,,,86,-9759.965087765013,-5221.50000000002,33.72093023255814,73,32.87671232876713,-9880.019377903112,-6026.100000000122,13,38.46153846153846,120.05429013810277,804.6000000001025,3.0,20.0,0.0
BDL,COCHINSHIP,1e-12,6.5688583e-07,0.00051259739,6.3743849,50000.0,False,,,86,-5594.732774218073,-1056.4000000000733,33.72093023255814,73,32.87671232876713,-6622.705602104119,-2768.800000000119,13,38.46153846153846,1027.9728278860453,1712.4000000000456,3.0,20.0,0.5
BDL,COCHINSHIP,1e-12,6.5688583e-07,0.00051259739,6.3743849,50000.0,False,,,88,-5526.715402823893,-881.3999999998921,30.681818181818183,75,29.333333333333332,-7395.528232180938,-3434.699999999938,13,38.46153846153846,1868.8128293570464,2553.300000000046,3.0,20.0,1.0
BDL,COCHINSHIP,1e-12,6.5688583e-07,0.00051259739,6.3743849,50000.0,False,,,86,-9759.965087765013,-5221.50000000002,33.72093023255814,73,32.87671232876713,-9880.019377903112,-6026.100000000122,13,38.46153846153846,120.05429013810277,804.6000000001025,3.0,20.5,0.0
BDL,COCHINSHIP,1e-12,6.5688583e-07,0.00051259739,6.3743849,50000.0,False,,,86,-5594.732774218073,-1056.4000000000733,33.72093023255814,73,32.87671232876713,-6622.705602104119,-2768.800000000119,13,38.46153846153846,1027.9728278860453,1712.4000000000456,3.0,20.5,0.5
BDL,COCHINSHIP,1e-12,6.5688583e-07,0.00051259739,6.3743849,50000.0,False,,,88,-5526.715402823893,-881.3999999998921,30.681818181818183,75,29.333333333333332,-7395.528232180938,-3434.699999999938,13,38.46153846153846,1868.8128293570464,2553.300000000046,3.0,20.5,1.0
BDL,COCHINSHIP,1e-12,6.5688583e-07,0.00051259739,6.3743849,50000.0,False,,,86,-9759.965087765013,-5221.50000000002,33.72093023255814,73,32.87671232876713,-9880.019377903112,-6026.100000000122,13,38.46153846153846,120.05429013810277,804.6000000001025,3.0,21.0,0.0
BDL,COCHINSHIP,1e-12,6.5688583e-07,0.00051259739,6.3743849,50000.0,False,,,86,-5594.732774218073,-1056.4000000000733,33.72093023255814,73,32.87671232876713,-6622.705602104119,-2768.800000000119,13,38.46153846153846,1027.9728278860453,1712.4000000000456,3.0,21.0,0.5
BDL,COCHINSHIP,1e-12,6.5688583e-07,0.00051259739,6.3743849,50000.0,False,,,88,-5526.715402823893,-881.3999999998921,30.681818181818183,75,29.333333333333332,-7395.528232180938,-3434.699999999938,13,38.46153846153846,1868.8128293570464,2553.300000000046,3.0,21.0,1.0
BDL,COCHINSHIP,1e-12,6.5688583e-07,0.00051259739,6.3743849,50000.0,False,,,86,-9759.965087765013,-5221.50000000002,33.72093023255814,73,32.87671232876713,-9880.019377903112,-6026.100000000122,13,38.46153846153846,120.05429013810277,804.6000000001025,3.0,21.5,0.0
BDL,COCHINSHIP,1e-12,6.5688583e-07,0.00051259739,6.3743849,50000.0,False,,,86,-5594.732774218073,-1056.4000000000733,33.72093023255814,73,32.87671232876713,-6622.705602104119,-2768.800000000119,13,38.46153846153846,1027.9728278860453,1712.4000000000456,3.0,21.5,0.5
BDL,COCHINSHIP,1e-12,6.5688583e-07,0.00051259739,6.3743849,50000.0,False,,,88,-5526.715402823893,-881.3999999998921,30.681818181818183,75,29.333333333333332,-7395.528232180938,-3434.699999999938,13,38.46153846153846,1868.8128293570464,2553.300000000046,3.0,21.5,1.0
BDL,COCHINSHIP,1e-12,6.5688583e-07,0.00051259739,6.3743849,50000.0,False,,,86,-9759.965087765013,-5221.50000000002,33.72093023255814,73,32.87671232876713,-9880.019377903112,-6026.100000000122,13,38.46153846153846,120.05429013810277,804.6000000001025,3.0,22.0,0.0
BDL,COCHINSHIP,1e-12,6.5688583e-07,0.00051259739,6.3743849,50000.0,False,,,86,-5594.732774218073,-1056.4000000000733,33.72093023255814,73,32.87671232876713,-6622.705602104119,-2768.800000000119,13,38.46153846153846,1027.9728278860453,1712.4000000000456,3.0,22.0,0.5
BDL,COCHINSHIP,1e-12,6.5688583e-07,0.00051259739,6.3743849,50000.0,False,,,88,-5526.715402823893,-881.3999999998921,30.681818181818183,75,29.333333333333332,-7395.528232180938,-3434.699999999938,13,38.46153846153846,1868.8128293570464,2553.300000000046,3.0,22.0,1.0
BDL,COCHINSHIP,1e-12,6.5688583e-07,0.00051259739,6.3743849,50000.0,False,,,86,-9759.965087765013,-5221.50000000002,33.72093023255814,73,32.87671232876713,-9880.019377903112,-6026.100000000122,13,38.46153846153846,120.05429013810277,804.6000000001025,3.0,22.5,0.0
BDL,COCHINSHIP,1e-12,6.5688583e-07,0.00051259739,6.3743849,50000.0,False,,,86,-5594.732774218073,-1056.4000000000733,33.72093023255814,73,32.87671232876713,-6622.705602104119,-2768.800000000119,13,38.46153846153846,1027.9728278860453,1712.4000000000456,3.0,22.5,0.5
BDL,COCHINSHIP,1e-12,6.5688583e-07,0.00051259739,6.3743849,50000.0,False,,,88,-5526.715402823893,-881.3999999998921,30.681818181818183,75,29.333333333333332,-7395.528232180938,-3434.699999999938,13,38.46153846153846,1868.8128293570464,2553.300000000046,3.0,22.5,1.0
BDL,COCHINSHIP,1e-12,6.5688583e-07,0.00051259739,6.3743849,50000.0,False,,,86,-9759.965087765013,-5221.50000000002,33.72093023255814,73,32.87671232876713,-9880.019377903112,-6026.100000000122,13,38.46153846153846,120.05429013810277,804.6000000001025,3.0,23.0,0.0
BDL,COCHINSHIP,1e-12,6.5688583e-07,0.00051259739,6.3743849,50000.0,False,,,86,-5594.732774218073,-1056.4000000000733,33.72093023255814,73,32.87671232876713,-6622.705602104119,-2768.800000000119,13,38.46153846153846,1027.9728278860453,1712.4000000000456,3.0,23.0,0.5
BDL,COCHINSHIP,1e-12,6.5688583e-07,0.00051259739,6.3743849,50000.0,False,,,88,-5526.715402823893,-881.3999999998921,30.681818181818183,75,29.333333333333332,-7395.528232180938,-3434.699999999938,13,38.46153846153846,1868.8128293570464,2553.300000000046,3.0,23.0,1.0
BDL,COCHINSHIP,1e-12,6.5688583e-07,0.00051259739,6.3743849,50000.0,False,,,86,-9759.965087765013,-5221.50000000002,33.72093023255814,73,32.87671232876713,-9880.019377903112,-6026.100000000122,13,38.46153846153846,120.05429013810277,804.6000000001025,3.0,23.5,0.0
BDL,COCHINSHIP,1e-12,6.5688583e-07,0.00051259739,6.3743849,50000.0,False,,,86,-5594.732774218073,-1056.4000000000733,33.72093023255814,73,32.87671232876713,-6622.705602104119,-2768.800000000119,13,38.46153846153846,1027.9728278860453,1712.4000000000456,3.0,23.5,0.5
BDL,COCHINSHIP,1e-12,6.5688583e-07,0.00051259739,6.3743849,50000.0,False,,,88,-5526.715402823893,-881.3999999998921,30.681818181818183,75,29.333333333333332,-7395.528232180938,-3434.699999999938,13,38.46153846153846,1868.8128293570464,2553.300000000046,3.0,23.5,1.0
BDL,COCHINSHIP,1e-12,6.5688583e-07,0.00051259739,6.3743849,50000.0,False,,,86,-9759.965087765013,-5221.50000000002,33.72093023255814,73,32.87671232876713,-9880.019377903112,-6026.100000000122,13,38.46153846153846,120.05429013810277,804.6000000001025,3.0,24.0,0.0
BDL,COCHINSHIP,1e-12,6.5688583e-07,0.00051259739,6.3743849,50000.0,False,,,86,-5594.732774218073,-1056.4000000000733,33.72093023255814,73,32.87671232876713,-6622.705602104119,-2768.800000000119,13,38.46153846153846,1027.9728278860453,1712.4000000000456,3.0,24.0,0.5
BDL,COCHINSHIP,1e-12,6.5688583e-07,0.00051259739,6.3743849,50000.0,False,,,88,-5526.715402823893,-881.3999999998921,30.681818181818183,75,29.333333333333332,-7395.528232180938,-3434.699999999938,13,38.46153846153846,1868.8128293570464,2553.300000000046,3.0,24.0,1.0
BDL,COCHINSHIP,1e-12,6.5688583e-07,0.00051259739,6.3743849,50000.0,False,,,86,-9759.965087765013,-5221.50000000002,33.72093023255814,73,32.87671232876713,-9880.019377903112,-6026.100000000122,13,38.46153846153846,120.05429013810277,804.6000000001025,3.0,24.5,0.0
BDL,COCHINSHIP,1e-12,6.5688583e-07,0.00051259739,6.3743849,50000.0,False,,,86,-5594.732774218073,-1056.4000000000733,33.72093023255814,73,32.87671232876713,-6622.705602104119,-2768.800000000119,13,38.46153846153846,1027.9728278860453,1712.4000000000456,3.0,24.5,0.5
BDL,COCHINSHIP,1e-12,6.5688583e-07,0.00051259739,6.3743849,50000.0,False,,,88,-5526.715402823893,-881.3999999998921,30.681818181818183,75,29.333333333333332,-7395.528232180938,-3434.699999999938,13,38.46153846153846,1868.8128293570464,2553.300000000046,3.0,24.5,1.0
BDL,COCHINSHIP,1e-12,6.5688583e-07,0.00051259739,6.3743849,50000.0,False,,,86,-9759.965087765013,-5221.50000000002,33.72093023255814,73,32.87671232876713,-9880.019377903112,-6026.100000000122,13,38.46153846153846,120.05429013810277,804.6000000001025,3.0,25.0,0.0
BDL,COCHINSHIP,1e-12,6.5688583e-07,0.00051259739,6.3743849,50000.0,False,,,86,-5594.732774218073,-1056.4000000000733,33.72093023255814,73,32.87671232876713,-6622.705602104119,-2768.800000000119,13,38.46153846153846,1027.9728278860453,1712.4000000000456,3.0,25.0,0.5
BDL,COCHINSHIP,1e-12,6.5688583e-07,0.00051259739,6.3743849,50000.0,False,,,88,-5526.715402823893,-881.3999999998921,30.681818181818183,75,29.333333333333332,-7395.528232180938,-3434.699999999938,13,38.46153846153846,1868.8128293570464,2553.300000000046,3.0,25.0,1.0
BDL,COCHINSHIP,1e-12,6.5688583e-07,0.00051259739,6.3743849,50000.0,False,,,86,-9759.965087765013,-5221.50000000002,33.72093023255814,73,32.87671232876713,-9880.019377903112,-6026.100000000122,13,38.46153846153846,120.05429013810277,804.6000000001025,3.0,25.5,0.0
BDL,COCHINSHIP,1e-12,6.5688583e-07,0.00051259739,6.3743849,50000.0,False,,,86,-5594.732774218073,-1056.4000000000733,33.72093023255814,73,32.87671232876713,-6622.705602104119,-2768.800000000119,13,38.46153846153846,1027.9728278860453,1712.4000000000456,3.0,25.5,0.5
BDL,COCHINSHIP,1e-12,6.5688583e-07,0.00051259739,6.3743849,50000.0,False,,,88,-5526.715402823893,-881.3999999998921,30.681818181818183,75,29.333333333333332,-7395.528232180938,-3434.699999999938,13,38.46153846153846,1868.8128293570464,2553.300000000046,3.0,25.5,1.0
BDL,COCHINSHIP,1e-12,6.5688583e-07,0.00051259739,6.3743849,50000.0,False,,,86,-9759.965087765013,-5221.50000000002,33.72093023255814,73,32.87671232876713,-9880.019377903112,-6026.100000000122,13,38.46153846153846,120.05429013810277,804.6000000001025,3.0,26.0,0.0
BDL,COCHINSHIP,1e-12,6.5688583e-07,0.00051259739,6.3743849,50000.0,False,,,86,-5594.732774218073,-1056.4000000000733,33.72093023255814,73,32.87671232876713,-6622.705602104119,-2768.800000000119,13,38.46153846153846,1027.9728278860453,1712.4000000000456,3.0,26.0,0.5
BDL,COCHINSHIP,1e-12,6.5688583e-07,0.00051259739,6.3743849,50000.0,False,,,88,-5526.715402823893,-881.3999999998921,30.681818181818183,75,29.333333333333332,-7395.528232180938,-3434.699999999938,13,38.46153846153846,1868.8128293570464,2553.300000000046,3.0,26.0,1.0
BDL,COCHINSHIP,1e-12,6.5688583e-07,0.00051259739,6.3743849,50000.0,False,,,86,-9759.965087765013,-5221.50000000002,33.72093023255814,73,32.87671232876713,-9880.019377903112,-6026.100000000122,13,38.46153846153846,120.05429013810277,804.6000000001025,3.0,26.5,0.0
BDL,COCHINSHIP,1e-12,6.5688583e-07,0.00051259739,6.3743849,50000.0,False,,,86,-5594.732774218073,-1056.4000000000733,33.72093023255814,73,32.87671232876713,-6622.705602104119,-2768.800000000119,13,38.46153846153846,1027.9728278860453,1712.4000000000456,3.0,26.5,0.5
BDL,COCHINSHIP,1e-12,6.5688583e-07,0.00051259739,6.3743849,50000.0,False,,,88,-5526.715402823893,-881.3999999998921,30.681818181818183,75,29.333333333333332,-7395.528232180938,-3434.699999999938,13,38.46153846153846,1868.8128293570464,2553.300000000046,3.0,26.5,1.0
BDL,COCHINSHIP,1e-12,6.5688583e-07,0.00051259739,6.3743849,50000.0,False,,,86,-9759.965087765013,-5221.50000000002,33.72093023255814,73,32.87671232876713,-9880.019377903112,-6026.100000000122,13,38.46153846153846,120.05429013810277,804.6000000001025,3.0,27.0,0.0
BDL,COCHINSHIP,1e-12,6.5688583e-07,0.00051259739,6.3743849,50000.0,False,,,86,-5594.732774218073,-1056.4000000000733,33.72093023255814,73,32.87671232876713,-6622.705602104119,-2768.800000000119,13,38.46153846153846,1027.9728278860453,1712.4000000000456,3.0,27.0,0.5
BDL,COCHINSHIP,1e-12,6.5688583e-07,0.00051259739,6.3743849,50000.0,False,,,88,-5526.715402823893,-881.3999999998921,30.681818181818183,75,29.333333333333332,-7395.528232180938,-3434.699999999938,13,38.46153846153846,1868.8128293570464,2553.300000000046,3.0,27.0,1.0
BDL,COCHINSHIP,1e-12,6.5688583e-07,0.00051259739,6.3743849,50000.0,False,,,86,-9759.965087765013,-5221.50000000002,33.72093023255814,73,32.87671232876713,-9880.019377903112,-6026.100000000122,13,38.46153846153846,120.05429013810277,804.6000000001025,3.0,27.5,0.0
BDL,COCHINSHIP,1e-12,6.5688583e-07,0.00051259739,6.3743849,50000.0,False,,,86,-5594.732774218073,-1056.4000000000733,33.72093023255814,73,32.87671232876713,-6622.705602104119,-2768.800000000119,13,38.46153846153846,1027.9728278860453,1712.4000000000456,3.0,27.5,0.5
BDL,COCHINSHIP,1e-12,6.5688583e-07,0.00051259739,6.3743849,50000.0,False,,,88,-5526.715402823893,-881.3999999998921,30.681818181818183,75,29.333333333333332,-7395.528232180938,-3434.699999999938,13,38.46153846153846,1868.8128293570464,2553.300000000046,3.0,27.5,1.0
BDL,COCHINSHIP,1e-12,6.5688583e-07,0.00051259739,6.3743849,50000.0,False,,,86,-9759.965087765013,-5221.50000000002,33.72093023255814,73,32.87671232876713,-9880.019377903112,-6026.100000000122,13,38.46153846153846,120.05429013810277,804.6000000001025,3.0,28.0,0.0
BDL,COCHINSHIP,1e-12,6.5688583e-07,0.00051259739,6.3743849,50000.0,False,,,86,-5594.732774218073,-1056.4000000000733,33.72093023255814,73,32.87671232876713,-6622.705602104119,-2768.800000000119,13,38.46153846153846,1027.9728278860453,1712.4000000000456,3.0,28.0,0.5
BDL,COCHINSHIP,1e-12,6.5688583e-07,0.00051259739,6.3743849,50000.0,False,,,88,-5526.715402823893,-881.3999999998921,30.681818181818183,75,29.333333333333332,-7395.528232180938,-3434.699999999938,13,38.46153846153846,1868.8128293570464,2553.300000000046,3.0,28.0,1.0
BDL,COCHINSHIP,1e-12,6.5688583e-07,0.00051259739,6.3743849,50000.0,False,,,86,-9759.965087765013,-5221.50000000002,33.72093023255814,73,32.87671232876713,-9880.019377903112,-6026.100000000122,13,38.46153846153846,120.05429013810277,804.6000000001025,3.0,28.5,0.0
BDL,COCHINSHIP,1e-12,6.5688583e-07,0.00051259739,6.3743849,50000.0,False,,,86,-5594.732774218073,-1056.4000000000733,33.72093023255814,73,32.87671232876713,-6622.705602104119,-2768.800000000119,13,38.46153846153846,1027.9728278860453,1712.4000000000456,3.0,28.5,0.5
BDL,COCHINSHIP,1e-12,6.5688583e-07,0.00051259739,6.3743849,50000.0,False,,,88,-5526.715402823893,-881.3999999998921,30.681818181818183,75,29.333333333333332,-7395.528232180938,-3434.699999999938,13,38.46153846153846,1868.8128293570464,2553.300000000046,3.0,28.5,1.0
BDL,COCHINSHIP,1e-12,6.5688583e-07,0.00051259739,6.3743849,50000.0,False,,,86,-9759.965087765013,-5221.50000000002,33.72093023255814,73,32.87671232876713,-9880.019377903112,-6026.100000000122,13,38.46153846153846,120.05429013810277,804.6000000001025,3.0,29.0,0.0
BDL,COCHINSHIP,1e-12,6.5688583e-07,0.00051259739,6.3743849,50000.0,False,,,86,-5594.732774218073,-1056.4000000000733,33.72093023255814,73,32.87671232876713,-6622.705602104119,-2768.800000000119,13,38.46153846153846,1027.9728278860453,1712.4000000000456,3.0,29.0,0.5
BDL,COCHINSHIP,1e-12,6.5688583e-07,0.00051259739,6.3743849,50000.0,False,,,88,-5526.715402823893,-881.3999999998921,30.681818181818183,75,29.333333333333332,-7395.528232180938,-3434.699999999938,13,38.46153846153846,1868.8128293570464,2553.300000000046,3.0,29.0,1.0
BDL,COCHINSHIP,1e-12,6.5688583e-07,0.00051259739,6.3743849,50000.0,False,,,86,-9759.965087765013,-5221.50000000002,33.72093023255814,73,32.87671232876713,-9880.019377903112,-6026.100000000122,13,38.46153846153846,120.05429013810277,804.6000000001025,3.0,29.5,0.0
BDL,COCHINSHIP,1e-12,6.5688583e-07,0.00051259739,6.3743849,50000.0,False,,,86,-5594.732774218073,-1056.4000000000733,33.72093023255814,73,32.87671232876713,-6622.705602104119,-2768.800000000119,13,38.46153846153846,1027.9728278860453,1712.4000000000456,3.0,29.5,0.5
BDL,COCHINSHIP,1e-12,6.5688583e-07,0.00051259739,6.3743849,50000.0,False,,,88,-5526.715402823893,-881.3999999998921,30.681818181818183,75,29.333333333333332,-7395.528232180938,-3434.699999999938,13,38.46153846153846,1868.8128293570464,2553.300000000046,3.0,29.5,1.0
BDL,COCHINSHIP,1e-12,6.5688583e-07,0.00051259739,6.3743849,50000.0,False,,,86,-9759.965087765013,-5221.50000000002,33.72093023255814,73,32.87671232876713,-9880.019377903112,-6026.100000000122,13,38.46153846153846,120.05429013810277,804.6000000001025,3.0,30.0,0.0
BDL,COCHINSHIP,1e-12,6.5688583e-07,0.00051259739,6.3743849,50000.0,False,,,86,-5594.732774218073,-1056.4000000000733,33.72093023255814,73,32.87671232876713,-6622.705602104119,-2768.800000000119,13,38.46153846153846,1027.9728278860453,1712.4000000000456,3.0,30.0,0.5
BDL,COCHINSHIP,1e-12,6.5688583e-07,0.00051259739,6.3743849,50000.0,False,,,88,-5526.715402823893,-881.3999999998921,30.681818181818183,75,29.333333333333332,-7395.528232180938,-3434.699999999938,13,38.46153846153846,1868.8128293570464,2553.300000000046,3.0,30.0,1.0
BDL,COCHINSHIP,1e-12,6.5688583e-07,0.00051259739,6.3743849,50000.0,False,,,63,-6252.7215105548985,-2932.4999999999027,53.96825396825397,52,55.76923076923077,-5435.162523586006,-2693.4000000000087,11,45.45454545454545,-817.5589869688936,-239.09999999989395,3.5,4.0,0.0
BDL,COCHINSHIP,1e-12,6.5688583e-07,0.00051259739,6.3743849,50000.0,False,,,63,-4484.2639550959375,-1163.7999999999395,55.55555555555556,52,57.69230769230769,-4310.15869456705,-1568.300000000051,11,45.45454545454545,-174.10526052888818,404.50000000011164,3.5,4.0,0.5
BDL,COCHINSHIP,1e-12,6.5688583e-07,0.00051259739,6.3743849,50000.0,False,,,64,-3545.445411288881,-171.89999999988277,53.125,53,54.716981132075475,-3771.7609566639544,-976.7999999999554,11,45.45454545454545,226.31554537507273,804.9000000000726,3.5,4.0,1.0
BDL,COCHINSHIP,1e-12,6.5688583e-07,0.00051259739,6.3743849,50000.0,False,,,63,-5780.610795570918,-2461.49999999992,55.55555555555556,52,57.69230769230769,-3931.253113636003,-1190.6000000000035,11,45.45454545454545,-1849.3576819349166,-1270.8999999999166,3.5,4.5,0.0
BDL,COCHINSHIP,1e-12,6.5688583e-07,0.00051259739,6.3743849,50000.0,False,,,63,-4044.2202596919615,-724.9999999999609,55.55555555555556,52,59.61538461538461,-2701.9774459840346,38.999999999965894,11,36.36363636363637,-1342.2428137079266,-763.9999999999268,3.5,4.5,0.5
BDL,COCHINSHIP,1e-12,6.5688583e-07,0.00051259739,6.3743849,50000.0,False,,,64,-4317.280197458916,-944.299999999916,51.5625,53,54.716981132075475,-3549.196839926936,-754.4999999999366,11,36.36363636363637,-768.0833575319793,-189.7999999999795,3.5,4.5,1.0
BDL,COCHINSHIP,1e-12,6.5688583e-07,0.00051259739,6.3743849,50000.0,False,,,62,-5320.833079273942,-2052.399999999944,48.38709677419355,51,49.01960784313726,-3735.304929899039,-1045.500000000039,11,45.45454545454545,-1585.5281493749042,-1006.8999999999044,3.5,5.0,0.0
BDL,COCHINSHIP,1e-12,6.5688583e-07,0.00051259739,6.3743849,50000.0,False,,,62,-3017.3008992470195,251.2999999999788,48.38709677419355,51,50.98039215686274,-1938.8876180991056,751.2999999998933,11,36.36363636363637,-1078.4132811479142,-499.9999999999145,3.5,5.0,0.5
BDL,COCHINSHIP,1e-12,6.5688583e-07,0.00051259739,6.3743849,50000.0,False,,,64,-4750.639510756906,-1375.099999999907,45.3125,53,47.16981132075472,-4246.385685784939,-1449.29999999994,11,36.36363636363637,-504.2538249719671,74.20000000003279,3.5,5.0,1.0
BDL,COCHINSHIP,1e-12,6.5688583e-07,0.00051259739,6.3743849,50000.0,False,,,63,-5898.493661426754,-2575.499999999756,46.03174603174603,52,48.07692307692308,-4440.097577342906,-1696.6999999999055,11,36.36363636363637,-1458.3960840838502,-878.7999999998506,3.5,5.5,0.0
BDL,COCHINSHIP,1e-12,6.5688583e-07,0.00051259739,6.3743849,50000.0,False,,,63,-3956.461180054914,-634.0999999999156,44.44444444444444,52,48.07692307692308,-3208.317133328028,-465.20000000002847,11,27.272727272727273,-748.1440467268869,-168.8999999998871,3.5,5.5,0.5
BDL,COCHINSHIP,1e-12,6.5688583e-07,0.00051259739,6.3743849,50000.0,False,,,65,-5633.213802456718,-2203.6999999997197,41.53846153846154,54,44.44444444444444,-5517.268403085798,-2666.999999999799,11,27.272727272727273,-115.94539937091989,463.30000000008,3.5,5.5,1.0
BDL,COCHINSHIP,1e-12,6.5688583e-07,0.00051259739,6.3743849,50000.0,False,,,63,-7003.498884380841,-3680.8999999998414,41.26984126984127,52,42.30769230769231,-5822.123809484983,-3079.29999999998,11,36.36363636363637,-1181.3750748958605,-601.5999999998608,3.5,6.0,0.0
BDL,COCHINSHIP,1e-12,6.5688583e-07,0.00051259739,6.3743849,50000.0,False,,,63,-4621.447309507035,-1299.3000000000366,39.682539682539684,52,42.30769230769231,-4150.3242719681375,-1407.600000000139,11,27.272727272727273,-471.12303753889717,108.30000000010273,3.5,6.0,0.5
BDL,COCHINSHIP,1e-12,6.5688583e-07,0.00051259739,6.3743849,50000.0,False,,,65,-5833.080167628817,-2403.699999999818,36.92307692307692,54,38.888888888888886,-5994.155777445887,-3144.199999999887,11,27.272727272727273,161.07560981706993,740.5000000000698,3.5,6.0,1.0
BDL,COCHINSHIP,1e-12,6.5688583e-07,0.00051259739,6.3743849,50000.0,False,,,63,-7027.214310151871,-3704.799999999872,38.095238095238095,52,38.46153846153846,-6265.568037056013,-3523.2000000000107,11,36.36363636363637,-761.6462730958605,-181.59999999986076,3.5,6.5,0.0
BDL,COCHINSHIP,1e-12,6.5688583e-07,0.00051259739,6.3743849,50000.0,False,,,63,-4486.765080313031,-1164.7000000000326,38.095238095238095,52,40.38461538461539,-4435.370844574134,-1693.0000000001355,11,27.272727272727273,-51.394235738897265,528.3000000001027,3.5,6.5,0.5
BDL,COCHINSHIP,1e-12,6.5688583e-07,0.00051259739,6.3743849,50000.0,False,,,65,-6192.078957694803,-2763.099999999804,32.30769230769231,54,33.333333333333336,-6772.883369311872,-3923.599999999873,11,27.272727272727273,580.8044116170698,1160.5000000000698,3.5,6.5,1.0
BDL,COCHINSHIP,1e-12,6.5688583e-07,0.00051259739,6.3743849,50000.0,False,,,63,-6614.584732017866,-3292.199999999869,38.095238095238095,52,38.46153846153846,-5415.421150760026,-2672.8000000000256,11,36.36363636363637,-1199.1635812578422,-619.3999999998423,3.5,7.0,0.0
BDL,COCHINSHIP,1e-12,6.5688583e-07,0.00051259739,6.3743849,50000.0,False,,,63,-3937.024093591038,-614.9000000000392,38.095238095238095,52,40.38461538461539,-3585.2239582781485,-842.6000000001504,11,27.272727272727273,-351.800135312889,227.700000000111,3.5,7.0,0.5
BDL,COCHINSHIP,1e-12,6.5688583e-07,0.00051259739,6.3743849,50000.0,False,,,65,-5572.38317067283,-2143.299999999829,32.30769230769231,54,33.333333333333336,-5922.736483015887,-3073.199999999888,11,27.272727272727273,350.353312343059,929.900000000059,3.5,7.0,1.0
BDL,COCHINSHIP,1e-12,6.5688583e-07,0.00051259739,6.3743849,50000.0,False,,,63,-6871.615556151882,-3549.599999999885,38.095238095238095,52,38.46153846153846,-5261.71736170402,-2519.20000000002,11,36.36363636363637,-1609.898194447864,-1030.3999999998641,3.5,7.5,0.0
BDL,COCHINSHIP,1e-12,6.5688583e-07,0.00051259739,6.3743849,50000.0,False,,,63,-4113.107220235039,-791.3000000000402,38.095238095238095,52,40.38461538461539,-3431.5201692221426,-689.0000000001446,11,27.272727272727273,-681.5870510128958,-102.29999999989582,3.5,7.5,0.5
BDL,COCHINSHIP,1e-12,6.5688583e-07,0.00051259739,6.3743849,50000.0,False,,,65,-5748.466297316832,-2319.6999999998307,32.30769230769231,54,33.333333333333336,-5769.032693959883,-2919.599999999882,11,27.272727272727273,20.566396643052173,599.9000000000522,3.5,7.5,1.0
BDL,COCHINSHIP,1e-12,6.5688583e-07,0.00051259739,6.3743849,50000.0,False,,,63,-6477.919290513902,-3154.599999999902,38.095238095238095,52,38.46153846153846,-4868.021096066039,-2124.200000000037,11,36.36363636363637,-1609.898194447864,-1030.3999999998641,3.5,8.0,0.0
BDL,COCHINSHIP,1e-12,6.5688583e-07,0.00051259739,6.3743849,50000.0,False,,,63,-3658.569871429041,-335.5000000000416,38.095238095238095,52,40.38461538461539,-2976.982820416145,-233.2000000001458,11,27.272727272727273,-681.5870510128958,-102.29999999989582,3.5,8.0,0.5
BDL,COCHINSHIP,1e-12,6.5688583e-07,0.00051259739,6.3743849,50000.0,False,,,65,-5281.120299422861,-1851.0999999998592,32.30769230769231,54,33.333333333333336,-5301.686696065912,-2450.999999999911,11,27.272727272727273,20.566396643052173,599.9000000000522,3.5,8.0,1.0
BDL,COCHINSHIP,1e-12,6.5688583e-07,0.00051259739,6.3743849,50000.0,False,,,63,-5987.835946697861,-2664.1999999998607,38.095238095238095,52,38.46153846153846,-4377.937752249999,-1633.7999999999968,11,36.36363636363637,-1609.898194447864,-1030.3999999998641,3.5,8.5,0.0
BDL,COCHINSHIP,1e-12,6.5688583e-07,0.00051259739,6.3743849,50000.0,False,,,63,-3168.4865276129985,154.89999999999986,38.095238095238095,52,40.38461538461539,-2486.8994766001033,257.1999999998957,11,27.272727272727273,-681.5870510128958,-102.29999999989582,3.5,8.5,0.5
BDL,COCHINSHIP,1e-12,6.5688583e-07,0.00051259739,6.3743849,50000.0,False,,,65,-4791.03695560682,-1360.6999999998168,32.30769230769231,54,33.333333333333336,-4811.603352249871,-1960.5999999998683,11,27.272727272727273,20.566396643052173,599.9000000000522,3.5,8.5,1.0
BDL,COCHINSHIP,1e-12,6.5688583e-07,0.00051259739,6.3743849,50000.0,False,,,63,-4542.436045216858,-1219.0999999998578,38.095238095238095,52,38.46153846153846,-2932.5378507689948,-188.69999999999368,11,36.36363636363637,-1609.898194447864,-1030.3999999998641,3.5,9.0,0.0
BDL,COCHINSHIP,1e-12,6.5688583e-07,0.00051259739,6.3743849,50000.0,False,,,63,-1723.0866261319975,1600.000000000002,38.095238095238095,52,40.38461538461539,-1041.4995751191018,1702.2999999998979,11,27.272727272727273,-681.5870510128958,-102.29999999989582,3.5,9.0,0.5
BDL,COCHINSHIP,1e-12,6.5688583e-07,0.00051259739,6.3743849,50000.0,False,,,65,-3345.6370541258148,84.40000000018676,32.30769230769231,54,33.333333333333336,-3366.203450768867,-515.4999999998654,11,27.272727272727273,20.566396643052173,599.9000000000522,3.5,9.0,1.0
BDL,COCHINSHIP,1e-12,6.5688583e-07,0.00051259739,6.3743849,50000.0,False,,,63,-4523.248442848891,-1199.8999999998898,38.095238095238095,52,38.46153846153846,-2913.350248401028,-169.5000000000257,11,36.36363636363637,-1609.898194447864,-1030.3999999998641,3.5,9.5,0.0
BDL,COCHINSHIP,1e-12,6.5688583e-07,0.00051259739,6.3743849,50000.0,False,,,63,-2110.0366072200154,1212.7999999999834,38.095238095238095,52,40.38461538461539,-1428.4495562071202,1315.099999999879,11,27.272727272727273,-681.5870510128958,-102.29999999989582,3.5,9.5,0.5
BDL,COCHINSHIP,1e-12,6.5688583e-07,0.00051259739,6.3743849,50000.0,False,,,65,-3732.5870352138345,-302.7999999998326,32.30769230769231,54,33.333333333333336,-3753.1534318568865,-902.6999999998848,11,27.272727272727273,20.566396643052173,599.9000000000522,3.5,9.5,1.0
BDL,COCHINSHIP,1e-12,6.5688583e-07,0.00051259739,6.3743849,50000.0,False,,,63,-2320.5706798649157,1002.5000000000862,39.682539682539684,52,38.46153846153846,-1997.9417187610243,746.499999999978,11,45.45454545454545,-322.62896110389147,256.00000000010823,3.5,10.0,0.0
BDL,COCHINSHIP,1e-12,6.5688583e-07,0.00051259739,6.3743849,50000.0,False,,,63,12.587098963959761,3335.199999999959,39.682539682539684,52,40.38461538461539,-513.0410265671165,2231.0999999998826,11,36.36363636363637,525.6281255310765,1104.1000000000765,3.5,10.0,0.5
BDL,COCHINSHIP,1e-12,6.5688583e-07,0.00051259739,6.3743849,50000.0,False,,,65,-1552.3244081338312,1877.200000000171,33.84615384615385,54,33.333333333333336,-2837.744902216883,13.300000000118871,11,36.36363636363637,1285.4204940830523,1863.9000000000522,3.5,10.0,1.0
BDL,COCHINSHIP,1e-12,6.5688583e-07,0.00051259739,6.3743849,50000.0,False,,,63,-2320.5706798649157,1002.5000000000862,39.682539682539684,52,38.46153846153846,-1997.9417187610243,746.499999999978,11,45.45454545454545,-322.62896110389147,256.00000000010823,3.5,10.5,0.0
BDL,COCHINSHIP,1e-12,6.5688583e-07,0.00051259739,6.3743849,50000.0,False,,,63,12.587098963959761,3335.199999999959,39.682539682539684,52,40.38461538461539,-513.0410265671165,2231.0999999998826,11,36.36363636363637,525.6281255310765,1104.1000000000765,3.5,10.5,0.5
BDL,COCHINSHIP,1e-12,6.5688583e-07,0.00051259739,6.3743849,50000.0,False,,,65,-1552.3244081338312,1877.200000000171,33.84615384615385,54,33.333333333333336,-2837.744902216883,13.300000000118871,11,36.36363636363637,1285.4204940830523,1863.9000000000522,3.5,10.5,1.0
BDL,COCHINSHIP,1e-12,6.5688583e-07,0.00051259739,6.3743849,50000.0,False,,,63,-2020.7643928649159,1302.5000000000862,39.682539682539684,52,38.46153846153846,-1698.1354317610244,1046.499999999978,11,45.45454545454545,-322.62896110389147,256.00000000010823,3.5,11.0,0.0
BDL,COCHINSHIP,1e-12,6.5688583e-07,0.00051259739,6.3743849,50000.0,False,,,63,312.39338596395964,3635.199999999959,39.682539682539684,52,40.38461538461539,-213.23473956711666,2531.0999999998826,11,36.36363636363637,525.6281255310765,1104.1000000000765,3.5,11.0,0.5
BDL,COCHINSHIP,1e-12,6.5688583e-07,0.00051259739,6.3743849,50000.0,False,,,65,-1252.5181211338308,2177.200000000171,33.84615384615385,54,33.333333333333336,-2537.9386152168827,313.30000000011887,11,36.36363636363637,1285.4204940830523,1863.9000000000522,3.5,11.0,1.0
BDL,COCHINSHIP,1e-12,6.5688583e-07,0.00051259739,6.3743849,50000.0,False,,,63,-2075.1292662409323,1248.1000000000702,39.682539682539684,52,38.46153846153846,-1752.5003051370409,992.0999999999619,11,45.45454545454545,-322.62896110389147,256.00000000010823,3.5,11.5,0.0
BDL,COCHINSHIP,1e-12,6.5688583e-07,0.00051259739,6.3743849,50000.0,False,,,63,441.90970194799195,3764.7999999999893,39.682539682539684,52,40.38461538461539,-83.71842358308447,2660.699999999913,11,36.36363636363637,525.6281255310765,1104.1000000000765,3.5,11.5,0.5
BDL,COCHINSHIP,1e-12,6.5688583e-07,0.00051259739,6.3743849,50000.0,False,,,65,-994.0851017398218,2435.8000000001784,33.84615384615385,54,33.333333333333336,-2279.505595822874,571.9000000001263,11,36.36363636363637,1285.4204940830523,1863.9000000000522,3.5,11.5,1.0
BDL,COCHINSHIP,1e-12,6.5688583e-07,0.00051259739,6.3743849,50000.0,False,,,63,-2075.1292662409323,1248.1000000000702,39.682539682539684,52,38.46153846153846,-1752.5003051370409,992.0999999999619,11,45.45454545454545,-322.62896110389147,256.00000000010823,3.5,12.0,0.0
BDL,COCHINSHIP,1e-12,6.5688583e-07,0.00051259739,6.3743849,50000.0,False,,,63,441.90970194799195,3764.7999999999893,39.682539682539684,52,40.38461538461539,-83.71842358308447,2660.699999999913,11,36.36363636363637,525.6281255310765,1104.1000000000765,3.5,12.0,0.5
BDL,COCHINSHIP,1e-12,6.5688583e-07,0.00051259739,6.3743849,50000.0,False,,,65,-994.0851017398218,2435.8000000001784,33.84615384615385,54,33.333333333333336,-2279.505595822874,571.9000000001263,11,36.36363636363637,1285.4204940830523,1863.9000000000522,3.5,12.0,1.0
BDL,COCHINSHIP,1e-12,6.5688583e-07,0.00051259739,6.3743849,50000.0,False,,,63,-4535.090364133908,-1210.199999999908,39.682539682539684,52,38.46153846153846,-4212.461403030018,-1466.2000000000164,11,45.45454545454545,-322.62896110389147,256.00000000010823,3.5,12.5,0.0
BDL,COCHINSHIP,1e-12,6.5688583e-07,0.00051259739,6.3743849,50000.0,False,,,63,-1788.4963880709975,1535.9000000000017,39.682539682539684,52,40.38461538461539,-2314.1245136020743,431.79999999992515,11,36.36363636363637,525.6281255310765,1104.1000000000765,3.5,12.5,0.5
BDL,COCHINSHIP,1e-12,6.5688583e-07,0.00051259739,6.3743849,50000.0,False,,,65,-3224.491191758812,206.90000000018904,32.30769230769231,54,31.48148148148148,-4509.911685841864,-1656.9999999998624,11,36.36363636363637,1285.4204940830523,1863.9000000000522,3.5,12.5,1.0
BDL,COCHINSHIP,1e-12,6.5688583e-07,0.00051259739,6.3743849,50000.0,False,,,63,-4535.090364133908,-1210.199999999908,39.682539682539684,52,38.46153846153846,-4212.461403030018,-1466.2000000000164,11,45.45454545454545,-322.62896110389147,256.00000000010823,3.5,13.0,0.0
BDL,COCHINSHIP,1e-12,6.5688583e-07,0.00051259739,6.3743849,50000.0,False,,,63,-1788.4963880709975,1535.9000000000017,39.682539682539684,52,40.38461538461539,-2314.1245136020743,431.79999999992515,11,36.36363636363637,525.6281255310765,1104.1000000000765,3.5,13.0,0.5
BDL,COCHINSHIP,1e-12,6.5688583e-07,0.00051259739,6.3743849,50000.0,False,,,65,-3224.491191758812,206.90000000018904,32.30769230769231,54,31.48148148148148,-4509.911685841864,-1656.9999999998624,11,36.36363636363637,1285.4204940830523,1863.9000000000522,3.5,13.0,1.0
BDL,COCHINSHIP,1e-12,6.5688583e-07,0.00051259739,6.3743849,50000.0,False,,,63,-4535.090364133908,-1210.199999999908,39.682539682539684,52,38.46153846153846,-4212.461403030018,-1466.2000000000164,11,45.45454545454545,-322.62896110389147,256.00000000010823,3.5,13.5,0.0
BDL,COCHINSHIP,1e-12,6.5688583e-07,0.00051259739,6.3743849,50000.0,False,,,63,-1788.4963880709975,1535.9000000000017,39.682539682539684,52,40.38461538461539,-2314.1245136020743,431.79999999992515,11,36.36363636363637,525.6281255310765,1104.1000000000765,3.5,13.5,0.5
BDL,COCHINSHIP,1e-12,6.5688583e-07,0.00051259739,6.3743849,50000.0,False,,,65,-3224.491191758812,206.90000000018904,32.30769230769231,54,31.48148148148148,-4509.911685841864,-1656.9999999998624,11,36.36363636363637,1285.4204940830523,1863.9000000000522,3.5,13.5,1.0
BDL,COCHINSHIP,1e-12,6.5688583e-07,0.00051259739,6.3743849,50000.0,False,,,63,-4535.090364133908,-1210.199999999908,39.682539682539684,52,38.46153846153846,-4212.461403030018,-1466.2000000000164,11,45.45454545454545,-322.62896110389147,256.00000000010823,3.5,14.0,0.0
BDL,COCHINSHIP,1e-12,6.5688583e-07,0.00051259739,6.3743849,50000.0,False,,,63,-1788.4963880709975,1535.9000000000017,39.682539682539684,52,40.38461538461539,-2314.1245136020743,431.79999999992515,11,36.36363636363637,525.6281255310765,1104.1000000000765,3.5,14.0,0.5
BDL,COCHINSHIP,1e-12,6.5688583e-07,0.00051259739,6.3743849,50000.0,False,,,65,-3224.491191758812,206.90000000018904,32.30769230769231,54,31.48148148148148,-4509.911685841864,-1656.9999999998624,11,36.36363636363637,1285.4204940830523,1863.9000000000522,3.5,14.0,1.0
BDL,COCHINSHIP,1e-12,6.5688583e-07,0.00051259739,6.3743849,50000.0,False,,,63,-4535.090364133908,-1210.199999999908,39.682539682539684,52,38.46153846153846,-4212.461403030018,-1466.2000000000164,11,45.45454545454545,-322.62896110389147,256.00000000010823,3.5,14.5,0.0
BDL,COCHINSHIP,1e-12,6.5688583e-07,0.00051259739,6.3743849,50000.0,False,,,63,-1788.4963880709975,1535.9000000000017,39.682539682539684,52,40.38461538461539,-2314.1245136020743,431.79999999992515,11,36.36363636363637,525.6281255310765,1104.1000000000765,3.5,14.5,0.5
BDL,COCHINSHIP,1e-12,6.5688583e-07,0.00051259739,6.3743849,50000.0,False,,,65,-3224.491191758812,206.90000000018904,32.30769230769231,54,31.48148148148148,-4509.911685841864,-1656.9999999998624,11,36.36363636363637,1285.4204940830523,1863.9000000000522,3.5,14.5,1.0
BDL,COCHINSHIP,1e-12,6.5688583e-07,0.00051259739,6.3743849,50000.0,False,,,63,-4535.090364133908,-1210.199999999908,39.682539682539684,52,38.46153846153846,-4212.461403030018,-1466.2000000000164,11,45.45454545454545,-322.62896110389147,256.00000000010823,3.5,15.0,0.0
BDL,COCHINSHIP,1e-12,6.5688583e-07,0.00051259739,6.3743849,50000.0,False,,,63,-1788.4963880709975,1535.9000000000017,39.682539682539684,52,40.38461538461539,-2314.1245136020743,431.79999999992515,11,36.36363636363637,525.6281255310765,1104.1000000000765,3.5,15.0,0.5
BDL,COCHINSHIP,1e-12,6.5688583e-07,0.00051259739,6.3743849,50000.0,False,,,65,-3224.491191758812,206.90000000018904,32.30769230769231,54,31.48148148148148,-4509.911685841864,-1656.9999999998624,11,36.36363636363637,1285.4204940830523,1863.9000000000522,3.5,15.0,1.0
BDL,COCHINSHIP,1e-12,6.5688583e-07,0.00051259739,6.3743849,50000.0,False,,,63,-4535.090364133908,-1210.199999999908,39.682539682539684,52,38.46153846153846,-4212.461403030018,-1466.2000000000164,11,45.45454545454545,-322.62896110389147,256.00000000010823,3.5,15.5,0.0
BDL,COCHINSHIP,1e-12,6.5688583e-07,0.00051259739,6.3743849,50000.0,False,,,63,-1788.4963880709975,1535.9000000000017,39.682539682539684,52,40.38461538461539,-2314.1245136020743,431.79999999992515,11,36.36363636363637,525.6281255310765,1104.1000000000765,3.5,15.5,0.5
BDL,COCHINSHIP,1e-12,6.5688583e-07,0.00051259739,6.3743849,50000.0,False,,,65,-3224.491191758812,206.90000000018904,32.30769230769231,54,31.48148148148148,-4509.911685841864,-1656.9999999998624,11,36.36363636363637,1285.4204940830523,1863.9000000000522,3.5,15.5,1.0
BDL,COCHINSHIP,1e-12,6.5688583e-07,0.00051259739,6.3743849,50000.0,False,,,63,-4535.090364133908,-1210.199999999908,39.682539682539684,52,38.46153846153846,-4212.461403030018,-1466.2000000000164,11,45.45454545454545,-322.62896110389147,256.00000000010823,3.5,16.0,0.0
BDL,COCHINSHIP,1e-12,6.5688583e-07,0.00051259739,6.3743849,50000.0,False,,,63,-1788.4963880709975,1535.9000000000017,39.682539682539684,52,40.38461538461539,-2314.1245136020743,431.79999999992515,11,36.36363636363637,525.6281255310765,1104.1000000000765,3.5,16.0,0.5
BDL,COCHINSHIP,1e-12,6.5688583e-07,0.00051259739,6.3743849,50000.0,False,,,65,-3224.491191758812,206.90000000018904,32.30769230769231,54,31.48148148148148,-4509.911685841864,-1656.9999999998624,11,36.36363636363637,1285.4204940830523,1863.9000000000522,3.5,16.0,1.0
BDL,COCHINSHIP,1e-12,6.5688583e-07,0.00051259739,6.3743849,50000.0,False,,,63,-4535.090364133908,-1210.199999999908,39.682539682539684,52,38.46153846153846,-4212.461403030018,-1466.2000000000164,11,45.45454545454545,-322.62896110389147,256.00000000010823,3.5,16.5,0.0
BDL,COCHINSHIP,1e-12,6.5688583e-07,0.00051259739,6.3743849,50000.0,False,,,63,-1788.4963880709975,1535.9000000000017,39.682539682539684,52,40.38461538461539,-2314.1245136020743,431.79999999992515,11,36.36363636363637,525.6281255310765,1104.1000000000765,3.5,16.5,0.5
BDL,COCHINSHIP,1e-12,6.5688583e-07,0.00051259739,6.3743849,50000.0,False,,,65,-3224.491191758812,206.90000000018904,32.30769230769231,54,31.48148148148148,-4509.911685841864,-1656.9999999998624,11,36.36363636363637,1285.4204940830523,1863.9000000000522,3.5,16.5,1.0
BDL,COCHINSHIP,1e-12,6.5688583e-07,0.00051259739,6.3743849,50000.0,False,,,63,-4535.090364133908,-1210.199999999908,39.682539682539684,52,38.46153846153846,-4212.461403030018,-1466.2000000000164,11,45.45454545454545,-322.62896110389147,256.00000000010823,3.5,17.0,0.0
BDL,COCHINSHIP,1e-12,6.5688583e-07,0.00051259739,6.3743849,50000.0,False,,,63,-1788.4963880709975,1535.9000000000017,39.682539682539684,52,40.38461538461539,-2314.1245136020743,431.79999999992515,11,36.36363636363637,525.6281255310765,1104.1000000000765,3.5,17.0,0.5
BDL,COCHINSHIP,1e-12,6.5688583e-07,0.00051259739,6.3743849,50000.0,False,,,65,-3224.491191758812,206.90000000018904,32.30769230769231,54,31.48148148148148,-4509.911685841864,-1656.9999999998624,11,36.36363636363637,1285.4204940830523,1863.9000000000522,3.5,17.0,1.0
BDL,COCHINSHIP,1e-12,6.5688583e-07,0.00051259739,6.3743849,50000.0,False,,,63,-4535.090364133908,-1210.199999999908,39.682539682539684,52,38.46153846153846,-4212.461403030018,-1466.2000000000164,11,45.45454545454545,-322.62896110389147,256.00000000010823,3.5,17.5,0.0
BDL,COCHINSHIP,1e-12,6.5688583e-07,0.00051259739,6.3743849,50000.0,False,,,63,-1788.4963880709975,1535.9000000000017,39.682539682539684,52,40.38461538461539,-2314.1245136020743,431.79999999992515,11,36.36363636363637,525.6281255310765,1104.1000000000765,3.5,17.5,0.5
BDL,COCHINSHIP,1e-12,6.5688583e-07,0.00051259739,6.3743849,50000.0,False,,,65,-3224.491191758812,206.90000000018904,32.30769230769231,54,31.48148148148148,-4509.911685841864,-1656.9999999998624,11,36.36363636363637,1285.4204940830523,1863.9000000000522,3.5,17.5,1.0
BDL,COCHINSHIP,1e-12,6.5688583e-07,0.00051259739,6.3743849,50000.0,False,,,63,-4535.090364133908,-1210.199999999908,39.682539682539684,52,38.46153846153846,-4212.461403030018,-1466.2000000000164,11,45.45454545454545,-322.62896110389147,256.00000000010823,3.5,18.0,0.0
BDL,COCHINSHIP,1e-12,6.5688583e-07,0.00051259739,6.3743849,50000.0,False,,,63,-1788.4963880709975,1535.9000000000017,39.682539682539684,52,40.38461538461539,-2314.1245136020743,431.79999999992515,11,36.36363636363637,525.6281255310765,1104.1000000000765,3.5,18.0,0.5
BDL,COCHINSHIP,1e-12,6.5688583e-07,0.00051259739,6.3743849,50000.0,False,,,65,-3224.491191758812,206.90000000018904,32.30769230769231,54,31.48148148148148,-4509.911685841864,-1656.9999999998624,11,36.36363636363637,1285.4204940830523,1863.9000000000522,3.5,18.0,1.0
BDL,COCHINSHIP,1e-12,6.5688583e-07,0.00051259739,6.3743849,50000.0,False,,,63,-4535.090364133908,-1210.199999999908,39.682539682539684,52,38.46153846153846,-4212.461403030018,-1466.2000000000164,11,45.45454545454545,-322.62896110389147,256.00000000010823,3.5,18.5,0.0
BDL,COCHINSHIP,1e-12,6.5688583e-07,0.00051259739,6.3743849,50000.0,False,,,63,-1788.4963880709975,1535.9000000000017,39.682539682539684,52,40.38461538461539,-2314.1245136020743,431.79999999992515,11,36.36363636363637,525.6281255310765,1104.1000000000765,3.5,18.5,0.5
BDL,COCHINSHIP,1e-12,6.5688583e-07,0.00051259739,6.3743849,50000.0,False,,,65,-3224.491191758812,206.90000000018904,32.30769230769231,54,31.48148148148148,-4509.911685841864,-1656.9999999998624,11,36.36363636363637,1285.4204940830523,1863.9000000000522,3.5,18.5,1.0
BDL,COCHINSHIP,1e-12,6.5688583e-07,0.00051259739,6.3743849,50000.0,False,,,63,-4535.090364133908,-1210.199999999908,39.682539682539684,52,38.46153846153846,-4212.461403030018,-1466.2000000000164,11,45.45454545454545,-322.62896110389147,256.00000000010823,3.5,19.0,0.0
BDL,COCHINSHIP,1e-12,6.5688583e-07,0.00051259739,6.3743849,50000.0,False,,,63,-1788.4963880709975,1535.9000000000017,39.682539682539684,52,40.38461538461539,-2314.1245136020743,431.79999999992515,11,36.36363636363637,525.6281255310765,1104.1000000000765,3.5,19.0,0.5
BDL,COCHINSHIP,1e-12,6.5688583e-07,0.00051259739,6.3743849,50000.0,False,,,65,-3224.491191758812,206.90000000018904,32.30769230769231,54,31.48148148148148,-4509.911685841864,-1656.9999999998624,11,36.36363636363637,1285.4204940830523,1863.9000000000522,3.5,19.0,1.0
BDL,COCHINSHIP,1e-12,6.5688583e-07,0.00051259739,6.3743849,50000.0,False,,,63,-5136.301904997927,-1811.7999999999302,39.682539682539684,52,38.46153846153846,-4813.6729438940365,-2067.8000000000375,11,45.45454545454545,-322.62896110389147,256.00000000010823,3.5,19.5,0.0
BDL,COCHINSHIP,1e-12,6.5688583e-07,0.00051259739,6.3743849,50000.0,False,,,63,-2245.8009111750107,1078.2999999999868,39.682539682539684,52,40.38461538461539,-2771.4290367060876,-25.800000000089767,11,36.36363636363637,525.6281255310765,1104.1000000000765,3.5,19.5,0.5
BDL,COCHINSHIP,1e-12,6.5688583e-07,0.00051259739,6.3743849,50000.0,False,,,65,-3640.2225763988213,-209.09999999982006,32.30769230769231,54,31.48148148148148,-4925.643070481872,-2072.9999999998718,11,36.36363636363637,1285.4204940830523,1863.9000000000522,3.5,19.5,1.0
BDL,COCHINSHIP,1e-12,6.5688583e-07,0.00051259739,6.3743849,50000.0,False,,,63,-5136.301904997927,-1811.7999999999302,39.682539682539684,52,38.46153846153846,-4813.6729438940365,-2067.8000000000375,11,45.45454545454545,-322.62896110389147,256.00000000010823,3.5,20.0,0.0
BDL,COCHINSHIP,1e-12,6.5688583e-07,0.00051259739,6.3743849,50000.0,False,,,63,-2245.8009111750107,1078.2999999999868,39.682539682539684,52,40.38461538461539,-2771.4290367060876,-25.800000000089767,11,36.36363636363637,525.6281255310765,1104.1000000000765,3.5,20.0,0.5
BDL,COCHINSHIP,1e-12,6.5688583e-07,0.00051259739,6.3743849,50000.0,False,,,65,-3640.2225763988213,-209.09999999982006,32.30769230769231,54,31.48148148148148,-4925.643070481872,-2072.9999999998718,11,36.36363636363637,1285.4204940830523,1863.9000000000522,3.5,20.0,1.0
BDL,COCHINSHIP,1e-12,6.5688583e-07,0.00051259739,6.3743849,50000.0,False,,,63,-5136.301904997927,-1811.7999999999302,39.682539682539684,52,38.46153846153846,-4813.6729438940365,-2067.8000000000375,11,45.45454545454545,-322.62896110389147,256.00000000010823,3.5,20.5,0.0
BDL,COCHINSHIP,1e-12,6.5688583e-07,0.00051259739,6.3743849,50000.0,False,,,63,-2245.8009111750107,1078.2999999999868,39.682539682539684,52,40.38461538461539,-2771.4290367060876,-25.800000000089767,11,36.36363636363637,525.6281255310765,1104.1000000000765,3.5,20.5,0.5
BDL,COCHINSHIP,1e-12,6.5688583e-07,0.00051259739,6.3743849,50000.0,False,,,65,-3640.2225763988213,-209.09999999982006,32.30769230769231,54,31.48148148148148,-4925.643070481872,-2072.9999999998718,11,36.36363636363637,1285.4204940830523,1863.9000000000522,3.5,20.5,1.0
BDL,COCHINSHIP,1e-12,6.5688583e-07,0.00051259739,6.3743849,50000.0,False,,,63,-5136.301904997927,-1811.7999999999302,39.682539682539684,52,38.46153846153846,-4813.6729438940365,-2067.8000000000375,11,45.45454545454545,-322.62896110389147,256.00000000010823,3.5,21.0,0.0
BDL,COCHINSHIP,1e-12,6.5688583e-07,0.00051259739,6.3743849,50000.0,False,,,63,-2245.8009111750107,1078.2999999999868,39.682539682539684,52,40.38461538461539,-2771.4290367060876,-25.800000000089767,11,36.36363636363637,525.6281255310765,1104.1000000000765,3.5,21.0,0.5
BDL,COCHINSHIP,1e-12,6.5688583e-07,0.00051259739,6.3743849,50000.0,False,,,65,-3640.2225763988213,-209.09999999982006,32.30769230769231,54,31.48148148148148,-4925.643070481872,-2072.9999999998718,11,36.36363636363637,1285.4204940830523,1863.9000000000522,3.5,21.0,1.0
BDL,COCHINSHIP,1e-12,6.5688583e-07,0.00051259739,6.3743849,50000.0,False,,,63,-5136.301904997927,-1811.7999999999302,39.682539682539684,52,38.46153846153846,-4813.6729438940365,-2067.8000000000375,11,45.45454545454545,-322.62896110389147,256.00000000010823,3.5,21.5,0.0
BDL,COCHINSHIP,1e-12,6.5688583e-07,0.00051259739,6.3743849,50000.0,False,,,63,-2245.8009111750107,1078.2999999999868,39.682539682539684,52,40.38461538461539,-2771.4290367060876,-25.800000000089767,11,36.36363636363637,525.6281255310765,1104.1000000000765,3.5,21.5,0.5
BDL,COCHINSHIP,1e-12,6.5688583e-07,0.00051259739,6.3743849,50000.0,False,,,65,-3640.2225763988213,-209.09999999982006,32.30769230769231,54,31.48148148148148,-4925.643070481872,-2072.9999999998718,11,36.36363636363637,1285.4204940830523,1863.9000000000522,3.5,21.5,1.0
BDL,COCHINSHIP,1e-12,6.5688583e-07,0.00051259739,6.3743849,50000.0,False,,,63,-5136.301904997927,-1811.7999999999302,39.682539682539684,52,38.46153846153846,-4813.6729438940365,-2067.8000000000375,11,45.45454545454545,-322.62896110389147,256.00000000010823,3.5,22.0,0.0
BDL,COCHINSHIP,1e-12,6.5688583e-07,0.00051259739,6.3743849,50000.0,False,,,63,-2245.8009111750107,1078.2999999999868,39.682539682539684,52,40.38461538461539,-2771.4290367060876,-25.800000000089767,11,36.36363636363637,525.6281255310765,1104.1000000000765,3.5,22.0,0.5
BDL,COCHINSHIP,1e-12,6.5688583e-07,0.00051259739,6.3743849,50000.0,False,,,65,-3640.2225763988213,-209.09999999982006,32.30769230769231,54,31.48148148148148,-4925.643070481872,-2072.9999999998718,11,36.36363636363637,1285.4204940830523,1863.9000000000522,3.5,22.0,1.0
BDL,COCHINSHIP,1e-12,6.5688583e-07,0.00051259739,6.3743849,50000.0,False,,,63,-5136.301904997927,-1811.7999999999302,39.682539682539684,52,38.46153846153846,-4813.6729438940365,-2067.8000000000375,11,45.45454545454545,-322.62896110389147,256.00000000010823,3.5,22.5,0.0
BDL,COCHINSHIP,1e-12,6.5688583e-07,0.00051259739,6.3743849,50000.0,False,,,63,-2245.8009111750107,1078.2999999999868,39.682539682539684,52,40.38461538461539,-2771.4290367060876,-25.800000000089767,11,36.36363636363637,525.6281255310765,1104.1000000000765,3.5,22.5,0.5
BDL,COCHINSHIP,1e-12,6.5688583e-07,0.00051259739,6.3743849,50000.0,False,,,65,-3640.2225763988213,-209.09999999982006,32.30769230769231,54,31.48148148148148,-4925.643070481872,-2072.9999999998718,11,36.36363636363637,1285.4204940830523,1863.9000000000522,3.5,22.5,1.0
BDL,COCHINSHIP,1e-12,6.5688583e-07,0.00051259739,6.3743849,50000.0,False,,,63,-5136.301904997927,-1811.7999999999302,39.682539682539684,52,38.46153846153846,-4813.6729438940365,-2067.8000000000375,11,45.45454545454545,-322.62896110389147,256.00000000010823,3.5,23.0,0.0
BDL,COCHINSHIP,1e-12,6.5688583e-07,0.00051259739,6.3743849,50000.0,False,,,63,-2245.8009111750107,1078.2999999999868,39.682539682539684,52,40.38461538461539,-2771.4290367060876,-25.800000000089767,11,36.36363636363637,525.6281255310765,1104.1000000000765,3.5,23.0,0.5
BDL,COCHINSHIP,1e-12,6.5688583e-07,0.00051259739,6.3743849,50000.0,False,,,65,-3640.2225763988213,-209.09999999982006,32.30769230769231,54,31.48148148148148,-4925.643070481872,-2072.9999999998718,11,36.36363636363637,1285.4204940830523,1863.9000000000522,3.5,23.0,1.0
BDL,COCHINSHIP,1e-12,6.5688583e-07,0.00051259739,6.3743849,50000.0,False,,,63,-5136.301904997927,-1811.7999999999302,39.682539682539684,52,38.46153846153846,-4813.6729438940365,-2067.8000000000375,11,45.45454545454545,-322.62896110389147,256.00000000010823,3.5,23.5,0.0
BDL,COCHINSHIP,1e-12,6.5688583e-07,0.00051259739,6.3743849,50000.0,False,,,63,-2245.8009111750107,1078.2999999999868,39.682539682539684,52,40.38461538461539,-2771.4290367060876,-25.800000000089767,11,36.36363636363637,525.6281255310765,1104.1000000000765,3.5,23.5,0.5
BDL,COCHINSHIP,1e-12,6.5688583e-07,0.00051259739,6.3743849,50000.0,False,,,65,-3640.2225763988213,-209.09999999982006,32.30769230769231,54,31.48148148148148,-4925.643070481872,-2072.9999999998718,11,36.36363636363637,1285.4204940830523,1863.9000000000522,3.5,23.5,1.0
BDL,COCHINSHIP,1e-12,6.5688583e-07,0.00051259739,6.3743849,50000.0,False,,,63,-5136.301904997927,-1811.7999999999302,39.682539682539684,52,38.46153846153846,-4813.6729438940365,-2067.8000000000375,11,45.45454545454545,-322.62896110389147,256.00000000010823,3.5,24.0,0.0
BDL,COCHINSHIP,1e-12,6.5688583e-07,0.00051259739,6.3743849,50000.0,False,,,63,-2245.8009111750107,1078.2999999999868,39.682539682539684,52,40.38461538461539,-2771.4290367060876,-25.800000000089767,11,36.36363636363637,525.6281255310765,1104.1000000000765,3.5,24.0,0.5
BDL,COCHINSHIP,1e-12,6.5688583e-07,0.00051259739,6.3743849,50000.0,False,,,65,-3640.2225763988213,-209.09999999982006,32.30769230769231,54,31.48148148148148,-4925.643070481872,-2072.9999999998718,11,36.36363636363637,1285.4204940830523,1863.9000000000522,3.5,24.0,1.0
BDL,COCHINSHIP,1e-12,6.5688583e-07,0.00051259739,6.3743849,50000.0,False,,,63,-5136.301904997927,-1811.7999999999302,39.682539682539684,52,38.46153846153846,-4813.6729438940365,-2067.8000000000375,11,45.45454545454545,-322.62896110389147,256.00000000010823,3.5,24.5,0.0
BDL,COCHINSHIP,1e-12,6.5688583e-07,0.00051259739,6.3743849,50000.0,False,,,63,-2245.8009111750107,1078.2999999999868,39.682539682539684,52,40.38461538461539,-2771.4290367060876,-25.800000000089767,11,36.36363636363637,525.6281255310765,1104.1000000000765,3.5,24.5,0.5
BDL,COCHINSHIP,1e-12,6.5688583e-07,0.00051259739,6.3743849,50000.0,False,,,65,-3640.2225763988213,-209.09999999982006,32.30769230769231,54,31.48148148148148,-4925.643070481872,-2072.9999999998718,11,36.36363636363637,1285.4204940830523,1863.9000000000522,3.5,24.5,1.0
BDL,COCHINSHIP,1e-12,6.5688583e-07,0.00051259739,6.3743849,50000.0,False,,,63,-5136.301904997927,-1811.7999999999302,39.682539682539684,52,38.46153846153846,-4813.6729438940365,-2067.8000000000375,11,45.45454545454545,-322.62896110389147,256.00000000010823,3.5,25.0,0.0
BDL,COCHINSHIP,1e-12,6.5688583e-07,0.00051259739,6.3743849,50000.0,False,,,63,-2245.8009111750107,1078.2999999999868,39.682539682539684,52,40.38461538461539,-2771.4290367060876,-25.800000000089767,11,36.36363636363637,525.6281255310765,1104.1000000000765,3.5,25.0,0.5
BDL,COCHINSHIP,1e-12,6.5688583e-07,0.00051259739,6.3743849,50000.0,False,,,65,-3640.2225763988213,-209.09999999982006,32.30769230769231,54,31.48148148148148,-4925.643070481872,-2072.9999999998718,11,36.36363636363637,1285.4204940830523,1863.9000000000522,3.5,25.0,1.0
BDL,COCHINSHIP,1e-12,6.5688583e-07,0.00051259739,6.3743849,50000.0,False,,,63,-5136.301904997927,-1811.7999999999302,39.682539682539684,52,38.46153846153846,-4813.6729438940365,-2067.8000000000375,11,45.45454545454545,-322.62896110389147,256.00000000010823,3.5,25.5,0.0
BDL,COCHINSHIP,1e-12,6.5688583e-07,0.00051259739,6.3743849,50000.0,False,,,63,-2245.8009111750107,1078.2999999999868,39.682539682539684,52,40.38461538461539,-2771.4290367060876,-25.800000000089767,11,36.36363636363637,525.6281255310765,1104.1000000000765,3.5,25.5,0.5
BDL,COCHINSHIP,1e-12,6.5688583e-07,0.00051259739,6.3743849,50000.0,False,,,65,-3640.2225763988213,-209.09999999982006,32.30769230769231,54,31.48148148148148,-4925.643070481872,-2072.9999999998718,11,36.36363636363637,1285.4204940830523,1863.9000000000522,3.5,25.5,1.0
BDL,COCHINSHIP,1e-12,6.5688583e-07,0.00051259739,6.3743849,50000.0,False,,,63,-5136.301904997927,-1811.7999999999302,39.682539682539684,52,38.46153846153846,-4813.6729438940365,-2067.8000000000375,11,45.45454545454545,-322.62896110389147,256.00000000010823,3.5,26.0,0.0
BDL,COCHINSHIP,1e-12,6.5688583e-07,0.00051259739,6.3743849,50000.0,False,,,63,-2245.8009111750107,1078.2999999999868,39.682539682539684,52,40.38461538461539,-2771.4290367060876,-25.800000000089767,11,36.36363636363637,525.6281255310765,1104.1000000000765,3.5,26.0,0.5
BDL,COCHINSHIP,1e-12,6.5688583e-07,0.00051259739,6.3743849,50000.0,False,,,65,-3640.2225763988213,-209.09999999982006,32.30769230769231,54,31.48148148148148,-4925.643070481872,-2072.9999999998718,11,36.36363636363637,1285.4204940830523,1863.9000000000522,3.5,26.0,1.0
BDL,COCHINSHIP,1e-12,6.5688583e-07,0.00051259739,6.3743849,50000.0,False,,,63,-5136.301904997927,-1811.7999999999302,39.682539682539684,52,38.46153846153846,-4813.6729438940365,-2067.8000000000375,11,45.45454545454545,-322.62896110389147,256.00000000010823,3.5,26.5,0.0
BDL,COCHINSHIP,1e-12,6.5688583e-07,0.00051259739,6.3743849,50000.0,False,,,63,-2245.8009111750107,1078.2999999999868,39.682539682539684,52,40.38461538461539,-2771.4290367060876,-25.800000000089767,11,36.36363636363637,525.6281255310765,1104.1000000000765,3.5,26.5,0.5
BDL,COCHINSHIP,1e-12,6.5688583e-07,0.00051259739,6.3743849,50000.0,False,,,65,-3640.2225763988213,-209.09999999982006,32.30769230769231,54,31.48148148148148,-4925.643070481872,-2072.9999999998718,11,36.36363636363637,1285.4204940830523,1863.9000000000522,3.5,26.5,1.0
BDL,COCHINSHIP,1e-12,6.5688583e-07,0.00051259739,6.3743849,50000.0,False,,,63,-5136.301904997927,-1811.7999999999302,39.682539682539684,52,38.46153846153846,-4813.6729438940365,-2067.8000000000375,11,45.45454545454545,-322.62896110389147,256.00000000010823,3.5,27.0,0.0
BDL,COCHINSHIP,1e-12,6.5688583e-07,0.00051259739,6.3743849,50000.0,False,,,63,-2245.8009111750107,1078.2999999999868,39.682539682539684,52,40.38461538461539,-2771.4290367060876,-25.800000000089767,11,36.36363636363637,525.6281255310765,1104.1000000000765,3.5,27.0,0.5
BDL,COCHINSHIP,1e-12,6.5688583e-07,0.00051259739,6.3743849,50000.0,False,,,65,-3640.2225763988213,-209.09999999982006,32.30769230769231,54,31.48148148148148,-4925.643070481872,-2072.9999999998718,11,36.36363636363637,1285.4204940830523,1863.9000000000522,3.5,27.0,1.0
BDL,COCHINSHIP,1e-12,6.5688583e-07,0.00051259739,6.3743849,50000.0,False,,,63,-5136.301904997927,-1811.7999999999302,39.682539682539684,52,38.46153846153846,-4813.6729438940365,-2067.8000000000375,11,45.45454545454545,-322.62896110389147,256.00000000010823,3.5,27.5,0.0
BDL,COCHINSHIP,1e-12,6.5688583e-07,0.00051259739,6.3743849,50000.0,False,,,63,-2245.8009111750107,1078.2999999999868,39.682539682539684,52,40.38461538461539,-2771.4290367060876,-25.800000000089767,11,36.36363636363637,525.6281255310765,1104.1000000000765,3.5,27.5,0.5
BDL,COCHINSHIP,1e-12,6.5688583e-07,0.00051259739,6.3743849,50000.0,False,,,65,-3640.2225763988213,-209.09999999982006,32.30769230769231,54,31.48148148148148,-4925.643070481872,-2072.9999999998718,11,36.36363636363637,1285.4204940830523,1863.9000000000522,3.5,27.5,1.0
BDL,COCHINSHIP,1e-12,6.5688583e-07,0.00051259739,6.3743849,50000.0,False,,,63,-5136.301904997927,-1811.7999999999302,39.682539682539684,52,38.46153846153846,-4813.6729438940365,-2067.8000000000375,11,45.45454545454545,-322.62896110389147,256.00000000010823,3.5,28.0,0.0
BDL,COCHINSHIP,1e-12,6.5688583e-07,0.00051259739,6.3743849,50000.0,False,,,63,-2245.8009111750107,1078.2999999999868,39.682539682539684,52,40.38461538461539,-2771.4290367060876,-25.800000000089767,11,36.36363636363637,525.6281255310765,1104.1000000000765,3.5,28.0,0.5
BDL,COCHINSHIP,1e-12,6.5688583e-07,0.00051259739,6.3743849,50000.0,False,,,65,-3640.2225763988213,-209.09999999982006,32.30769230769231,54,31.48148148148148,-4925.643070481872,-2072.9999999998718,11,36.36363636363637,1285.4204940830523,1863.9000000000522,3.5,28.0,1.0
BDL,COCHINSHIP,1e-12,6.5688583e-07,0.00051259739,6.3743849,50000.0,False,,,63,-5136.301904997927,-1811.7999999999302,39.682539682539684,52,38.46153846153846,-4813.6729438940365,-2067.8000000000375,11,45.45454545454545,-322.62896110389147,256.00000000010823,3.5,28.5,0.0
BDL,COCHINSHIP,1e-12,6.5688583e-07,0.00051259739,6.3743849,50000.0,False,,,63,-2245.8009111750107,1078.2999999999868,39.682539682539684,52,40.38461538461539,-2771.4290367060876,-25.800000000089767,11,36.36363636363637,525.6281255310765,1104.1000000000765,3.5,28.5,0.5
BDL,COCHINSHIP,1e-12,6.5688583e-07,0.00051259739,6.3743849,50000.0,False,,,65,-3640.2225763988213,-209.09999999982006,32.30769230769231,54,31.48148148148148,-4925.643070481872,-2072.9999999998718,11,36.36363636363637,1285.4204940830523,1863.9000000000522,3.5,28.5,1.0
BDL,COCHINSHIP,1e-12,6.5688583e-07,0.00051259739,6.3743849,50000.0,False,,,63,-5136.301904997927,-1811.7999999999302,39.682539682539684,52,38.46153846153846,-4813.6729438940365,-2067.8000000000375,11,45.45454545454545,-322.62896110389147,256.00000000010823,3.5,29.0,0.0
BDL,COCHINSHIP,1e-12,6.5688583e-07,0.00051259739,6.3743849,50000.0,False,,,63,-2245.8009111750107,1078.2999999999868,39.682539682539684,52,40.38461538461539,-2771.4290367060876,-25.800000000089767,11,36.36363636363637,525.6281255310765,1104.1000000000765,3.5,29.0,0.5
BDL,COCHINSHIP,1e-12,6.5688583e-07,0.00051259739,6.3743849,50000.0,False,,,65,-3640.2225763988213,-209.09999999982006,32.30769230769231,54,31.48148148148148,-4925.643070481872,-2072.9999999998718,11,36.36363636363637,1285.4204940830523,1863.9000000000522,3.5,29.0,1.0
BDL,COCHINSHIP,1e-12,6.5688583e-07,0.00051259739,6.3743849,50000.0,False,,,63,-5136.301904997927,-1811.7999999999302,39.682539682539684,52,38.46153846153846,-4813.6729438940365,-2067.8000000000375,11,45.45454545454545,-322.62896110389147,256.00000000010823,3.5,29.5,0.0
BDL,COCHINSHIP,1e-12,6.5688583e-07,0.00051259739,6.3743849,50000.0,False,,,63,-2245.8009111750107,1078.2999999999868,39.682539682539684,52,40.38461538461539,-2771.4290367060876,-25.800000000089767,11,36.36363636363637,525.6281255310765,1104.1000000000765,3.5,29.5,0.5
BDL,COCHINSHIP,1e-12,6.5688583e-07,0.00051259739,6.3743849,50000.0,False,,,65,-3640.2225763988213,-209.09999999982006,32.30769230769231,54,31.48148148148148,-4925.643070481872,-2072.9999999998718,11,36.36363636363637,1285.4204940830523,1863.9000000000522,3.5,29.5,1.0
BDL,COCHINSHIP,1e-12,6.5688583e-07,0.00051259739,6.3743849,50000.0,False,,,63,-5136.301904997927,-1811.7999999999302,39.682539682539684,52,38.46153846153846,-4813.6729438940365,-2067.8000000000375,11,45.45454545454545,-322.62896110389147,256.00000000010823,3.5,30.0,0.0
BDL,COCHINSHIP,1e-12,6.5688583e-07,0.00051259739,6.3743849,50000.0,False,,,63,-2245.8009111750107,1078.2999999999868,39.682539682539684,52,40.38461538461539,-2771.4290367060876,-25.800000000089767,11,36.36363636363637,525.6281255310765,1104.1000000000765,3.5,30.0,0.5
BDL,COCHINSHIP,1e-12,6.5688583e-07,0.00051259739,6.3743849,50000.0,False,,,65,-3640.2225763988213,-209.09999999982006,32.30769230769231,54,31.48148148148148,-4925.643070481872,-2072.9999999998718,11,36.36363636363637,1285.4204940830523,1863.9000000000522,3.5,30.0,1.0
BDL,COCHINSHIP,1e-12,6.5688583e-07,0.00051259739,6.3743849,50000.0,False,,,43,-2461.9620881679375,-197.1999999999373,60.46511627906977,37,62.16216216216216,-1287.6244290309596,661.1000000000406,6,50.0,-1174.337659136978,-858.2999999999779,4.0,4.5,0.0
BDL,COCHINSHIP,1e-12,6.5688583e-07,0.00051259739,6.3743849,50000.0,False,,,43,-2093.023092747991,171.60000000000878,60.46511627906977,37,62.16216216216216,-782.3465753979974,1166.6000000000024,6,50.0,-1310.6765173499937,-994.9999999999936,4.0,4.5,0.5
BDL,COCHINSHIP,1e-12,6.5688583e-07,0.00051259739,6.3743849,50000.0,False,,,45,-5443.4896291099085,-3072.5999999999076,53.333333333333336,39,53.84615384615385,-4306.551762031901,-2251.3999999999005,6,50.0,-1136.9378670780075,-821.2000000000073,4.0,4.5,1.0
BDL,COCHINSHIP,1e-12,6.5688583e-07,0.00051259739,6.3743849,50000.0,False,,,43,-3054.257427270948,-787.2999999999477,53.48837209302326,37,54.054054054054056,-2143.749300693982,-192.99999999998204,6,50.0,-910.5081265769657,-594.2999999999656,4.0,5.0,0.0
BDL,COCHINSHIP,1e-12,6.5688583e-07,0.00051259739,6.3743849,50000.0,False,,,43,-2119.4776661260385,147.39999999996166,53.48837209302326,37,54.054054054054056,-1072.6306813360573,878.399999999943,6,50.0,-1046.8469847899814,-730.9999999999814,4.0,5.0,0.5
BDL,COCHINSHIP,1e-12,6.5688583e-07,0.00051259739,6.3743849,50000.0,False,,,45,-5636.158227918903,-3263.0999999999044,44.44444444444444,39,43.58974358974359,-4763.049893400908,-2705.8999999999096,6,50.0,-873.1083345179952,-557.199999999995,4.0,5.0,1.0
BDL,COCHINSHIP,1e-12,6.5688583e-07,0.00051259739,6.3743849,50000.0,False,,,44,-3974.0465239748255,-1652.2999999998272,50.0,38,52.63157894736842,-3190.670462688914,-1186.099999999915,6,33.333333333333336,-783.3760612859119,-466.1999999999118,4.0,5.5,0.0
BDL,COCHINSHIP,1e-12,6.5688583e-07,0.00051259739,6.3743849,50000.0,False,,,44,-3388.6734817239985,-1067.7999999999995,50.0,38,52.63157894736842,-2672.095731355045,-667.9000000000456,6,33.333333333333336,-716.5777503689541,-399.89999999995393,4.0,5.5,0.5
BDL,COCHINSHIP,1e-12,6.5688583e-07,0.00051259739,6.3743849,50000.0,False,,,46,-6857.8711641037835,-4430.599999999785,41.30434782608695,40,42.5,-6373.071255186835,-4262.499999999836,6,33.333333333333336,-484.79990891694797,-168.09999999994784,4.0,5.5,1.0
BDL,COCHINSHIP,1e-12,6.5688583e-07,0.00051259739,6.3743849,50000.0,False,,,44,-5447.6136090808795,-3126.499999999881,43.18181818181818,38,44.73684210526316,-4664.237547794969,-2660.2999999999693,6,33.333333333333336,-783.3760612859119,-466.1999999999118,4.0,6.0,0.0
BDL,COCHINSHIP,1e-12,6.5688583e-07,0.00051259739,6.3743849,50000.0,False,,,44,-4422.221473328088,-2101.8000000000893,43.18181818181818,38,44.73684210526316,-3705.6437229591347,-1701.9000000001352,6,33.333333333333336,-716.5777503689541,-399.89999999995393,4.0,6.0,0.5
BDL,COCHINSHIP,1e-12,6.5688583e-07,0.00051259739,6.3743849,50000.0,False,,,46,-7426.2993914278495,-4999.399999999851,34.78260869565217,40,35.0,-6941.499482510902,-4831.299999999904,6,33.333333333333336,-484.79990891694797,-168.09999999994784,4.0,6.0,1.0
BDL,COCHINSHIP,1e-12,6.5688583e-07,0.00051259739,6.3743849,50000.0,False,,,44,-5491.316120651909,-3170.3999999999096,38.63636363636363,38,39.473684210526315,-5127.668861165998,-3124.199999999998,6,33.333333333333336,-363.6472594859117,-46.199999999911824,4.0,6.5,0.0
BDL,COCHINSHIP,1e-12,6.5688583e-07,0.00051259739,6.3743849,50000.0,False,,,44,-4307.526329934085,-1987.200000000085,38.63636363636363,38,39.473684210526315,-4010.6773813651307,-2007.3000000001311,6,33.333333333333336,-296.84894856895386,20.100000000046066,4.0,6.5,0.5
BDL,COCHINSHIP,1e-12,6.5688583e-07,0.00051259739,6.3743849,50000.0,False,,,46,-7805.285267293834,-5378.7999999998365,28.26086956521739,40,27.5,-7740.214160176887,-5630.699999999888,6,33.333333333333336,-65.07110711694784,251.90000000005216,4.0,6.5,1.0
BDL,COCHINSHIP,1e-12,6.5688583e-07,0.00051259739,6.3743849,50000.0,False,,,44,-5078.686542517906,-2757.7999999999056,36.36363636363637,38,39.473684210526315,-4277.521974870013,-2273.800000000013,6,16.666666666666668,-801.1645676478934,-483.99999999989336,4.0,7.0,0.0
BDL,COCHINSHIP,1e-12,6.5688583e-07,0.00051259739,6.3743849,50000.0,False,,,44,-3757.785343212092,-1437.4000000000917,36.36363636363637,38,39.473684210526315,-3160.530495069146,-1156.900000000146,6,16.666666666666668,-597.2548481429457,-280.49999999994566,4.0,7.0,0.5
BDL,COCHINSHIP,1e-12,6.5688583e-07,0.00051259739,6.3743849,50000.0,False,,,46,-7185.58948027186,-4758.999999999862,26.08695652173913,40,27.5,-6890.067273880902,-4780.299999999904,6,16.666666666666668,-295.5222063909587,21.300000000041337,4.0,7.0,1.0
BDL,COCHINSHIP,1e-12,6.5688583e-07,0.00051259739,6.3743849,50000.0,False,,,44,-5335.717366651921,-3015.1999999999216,36.36363636363637,38,39.473684210526315,-4123.818185814007,-2120.200000000007,6,16.666666666666668,-1211.899180837915,-894.9999999999152,4.0,7.5,0.0
BDL,COCHINSHIP,1e-12,6.5688583e-07,0.00051259739,6.3743849,50000.0,False,,,44,-3933.868469856093,-1613.8000000000927,36.36363636363637,38,39.473684210526315,-3006.82670601314,-1003.3000000001402,6,16.666666666666668,-927.0417638429525,-610.4999999999525,4.0,7.5,0.5
BDL,COCHINSHIP,1e-12,6.5688583e-07,0.00051259739,6.3743849,50000.0,False,,,46,-7361.672606915861,-4935.399999999863,26.08695652173913,40,27.5,-6736.363484824896,-4626.699999999898,6,16.666666666666668,-625.3091220909655,-308.6999999999655,4.0,7.5,1.0
BDL,COCHINSHIP,1e-12,6.5688583e-07,0.00051259739,6.3743849,50000.0,False,,,44,-4947.117807892941,-2625.299999999942,36.36363636363637,38,39.473684210526315,-3735.2186270550255,-1730.3000000000268,6,16.666666666666668,-1211.899180837915,-894.9999999999152,4.0,8.0,0.0
BDL,COCHINSHIP,1e-12,6.5688583e-07,0.00051259739,6.3743849,50000.0,False,,,44,-3484.427827929093,-1163.1000000000943,36.36363636363637,38,39.473684210526315,-2557.3860640861412,-552.6000000001418,6,16.666666666666668,-927.0417638429525,-610.4999999999525,4.0,8.0,0.5
BDL,COCHINSHIP,1e-12,6.5688583e-07,0.00051259739,6.3743849,50000.0,False,,,46,-6899.42331590089,-4471.899999999892,26.08695652173913,40,27.5,-6274.1141938099245,-4163.199999999926,6,16.666666666666668,-625.3091220909655,-308.6999999999655,4.0,8.0,1.0
BDL,COCHINSHIP,1e-12,6.5688583e-07,0.00051259739,6.3743849,50000.0,False,,,44,-4464.2298149649,-2142.0999999999003,36.36363636363637,38,39.473684210526315,-3252.3306341269845,-1247.0999999999856,6,16.666666666666668,-1211.899180837915,-894.9999999999152,4.0,8.5,0.0
BDL,COCHINSHIP,1e-12,6.5688583e-07,0.00051259739,6.3743849,50000.0,False,,,44,-3001.5398350010532,-679.9000000000535,36.36363636363637,38,39.473684210526315,-2074.498071158101,-69.40000000010104,6,16.666666666666668,-927.0417638429525,-610.4999999999525,4.0,8.5,0.5
BDL,COCHINSHIP,1e-12,6.5688583e-07,0.00051259739,6.3743849,50000.0,False,,,46,-6416.53532297285,-3988.6999999998516,26.08695652173913,40,27.5,-5791.226200881884,-3679.9999999998854,6,16.666666666666668,-625.3091220909655,-308.6999999999655,4.0,8.5,1.0
BDL,COCHINSHIP,1e-12,6.5688583e-07,0.00051259739,6.3743849,50000.0,False,,,44,-3018.8299134838976,-696.9999999998986,36.36363636363637,38,39.473684210526315,-1806.9307326459825,198.0000000000166,6,16.666666666666668,-1211.899180837915,-894.9999999999152,4.0,9.0,0.0
BDL,COCHINSHIP,1e-12,6.5688583e-07,0.00051259739,6.3743849,50000.0,False,,,44,-1556.1399335200506,765.1999999999491,36.36363636363637,38,39.473684210526315,-629.098169677098,1375.6999999999016,6,16.666666666666668,-927.0417638429525,-610.4999999999525,4.0,9.0,0.5
BDL,COCHINSHIP,1e-12,6.5688583e-07,0.00051259739,6.3743849,50000.0,False,,,46,-4971.1354214918465,-2543.5999999998467,26.08695652173913,40,27.5,-4345.826299400881,-2234.8999999998814,6,16.666666666666668,-625.3091220909655,-308.6999999999655,4.0,9.0,1.0
BDL,COCHINSHIP,1e-12,6.5688583e-07,0.00051259739,6.3743849,50000.0,False,,,44,-3000.241923689929,-678.3999999999301,36.36363636363637,38,39.473684210526315,-1788.342742852014,216.59999999998513,6,16.666666666666668,-1211.899180837915,-894.9999999999152,4.0,9.5,0.0
BDL,COCHINSHIP,1e-12,6.5688583e-07,0.00051259739,6.3743849,50000.0,False,,,44,-1930.9977276990687,390.09999999993056,36.36363636363637,38,39.473684210526315,-1003.9559638561163,1000.599999999883,6,16.666666666666668,-927.0417638429525,-610.4999999999525,4.0,9.5,0.5
BDL,COCHINSHIP,1e-12,6.5688583e-07,0.00051259739,6.3743849,50000.0,False,,,46,-5345.9932156708655,-2918.699999999866,26.08695652173913,40,27.5,-4720.6840935799,-2609.999999999901,6,16.666666666666668,-625.3091220909655,-308.6999999999655,4.0,9.5,1.0
BDL,COCHINSHIP,1e-12,6.5688583e-07,0.00051259739,6.3743849,50000.0,False,,,44,-797.5641607059533,1524.000000000046,38.63636363636363,38,39.473684210526315,-872.9342132120105,1132.5999999999888,6,33.333333333333336,75.37005250605739,391.40000000005716,4.0,10.0,0.0
BDL,COCHINSHIP,1e-12,6.5688583e-07,0.00051259739,6.3743849,50000.0,False,,,44,191.62597848490702,2512.4999999999063,38.63636363636363,38,39.473684210526315,-88.54743421611283,1916.5999999998867,6,33.333333333333336,280.17341270101986,595.9000000000199,4.0,10.0,0.5
BDL,COCHINSHIP,1e-12,6.5688583e-07,0.00051259739,6.3743849,50000.0,False,,,46,-3165.730588590862,-738.6999999998625,28.26086956521739,40,27.5,-3805.2755639398965,-1693.999999999897,6,33.333333333333336,639.5449753490345,955.3000000000345,4.0,10.0,1.0
BDL,COCHINSHIP,1e-12,6.5688583e-07,0.00051259739,6.3743849,50000.0,False,,,44,-797.5641607059533,1524.000000000046,38.63636363636363,38,39.473684210526315,-872.9342132120105,1132.5999999999888,6,33.333333333333336,75.37005250605739,391.40000000005716,4.0,10.5,0.0
BDL,COCHINSHIP,1e-12,6.5688583e-07,0.00051259739,6.3743849,50000.0,False,,,44,191.62597848490702,2512.4999999999063,38.63636363636363,38,39.473684210526315,-88.54743421611283,1916.5999999998867,6,33.333333333333336,280.17341270101986,595.9000000000199,4.0,10.5,0.5
BDL,COCHINSHIP,1e-12,6.5688583e-07,0.00051259739,6.3743849,50000.0,False,,,46,-3165.730588590862,-738.6999999998625,28.26086956521739,40,27.5,-3805.2755639398965,-1693.999999999897,6,33.333333333333336,639.5449753490345,955.3000000000345,4.0,10.5,1.0
BDL,COCHINSHIP,1e-12,6.5688583e-07,0.00051259739,6.3743849,50000.0,False,,,44,-497.75787370595344,1824.000000000046,38.63636363636363,38,39.473684210526315,-573.1279262120106,1432.5999999999888,6,33.333333333333336,75.37005250605739,391.40000000005716,4.0,11.0,0.0
BDL,COCHINSHIP,1e-12,6.5688583e-07,0.00051259739,6.3743849,50000.0,False,,,44,491.4322654849069,2812.4999999999063,38.63636363636363,38,39.473684210526315,211.25885278388705,2216.5999999998867,6,33.333333333333336,280.17341270101986,595.9000000000199,4.0,11.0,0.5
BDL,COCHINSHIP,1e-12,6.5688583e-07,0.00051259739,6.3743849,50000.0,False,,,46,-2865.924301590862,-438.6999999998625,28.26086956521739,40,27.5,-3505.4692769398966,-1393.999999999897,6,33.333333333333336,639.5449753490345,955.3000000000345,4.0,11.0,1.0
BDL,COCHINSHIP,1e-12,6.5688583e-07,0.00051259739,6.3743849,50000.0,False,,,44,-552.122747081969,1769.6000000000304,38.63636363636363,38,39.473684210526315,-627.4927995880262,1378.1999999999732,6,33.333333333333336,75.37005250605739,391.40000000005716,4.0,11.5,0.0
BDL,COCHINSHIP,1e-12,6.5688583e-07,0.00051259739,6.3743849,50000.0,False,,,44,620.9485814689377,2942.0999999999367,38.63636363636363,38,39.473684210526315,340.7751687679179,2346.199999999917,6,33.333333333333336,280.17341270101986,595.9000000000199,4.0,11.5,0.5
BDL,COCHINSHIP,1e-12,6.5688583e-07,0.00051259739,6.3743849,50000.0,False,,,46,-2607.4912821968524,-180.09999999985575,28.26086956521739,40,27.5,-3247.036257545887,-1135.3999999998903,6,33.333333333333336,639.5449753490345,955.3000000000345,4.0,11.5,1.0
BDL,COCHINSHIP,1e-12,6.5688583e-07,0.00051259739,6.3743849,50000.0,False,,,44,-552.122747081969,1769.6000000000304,38.63636363636363,38,39.473684210526315,-627.4927995880262,1378.1999999999732,6,33.333333333333336,75.37005250605739,391.40000000005716,4.0,12.0,0.0
BDL,COCHINSHIP,1e-12,6.5688583e-07,0.00051259739,6.3743849,50000.0,False,,,44,620.9485814689377,2942.0999999999367,38.63636363636363,38,39.473684210526315,340.7751687679179,2346.199999999917,6,33.333333333333336,280.17341270101986,595.9000000000199,4.0,12.0,0.5
BDL,COCHINSHIP,1e-12,6.5688583e-07,0.00051259739,6.3743849,50000.0,False,,,46,-2607.4912821968524,-180.09999999985575,28.26086956521739,40,27.5,-3247.036257545887,-1135.3999999998903,6,33.333333333333336,639.5449753490345,955.3000000000345,4.0,12.0,1.0
BDL,COCHINSHIP,1e-12,6.5688583e-07,0.00051259739,6.3743849,50000.0,False,,,44,-3012.0838449749494,-688.6999999999482,38.63636363636363,38,39.473684210526315,-3087.453897481006,-1080.1000000000051,6,33.333333333333336,75.37005250605739,391.40000000005716,4.0,12.5,0.0
BDL,COCHINSHIP,1e-12,6.5688583e-07,0.00051259739,6.3743849,50000.0,False,,,44,-1609.457508550051,713.1999999999477,38.63636363636363,38,39.473684210526315,-1889.630921251071,117.29999999992788,6,33.333333333333336,280.17341270101986,595.9000000000199,4.0,12.5,0.5
BDL,COCHINSHIP,1e-12,6.5688583e-07,0.00051259739,6.3743849,50000.0,False,,,46,-4837.897372215843,-2408.9999999998436,26.08695652173913,40,25.0,-5477.442347564876,-3364.2999999998783,6,33.333333333333336,639.5449753490345,955.3000000000345,4.0,12.5,1.0
BDL,COCHINSHIP,1e-12,6.5688583e-07,0.00051259739,6.3743849,50000.0,False,,,44,-3012.0838449749494,-688.6999999999482,38.63636363636363,38,39.473684210526315,-3087.453897481006,-1080.1000000000051,6,33.333333333333336,75.37005250605739,391.40000000005716,4.0,13.0,0.0
BDL,COCHINSHIP,1e-12,6.5688583e-07,0.00051259739,6.3743849,50000.0,False,,,44,-1609.457508550051,713.1999999999477,38.63636363636363,38,39.473684210526315,-1889.630921251071,117.29999999992788,6,33.333333333333336,280.17341270101986,595.9000000000199,4.0,13.0,0.5
BDL,COCHINSHIP,1e-12,6.5688583e-07,0.00051259739,6.3743849,50000.0,False,,,46,-4837.897372215843,-2408.9999999998436,26.08695652173913,40,25.0,-5477.442347564876,-3364.2999999998783,6,33.333333333333336,639.5449753490345,955.3000000000345,4.0,13.0,1.0
BDL,COCHINSHIP,1e-12,6.5688583e-07,0.00051259739,6.3743849,50000.0,False,,,44,-3012.0838449749494,-688.6999999999482,38.63636363636363,38,39.473684210526315,-3087.453897481006,-1080.1000000000051,6,33.333333333333336,75.37005250605739,391.40000000005716,4.0,13.5,0.0
BDL,COCHINSHIP,1e-12,6.5688583e-07,0.00051259739,6.3743849,50000.0,False,,,44,-1609.457508550051,713.1999999999477,38.63636363636363,38,39.473684210526315,-1889.630921251071,117.29999999992788,6,33.333333333333336,280.17341270101986,595.9000000000199,4.0,13.5,0.5
BDL,COCHINSHIP,1e-12,6.5688583e-07,0.00051259739,6.3743849,50000.0,False,,,46,-4837.897372215843,-2408.9999999998436,26.08695652173913,40,25.0,-5477.442347564876,-3364.2999999998783,6,33.333333333333336,639.5449753490345,955.3000000000345,4.0,13.5,1.0
BDL,COCHINSHIP,1e-12,6.5688583e-07,0.00051259739,6.3743849,50000.0,False,,,44,-3012.0838449749494,-688.6999999999482,38.63636363636363,38,39.473684210526315,-3087.453897481006,-1080.1000000000051,6,33.333333333333336,75.37005250605739,391.40000000005716,4.0,14.0,0.0
BDL,COCHINSHIP,1e-12,6.5688583e-07,0.00051259739,6.3743849,50000.0,False,,,44,-1609.457508550051,713.1999999999477,38.63636363636363,38,39.473684210526315,-1889.630921251071,117.29999999992788,6,33.333333333333336,280.17341270101986,595.9000000000199,4.0,14.0,0.5
BDL,COCHINSHIP,1e-12,6.5688583e-07,0.00051259739,6.3743849,50000.0,False,,,46,-4837.897372215843,-2408.9999999998436,26.08695652173913,40,25.0,-5477.442347564876,-3364.2999999998783,6,33.333333333333336,639.5449753490345,955.3000000000345,4.0,14.0,1.0
BDL,COCHINSHIP,1e-12,6.5688583e-07,0.00051259739,6.3743849,50000.0,False,,,44,-3012.0838449749494,-688.6999999999482,38.63636363636363,38,39.473684210526315,-3087.453897481006,-1080.1000000000051,6,33.333333333333336,75.37005250605739,391.40000000005716,4.0,14.5,0.0
BDL,COCHINSHIP,1e-12,6.5688583e-07,0.00051259739,6.3743849,50000.0,False,,,44,-1609.457508550051,713.1999999999477,38.63636363636363,38,39.473684210526315,-1889.630921251071,117.29999999992788,6,33.333333333333336,280.17341270101986,595.9000000000199,4.0,14.5,0.5
BDL,COCHINSHIP,1e-12,6.5688583e-07,0.00051259739,6.3743849,50000.0,False,,,46,-4837.897372215843,-2408.9999999998436,26.08695652173913,40,25.0,-5477.442347564876,-3364.2999999998783,6,33.333333333333336,639.5449753490345,955.3000000000345,4.0,14.5,1.0
BDL,COCHINSHIP,1e-12,6.5688583e-07,0.00051259739,6.3743849,50000.0,False,,,44,-3012.0838449749494,-688.6999999999482,38.63636363636363,38,39.473684210526315,-3087.453897481006,-1080.1000000000051,6,33.333333333333336,75.37005250605739,391.40000000005716,4.0,15.0,0.0
BDL,COCHINSHIP,1e-12,6.5688583e-07,0.00051259739,6.3743849,50000.0,False,,,44,-1609.457508550051,713.1999999999477,38.63636363636363,38,39.473684210526315,-1889.630921251071,117.29999999992788,6,33.333333333333336,280.17341270101986,595.9000000000199,4.0,15.0,0.5
BDL,COCHINSHIP,1e-12,6.5688583e-07,0.00051259739,6.3743849,50000.0,False,,,46,-4837.897372215843,-2408.9999999998436,26.08695652173913,40,25.0,-5477.442347564876,-3364.2999999998783,6,33.333333333333336,639.5449753490345,955.3000000000345,4.0,15.0,1.0
BDL,COCHINSHIP,1e-12,6.5688583e-07,0.00051259739,6.3743849,50000.0,False,,,44,-3012.0838449749494,-688.6999999999482,38.63636363636363,38,39.473684210526315,-3087.453897481006,-1080.1000000000051,6,33.333333333333336,75.37005250605739,391.40000000005716,4.0,15.5,0.0
BDL,COCHINSHIP,1e-12,6.5688583e-07,0.00051259739,6.3743849,50000.0,False,,,44,-1609.457508550051,713.1999999999477,38.63636363636363,38,39.473684210526315,-1889.630921251071,117.29999999992788,6,33.333333333333336,280.17341270101986,595.9000000000199,4.0,15.5,0.5
BDL,COCHINSHIP,1e-12,6.5688583e-07,0.00051259739,6.3743849,50000.0,False,,,46,-4837.897372215843,-2408.9999999998436,26.08695652173913,40,25.0,-5477.442347564876,-3364.2999999998783,6,33.333333333333336,639.5449753490345,955.3000000000345,4.0,15.5,1.0
BDL,COCHINSHIP,1e-12,6.5688583e-07,0.00051259739,6.3743849,50000.0,False,,,44,-3012.0838449749494,-688.6999999999482,38.63636363636363,38,39.473684210526315,-3087.453897481006,-1080.1000000000051,6,33.333333333333336,75.37005250605739,391.40000000005716,4.0,16.0,0.0
BDL,COCHINSHIP,1e-12,6.5688583e-07,0.00051259739,6.3743849,50000.0,False,,,44,-1609.457508550051,713.1999999999477,38.63636363636363,38,39.473684210526315,-1889.630921251071,117.29999999992788,6,33.333333333333336,280.17341270101986,595.9000000000199,4.0,16.0,0.5
BDL,COCHINSHIP,1e-12,6.5688583e-07,0.00051259739,6.3743849,50000.0,False,,,46,-4837.897372215843,-2408.9999999998436,26.08695652173913,40,25.0,-5477.442347564876,-3364.2999999998783,6,33.333333333333336,639.5449753490345,955.3000000000345,4.0,16.0,1.0
BDL,COCHINSHIP,1e-12,6.5688583e-07,0.00051259739,6.3743849,50000.0,False,,,44,-3012.0838449749494,-688.6999999999482,38.63636363636363,38,39.473684210526315,-3087.453897481006,-1080.1000000000051,6,33.333333333333336,75.37005250605739,391.40000000005716,4.0,16.5,0.0
BDL,COCHINSHIP,1e-12,6.5688583e-07,0.00051259739,6.3743849,50000.0,False,,,44,-1609.457508550051,713.1999999999477,38.63636363636363,38,39.473684210526315,-1889.630921251071,117.29999999992788,6,33.333333333333336,280.17341270101986,595.9000000000199,4.0,16.5,0.5
BDL,COCHINSHIP,1e-12,6.5688583e-07,0.00051259739,6.3743849,50000.0,False,,,46,-4837.897372215843,-2408.9999999998436,26.08695652173913,40,25.0,-5477.442347564876,-3364.2999999998783,6,33.333333333333336,639.5449753490345,955.3000000000345,4.0,16.5,1.0
BDL,COCHINSHIP,1e-12,6.5688583e-07,0.00051259739,6.3743849,50000.0,False,,,44,-3012.0838449749494,-688.6999999999482,38.63636363636363,38,39.473684210526315,-3087.453897481006,-1080.1000000000051,6,33.333333333333336,75.37005250605739,391.40000000005716,4.0,17.0,0.0
BDL,COCHINSHIP,1e-12,6.5688583e-07,0.00051259739,6.3743849,50000.0,False,,,44,-1609.457508550051,713.1999999999477,38.63636363636363,38,39.473684210526315,-1889.630921251071,117.29999999992788,6,33.333333333333336,280.17341270101986,595.9000000000199,4.0,17.0,0.5
BDL,COCHINSHIP,1e-12,6.5688583e-07,0.00051259739,6.3743849,50000.0,False,,,46,-4837.897372215843,-2408.9999999998436,26.08695652173913,40,25.0,-5477.442347564876,-3364.2999999998783,6,33.333333333333336,639.5449753490345,955.3000000000345,4.0,17.0,1.0
BDL,COCHINSHIP,1e-12,6.5688583e-07,0.00051259739,6.3743849,50000.0,False,,,44,-3012.0838449749494,-688.6999999999482,38.63636363636363,38,39.473684210526315,-3087.453897481006,-1080.1000000000051,6,33.333333333333336,75.37005250605739,391.40000000005716,4.0,17.5,0.0
BDL,COCHINSHIP,1e-12,6.5688583e-07,0.00051259739,6.3743849,50000.0,False,,,44,-1609.457508550051,713.1999999999477,38.63636363636363,38,39.473684210526315,-1889.630921251071,117.29999999992788,6,33.333333333333336,280.17341270101986,595.9000000000199,4.0,17.5,0.5
BDL,COCHINSHIP,1e-12,6.5688583e-07,0.00051259739,6.3743849,50000.0,False,,,46,-4837.897372215843,-2408.9999999998436,26.08695652173913,40,25.0,-5477.442347564876,-3364.2999999998783,6,33.333333333333336,639.5449753490345,955.3000000000345,4.0,17.5,1.0
BDL,COCHINSHIP,1e-12,6.5688583e-07,0.00051259739,6.3743849,50000.0,False,,,44,-3012.0838449749494,-688.6999999999482,38.63636363636363,38,39.473684210526315,-3087.453897481006,-1080.1000000000051,6,33.333333333333336,75.37005250605739,391.40000000005716,4.0,18.0,0.0
BDL,COCHINSHIP,1e-12,6.5688583e-07,0.00051259739,6.3743849,50000.0,False,,,44,-1609.457508550051,713.1999999999477,38.63636363636363,38,39.473684210526315,-1889.630921251071,117.29999999992788,6,33.333333333333336,280.17341270101986,595.9000000000199,4.0,18.0,0.5
BDL,COCHINSHIP,1e-12,6.5688583e-07,0.00051259739,6.3743849,50000.0,False,,,46,-4837.897372215843,-2408.9999999998436,26.08695652173913,40,25.0,-5477.442347564876,-3364.2999999998783,6,33.333333333333336,639.5449753490345,955.3000000000345,4.0,18.0,1.0
BDL,COCHINSHIP,1e-12,6.5688583e-07,0.00051259739,6.3743849,50000.0,False,,,44,-3012.0838449749494,-688.6999999999482,38.63636363636363,38,39.473684210526315,-3087.453897481006,-1080.1000000000051,6,33.333333333333336,75.37005250605739,391.40000000005716,4.0,18.5,0.0
BDL,COCHINSHIP,1e-12,6.5688583e-07,0.00051259739,6.3743849,50000.0,False,,,44,-1609.457508550051,713.1999999999477,38.63636363636363,38,39.473684210526315,-1889.630921251071,117.29999999992788,6,33.333333333333336,280.17341270101986,595.9000000000199,4.0,18.5,0.5
BDL,COCHINSHIP,1e-12,6.5688583e-07,0.00051259739,6.3743849,50000.0,False,,,46,-4837.897372215843,-2408.9999999998436,26.08695652173913,40,25.0,-5477.442347564876,-3364.2999999998783,6,33.333333333333336,639.5449753490345,955.3000000000345,4.0,18.5,1.0
BDL,COCHINSHIP,1e-12,6.5688583e-07,0.00051259739,6.3743849,50000.0,False,,,44,-3012.0838449749494,-688.6999999999482,38.63636363636363,38,39.473684210526315,-3087.453897481006,-1080.1000000000051,6,33.333333333333336,75.37005250605739,391.40000000005716,4.0,19.0,0.0
BDL,COCHINSHIP,1e-12,6.5688583e-07,0.00051259739,6.3743849,50000.0,False,,,44,-1609.457508550051,713.1999999999477,38.63636363636363,38,39.473684210526315,-1889.630921251071,117.29999999992788,6,33.333333333333336,280.17341270101986,595.9000000000199,4.0,19.0,0.5
BDL,COCHINSHIP,1e-12,6.5688583e-07,0.00051259739,6.3743849,50000.0,False,,,46,-4837.897372215843,-2408.9999999998436,26.08695652173913,40,25.0,-5477.442347564876,-3364.2999999998783,6,33.333333333333336,639.5449753490345,955.3000000000345,4.0,19.0,1.0
BDL,COCHINSHIP,1e-12,6.5688583e-07,0.00051259739,6.3743849,50000.0,False,,,44,-3613.295385838968,-1290.2999999999683,38.63636363636363,38,39.473684210526315,-3688.665438345026,-1681.7000000000255,6,33.333333333333336,75.37005250605739,391.40000000005716,4.0,19.5,0.0
BDL,COCHINSHIP,1e-12,6.5688583e-07,0.00051259739,6.3743849,50000.0,False,,,44,-2066.762031654066,255.59999999993465,38.63636363636363,38,39.473684210526315,-2346.935444355086,-340.3000000000852,6,33.333333333333336,280.17341270101986,595.9000000000199,4.0,19.5,0.5
BDL,COCHINSHIP,1e-12,6.5688583e-07,0.00051259739,6.3743849,50000.0,False,,,46,-5253.628756855849,-2824.999999999851,26.08695652173913,40,25.0,-5893.173732204883,-3780.2999999998856,6,33.333333333333336,639.5449753490345,955.3000000000345,4.0,19.5,1.0
BDL,COCHINSHIP,1e-12,6.5688583e-07,0.00051259739,6.3743849,50000.0,False,,,44,-3613.295385838968,-1290.2999999999683,38.63636363636363,38,39.473684210526315,-3688.665438345026,-1681.7000000000255,6,33.333333333333336,75.37005250605739,391.40000000005716,4.0,20.0,0.0
BDL,COCHINSHIP,1e-12,6.5688583e-07,0.00051259739,6.3743849,50000.0,False,,,44,-2066.762031654066,255.59999999993465,38.63636363636363,38,39.473684210526315,-2346.935444355086,-340.3000000000852,6,33.333333333333336,280.17341270101986,595.9000000000199,4.0,20.0,0.5
BDL,COCHINSHIP,1e-12,6.5688583e-07,0.00051259739,6.3743849,50000.0,False,,,46,-5253.628756855849,-2824.999999999851,26.08695652173913,40,25.0,-5893.173732204883,-3780.2999999998856,6,33.333333333333336,639.5449753490345,955.3000000000345,4.0,20.0,1.0
BDL,COCHINSHIP,1e-12,6.5688583e-07,0.00051259739,6.3743849,50000.0,False,,,44,-3613.295385838968,-1290.2999999999683,38.63636363636363,38,39.473684210526315,-3688.665438345026,-1681.7000000000255,6,33.333333333333336,75.37005250605739,391.40000000005716,4.0,20.5,0.0
BDL,COCHINSHIP,1e-12,6.5688583e-07,0.00051259739,6.3743849,50000.0,False,,,44,-2066.762031654066,255.59999999993465,38.63636363636363,38,39.473684210526315,-2346.935444355086,-340.3000000000852,6,33.333333333333336,280.17341270101986,595.9000000000199,4.0,20.5,0.5
BDL,COCHINSHIP,1e-12,6.5688583e-07,0.00051259739,6.3743849,50000.0,False,,,46,-5253.628756855849,-2824.999999999851,26.08695652173913,40,25.0,-5893.173732204883,-3780.2999999998856,6,33.333333333333336,639.5449753490345,955.3000000000345,4.0,20.5,1.0
BDL,COCHINSHIP,1e-12,6.5688583e-07,0.00051259739,6.3743849,50000.0,False,,,44,-3613.295385838968,-1290.2999999999683,38.63636363636363,38,39.473684210526315,-3688.665438345026,-1681.7000000000255,6,33.333333333333336,75.37005250605739,391.40000000005716,4.0,21.0,0.0
BDL,COCHINSHIP,1e-12,6.5688583e-07,0.00051259739,6.3743849,50000.0,False,,,44,-2066.762031654066,255.59999999993465,38.63636363636363,38,39.473684210526315,-2346.935444355086,-340.3000000000852,6,33.333333333333336,280.17341270101986,595.9000000000199,4.0,21.0,0.5
BDL,COCHINSHIP,1e-12,6.5688583e-07,0.00051259739,6.3743849,50000.0,False,,,46,-5253.628756855849,-2824.999999999851,26.08695652173913,40,25.0,-5893.173732204883,-3780.2999999998856,6,33.333333333333336,639.5449753490345,955.3000000000345,4.0,21.0,1.0
BDL,COCHINSHIP,1e-12,6.5688583e-07,0.00051259739,6.3743849,50000.0,False,,,44,-3613.295385838968,-1290.2999999999683,38.63636363636363,38,39.473684210526315,-3688.665438345026,-1681.7000000000255,6,33.333333333333336,75.37005250605739,391.40000000005716,4.0,21.5,0.0
BDL,COCHINSHIP,1e-12,6.5688583e-07,0.00051259739,6.3743849,50000.0,False,,,44,-2066.762031654066,255.59999999993465,38.63636363636363,38,39.473684210526315,-2346.935444355086,-340.3000000000852,6,33.333333333333336,280.17341270101986,595.9000000000199,4.0,21.5,0.5
BDL,COCHINSHIP,1e-12,6.5688583e-07,0.00051259739,6.3743849,50000.0,False,,,46,-5253.628756855849,-2824.999999999851,26.08695652173913,40,25.0,-5893.173732204883,-3780.2999999998856,6,33.333333333333336,639.5449753490345,955.3000000000345,4.0,21.5,1.0
BDL,COCHINSHIP,1e-12,6.5688583e-07,0.00051259739,6.3743849,50000.0,False,,,44,-3613.295385838968,-1290.2999999999683,38.63636363636363,38,39.473684210526315,-3688.665438345026,-1681.7000000000255,6,33.333333333333336,75.37005250605739,391.40000000005716,4.0,22.0,0.0
BDL,COCHINSHIP,1e-12,6.5688583e-07,0.00051259739,6.3743849,50000.0,False,,,44,-2066.762031654066,255.59999999993465,38.63636363636363,38,39.473684210526315,-2346.935444355086,-340.3000000000852,6,33.333333333333336,280.17341270101986,595.9000000000199,4.0,22.0,0.5
BDL,COCHINSHIP,1e-12,6.5688583e-07,0.00051259739,6.3743849,50000.0,False,,,46,-5253.628756855849,-2824.999999999851,26.08695652173913,40,25.0,-5893.173732204883,-3780.2999999998856,6,33.333333333333336,639.5449753490345,955.3000000000345,4.0,22.0,1.0
BDL,COCHINSHIP,1e-12,6.5688583e-07,0.00051259739,6.3743849,50000.0,False,,,44,-3613.295385838968,-1290.2999999999683,38.63636363636363,38,39.473684210526315,-3688.665438345026,-1681.7000000000255,6,33.333333333333336,75.37005250605739,391.40000000005716,4.0,22.5,0.0
BDL,COCHINSHIP,1e-12,6.5688583e-07,0.00051259739,6.3743849,50000.0,False,,,44,-2066.762031654066,255.59999999993465,38.63636363636363,38,39.473684210526315,-2346.935444355086,-340.3000000000852,6,33.333333333333336,280.17341270101986,595.9000000000199,4.0,22.5,0.5
BDL,COCHINSHIP,1e-12,6.5688583e-07,0.00051259739,6.3743849,50000.0,False,,,46,-5253.628756855849,-2824.999999999851,26.08695652173913,40,25.0,-5893.173732204883,-3780.2999999998856,6,33.333333333333336,639.5449753490345,955.3000000000345,4.0,22.5,1.0
BDL,COCHINSHIP,1e-12,6.5688583e-07,0.00051259739,6.3743849,50000.0,False,,,44,-3613.295385838968,-1290.2999999999683,38.63636363636363,38,39.473684210526315,-3688.665438345026,-1681.7000000000255,6,33.333333333333336,75.37005250605739,391.40000000005716,4.0,23.0,0.0
BDL,COCHINSHIP,1e-12,6.5688583e-07,0.00051259739,6.3743849,50000.0,False,,,44,-2066.762031654066,255.59999999993465,38.63636363636363,38,39.473684210526315,-2346.935444355086,-340.3000000000852,6,33.333333333333336,280.17341270101986,595.9000000000199,4.0,23.0,0.5
BDL,COCHINSHIP,1e-12,6.5688583e-07,0.00051259739,6.3743849,50000.0,False,,,46,-5253.628756855849,-2824.999999999851,26.08695652173913,40,25.0,-5893.173732204883,-3780.2999999998856,6,33.333333333333336,639.5449753490345,955.3000000000345,4.0,23.0,1.0
BDL,COCHINSHIP,1e-12,6.5688583e-07,0.00051259739,6.3743849,50000.0,False,,,44,-3613.295385838968,-1290.2999999999683,38.63636363636363,38,39.473684210526315,-3688.665438345026,-1681.7000000000255,6,33.333333333333336,75.37005250605739,391.40000000005716,4.0,23.5,0.0
BDL,COCHINSHIP,1e-12,6.5688583e-07,0.00051259739,6.3743849,50000.0,False,,,44,-2066.762031654066,255.59999999993465,38.63636363636363,38,39.473684210526315,-2346.935444355086,-340.3000000000852,6,33.333333333333336,280.17341270101986,595.9000000000199,4.0,23.5,0.5
BDL,COCHINSHIP,1e-12,6.5688583e-07,0.00051259739,6.3743849,50000.0,False,,,46,-5253.628756855849,-2824.999999999851,26.08695652173913,40,25.0,-5893.173732204883,-3780.2999999998856,6,33.333333333333336,639.5449753490345,955.3000000000345,4.0,23.5,1.0
BDL,COCHINSHIP,1e-12,6.5688583e-07,0.00051259739,6.3743849,50000.0,False,,,44,-3613.295385838968,-1290.2999999999683,38.63636363636363,38,39.473684210526315,-3688.665438345026,-1681.7000000000255,6,33.333333333333336,75.37005250605739,391.40000000005716,4.0,24.0,0.0
BDL,COCHINSHIP,1e-12,6.5688583e-07,0.00051259739,6.3743849,50000.0,False,,,44,-2066.762031654066,255.59999999993465,38.63636363636363,38,39.473684210526315,-2346.935444355086,-340.3000000000852,6,33.333333333333336,280.17341270101986,595.9000000000199,4.0,24.0,0.5
BDL,COCHINSHIP,1e-12,6.5688583e-07,0.00051259739,6.3743849,50000.0,False,,,46,-5253.628756855849,-2824.999999999851,26.08695652173913,40,25.0,-5893.173732204883,-3780.2999999998856,6,33.333333333333336,639.5449753490345,955.3000000000345,4.0,24.0,1.0
BDL,COCHINSHIP,1e-12,6.5688583e-07,0.00051259739,6.3743849,50000.0,False,,,44,-3613.295385838968,-1290.2999999999683,38.63636363636363,38,39.473684210526315,-3688.665438345026,-1681.7000000000255,6,33.333333333333336,75.37005250605739,391.40000000005716,4.0,24.5,0.0
BDL,COCHINSHIP,1e-12,6.5688583e-07,0.00051259739,6.3743849,50000.0,False,,,44,-2066.762031654066,255.59999999993465,38.63636363636363,38,39.473684210526315,-2346.935444355086,-340.3000000000852,6,33.333333333333336,280.17341270101986,595.9000000000199,4.0,24.5,0.5
BDL,COCHINSHIP,1e-12,6.5688583e-07,0.00051259739,6.3743849,50000.0,False,,,46,-5253.628756855849,-2824.999999999851,26.08695652173913,40,25.0,-5893.173732204883,-3780.2999999998856,6,33.333333333333336,639.5449753490345,955.3000000000345,4.0,24.5,1.0
BDL,COCHINSHIP,1e-12,6.5688583e-07,0.00051259739,6.3743849,50000.0,False,,,44,-3613.295385838968,-1290.2999999999683,38.63636363636363,38,39.473684210526315,-3688.665438345026,-1681.7000000000255,6,33.333333333333336,75.37005250605739,391.40000000005716,4.0,25.0,0.0
BDL,COCHINSHIP,1e-12,6.5688583e-07,0.00051259739,6.3743849,50000.0,False,,,44,-2066.762031654066,255.59999999993465,38.63636363636363,38,39.473684210526315,-2346.935444355086,-340.3000000000852,6,33.333333333333336,280.17341270101986,595.9000000000199,4.0,25.0,0.5
BDL,COCHINSHIP,1e-12,6.5688583e-07,0.00051259739,6.3743849,50000.0,False,,,46,-5253.628756855849,-2824.999999999851,26.08695652173913,40,25.0,-5893.173732204883,-3780.2999999998856,6,33.333333333333336,639.5449753490345,955.3000000000345,4.0,25.0,1.0
BDL,COCHINSHIP,1e-12,6.5688583e-07,0.00051259739,6.3743849,50000.0,False,,,44,-3613.295385838968,-1290.2999999999683,38.63636363636363,38,39.473684210526315,-3688.665438345026,-1681.7000000000255,6,33.333333333333336,75.37005250605739,391.40000000005716,4.0,25.5,0.0
BDL,COCHINSHIP,1e-12,6.5688583e-07,0.00051259739,6.3743849,50000.0,False,,,44,-2066.762031654066,255.59999999993465,38.63636363636363,38,39.473684210526315,-2346.935444355086,-340.3000000000852,6,33.333333333333336,280.17341270101986,595.9000000000199,4.0,25.5,0.5
BDL,COCHINSHIP,1e-12,6.5688583e-07,0.00051259739,6.3743849,50000.0,False,,,46,-5253.628756855849,-2824.999999999851,26.08695652173913,40,25.0,-5893.173732204883,-3780.2999999998856,6,33.333333333333336,639.5449753490345,955.3000000000345,4.0,25.5,1.0
BDL,COCHINSHIP,1e-12,6.5688583e-07,0.00051259739,6.3743849,50000.0,False,,,44,-3613.295385838968,-1290.2999999999683,38.63636363636363,38,39.473684210526315,-3688.665438345026,-1681.7000000000255,6,33.333333333333336,75.37005250605739,391.40000000005716,4.0,26.0,0.0
BDL,COCHINSHIP,1e-12,6.5688583e-07,0.00051259739,6.3743849,50000.0,False,,,44,-2066.762031654066,255.59999999993465,38.63636363636363,38,39.473684210526315,-2346.935444355086,-340.3000000000852,6,33.333333333333336,280.17341270101986,595.9000000000199,4.0,26.0,0.5
BDL,COCHINSHIP,1e-12,6.5688583e-07,0.00051259739,6.3743849,50000.0,False,,,46,-5253.628756855849,-2824.999999999851,26.08695652173913,40,25.0,-5893.173732204883,-3780.2999999998856,6,33.333333333333336,639.5449753490345,955.3000000000345,4.0,26.0,1.0
BDL,COCHINSHIP,1e-12,6.5688583e-07,0.00051259739,6.3743849,50000.0,False,,,44,-3613.295385838968,-1290.2999999999683,38.63636363636363,38,39.473684210526315,-3688.665438345026,-1681.7000000000255,6,33.333333333333336,75.37005250605739,391.40000000005716,4.0,26.5,0.0
BDL,COCHINSHIP,1e-12,6.5688583e-07,0.00051259739,6.3743849,50000.0,False,,,44,-2066.762031654066,255.59999999993465,38.63636363636363,38,39.473684210526315,-2346.935444355086,-340.3000000000852,6,33.333333333333336,280.17341270101986,595.9000000000199,4.0,26.5,0.5
BDL,COCHINSHIP,1e-12,6.5688583e-07,0.00051259739,6.3743849,50000.0,False,,,46,-5253.628756855849,-2824.999999999851,26.08695652173913,40,25.0,-5893.173732204883,-3780.2999999998856,6,33.333333333333336,639.5449753490345,955.3000000000345,4.0,26.5,1.0
BDL,COCHINSHIP,1e-12,6.5688583e-07,0.00051259739,6.3743849,50000.0,False,,,44,-3613.295385838968,-1290.2999999999683,38.63636363636363,38,39.473684210526315,-3688.665438345026,-1681.7000000000255,6,33.333333333333336,75.37005250605739,391.40000000005716,4.0,27.0,0.0
BDL,COCHINSHIP,1e-12,6.5688583e-07,0.00051259739,6.3743849,50000.0,False,,,44,-2066.762031654066,255.59999999993465,38.63636363636363,38,39.473684210526315,-2346.935444355086,-340.3000000000852,6,33.333333333333336,280.17341270101986,595.9000000000199,4.0,27.0,0.5
BDL,COCHINSHIP,1e-12,6.5688583e-07,0.00051259739,6.3743849,50000.0,False,,,46,-5253.628756855849,-2824.999999999851,26.08695652173913,40,25.0,-5893.173732204883,-3780.2999999998856,6,33.333333333333336,639.5449753490345,955.3000000000345,4.0,27.0,1.0
BDL,COCHINSHIP,1e-12,6.5688583e-07,0.00051259739,6.3743849,50000.0,False,,,44,-3613.295385838968,-1290.2999999999683,38.63636363636363,38,39.473684210526315,-3688.665438345026,-1681.7000000000255,6,33.333333333333336,75.37005250605739,391.40000000005716,4.0,27.5,0.0
BDL,COCHINSHIP,1e-12,6.5688583e-07,0.00051259739,6.3743849,50000.0,False,,,44,-2066.762031654066,255.59999999993465,38.63636363636363,38,39.473684210526315,-2346.935444355086,-340.3000000000852,6,33.333333333333336,280.17341270101986,595.9000000000199,4.0,27.5,0.5
BDL,COCHINSHIP,1e-12,6.5688583e-07,0.00051259739,6.3743849,50000.0,False,,,46,-5253.628756855849,-2824.999999999851,26.08695652173913,40,25.0,-5893.173732204883,-3780.2999999998856,6,33.333333333333336,639.5449753490345,955.3000000000345,4.0,27.5,1.0
BDL,COCHINSHIP,1e-12,6.5688583e-07,0.00051259739,6.3743849,50000.0,False,,,44,-3613.295385838968,-1290.2999999999683,38.63636363636363,38,39.473684210526315,-3688.665438345026,-1681.7000000000255,6,33.333333333333336,75.37005250605739,391.40000000005716,4.0,28.0,0.0
BDL,COCHINSHIP,1e-12,6.5688583e-07,0.00051259739,6.3743849,50000.0,False,,,44,-2066.762031654066,255.59999999993465,38.63636363636363,38,39.473684210526315,-2346.935444355086,-340.3000000000852,6,33.333333333333336,280.17341270101986,595.9000000000199,4.0,28.0,0.5
BDL,COCHINSHIP,1e-12,6.5688583e-07,0.00051259739,6.3743849,50000.0,False,,,46,-5253.628756855849,-2824.999999999851,26.08695652173913,40,25.0,-5893.173732204883,-3780.2999999998856,6,33.333333333333336,639.5449753490345,955.3000000000345,4.0,28.0,1.0
BDL,COCHINSHIP,1e-12,6.5688583e-07,0.00051259739,6.3743849,50000.0,False,,,44,-3613.295385838968,-1290.2999999999683,38.63636363636363,38,39.473684210526315,-3688.665438345026,-1681.7000000000255,6,33.333333333333336,75.37005250605739,391.40000000005716,4.0,28.5,0.0
BDL,COCHINSHIP,1e-12,6.5688583e-07,0.00051259739,6.3743849,50000.0,False,,,44,-2066.762031654066,255.59999999993465,38.63636363636363,38,39.473684210526315,-2346.935444355086,-340.3000000000852,6,33.333333333333336,280.17341270101986,595.9000000000199,4.0,28.5,0.5
BDL,COCHINSHIP,1e-12,6.5688583e-07,0.00051259739,6.3743849,50000.0,False,,,46,-5253.628756855849,-2824.999999999851,26.08695652173913,40,25.0,-5893.173732204883,-3780.2999999998856,6,33.333333333333336,639.5449753490345,955.3000000000345,4.0,28.5,1.0
BDL,COCHINSHIP,1e-12,6.5688583e-07,0.00051259739,6.3743849,50000.0,False,,,44,-3613.295385838968,-1290.2999999999683,38.63636363636363,38,39.473684210526315,-3688.665438345026,-1681.7000000000255,6,33.333333333333336,75.37005250605739,391.40000000005716,4.0,29.0,0.0
BDL,COCHINSHIP,1e-12,6.5688583e-07,0.00051259739,6.3743849,50000.0,False,,,44,-2066.762031654066,255.59999999993465,38.63636363636363,38,39.473684210526315,-2346.935444355086,-340.3000000000852,6,33.333333333333336,280.17341270101986,595.9000000000199,4.0,29.0,0.5
BDL,COCHINSHIP,1e-12,6.5688583e-07,0.00051259739,6.3743849,50000.0,False,,,46,-5253.628756855849,-2824.999999999851,26.08695652173913,40,25.0,-5893.173732204883,-3780.2999999998856,6,33.333333333333336,639.5449753490345,955.3000000000345,4.0,29.0,1.0
BDL,COCHINSHIP,1e-12,6.5688583e-07,0.00051259739,6.3743849,50000.0,False,,,44,-3613.295385838968,-1290.2999999999683,38.63636363636363,38,39.473684210526315,-3688.665438345026,-1681.7000000000255,6,33.333333333333336,75.37005250605739,391.40000000005716,4.0,29.5,0.0
BDL,COCHINSHIP,1e-12,6.5688583e-07,0.00051259739,6.3743849,50000.0,False,,,44,-2066.762031654066,255.59999999993465,38.63636363636363,38,39.473684210526315,-2346.935444355086,-340.3000000000852,6,33.333333333333336,280.17341270101986,595.9000000000199,4.0,29.5,0.5
BDL,COCHINSHIP,1e-12,6.5688583e-07,0.00051259739,6.3743849,50000.0,False,,,46,-5253.628756855849,-2824.999999999851,26.08695652173913,40,25.0,-5893.173732204883,-3780.2999999998856,6,33.333333333333336,639.5449753490345,955.3000000000345,4.0,29.5,1.0
BDL,COCHINSHIP,1e-12,6.5688583e-07,0.00051259739,6.3743849,50000.0,False,,,44,-3613.295385838968,-1290.2999999999683,38.63636363636363,38,39.473684210526315,-3688.665438345026,-1681.7000000000255,6,33.333333333333336,75.37005250605739,391.40000000005716,4.0,30.0,0.0
BDL,COCHINSHIP,1e-12,6.5688583e-07,0.00051259739,6.3743849,50000.0,False,,,44,-2066.762031654066,255.59999999993465,38.63636363636363,38,39.473684210526315,-2346.935444355086,-340.3000000000852,6,33.333333333333336,280.17341270101986,595.9000000000199,4.0,30.0,0.5
BDL,COCHINSHIP,1e-12,6.5688583e-07,0.00051259739,6.3743849,50000.0,False,,,46,-5253.628756855849,-2824.999999999851,26.08695652173913,40,25.0,-5893.173732204883,-3780.2999999998856,6,33.333333333333336,639.5449753490345,955.3000000000345,4.0,30.0,1.0
BDL,COCHINSHIP,1e-12,6.5688583e-07,0.00051259739,6.3743849,50000.0,False,,,36,-2913.494636811936,-1012.1999999999362,52.77777777777778,32,50.0,-3340.872311835931,-1649.9999999999313,4,75.0,427.37767502399515,637.7999999999952,4.5,5.0,0.0
BDL,COCHINSHIP,1e-12,6.5688583e-07,0.00051259739,6.3743849,50000.0,False,,,36,-2079.304419733006,-177.900000000006,52.77777777777778,32,50.0,-2506.6820947570013,-815.7000000000012,4,75.0,427.37767502399515,637.7999999999952,4.5,5.0,0.5
BDL,COCHINSHIP,1e-12,6.5688583e-07,0.00051259739,6.3743849,50000.0,False,,,37,-5265.716686205889,-3310.1999999998893,48.648648648648646,33,45.45454545454545,-5693.094361229884,-3947.9999999998845,4,75.0,427.37767502399515,637.7999999999952,4.5,5.0,1.0
BDL,COCHINSHIP,1e-12,6.5688583e-07,0.00051259739,6.3743849,50000.0,False,,,37,-4009.293516139815,-2053.199999999815,45.945945945945944,33,45.45454545454545,-4563.803256454864,-2819.099999999864,4,50.0,554.5097403150489,765.900000000049,4.5,5.5,0.0
BDL,COCHINSHIP,1e-12,6.5688583e-07,0.00051259739,6.3743849,50000.0,False,,,37,-3524.5100179549668,-1569.099999999967,45.945945945945944,33,45.45454545454545,-4282.156927399989,-2537.9999999999895,4,50.0,757.6469094450225,968.9000000000226,4.5,5.5,0.5
BDL,COCHINSHIP,1e-12,6.5688583e-07,0.00051259739,6.3743849,50000.0,False,,,38,-6663.439405014767,-4653.699999999767,42.10526315789474,34,41.1764705882353,-7479.125505639809,-5680.599999999809,4,50.0,815.6861006250424,1026.9000000000424,4.5,5.5,1.0
BDL,COCHINSHIP,1e-12,6.5688583e-07,0.00051259739,6.3743849,50000.0,False,,,37,-5482.8606012458695,-3527.3999999998705,37.83783783783784,33,36.36363636363637,-6037.370341560919,-4293.299999999919,4,50.0,554.5097403150489,765.900000000049,4.5,6.0,0.0
BDL,COCHINSHIP,1e-12,6.5688583e-07,0.00051259739,6.3743849,50000.0,False,,,37,-4558.058009559057,-2603.1000000000568,37.83783783783784,33,36.36363636363637,-5315.704919004079,-3572.0000000000796,4,50.0,757.6469094450225,968.9000000000226,4.5,6.0,0.5
BDL,COCHINSHIP,1e-12,6.5688583e-07,0.00051259739,6.3743849,50000.0,False,,,38,-7231.8676323388345,-5222.499999999835,34.21052631578947,34,32.35294117647059,-8047.553732963876,-6249.399999999878,4,50.0,815.6861006250424,1026.9000000000424,4.5,6.0,1.0
BDL,COCHINSHIP,1e-12,6.5688583e-07,0.00051259739,6.3743849,50000.0,False,,,37,-5705.472901990874,-3750.2999999998765,35.13513513513514,33,33.333333333333336,-6679.711444105923,-4936.199999999925,4,50.0,974.2385421150489,1185.900000000049,4.5,6.5,0.0
BDL,COCHINSHIP,1e-12,6.5688583e-07,0.00051259739,6.3743849,50000.0,False,,,37,-4622.272655339029,-2667.50000000003,35.13513513513514,33,33.333333333333336,-5799.6483665840515,-4056.400000000053,4,50.0,1177.3757112450223,1388.9000000000226,4.5,6.5,0.5
BDL,COCHINSHIP,1e-12,6.5688583e-07,0.00051259739,6.3743849,50000.0,False,,,38,-7789.763297378797,-5780.899999999797,28.94736842105263,34,26.470588235294116,-9025.178199803839,-7227.799999999839,4,50.0,1235.4149024250423,1446.9000000000424,4.5,6.5,1.0
BDL,COCHINSHIP,1e-12,6.5688583e-07,0.00051259739,6.3743849,50000.0,False,,,37,-5292.8433238568705,-3337.6999999998725,32.432432432432435,33,33.333333333333336,-5829.564557809938,-4085.79999999994,4,25.0,536.7212339530674,748.1000000000674,4.5,7.0,0.0
BDL,COCHINSHIP,1e-12,6.5688583e-07,0.00051259739,6.3743849,50000.0,False,,,37,-4072.5316686170354,-2117.700000000036,32.432432432432435,33,33.333333333333336,-4949.501480288067,-3206.000000000067,4,25.0,876.9698116710309,1088.3000000000309,4.5,7.0,0.5
BDL,COCHINSHIP,1e-12,6.5688583e-07,0.00051259739,6.3743849,50000.0,False,,,38,-7170.06751035682,-5161.099999999822,26.31578947368421,34,26.470588235294116,-8175.031313507852,-6377.399999999854,4,25.0,1004.9638031510317,1216.3000000000316,4.5,7.0,1.0
BDL,COCHINSHIP,1e-12,6.5688583e-07,0.00051259739,6.3743849,50000.0,False,,,37,-5549.874147990888,-3595.0999999998885,32.432432432432435,33,33.333333333333336,-5675.860768753933,-3932.1999999999343,4,25.0,125.98662076304552,337.1000000000456,4.5,7.5,0.0
BDL,COCHINSHIP,1e-12,6.5688583e-07,0.00051259739,6.3743849,50000.0,False,,,37,-4248.614795261036,-2294.1000000000367,32.432432432432435,33,33.333333333333336,-4795.797691232061,-3052.400000000061,4,25.0,547.1828959710241,758.300000000024,4.5,7.5,0.5
BDL,COCHINSHIP,1e-12,6.5688583e-07,0.00051259739,6.3743849,50000.0,False,,,38,-7346.150637000821,-5337.499999999824,26.31578947368421,34,26.470588235294116,-8021.327524451846,-6223.799999999848,4,25.0,675.1768874510249,886.3000000000247,4.5,7.5,1.0
BDL,COCHINSHIP,1e-12,6.5688583e-07,0.00051259739,6.3743849,50000.0,False,,,37,-5161.274589231905,-3205.199999999907,29.72972972972973,33,30.303030303030305,-5287.261209994951,-3542.299999999953,4,25.0,125.98662076304552,337.1000000000456,4.5,8.0,0.0
BDL,COCHINSHIP,1e-12,6.5688583e-07,0.00051259739,6.3743849,50000.0,False,,,37,-3799.1741533340382,-1843.400000000039,29.72972972972973,33,30.303030303030305,-4346.357049305063,-2601.700000000063,4,25.0,547.1828959710241,758.300000000024,4.5,8.0,0.5
BDL,COCHINSHIP,1e-12,6.5688583e-07,0.00051259739,6.3743849,50000.0,False,,,38,-5731.122928065844,-3721.9999999998445,26.31578947368421,34,26.470588235294116,-6406.299815516869,-4608.299999999869,4,25.0,675.1768874510249,886.3000000000247,4.5,8.0,1.0
BDL,COCHINSHIP,1e-12,6.5688583e-07,0.00051259739,6.3743849,50000.0,False,,,37,-4678.386596303865,-2721.9999999998654,29.72972972972973,33,30.303030303030305,-4804.373217066911,-3059.0999999999112,4,25.0,125.98662076304552,337.1000000000456,4.5,8.5,0.0
BDL,COCHINSHIP,1e-12,6.5688583e-07,0.00051259739,6.3743849,50000.0,False,,,37,-3316.2861604059963,-1360.1999999999973,29.72972972972973,33,30.303030303030305,-3863.469056377021,-2118.5000000000214,4,25.0,547.1828959710241,758.300000000024,4.5,8.5,0.5
BDL,COCHINSHIP,1e-12,6.5688583e-07,0.00051259739,6.3743849,50000.0,False,,,38,-5248.234935137803,-3238.7999999998046,26.31578947368421,34,26.470588235294116,-5923.411822588829,-4125.099999999829,4,25.0,675.1768874510249,886.3000000000247,4.5,8.5,1.0
BDL,COCHINSHIP,1e-12,6.5688583e-07,0.00051259739,6.3743849,50000.0,False,,,37,-3232.986694822863,-1276.8999999998637,29.72972972972973,33,30.303030303030305,-3358.9733155859085,-1613.9999999999093,4,25.0,125.98662076304552,337.1000000000456,4.5,9.0,0.0
BDL,COCHINSHIP,1e-12,6.5688583e-07,0.00051259739,6.3743849,50000.0,False,,,37,-1870.8862589249945,84.90000000000464,29.72972972972973,33,30.303030303030305,-2418.0691548960185,-673.4000000000194,4,25.0,547.1828959710241,758.300000000024,4.5,9.0,0.5
BDL,COCHINSHIP,1e-12,6.5688583e-07,0.00051259739,6.3743849,50000.0,False,,,38,-4736.5655386578055,-2726.7999999998065,26.31578947368421,34,26.470588235294116,-5411.742426108831,-3613.099999999831,4,25.0,675.1768874510249,886.3000000000247,4.5,9.0,1.0
BDL,COCHINSHIP,1e-12,6.5688583e-07,0.00051259739,6.3743849,50000.0,False,,,37,-3214.3987050288943,-1258.2999999998951,29.72972972972973,33,30.303030303030305,-3340.38532579194,-1595.3999999999407,4,25.0,125.98662076304552,337.1000000000456,4.5,9.5,0.0
BDL,COCHINSHIP,1e-12,6.5688583e-07,0.00051259739,6.3743849,50000.0,False,,,37,-2245.7440531040133,-290.2000000000139,29.72972972972973,33,30.303030303030305,-2792.9269490750376,-1048.500000000038,4,25.0,547.1828959710241,758.300000000024,4.5,9.5,0.5
BDL,COCHINSHIP,1e-12,6.5688583e-07,0.00051259739,6.3743849,50000.0,False,,,38,-5111.423332836823,-3101.899999999824,26.31578947368421,34,26.470588235294116,-5786.600220287848,-3988.199999999849,4,25.0,675.1768874510249,886.3000000000247,4.5,9.5,1.0
BDL,COCHINSHIP,1e-12,6.5688583e-07,0.00051259739,6.3743849,50000.0,False,,,37,-1011.7209420449185,944.1000000000809,32.432432432432435,33,30.303030303030305,-2424.9767961519365,-679.3999999999371,4,50.0,1413.255854107018,1623.500000000018,4.5,10.0,0.0
BDL,COCHINSHIP,1e-12,6.5688583e-07,0.00051259739,6.3743849,50000.0,False,,,37,-123.12034692003772,1832.199999999962,32.432432432432435,33,30.303030303030305,-1877.5184194350343,-132.50000000003433,4,50.0,1754.3980725149963,1964.6999999999964,4.5,10.0,0.5
BDL,COCHINSHIP,1e-12,6.5688583e-07,0.00051259739,6.3743849,50000.0,False,,,38,-2931.1607057568185,-921.8999999998205,28.94736842105263,34,26.470588235294116,-4871.191690647844,-3072.199999999845,4,50.0,1940.030984891025,2150.3000000000247,4.5,10.0,1.0
BDL,COCHINSHIP,1e-12,6.5688583e-07,0.00051259739,6.3743849,50000.0,False,,,37,-1011.7209420449185,944.1000000000809,32.432432432432435,33,30.303030303030305,-2424.9767961519365,-679.3999999999371,4,50.0,1413.255854107018,1623.500000000018,4.5,10.5,0.0
BDL,COCHINSHIP,1e-12,6.5688583e-07,0.00051259739,6.3743849,50000.0,False,,,37,-123.12034692003772,1832.199999999962,32.432432432432435,33,30.303030303030305,-1877.5184194350343,-132.50000000003433,4,50.0,1754.3980725149963,1964.6999999999964,4.5,10.5,0.5
BDL,COCHINSHIP,1e-12,6.5688583e-07,0.00051259739,6.3743849,50000.0,False,,,38,-2931.1607057568185,-921.8999999998205,28.94736842105263,34,26.470588235294116,-4871.191690647844,-3072.199999999845,4,50.0,1940.030984891025,2150.3000000000247,4.5,10.5,1.0
BDL,COCHINSHIP,1e-12,6.5688583e-07,0.00051259739,6.3743849,50000.0,False,,,37,-711.9146550449191,1244.1000000000809,32.432432432432435,33,30.303030303030305,-2125.170509151937,-379.3999999999371,4,50.0,1413.255854107018,1623.500000000018,4.5,11.0,0.0
BDL,COCHINSHIP,1e-12,6.5688583e-07,0.00051259739,6.3743849,50000.0,False,,,37,176.68594007996205,2132.199999999962,32.432432432432435,33,30.303030303030305,-1577.7121324350344,167.49999999996567,4,50.0,1754.3980725149963,1964.6999999999964,4.5,11.0,0.5
BDL,COCHINSHIP,1e-12,6.5688583e-07,0.00051259739,6.3743849,50000.0,False,,,38,-2631.354418756819,-621.8999999998205,28.94736842105263,34,26.470588235294116,-4571.385403647844,-2772.199999999845,4,50.0,1940.030984891025,2150.3000000000247,4.5,11.0,1.0
BDL,COCHINSHIP,1e-12,6.5688583e-07,0.00051259739,6.3743849,50000.0,False,,,37,-766.2795284209346,1189.7000000000648,32.432432432432435,33,30.303030303030305,-2179.5353825279526,-433.7999999999531,4,50.0,1413.255854107018,1623.500000000018,4.5,11.5,0.0
BDL,COCHINSHIP,1e-12,6.5688583e-07,0.00051259739,6.3743849,50000.0,False,,,37,306.20225606399197,2261.799999999993,32.432432432432435,33,30.303030303030305,-1448.1958164510045,297.09999999999627,4,50.0,1754.3980725149963,1964.6999999999964,4.5,11.5,0.5
BDL,COCHINSHIP,1e-12,6.5688583e-07,0.00051259739,6.3743849,50000.0,False,,,38,-2372.9213993628114,-363.2999999998119,28.94736842105263,34,26.470588235294116,-4312.9523842538365,-2513.5999999998367,4,50.0,1940.030984891025,2150.3000000000247,4.5,11.5,1.0
BDL,COCHINSHIP,1e-12,6.5688583e-07,0.00051259739,6.3743849,50000.0,False,,,37,-766.2795284209346,1189.7000000000648,32.432432432432435,33,30.303030303030305,-2179.5353825279526,-433.7999999999531,4,50.0,1413.255854107018,1623.500000000018,4.5,12.0,0.0
BDL,COCHINSHIP,1e-12,6.5688583e-07,0.00051259739,6.3743849,50000.0,False,,,37,306.20225606399197,2261.799999999993,32.432432432432435,33,30.303030303030305,-1448.1958164510045,297.09999999999627,4,50.0,1754.3980725149963,1964.6999999999964,4.5,12.0,0.5
BDL,COCHINSHIP,1e-12,6.5688583e-07,0.00051259739,6.3743849,50000.0,False,,,38,-2372.9213993628114,-363.2999999998119,28.94736842105263,34,26.470588235294116,-4312.9523842538365,-2513.5999999998367,4,50.0,1940.030984891025,2150.3000000000247,4.5,12.0,1.0
BDL,COCHINSHIP,1e-12,6.5688583e-07,0.00051259739,6.3743849,50000.0,False,,,37,-3226.2406263139123,-1268.599999999913,32.432432432432435,33,30.303030303030305,-4639.49648042093,-2892.0999999999312,4,50.0,1413.255854107018,1623.500000000018,4.5,12.5,0.0
BDL,COCHINSHIP,1e-12,6.5688583e-07,0.00051259739,6.3743849,50000.0,False,,,37,-1924.2038339549963,32.900000000004866,32.432432432432435,33,30.303030303030305,-3678.601906469993,-1931.7999999999915,4,50.0,1754.3980725149963,1964.6999999999964,4.5,12.5,0.5
BDL,COCHINSHIP,1e-12,6.5688583e-07,0.00051259739,6.3743849,50000.0,False,,,38,-4675.276072930801,-2664.0999999998003,26.31578947368421,34,23.529411764705884,-6615.307057821826,-4814.399999999825,4,50.0,1940.030984891025,2150.3000000000247,4.5,12.5,1.0
BDL,COCHINSHIP,1e-12,6.5688583e-07,0.00051259739,6.3743849,50000.0,False,,,37,-3226.2406263139123,-1268.599999999913,32.432432432432435,33,30.303030303030305,-4639.49648042093,-2892.0999999999312,4,50.0,1413.255854107018,1623.500000000018,4.5,13.0,0.0
BDL,COCHINSHIP,1e-12,6.5688583e-07,0.00051259739,6.3743849,50000.0,False,,,37,-1924.2038339549963,32.900000000004866,32.432432432432435,33,30.303030303030305,-3678.601906469993,-1931.7999999999915,4,50.0,1754.3980725149963,1964.6999999999964,4.5,13.0,0.5
BDL,COCHINSHIP,1e-12,6.5688583e-07,0.00051259739,6.3743849,50000.0,False,,,38,-4675.276072930801,-2664.0999999998003,26.31578947368421,34,23.529411764705884,-6615.307057821826,-4814.399999999825,4,50.0,1940.030984891025,2150.3000000000247,4.5,13.0,1.0
BDL,COCHINSHIP,1e-12,6.5688583e-07,0.00051259739,6.3743849,50000.0,False,,,37,-3226.2406263139123,-1268.599999999913,32.432432432432435,33,30.303030303030305,-4639.49648042093,-2892.0999999999312,4,50.0,1413.255854107018,1623.500000000018,4.5,13.5,0.0
BDL,COCHINSHIP,1e-12,6.5688583e-07,0.00051259739,6.3743849,50000.0,False,,,37,-1924.2038339549963,32.900000000004866,32.432432432432435,33,30.303030303030305,-3678.601906469993,-1931.7999999999915,4,50.0,1754.3980725149963,1964.6999999999964,4.5,13.5,0.5
BDL,COCHINSHIP,1e-12,6.5688583e-07,0.00051259739,6.3743849,50000.0,False,,,38,-4675.276072930801,-2664.0999999998003,26.31578947368421,34,23.529411764705884,-6615.307057821826,-4814.399999999825,4,50.0,1940.030984891025,2150.3000000000247,4.5,13.5,1.0
BDL,COCHINSHIP,1e-12,6.5688583e-07,0.00051259739,6.3743849,50000.0,False,,,37,-3226.2406263139123,-1268.599999999913,32.432432432432435,33,30.303030303030305,-4639.49648042093,-2892.0999999999312,4,50.0,1413.255854107018,1623.500000000018,4.5,14.0,0.0
BDL,COCHINSHIP,1e-12,6.5688583e-07,0.00051259739,6.3743849,50000.0,False,,,37,-1924.2038339549963,32.900000000004866,32.432432432432435,33,30.303030303030305,-3678.601906469993,-1931.7999999999915,4,50.0,1754.3980725149963,1964.6999999999964,4.5,14.0,0.5
BDL,COCHINSHIP,1e-12,6.5688583e-07,0.00051259739,6.3743849,50000.0,False,,,38,-4675.276072930801,-2664.0999999998003,26.31578947368421,34,23.529411764705884,-6615.307057821826,-4814.399999999825,4,50.0,1940.030984891025,2150.3000000000247,4.5,14.0,1.0
BDL,COCHINSHIP,1e-12,6.5688583e-07,0.00051259739,6.3743849,50000.0,False,,,37,-3226.2406263139123,-1268.599999999913,32.432432432432435,33,30.303030303030305,-4639.49648042093,-2892.0999999999312,4,50.0,1413.255854107018,1623.500000000018,4.5,14.5,0.0
BDL,COCHINSHIP,1e-12,6.5688583e-07,0.00051259739,6.3743849,50000.0,False,,,37,-1924.2038339549963,32.900000000004866,32.432432432432435,33,30.303030303030305,-3678.601906469993,-1931.7999999999915,4,50.0,1754.3980725149963,1964.6999999999964,4.5,14.5,0.5
BDL,COCHINSHIP,1e-12,6.5688583e-07,0.00051259739,6.3743849,50000.0,False,,,38,-4675.276072930801,-2664.0999999998003,26.31578947368421,34,23.529411764705884,-6615.307057821826,-4814.399999999825,4,50.0,1940.030984891025,2150.3000000000247,4.5,14.5,1.0
BDL,COCHINSHIP,1e-12,6.5688583e-07,0.00051259739,6.3743849,50000.0,False,,,37,-3226.2406263139123,-1268.599999999913,32.432432432432435,33,30.303030303030305,-4639.49648042093,-2892.0999999999312,4,50.0,1413.255854107018,1623.500000000018,4.5,15.0,0.0
BDL,COCHINSHIP,1e-12,6.5688583e-07,0.00051259739,6.3743849,50000.0,False,,,37,-1924.2038339549963,32.900000000004866,32.432432432432435,33,30.303030303030305,-3678.601906469993,-1931.7999999999915,4,50.0,1754.3980725149963,1964.6999999999964,4.5,15.0,0.5
BDL,COCHINSHIP,1e-12,6.5688583e-07,0.00051259739,6.3743849,50000.0,False,,,38,-4675.276072930801,-2664.0999999998003,26.31578947368421,34,23.529411764705884,-6615.307057821826,-4814.399999999825,4,50.0,1940.030984891025,2150.3000000000247,4.5,15.0,1.0
BDL,COCHINSHIP,1e-12,6.5688583e-07,0.00051259739,6.3743849,50000.0,False,,,37,-3226.2406263139123,-1268.599999999913,32.432432432432435,33,30.303030303030305,-4639.49648042093,-2892.0999999999312,4,50.0,1413.255854107018,1623.500000000018,4.5,15.5,0.0
BDL,COCHINSHIP,1e-12,6.5688583e-07,0.00051259739,6.3743849,50000.0,False,,,37,-1924.2038339549963,32.900000000004866,32.432432432432435,33,30.303030303030305,-3678.601906469993,-1931.7999999999915,4,50.0,1754.3980725149963,1964.6999999999964,4.5,15.5,0.5
BDL,COCHINSHIP,1e-12,6.5688583e-07,0.00051259739,6.3743849,50000.0,False,,,38,-4675.276072930801,-2664.0999999998003,26.31578947368421,34,23.529411764705884,-6615.307057821826,-4814.399999999825,4,50.0,1940.030984891025,2150.3000000000247,4.5,15.5,1.0
BDL,COCHINSHIP,1e-12,6.5688583e-07,0.00051259739,6.3743849,50000.0,False,,,37,-3226.2406263139123,-1268.599999999913,32.432432432432435,33,30.303030303030305,-4639.49648042093,-2892.0999999999312,4,50.0,1413.255854107018,1623.500000000018,4.5,16.0,0.0
BDL,COCHINSHIP,1e-12,6.5688583e-07,0.00051259739,6.3743849,50000.0,False,,,37,-1924.2038339549963,32.900000000004866,32.432432432432435,33,30.303030303030305,-3678.601906469993,-1931.7999999999915,4,50.0,1754.3980725149963,1964.6999999999964,4.5,16.0,0.5
BDL,COCHINSHIP,1e-12,6.5688583e-07,0.00051259739,6.3743849,50000.0,False,,,38,-4675.276072930801,-2664.0999999998003,26.31578947368421,34,23.529411764705884,-6615.307057821826,-4814.399999999825,4,50.0,1940.030984891025,2150.3000000000247,4.5,16.0,1.0
BDL,COCHINSHIP,1e-12,6.5688583e-07,0.00051259739,6.3743849,50000.0,False,,,37,-3226.2406263139123,-1268.599999999913,32.432432432432435,33,30.303030303030305,-4639.49648042093,-2892.0999999999312,4,50.0,1413.255854107018,1623.500000000018,4.5,16.5,0.0
BDL,COCHINSHIP,1e-12,6.5688583e-07,0.00051259739,6.3743849,50000.0,False,,,37,-1924.2038339549963,32.900000000004866,32.432432432432435,33,30.303030303030305,-3678.601906469993,-1931.7999999999915,4,50.0,1754.3980725149963,1964.6999999999964,4.5,16.5,0.5
BDL,COCHINSHIP,1e-12,6.5688583e-07,0.00051259739,6.3743849,50000.0,False,,,38,-4675.276072930801,-2664.0999999998003,26.31578947368421,34,23.529411764705884,-6615.307057821826,-4814.399999999825,4,50.0,1940.030984891025,2150.3000000000247,4.5,16.5,1.0
BDL,COCHINSHIP,1e-12,6.5688583e-07,0.00051259739,6.3743849,50000.0,False,,,37,-3226.2406263139123,-1268.599999999913,32.432432432432435,33,30.303030303030305,-4639.49648042093,-2892.0999999999312,4,50.0,1413.255854107018,1623.500000000018,4.5,17.0,0.0
BDL,COCHINSHIP,1e-12,6.5688583e-07,0.00051259739,6.3743849,50000.0,False,,,37,-1924.2038339549963,32.900000000004866,32.432432432432435,33,30.303030303030305,-3678.601906469993,-1931.7999999999915,4,50.0,1754.3980725149963,1964.6999999999964,4.5,17.0,0.5
BDL,COCHINSHIP,1e-12,6.5688583e-07,0.00051259739,6.3743849,50000.0,False,,,38,-4675.276072930801,-2664.0999999998003,26.31578947368421,34,23.529411764705884,-6615.307057821826,-4814.399999999825,4,50.0,1940.030984891025,2150.3000000000247,4.5,17.0,1.0
BDL,COCHINSHIP,1e-12,6.5688583e-07,0.00051259739,6.3743849,50000.0,False,,,37,-3226.2406263139123,-1268.599999999913,32.432432432432435,33,30.303030303030305,-4639.49648042093,-2892.0999999999312,4,50.0,1413.255854107018,1623.500000000018,4.5,17.5,0.0
BDL,COCHINSHIP,1e-12,6.5688583e-07,0.00051259739,6.3743849,50000.0,False,,,37,-1924.2038339549963,32.900000000004866,32.432432432432435,33,30.303030303030305,-3678.601906469993,-1931.7999999999915,4,50.0,1754.3980725149963,1964.6999999999964,4.5,17.5,0.5
BDL,COCHINSHIP,1e-12,6.5688583e-07,0.00051259739,6.3743849,50000.0,False,,,38,-4675.276072930801,-2664.0999999998003,26.31578947368421,34,23.529411764705884,-6615.307057821826,-4814.399999999825,4,50.0,1940.030984891025,2150.3000000000247,4.5,17.5,1.0
BDL,COCHINSHIP,1e-12,6.5688583e-07,0.00051259739,6.3743849,50000.0,False,,,37,-3226.2406263139123,-1268.599999999913,32.432432432432435,33,30.303030303030305,-4639.49648042093,-2892.0999999999312,4,50.0,1413.255854107018,1623.500000000018,4.5,18.0,0.0
BDL,COCHINSHIP,1e-12,6.5688583e-07,0.00051259739,6.3743849,50000.0,False,,,37,-1924.2038339549963,32.900000000004866,32.432432432432435,33,30.303030303030305,-3678.601906469993,-1931.7999999999915,4,50.0,1754.3980725149963,1964.6999999999964,4.5,18.0,0.5
BDL,COCHINSHIP,1e-12,6.5688583e-07,0.00051259739,6.3743849,50000.0,False,,,38,-4675.276072930801,-2664.0999999998003,26.31578947368421,34,23.529411764705884,-6615.307057821826,-4814.399999999825,4,50.0,1940.030984891025,2150.3000000000247,4.5,18.0,1.0
BDL,COCHINSHIP,1e-12,6.5688583e-07,0.00051259739,6.3743849,50000.0,False,,,37,-3226.2406263139123,-1268.599999999913,32.432432432432435,33,30.303030303030305,-4639.49648042093,-2892.0999999999312,4,50.0,1413.255854107018,1623.500000000018,4.5,18.5,0.0
BDL,COCHINSHIP,1e-12,6.5688583e-07,0.00051259739,6.3743849,50000.0,False,,,37,-1924.2038339549963,32.900000000004866,32.432432432432435,33,30.303030303030305,-3678.601906469993,-1931.7999999999915,4,50.0,1754.3980725149963,1964.6999999999964,4.5,18.5,0.5
BDL,COCHINSHIP,1e-12,6.5688583e-07,0.00051259739,6.3743849,50000.0,False,,,38,-4675.276072930801,-2664.0999999998003,26.31578947368421,34,23.529411764705884,-6615.307057821826,-4814.399999999825,4,50.0,1940.030984891025,2150.3000000000247,4.5,18.5,1.0
BDL,COCHINSHIP,1e-12,6.5688583e-07,0.00051259739,6.3743849,50000.0,False,,,37,-3226.2406263139123,-1268.599999999913,32.432432432432435,33,30.303030303030305,-4639.49648042093,-2892.0999999999312,4,50.0,1413.255854107018,1623.500000000018,4.5,19.0,0.0
BDL,COCHINSHIP,1e-12,6.5688583e-07,0.00051259739,6.3743849,50000.0,False,,,37,-1924.2038339549963,32.900000000004866,32.432432432432435,33,30.303030303030305,-3678.601906469993,-1931.7999999999915,4,50.0,1754.3980725149963,1964.6999999999964,4.5,19.0,0.5
BDL,COCHINSHIP,1e-12,6.5688583e-07,0.00051259739,6.3743849,50000.0,False,,,38,-4675.276072930801,-2664.0999999998003,26.31578947368421,34,23.529411764705884,-6615.307057821826,-4814.399999999825,4,50.0,1940.030984891025,2150.3000000000247,4.5,19.0,1.0
BDL,COCHINSHIP,1e-12,6.5688583e-07,0.00051259739,6.3743849,50000.0,False,,,37,-3827.4521671779326,-1870.1999999999334,32.432432432432435,33,30.303030303030305,-5240.7080212849505,-3493.6999999999516,4,50.0,1413.255854107018,1623.500000000018,4.5,19.5,0.0
BDL,COCHINSHIP,1e-12,6.5688583e-07,0.00051259739,6.3743849,50000.0,False,,,37,-2381.5083570590095,-424.70000000000823,32.432432432432435,33,30.303030303030305,-4135.906429574006,-2389.4000000000046,4,50.0,1754.3980725149963,1964.6999999999964,4.5,19.5,0.5
BDL,COCHINSHIP,1e-12,6.5688583e-07,0.00051259739,6.3743849,50000.0,False,,,38,-5091.007457570808,-3080.0999999998076,26.31578947368421,34,23.529411764705884,-7031.038442461832,-5230.399999999832,4,50.0,1940.030984891025,2150.3000000000247,4.5,19.5,1.0
BDL,COCHINSHIP,1e-12,6.5688583e-07,0.00051259739,6.3743849,50000.0,False,,,37,-3827.4521671779326,-1870.1999999999334,32.432432432432435,33,30.303030303030305,-5240.7080212849505,-3493.6999999999516,4,50.0,1413.255854107018,1623.500000000018,4.5,20.0,0.0
BDL,COCHINSHIP,1e-12,6.5688583e-07,0.00051259739,6.3743849,50000.0,False,,,37,-2381.5083570590095,-424.70000000000823,32.432432432432435,33,30.303030303030305,-4135.906429574006,-2389.4000000000046,4,50.0,1754.3980725149963,1964.6999999999964,4.5,20.0,0.5
BDL,COCHINSHIP,1e-12,6.5688583e-07,0.00051259739,6.3743849,50000.0,False,,,38,-5091.007457570808,-3080.0999999998076,26.31578947368421,34,23.529411764705884,-7031.038442461832,-5230.399999999832,4,50.0,1940.030984891025,2150.3000000000247,4.5,20.0,1.0
BDL,COCHINSHIP,1e-12,6.5688583e-07,0.00051259739,6.3743849,50000.0,False,,,37,-3827.4521671779326,-1870.1999999999334,32.432432432432435,33,30.303030303030305,-5240.7080212849505,-3493.6999999999516,4,50.0,1413.255854107018,1623.500000000018,4.5,20.5,0.0
BDL,COCHINSHIP,1e-12,6.5688583e-07,0.00051259739,6.3743849,50000.0,False,,,37,-2381.5083570590095,-424.70000000000823,32.432432432432435,33,30.303030303030305,-4135.906429574006,-2389.4000000000046,4,50.0,1754.3980725149963,1964.6999999999964,4.5,20.5,0.5
BDL,COCHINSHIP,1e-12,6.5688583e-07,0.00051259739,6.3743849,50000.0,False,,,38,-5091.007457570808,-3080.0999999998076,26.31578947368421,34,23.529411764705884,-7031.038442461832,-5230.399999999832,4,50.0,1940.030984891025,2150.3000000000247,4.5,20.5,1.0
BDL,COCHINSHIP,1e-12,6.5688583e-07,0.00051259739,6.3743849,50000.0,False,,,37,-3827.4521671779326,-1870.1999999999334,32.432432432432435,33,30.303030303030305,-5240.7080212849505,-3493.6999999999516,4,50.0,1413.255854107018,1623.500000000018,4.5,21.0,0.0
BDL,COCHINSHIP,1e-12,6.5688583e-07,0.00051259739,6.3743849,50000.0,False,,,37,-2381.5083570590095,-424.70000000000823,32.432432432432435,33,30.303030303030305,-4135.906429574006,-2389.4000000000046,4,50.0,1754.3980725149963,1964.6999999999964,4.5,21.0,0.5
BDL,COCHINSHIP,1e-12,6.5688583e-07,0.00051259739,6.3743849,50000.0,False,,,38,-5091.007457570808,-3080.0999999998076,26.31578947368421,34,23.529411764705884,-7031.038442461832,-5230.399999999832,4,50.0,1940.030984891025,2150.3000000000247,4.5,21.0,1.0
BDL,COCHINSHIP,1e-12,6.5688583e-07,0.00051259739,6.3743849,50000.0,False,,,37,-3827.4521671779326,-1870.1999999999334,32.432432432432435,33,30.303030303030305,-5240.7080212849505,-3493.6999999999516,4,50.0,1413.255854107018,1623.500000000018,4.5,21.5,0.0
BDL,COCHINSHIP,1e-12,6.5688583e-07,0.00051259739,6.3743849,50000.0,False,,,37,-2381.5083570590095,-424.70000000000823,32.432432432432435,33,30.303030303030305,-4135.906429574006,-2389.4000000000046,4,50.0,1754.3980725149963,1964.6999999999964,4.5,21.5,0.5
BDL,COCHINSHIP,1e-12,6.5688583e-07,0.00051259739,6.3743849,50000.0,False,,,38,-5091.007457570808,-3080.0999999998076,26.31578947368421,34,23.529411764705884,-7031.038442461832,-5230.399999999832,4,50.0,1940.030984891025,2150.3000000000247,4.5,21.5,1.0
BDL,COCHINSHIP,1e-12,6.5688583e-07,0.00051259739,6.3743849,50000.0,False,,,37,-3827.4521671779326,-1870.1999999999334,32.432432432432435,33,30.303030303030305,-5240.7080212849505,-3493.6999999999516,4,50.0,1413.255854107018,1623.500000000018,4.5,22.0,0.0
BDL,COCHINSHIP,1e-12,6.5688583e-07,0.00051259739,6.3743849,50000.0,False,,,37,-2381.5083570590095,-424.70000000000823,32.432432432432435,33,30.303030303030305,-4135.906429574006,-2389.4000000000046,4,50.0,1754.3980725149963,1964.6999999999964,4.5,22.0,0.5
BDL,COCHINSHIP,1e-12,6.5688583e-07,0.00051259739,6.3743849,50000.0,False,,,38,-5091.007457570808,-3080.0999999998076,26.31578947368421,34,23.529411764705884,-7031.038442461832,-5230.399999999832,4,50.0,1940.030984891025,2150.3000000000247,4.5,22.0,1.0
BDL,COCHINSHIP,1e-12,6.5688583e-07,0.00051259739,6.3743849,50000.0,False,,,37,-3827.4521671779326,-1870.1999999999334,32.432432432432435,33,30.303030303030305,-5240.7080212849505,-3493.6999999999516,4,50.0,1413.255854107018,1623.500000000018,4.5,22.5,0.0
BDL,COCHINSHIP,1e-12,6.5688583e-07,0.00051259739,6.3743849,50000.0,False,,,37,-2381.5083570590095,-424.70000000000823,32.432432432432435,33,30.303030303030305,-4135.906429574006,-2389.4000000000046,4,50.0,1754.3980725149963,1964.6999999999964,4.5,22.5,0.5
BDL,COCHINSHIP,1e-12,6.5688583e-07,0.00051259739,6.3743849,50000.0,False,,,38,-5091.007457570808,-3080.0999999998076,26.31578947368421,34,23.529411764705884,-7031.038442461832,-5230.399999999832,4,50.0,1940.030984891025,2150.3000000000247,4.5,22.5,1.0
BDL,COCHINSHIP,1e-12,6.5688583e-07,0.00051259739,6.3743849,50000.0,False,,,37,-3827.4521671779326,-1870.1999999999334,32.432432432432435,33,30.303030303030305,-5240.7080212849505,-3493.6999999999516,4,50.0,1413.255854107018,1623.500000000018,4.5,23.0,0.0
BDL,COCHINSHIP,1e-12,6.5688583e-07,0.00051259739,6.3743849,50000.0,False,,,37,-2381.5083570590095,-424.70000000000823,32.432432432432435,33,30.303030303030305,-4135.906429574006,-2389.4000000000046,4,50.0,1754.3980725149963,1964.6999999999964,4.5,23.0,0.5
BDL,COCHINSHIP,1e-12,6.5688583e-07,0.00051259739,6.3743849,50000.0,False,,,38,-5091.007457570808,-3080.0999999998076,26.31578947368421,34,23.529411764705884,-7031.038442461832,-5230.399999999832,4,50.0,1940.030984891025,2150.3000000000247,4.5,23.0,1.0
BDL,COCHINSHIP,1e-12,6.5688583e-07,0.00051259739,6.3743849,50000.0,False,,,37,-3827.4521671779326,-1870.1999999999334,32.432432432432435,33,30.303030303030305,-5240.7080212849505,-3493.6999999999516,4,50.0,1413.255854107018,1623.500000000018,4.5,23.5,0.0
BDL,COCHINSHIP,1e-12,6.5688583e-07,0.00051259739,6.3743849,50000.0,False,,,37,-2381.5083570590095,-424.70000000000823,32.432432432432435,33,30.303030303030305,-4135.906429574006,-2389.4000000000046,4,50.0,1754.3980725149963,1964.6999999999964,4.5,23.5,0.5
BDL,COCHINSHIP,1e-12,6.5688583e-07,0.00051259739,6.3743849,50000.0,False,,,38,-5091.007457570808,-3080.0999999998076,26.31578947368421,34,23.529411764705884,-7031.038442461832,-5230.399999999832,4,50.0,1940.030984891025,2150.3000000000247,4.5,23.5,1.0
BDL,COCHINSHIP,1e-12,6.5688583e-07,0.00051259739,6.3743849,50000.0,False,,,37,-3827.4521671779326,-1870.1999999999334,32.432432432432435,33,30.303030303030305,-5240.7080212849505,-3493.6999999999516,4,50.0,1413.255854107018,1623.500000000018,4.5,24.0,0.0
BDL,COCHINSHIP,1e-12,6.5688583e-07,0.00051259739,6.3743849,50000.0,False,,,37,-2381.5083570590095,-424.70000000000823,32.432432432432435,33,30.303030303030305,-4135.906429574006,-2389.4000000000046,4,50.0,1754.3980725149963,1964.6999999999964,4.5,24.0,0.5
BDL,COCHINSHIP,1e-12,6.5688583e-07,0.00051259739,6.3743849,50000.0,False,,,38,-5091.007457570808,-3080.0999999998076,26.31578947368421,34,23.529411764705884,-7031.038442461832,-5230.399999999832,4,50.0,1940.030984891025,2150.3000000000247,4.5,24.0,1.0
BDL,COCHINSHIP,1e-12,6.5688583e-07,0.00051259739,6.3743849,50000.0,False,,,37,-3827.4521671779326,-1870.1999999999334,32.432432432432435,33,30.303030303030305,-5240.7080212849505,-3493.6999999999516,4,50.0,1413.255854107018,1623.500000000018,4.5,24.5,0.0
BDL,COCHINSHIP,1e-12,6.5688583e-07,0.00051259739,6.3743849,50000.0,False,,,37,-2381.5083570590095,-424.70000000000823,32.432432432432435,33,30.303030303030305,-4135.906429574006,-2389.4000000000046,4,50.0,1754.3980725149963,1964.6999999999964,4.5,24.5,0.5
BDL,COCHINSHIP,1e-12,6.5688583e-07,0.00051259739,6.3743849,50000.0,False,,,38,-5091.007457570808,-3080.0999999998076,26.31578947368421,34,23.529411764705884,-7031.038442461832,-5230.399999999832,4,50.0,1940.030984891025,2150.3000000000247,4.5,24.5,1.0
BDL,COCHINSHIP,1e-12,6.5688583e-07,0.00051259739,6.3743849,50000.0,False,,,37,-3827.4521671779326,-1870.1999999999334,32.432432432432435,33,30.303030303030305,-5240.7080212849505,-3493.6999999999516,4,50.0,1413.255854107018,1623.500000000018,4.5,25.0,0.0
BDL,COCHINSHIP,1e-12,6.5688583e-07,0.00051259739,6.3743849,50000.0,False,,,37,-2381.5083570590095,-424.70000000000823,32.432432432432435,33,30.303030303030305,-4135.906429574006,-2389.4000000000046,4,50.0,1754.3980725149963,1964.6999999999964,4.5,25.0,0.5
BDL,COCHINSHIP,1e-12,6.5688583e-07,0.00051259739,6.3743849,50000.0,False,,,38,-5091.007457570808,-3080.0999999998076,26.31578947368421,34,23.529411764705884,-7031.038442461832,-5230.399999999832,4,50.0,1940.030984891025,2150.3000000000247,4.5,25.0,1.0
BDL,COCHINSHIP,1e-12,6.5688583e-07,0.00051259739,6.3743849,50000.0,False,,,37,-3827.4521671779326,-1870.1999999999334,32.432432432432435,33,30.303030303030305,-5240.7080212849505,-3493.6999999999516,4,50.0,1413.255854107018,1623.500000000018,4.5,25.5,0.0
BDL,COCHINSHIP,1e-12,6.5688583e-07,0.00051259739,6.3743849,50000.0,False,,,37,-2381.5083570590095,-424.70000000000823,32.432432432432435,33,30.303030303030305,-4135.906429574006,-2389.4000000000046,4,50.0,1754.3980725149963,1964.6999999999964,4.5,25.5,0.5
BDL,COCHINSHIP,1e-12,6.5688583e-07,0.00051259739,6.3743849,50000.0,False,,,38,-5091.007457570808,-3080.0999999998076,26.31578947368421,34,23.529411764705884,-7031.038442461832,-5230.399999999832,4,50.0,1940.030984891025,2150.3000000000247,4.5,25.5,1.0
BDL,COCHINSHIP,1e-12,6.5688583e-07,0.00051259739,6.3743849,50000.0,False,,,37,-3827.4521671779326,-1870.1999999999334,32.432432432432435,33,30.303030303030305,-5240.7080212849505,-3493.6999999999516,4,50.0,1413.255854107018,1623.500000000018,4.5,26.0,0.0
BDL,COCHINSHIP,1e-12,6.5688583e-07,0.00051259739,6.3743849,50000.0,False,,,37,-2381.5083570590095,-424.70000000000823,32.432432432432435,33,30.303030303030305,-4135.906429574006,-2389.4000000000046,4,50.0,1754.3980725149963,1964.6999999999964,4.5,26.0,0.5
BDL,COCHINSHIP,1e-12,6.5688583e-07,0.00051259739,6.3743849,50000.0,False,,,38,-5091.007457570808,-3080.0999999998076,26.31578947368421,34,23.529411764705884,-7031.038442461832,-5230.399999999832,4,50.0,1940.030984891025,2150.3000000000247,4.5,26.0,1.0
BDL,COCHINSHIP,1e-12,6.5688583e-07,0.00051259739,6.3743849,50000.0,False,,,37,-3827.4521671779326,-1870.1999999999334,32.432432432432435,33,30.303030303030305,-5240.7080212849505,-3493.6999999999516,4,50.0,1413.255854107018,1623.500000000018,4.5,26.5,0.0
BDL,COCHINSHIP,1e-12,6.5688583e-07,0.00051259739,6.3743849,50000.0,False,,,37,-2381.5083570590095,-424.70000000000823,32.432432432432435,33,30.303030303030305,-4135.906429574006,-2389.4000000000046,4,50.0,1754.3980725149963,1964.6999999999964,4.5,26.5,0.5
BDL,COCHINSHIP,1e-12,6.5688583e-07,0.00051259739,6.3743849,50000.0,False,,,38,-5091.007457570808,-3080.0999999998076,26.31578947368421,34,23.529411764705884,-7031.038442461832,-5230.399999999832,4,50.0,1940.030984891025,2150.3000000000247,4.5,26.5,1.0
BDL,COCHINSHIP,1e-12,6.5688583e-07,0.00051259739,6.3743849,50000.0,False,,,37,-3827.4521671779326,-1870.1999999999334,32.432432432432435,33,30.303030303030305,-5240.7080212849505,-3493.6999999999516,4,50.0,1413.255854107018,1623.500000000018,4.5,27.0,0.0
BDL,COCHINSHIP,1e-12,6.5688583e-07,0.00051259739,6.3743849,50000.0,False,,,37,-2381.5083570590095,-424.70000000000823,32.432432432432435,33,30.303030303030305,-4135.906429574006,-2389.4000000000046,4,50.0,1754.3980725149963,1964.6999999999964,4.5,27.0,0.5
BDL,COCHINSHIP,1e-12,6.5688583e-07,0.00051259739,6.3743849,50000.0,False,,,38,-5091.007457570808,-3080.0999999998076,26.31578947368421,34,23.529411764705884,-7031.038442461832,-5230.399999999832,4,50.0,1940.030984891025,2150.3000000000247,4.5,27.0,1.0
BDL,COCHINSHIP,1e-12,6.5688583e-07,0.00051259739,6.3743849,50000.0,False,,,37,-3827.4521671779326,-1870.1999999999334,32.432432432432435,33,30.303030303030305,-5240.7080212849505,-3493.6999999999516,4,50.0,1413.255854107018,1623.500000000018,4.5,27.5,0.0
BDL,COCHINSHIP,1e-12,6.5688583e-07,0.00051259739,6.3743849,50000.0,False,,,37,-2381.5083570590095,-424.70000000000823,32.432432432432435,33,30.303030303030305,-4135.906429574006,-2389.4000000000046,4,50.0,1754.3980725149963,1964.6999999999964,4.5,27.5,0.5
BDL,COCHINSHIP,1e-12,6.5688583e-07,0.00051259739,6.3743849,50000.0,False,,,38,-5091.007457570808,-3080.0999999998076,26.31578947368421,34,23.529411764705884,-7031.038442461832,-5230.399999999832,4,50.0,1940.030984891025,2150.3000000000247,4.5,27.5,1.0
BDL,COCHINSHIP,1e-12,6.5688583e-07,0.00051259739,6.3743849,50000.0,False,,,37,-3827.4521671779326,-1870.1999999999334,32.432432432432435,33,30.303030303030305,-5240.7080212849505,-3493.6999999999516,4,50.0,1413.255854107018,1623.500000000018,4.5,28.0,0.0
BDL,COCHINSHIP,1e-12,6.5688583e-07,0.00051259739,6.3743849,50000.0,False,,,37,-2381.5083570590095,-424.70000000000823,32.432432432432435,33,30.303030303030305,-4135.906429574006,-2389.4000000000046,4,50.0,1754.3980725149963,1964.6999999999964,4.5,28.0,0.5
BDL,COCHINSHIP,1e-12,6.5688583e-07,0.00051259739,6.3743849,50000.0,False,,,38,-5091.007457570808,-3080.0999999998076,26.31578947368421,34,23.529411764705884,-7031.038442461832,-5230.399999999832,4,50.0,1940.030984891025,2150.3000000000247,4.5,28.0,1.0
BDL,COCHINSHIP,1e-12,6.5688583e-07,0.00051259739,6.3743849,50000.0,False,,,37,-3827.4521671779326,-1870.1999999999334,32.432432432432435,33,30.303030303030305,-5240.7080212849505,-3493.6999999999516,4,50.0,1413.255854107018,1623.500000000018,4.5,28.5,0.0
BDL,COCHINSHIP,1e-12,6.5688583e-07,0.00051259739,6.3743849,50000.0,False,,,37,-2381.5083570590095,-424.70000000000823,32.432432432432435,33,30.303030303030305,-4135.906429574006,-2389.4000000000046,4,50.0,1754.3980725149963,1964.6999999999964,4.5,28.5,0.5
BDL,COCHINSHIP,1e-12,6.5688583e-07,0.00051259739,6.3743849,50000.0,False,,,38,-5091.007457570808,-3080.0999999998076,26.31578947368421,34,23.529411764705884,-7031.038442461832,-5230.399999999832,4,50.0,1940.030984891025,2150.3000000000247,4.5,28.5,1.0
BDL,COCHINSHIP,1e-12,6.5688583e-07,0.00051259739,6.3743849,50000.0,False,,,37,-3827.4521671779326,-1870.1999999999334,32.432432432432435,33,30.303030303030305,-5240.7080212849505,-3493.6999999999516,4,50.0,1413.255854107018,1623.500000000018,4.5,29.0,0.0
BDL,COCHINSHIP,1e-12,6.5688583e-07,0.00051259739,6.3743849,50000.0,False,,,37,-2381.5083570590095,-424.70000000000823,32.432432432432435,33,30.303030303030305,-4135.906429574006,-2389.4000000000046,4,50.0,1754.3980725149963,1964.6999999999964,4.5,29.0,0.5
BDL,COCHINSHIP,1e-12,6.5688583e-07,0.00051259739,6.3743849,50000.0,False,,,38,-5091.007457570808,-3080.0999999998076,26.31578947368421,34,23.529411764705884,-7031.038442461832,-5230.399999999832,4,50.0,1940.030984891025,2150.3000000000247,4.5,29.0,1.0
BDL,COCHINSHIP,1e-12,6.5688583e-07,0.00051259739,6.3743849,50000.0,False,,,37,-3827.4521671779326,-1870.1999999999334,32.432432432432435,33,30.303030303030305,-5240.7080212849505,-3493.6999999999516,4,50.0,1413.255854107018,1623.500000000018,4.5,29.5,0.0
BDL,COCHINSHIP,1e-12,6.5688583e-07,0.00051259739,6.3743849,50000.0,False,,,37,-2381.5083570590095,-424.70000000000823,32.432432432432435,33,30.303030303030305,-4135.906429574006,-2389.4000000000046,4,50.0,1754.3980725149963,1964.6999999999964,4.5,29.5,0.5
BDL,COCHINSHIP,1e-12,6.5688583e-07,0.00051259739,6.3743849,50000.0,False,,,38,-5091.007457570808,-3080.0999999998076,26.31578947368421,34,23.529411764705884,-7031.038442461832,-5230.399999999832,4,50.0,1940.030984891025,2150.3000000000247,4.5,29.5,1.0
BDL,COCHINSHIP,1e-12,6.5688583e-07,0.00051259739,6.3743849,50000.0,False,,,37,-3827.4521671779326,-1870.1999999999334,32.432432432432435,33,30.303030303030305,-5240.7080212849505,-3493.6999999999516,4,50.0,1413.255854107018,1623.500000000018,4.5,30.0,0.0
BDL,COCHINSHIP,1e-12,6.5688583e-07,0.00051259739,6.3743849,50000.0,False,,,37,-2381.5083570590095,-424.70000000000823,32.432432432432435,33,30.303030303030305,-4135.906429574006,-2389.4000000000046,4,50.0,1754.3980725149963,1964.6999999999964,4.5,30.0,0.5
BDL,COCHINSHIP,1e-12,6.5688583e-07,0.00051259739,6.3743849,50000.0,False,,,38,-5091.007457570808,-3080.0999999998076,26.31578947368421,34,23.529411764705884,-7031.038442461832,-5230.399999999832,4,50.0,1940.030984891025,2150.3000000000247,4.5,30.0,1.0
BDL,COCHINSHIP,1e-12,6.5688583e-07,0.00051259739,6.3743849,50000.0,False,,,25,-3002.578634120815,-1681.8999999998161,48.0,21,47.61904761904762,-3113.2471356538836,-2003.9999999998845,4,50.0,110.66850153306828,322.10000000006835,5.0,5.5,0.0
BDL,COCHINSHIP,1e-12,6.5688583e-07,0.00051259739,6.3743849,50000.0,False,,,25,-3351.9853530148976,-2032.0999999998978,48.0,21,47.61904761904762,-3665.79102367794,-2557.19999999994,4,50.0,313.80567066304184,525.100000000042,5.0,5.5,0.5
BDL,COCHINSHIP,1e-12,6.5688583e-07,0.00051259739,6.3743849,50000.0,False,,,25,-3304.502473601814,-1984.3999999998146,52.0,21,52.38095238095238,-3676.347335444876,-2567.4999999998763,4,50.0,371.8448618430617,583.1000000000618,5.0,5.5,1.0
BDL,COCHINSHIP,1e-12,6.5688583e-07,0.00051259739,6.3743849,50000.0,False,,,25,-4709.694816799878,-3389.7999999998783,36.0,21,33.333333333333336,-4820.363318332947,-3711.899999999947,4,50.0,110.66850153306828,322.10000000006835,5.0,6.0,0.0
BDL,COCHINSHIP,1e-12,6.5688583e-07,0.00051259739,6.3743849,50000.0,False,,,25,-4572.3126614199655,-3252.9999999999663,36.0,21,33.333333333333336,-4886.118332083008,-3778.1000000000085,4,50.0,313.80567066304184,525.100000000042,5.0,6.0,0.5
BDL,COCHINSHIP,1e-12,6.5688583e-07,0.00051259739,6.3743849,50000.0,False,,,25,-4401.988862051857,-3082.599999999856,40.0,21,38.095238095238095,-4773.833723894919,-3665.699999999918,4,50.0,371.8448618430617,583.1000000000618,5.0,6.0,1.0
BDL,COCHINSHIP,1e-12,6.5688583e-07,0.00051259739,6.3743849,50000.0,False,,,25,-4772.910108289883,-3453.1999999998834,32.0,21,28.571428571428573,-5303.307411622952,-4195.299999999952,4,50.0,530.3973033330682,742.1000000000683,5.0,6.5,0.0
BDL,COCHINSHIP,1e-12,6.5688583e-07,0.00051259739,6.3743849,50000.0,False,,,25,-4526.398464441966,-3207.199999999967,32.0,21,28.571428571428573,-5259.932936905008,-4152.300000000009,4,50.0,733.5344724630418,945.100000000042,5.0,6.5,0.5
BDL,COCHINSHIP,1e-12,6.5688583e-07,0.00051259739,6.3743849,50000.0,False,,,25,-4510.6747737368505,-3191.499999999852,36.0,21,33.333333333333336,-5302.2484373799125,-4194.599999999914,4,50.0,791.5736636430615,1003.1000000000618,5.0,6.5,1.0
BDL,COCHINSHIP,1e-12,6.5688583e-07,0.00051259739,6.3743849,50000.0,False,,,25,-4360.28053015588,-3040.5999999998803,28.0,21,28.571428571428573,-4453.160525326967,-3344.899999999967,4,25.0,92.87999517108679,304.3000000000868,5.0,7.0,0.0
BDL,COCHINSHIP,1e-12,6.5688583e-07,0.00051259739,6.3743849,50000.0,False,,,25,-3976.6574777199735,-2657.399999999974,28.0,21,28.571428571428573,-4409.786050609024,-3301.900000000024,4,25.0,433.12857288905025,644.5000000000502,5.0,7.0,0.5
BDL,COCHINSHIP,1e-12,6.5688583e-07,0.00051259739,6.3743849,50000.0,False,,,25,-3890.978986714878,-2571.699999999878,32.0,21,33.333333333333336,-4452.101551083929,-3344.199999999929,4,25.0,561.1225643690509,772.5000000000509,5.0,7.0,1.0
BDL,COCHINSHIP,1e-12,6.5688583e-07,0.00051259739,6.3743849,50000.0,False,,,25,-4617.311354289896,-3297.9999999998963,28.0,21,28.571428571428573,-4299.456736270961,-3191.299999999961,4,25.0,-317.8546180189352,-106.69999999993502,5.0,7.5,0.0
BDL,COCHINSHIP,1e-12,6.5688583e-07,0.00051259739,6.3743849,50000.0,False,,,25,-4152.740604363975,-2833.7999999999747,28.0,21,28.571428571428573,-4256.082261553018,-3148.3000000000184,4,25.0,103.34165718904333,314.5000000000434,5.0,7.5,0.5
BDL,COCHINSHIP,1e-12,6.5688583e-07,0.00051259739,6.3743849,50000.0,False,,,25,-4067.062113358878,-2748.099999999879,32.0,21,33.333333333333336,-4298.397762027922,-3190.599999999923,4,25.0,231.33564866904405,442.5000000000441,5.0,7.5,1.0
BDL,COCHINSHIP,1e-12,6.5688583e-07,0.00051259739,6.3743849,50000.0,False,,,25,-3075.9333776109074,-1756.0999999999083,28.0,21,28.571428571428573,-2758.0787595919724,-1649.3999999999733,4,25.0,-317.8546180189352,-106.69999999993502,5.0,8.0,0.0
BDL,COCHINSHIP,1e-12,6.5688583e-07,0.00051259739,6.3743849,50000.0,False,,,25,-2550.521544516969,-1231.0999999999688,28.0,21,28.571428571428573,-2653.863201706012,-1545.6000000000122,4,25.0,103.34165718904333,314.5000000000434,5.0,8.0,0.5
BDL,COCHINSHIP,1e-12,6.5688583e-07,0.00051259739,6.3743849,50000.0,False,,,25,-2452.0344044238986,-1132.599999999899,32.0,21,33.333333333333336,-2683.3700530929427,-1575.099999999943,4,25.0,231.33564866904405,442.5000000000441,5.0,8.0,1.0
BDL,COCHINSHIP,1e-12,6.5688583e-07,0.00051259739,6.3743849,50000.0,False,,,25,-2593.045384682867,-1272.8999999998675,28.0,21,28.571428571428573,-2275.1907666639318,-1166.1999999999325,4,25.0,-317.8546180189352,-106.69999999993502,5.0,8.5,0.0
BDL,COCHINSHIP,1e-12,6.5688583e-07,0.00051259739,6.3743849,50000.0,False,,,25,-2067.633551588928,-747.899999999928,28.0,21,28.571428571428573,-2170.9752087779716,-1062.3999999999714,4,25.0,103.34165718904333,314.5000000000434,5.0,8.5,0.5
BDL,COCHINSHIP,1e-12,6.5688583e-07,0.00051259739,6.3743849,50000.0,False,,,25,-1969.1464114958578,-649.3999999998582,32.0,21,33.333333333333336,-2200.4820601649017,-1091.8999999999023,4,25.0,231.33564866904405,442.5000000000441,5.0,8.5,1.0
BDL,COCHINSHIP,1e-12,6.5688583e-07,0.00051259739,6.3743849,50000.0,False,,,25,-2081.3759882028685,-760.8999999998694,28.0,21,28.571428571428573,-1763.5213701839334,-654.1999999999343,4,25.0,-317.8546180189352,-106.69999999993502,5.0,9.0,0.0
BDL,COCHINSHIP,1e-12,6.5688583e-07,0.00051259739,6.3743849,50000.0,False,,,25,-1555.96415510893,-235.89999999992983,28.0,21,28.571428571428573,-1659.3058122979733,-550.3999999999733,4,25.0,103.34165718904333,314.5000000000434,5.0,9.0,0.5
BDL,COCHINSHIP,1e-12,6.5688583e-07,0.00051259739,6.3743849,50000.0,False,,,25,-1457.4770150158597,-137.39999999986003,32.0,21,33.333333333333336,-1688.8126636849038,-579.8999999999041,4,25.0,231.33564866904405,442.5000000000441,5.0,9.0,1.0
BDL,COCHINSHIP,1e-12,6.5688583e-07,0.00051259739,6.3743849,50000.0,False,,,25,-2062.787998408899,-742.2999999998999,28.0,21,28.571428571428573,-1744.933380389964,-635.5999999999649,4,25.0,-317.8546180189352,-106.69999999993502,5.0,9.5,0.0
BDL,COCHINSHIP,1e-12,6.5688583e-07,0.00051259739,6.3743849,50000.0,False,,,25,-1930.821949287949,-610.9999999999484,28.0,21,28.571428571428573,-2034.1636064769923,-925.4999999999918,4,25.0,103.34165718904333,314.5000000000434,5.0,9.5,0.5
BDL,COCHINSHIP,1e-12,6.5688583e-07,0.00051259739,6.3743849,50000.0,False,,,25,-1832.334809194878,-512.4999999998786,32.0,21,33.333333333333336,-2063.670457863922,-954.9999999999227,4,25.0,231.33564866904405,442.5000000000441,5.0,9.5,1.0
BDL,COCHINSHIP,1e-12,6.5688583e-07,0.00051259739,6.3743849,50000.0,False,,,25,139.88976457507692,1460.100000000076,32.0,21,28.571428571428573,-829.5248507499605,280.40000000003874,4,50.0,969.4146153250373,1179.7000000000373,5.0,10.0,0.0
BDL,COCHINSHIP,1e-12,6.5688583e-07,0.00051259739,6.3743849,50000.0,False,,,25,191.80175689602686,1511.4000000000276,32.0,21,28.571428571428573,-1118.7550768369888,-9.499999999988177,4,50.0,1310.5568337330155,1520.9000000000158,5.0,10.0,0.5
BDL,COCHINSHIP,1e-12,6.5688583e-07,0.00051259739,6.3743849,50000.0,False,,,25,347.9278178851257,1667.500000000125,36.0,21,33.333333333333336,-1148.2619282239184,-38.999999999919055,4,50.0,1496.189746109044,1706.500000000044,5.0,10.0,1.0
BDL,COCHINSHIP,1e-12,6.5688583e-07,0.00051259739,6.3743849,50000.0,False,,,25,139.88976457507692,1460.100000000076,32.0,21,28.571428571428573,-829.5248507499605,280.40000000003874,4,50.0,969.4146153250373,1179.7000000000373,5.0,10.5,0.0
BDL,COCHINSHIP,1e-12,6.5688583e-07,0.00051259739,6.3743849,50000.0,False,,,25,191.80175689602686,1511.4000000000276,32.0,21,28.571428571428573,-1118.7550768369888,-9.499999999988177,4,50.0,1310.5568337330155,1520.9000000000158,5.0,10.5,0.5
BDL,COCHINSHIP,1e-12,6.5688583e-07,0.00051259739,6.3743849,50000.0,False,,,25,347.9278178851257,1667.500000000125,36.0,21,33.333333333333336,-1148.2619282239184,-38.999999999919055,4,50.0,1496.189746109044,1706.500000000044,5.0,10.5,1.0
BDL,COCHINSHIP,1e-12,6.5688583e-07,0.00051259739,6.3743849,50000.0,False,,,25,439.6960515750768,1760.100000000076,32.0,21,28.571428571428573,-529.7185637499606,580.4000000000387,4,50.0,969.4146153250373,1179.7000000000373,5.0,11.0,0.0
BDL,COCHINSHIP,1e-12,6.5688583e-07,0.00051259739,6.3743849,50000.0,False,,,25,491.60804389602674,1811.4000000000276,32.0,21,28.571428571428573,-818.9487898369889,290.5000000000118,4,50.0,1310.5568337330155,1520.9000000000158,5.0,11.0,0.5
BDL,COCHINSHIP,1e-12,6.5688583e-07,0.00051259739,6.3743849,50000.0,False,,,25,647.7341048851256,1967.500000000125,36.0,21,33.333333333333336,-848.4556412239185,261.00000000008095,4,50.0,1496.189746109044,1706.500000000044,5.0,11.0,1.0
BDL,COCHINSHIP,1e-12,6.5688583e-07,0.00051259739,6.3743849,50000.0,False,,,25,385.33117819906033,1705.70000000006,32.0,21,28.571428571428573,-584.0834371259771,526.0000000000227,4,50.0,969.4146153250373,1179.7000000000373,5.0,11.5,0.0
BDL,COCHINSHIP,1e-12,6.5688583e-07,0.00051259739,6.3743849,50000.0,False,,,25,621.1243598800571,1941.000000000058,32.0,21,28.571428571428573,-689.4324738529585,420.1000000000422,4,50.0,1310.5568337330155,1520.9000000000158,5.0,11.5,0.5
BDL,COCHINSHIP,1e-12,6.5688583e-07,0.00051259739,6.3743849,50000.0,False,,,25,906.1671242791338,2226.1000000001327,36.0,21,33.333333333333336,-590.0226218299103,519.6000000000886,4,50.0,1496.189746109044,1706.500000000044,5.0,11.5,1.0
BDL,COCHINSHIP,1e-12,6.5688583e-07,0.00051259739,6.3743849,50000.0,False,,,25,385.33117819906033,1705.70000000006,32.0,21,28.571428571428573,-584.0834371259771,526.0000000000227,4,50.0,969.4146153250373,1179.7000000000373,5.0,12.0,0.0
BDL,COCHINSHIP,1e-12,6.5688583e-07,0.00051259739,6.3743849,50000.0,False,,,25,621.1243598800571,1941.000000000058,32.0,21,28.571428571428573,-689.4324738529585,420.1000000000422,4,50.0,1310.5568337330155,1520.9000000000158,5.0,12.0,0.5
BDL,COCHINSHIP,1e-12,6.5688583e-07,0.00051259739,6.3743849,50000.0,False,,,25,906.1671242791338,2226.1000000001327,36.0,21,33.333333333333336,-590.0226218299103,519.6000000000886,4,50.0,1496.189746109044,1706.500000000044,5.0,12.0,1.0
BDL,COCHINSHIP,1e-12,6.5688583e-07,0.00051259739,6.3743849,50000.0,False,,,25,-2153.983503496917,-831.8999999999166,28.0,21,23.80952380952381,-3123.398118821954,-2011.599999999954,4,50.0,969.4146153250373,1179.7000000000373,5.0,12.5,0.0
BDL,COCHINSHIP,1e-12,6.5688583e-07,0.00051259739,6.3743849,50000.0,False,,,25,-1681.2303136879304,-359.7999999999322,28.0,21,23.80952380952381,-2991.787147420946,-1880.699999999948,4,50.0,1310.5568337330155,1520.9000000000158,5.0,12.5,0.5
BDL,COCHINSHIP,1e-12,6.5688583e-07,0.00051259739,6.3743849,50000.0,False,,,25,-1396.1875492888548,-74.69999999985657,32.0,21,28.571428571428573,-2892.3772953978987,-1781.1999999999007,4,50.0,1496.189746109044,1706.500000000044,5.0,12.5,1.0
BDL,COCHINSHIP,1e-12,6.5688583e-07,0.00051259739,6.3743849,50000.0,False,,,25,-2153.983503496917,-831.8999999999166,28.0,21,23.80952380952381,-3123.398118821954,-2011.599999999954,4,50.0,969.4146153250373,1179.7000000000373,5.0,13.0,0.0
BDL,COCHINSHIP,1e-12,6.5688583e-07,0.00051259739,6.3743849,50000.0,False,,,25,-1681.2303136879304,-359.7999999999322,28.0,21,23.80952380952381,-2991.787147420946,-1880.699999999948,4,50.0,1310.5568337330155,1520.9000000000158,5.0,13.0,0.5
BDL,COCHINSHIP,1e-12,6.5688583e-07,0.00051259739,6.3743849,50000.0,False,,,25,-1396.1875492888548,-74.69999999985657,32.0,21,28.571428571428573,-2892.3772953978987,-1781.1999999999007,4,50.0,1496.189746109044,1706.500000000044,5.0,13.0,1.0
BDL,COCHINSHIP,1e-12,6.5688583e-07,0.00051259739,6.3743849,50000.0,False,,,25,-2153.983503496917,-831.8999999999166,28.0,21,23.80952380952381,-3123.398118821954,-2011.599999999954,4,50.0,969.4146153250373,1179.7000000000373,5.0,13.5,0.0
BDL,COCHINSHIP,1e-12,6.5688583e-07,0.00051259739,6.3743849,50000.0,False,,,25,-1681.2303136879304,-359.7999999999322,28.0,21,23.80952380952381,-2991.787147420946,-1880.699999999948,4,50.0,1310.5568337330155,1520.9000000000158,5.0,13.5,0.5
BDL,COCHINSHIP,1e-12,6.5688583e-07,0.00051259739,6.3743849,50000.0,False,,,25,-1396.1875492888548,-74.69999999985657,32.0,21,28.571428571428573,-2892.3772953978987,-1781.1999999999007,4,50.0,1496.189746109044,1706.500000000044,5.0,13.5,1.0
BDL,COCHINSHIP,1e-12,6.5688583e-07,0.00051259739,6.3743849,50000.0,False,,,25,-2153.983503496917,-831.8999999999166,28.0,21,23.80952380952381,-3123.398118821954,-2011.599999999954,4,50.0,969.4146153250373,1179.7000000000373,5.0,14.0,0.0
BDL,COCHINSHIP,1e-12,6.5688583e-07,0.00051259739,6.3743849,50000.0,False,,,25,-1681.2303136879304,-359.7999999999322,28.0,21,23.80952380952381,-2991.787147420946,-1880.699999999948,4,50.0,1310.5568337330155,1520.9000000000158,5.0,14.0,0.5
BDL,COCHINSHIP,1e-12,6.5688583e-07,0.00051259739,6.3743849,50000.0,False,,,25,-1396.1875492888548,-74.69999999985657,32.0,21,28.571428571428573,-2892.3772953978987,-1781.1999999999007,4,50.0,1496.189746109044,1706.500000000044,5.0,14.0,1.0
BDL,COCHINSHIP,1e-12,6.5688583e-07,0.00051259739,6.3743849,50000.0,False,,,25,-2153.983503496917,-831.8999999999166,28.0,21,23.80952380952381,-3123.398118821954,-2011.599999999954,4,50.0,969.4146153250373,1179.7000000000373,5.0,14.5,0.0
BDL,COCHINSHIP,1e-12,6.5688583e-07,0.00051259739,6.3743849,50000.0,False,,,25,-1681.2303136879304,-359.7999999999322,28.0,21,23.80952380952381,-2991.787147420946,-1880.699999999948,4,50.0,1310.5568337330155,1520.9000000000158,5.0,14.5,0.5
BDL,COCHINSHIP,1e-12,6.5688583e-07,0.00051259739,6.3743849,50000.0,False,,,25,-1396.1875492888548,-74.69999999985657,32.0,21,28.571428571428573,-2892.3772953978987,-1781.1999999999007,4,50.0,1496.189746109044,1706.500000000044,5.0,14.5,1.0
BDL,COCHINSHIP,1e-12,6.5688583e-07,0.00051259739,6.3743849,50000.0,False,,,25,-2153.983503496917,-831.8999999999166,28.0,21,23.80952380952381,-3123.398118821954,-2011.599999999954,4,50.0,969.4146153250373,1179.7000000000373,5.0,15.0,0.0
BDL,COCHINSHIP,1e-12,6.5688583e-07,0.00051259739,6.3743849,50000.0,False,,,25,-1681.2303136879304,-359.7999999999322,28.0,21,23.80952380952381,-2991.787147420946,-1880.699999999948,4,50.0,1310.5568337330155,1520.9000000000158,5.0,15.0,0.5
BDL,COCHINSHIP,1e-12,6.5688583e-07,0.00051259739,6.3743849,50000.0,False,,,25,-1396.1875492888548,-74.69999999985657,32.0,21,28.571428571428573,-2892.3772953978987,-1781.1999999999007,4,50.0,1496.189746109044,1706.500000000044,5.0,15.0,1.0
BDL,COCHINSHIP,1e-12,6.5688583e-07,0.00051259739,6.3743849,50000.0,False,,,25,-2153.983503496917,-831.8999999999166,28.0,21,23.80952380952381,-3123.398118821954,-2011.599999999954,4,50.0,969.4146153250373,1179.7000000000373,5.0,15.5,0.0
BDL,COCHINSHIP,1e-12,6.5688583e-07,0.00051259739,6.3743849,50000.0,False,,,25,-1681.2303136879304,-359.7999999999322,28.0,21,23.80952380952381,-2991.787147420946,-1880.699999999948,4,50.0,1310.5568337330155,1520.9000000000158,5.0,15.5,0.5
BDL,COCHINSHIP,1e-12,6.5688583e-07,0.00051259739,6.3743849,50000.0,False,,,25,-1396.1875492888548,-74.69999999985657,32.0,21,28.571428571428573,-2892.3772953978987,-1781.1999999999007,4,50.0,1496.189746109044,1706.500000000044,5.0,15.5,1.0
BDL,COCHINSHIP,1e-12,6.5688583e-07,0.00051259739,6.3743849,50000.0,False,,,25,-2153.983503496917,-831.8999999999166,28.0,21,23.80952380952381,-3123.398118821954,-2011.599999999954,4,50.0,969.4146153250373,1179.7000000000373,5.0,16.0,0.0
BDL,COCHINSHIP,1e-12,6.5688583e-07,0.00051259739,6.3743849,50000.0,False,,,25,-1681.2303136879304,-359.7999999999322,28.0,21,23.80952380952381,-2991.787147420946,-1880.699999999948,4,50.0,1310.5568337330155,1520.9000000000158,5.0,16.0,0.5
BDL,COCHINSHIP,1e-12,6.5688583e-07,0.00051259739,6.3743849,50000.0,False,,,25,-1396.1875492888548,-74.69999999985657,32.0,21,28.571428571428573,-2892.3772953978987,-1781.1999999999007,4,50.0,1496.189746109044,1706.500000000044,5.0,16.0,1.0
BDL,COCHINSHIP,1e-12,6.5688583e-07,0.00051259739,6.3743849,50000.0,False,,,25,-2153.983503496917,-831.8999999999166,28.0,21,23.80952380952381,-3123.398118821954,-2011.599999999954,4,50.0,969.4146153250373,1179.7000000000373,5.0,16.5,0.0
BDL,COCHINSHIP,1e-12,6.5688583e-07,0.00051259739,6.3743849,50000.0,False,,,25,-1681.2303136879304,-359.7999999999322,28.0,21,23.80952380952381,-2991.787147420946,-1880.699999999948,4,50.0,1310.5568337330155,1520.9000000000158,5.0,16.5,0.5
BDL,COCHINSHIP,1e-12,6.5688583e-07,0.00051259739,6.3743849,50000.0,False,,,25,-1396.1875492888548,-74.69999999985657,32.0,21,28.571428571428573,-2892.3772953978987,-1781.1999999999007,4,50.0,1496.189746109044,1706.500000000044,5.0,16.5,1.0
BDL,COCHINSHIP,1e-12,6.5688583e-07,0.00051259739,6.3743849,50000.0,False,,,25,-2153.983503496917,-831.8999999999166,28.0,21,23.80952380952381,-3123.398118821954,-2011.599999999954,4,50.0,969.4146153250373,1179.7000000000373,5.0,17.0,0.0
BDL,COCHINSHIP,1e-12,6.5688583e-07,0.00051259739,6.3743849,50000.0,False,,,25,-1681.2303136879304,-359.7999999999322,28.0,21,23.80952380952381,-2991.787147420946,-1880.699999999948,4,50.0,1310.5568337330155,1520.9000000000158,5.0,17.0,0.5
BDL,COCHINSHIP,1e-12,6.5688583e-07,0.00051259739,6.3743849,50000.0,False,,,25,-1396.1875492888548,-74.69999999985657,32.0,21,28.571428571428573,-2892.3772953978987,-1781.1999999999007,4,50.0,1496.189746109044,1706.500000000044,5.0,17.0,1.0
BDL,COCHINSHIP,1e-12,6.5688583e-07,0.00051259739,6.3743849,50000.0,False,,,25,-2153.983503496917,-831.8999999999166,28.0,21,23.80952380952381,-3123.398118821954,-2011.599999999954,4,50.0,969.4146153250373,1179.7000000000373,5.0,17.5,0.0
BDL,COCHINSHIP,1e-12,6.5688583e-07,0.00051259739,6.3743849,50000.0,False,,,25,-1681.2303136879304,-359.7999999999322,28.0,21,23.80952380952381,-2991.787147420946,-1880.699999999948,4,50.0,1310.5568337330155,1520.9000000000158,5.0,17.5,0.5
BDL,COCHINSHIP,1e-12,6.5688583e-07,0.00051259739,6.3743849,50000.0,False,,,25,-1396.1875492888548,-74.69999999985657,32.0,21,28.571428571428573,-2892.3772953978987,-1781.1999999999007,4,50.0,1496.189746109044,1706.500000000044,5.0,17.5,1.0
BDL,COCHINSHIP,1e-12,6.5688583e-07,0.00051259739,6.3743849,50000.0,False,,,25,-2153.983503496917,-831.8999999999166,28.0,21,23.80952380952381,-3123.398118821954,-2011.599999999954,4,50.0,969.4146153250373,1179.7000000000373,5.0,18.0,0.0
BDL,COCHINSHIP,1e-12,6.5688583e-07,0.00051259739,6.3743849,50000.0,False,,,25,-1681.2303136879304,-359.7999999999322,28.0,21,23.80952380952381,-2991.787147420946,-1880.699999999948,4,50.0,1310.5568337330155,1520.9000000000158,5.0,18.0,0.5
BDL,COCHINSHIP,1e-12,6.5688583e-07,0.00051259739,6.3743849,50000.0,False,,,25,-1396.1875492888548,-74.69999999985657,32.0,21,28.571428571428573,-2892.3772953978987,-1781.1999999999007,4,50.0,1496.189746109044,1706.500000000044,5.0,18.0,1.0
BDL,COCHINSHIP,1e-12,6.5688583e-07,0.00051259739,6.3743849,50000.0,False,,,25,-2153.983503496917,-831.8999999999166,28.0,21,23.80952380952381,-3123.398118821954,-2011.599999999954,4,50.0,969.4146153250373,1179.7000000000373,5.0,18.5,0.0
BDL,COCHINSHIP,1e-12,6.5688583e-07,0.00051259739,6.3743849,50000.0,False,,,25,-1681.2303136879304,-359.7999999999322,28.0,21,23.80952380952381,-2991.787147420946,-1880.699999999948,4,50.0,1310.5568337330155,1520.9000000000158,5.0,18.5,0.5
BDL,COCHINSHIP,1e-12,6.5688583e-07,0.00051259739,6.3743849,50000.0,False,,,25,-1396.1875492888548,-74.69999999985657,32.0,21,28.571428571428573,-2892.3772953978987,-1781.1999999999007,4,50.0,1496.189746109044,1706.500000000044,5.0,18.5,1.0
BDL,COCHINSHIP,1e-12,6.5688583e-07,0.00051259739,6.3743849,50000.0,False,,,25,-2153.983503496917,-831.8999999999166,28.0,21,23.80952380952381,-3123.398118821954,-2011.599999999954,4,50.0,969.4146153250373,1179.7000000000373,5.0,19.0,0.0
BDL,COCHINSHIP,1e-12,6.5688583e-07,0.00051259739,6.3743849,50000.0,False,,,25,-1681.2303136879304,-359.7999999999322,28.0,21,23.80952380952381,-2991.787147420946,-1880.699999999948,4,50.0,1310.5568337330155,1520.9000000000158,5.0,19.0,0.5
BDL,COCHINSHIP,1e-12,6.5688583e-07,0.00051259739,6.3743849,50000.0,False,,,25,-1396.1875492888548,-74.69999999985657,32.0,21,28.571428571428573,-2892.3772953978987,-1781.1999999999007,4,50.0,1496.189746109044,1706.500000000044,5.0,19.0,1.0
BDL,COCHINSHIP,1e-12,6.5688583e-07,0.00051259739,6.3743849,50000.0,False,,,25,-2755.195044360937,-1433.4999999999372,28.0,21,23.80952380952381,-3724.6096596859743,-2613.1999999999744,4,50.0,969.4146153250373,1179.7000000000373,5.0,19.5,0.0
BDL,COCHINSHIP,1e-12,6.5688583e-07,0.00051259739,6.3743849,50000.0,False,,,25,-2138.5348367919446,-817.3999999999453,28.0,21,23.80952380952381,-3449.09167052496,-2338.299999999961,4,50.0,1310.5568337330155,1520.9000000000158,5.0,19.5,0.5
BDL,COCHINSHIP,1e-12,6.5688583e-07,0.00051259739,6.3743849,50000.0,False,,,25,-1811.9189339288623,-490.69999999986385,32.0,21,28.571428571428573,-3308.108680037906,-2197.199999999908,4,50.0,1496.189746109044,1706.500000000044,5.0,19.5,1.0
BDL,COCHINSHIP,1e-12,6.5688583e-07,0.00051259739,6.3743849,50000.0,False,,,25,-2755.195044360937,-1433.4999999999372,28.0,21,23.80952380952381,-3724.6096596859743,-2613.1999999999744,4,50.0,969.4146153250373,1179.7000000000373,5.0,20.0,0.0
BDL,COCHINSHIP,1e-12,6.5688583e-07,0.00051259739,6.3743849,50000.0,False,,,25,-2138.5348367919446,-817.3999999999453,28.0,21,23.80952380952381,-3449.09167052496,-2338.299999999961,4,50.0,1310.5568337330155,1520.9000000000158,5.0,20.0,0.5
BDL,COCHINSHIP,1e-12,6.5688583e-07,0.00051259739,6.3743849,50000.0,False,,,25,-1811.9189339288623,-490.69999999986385,32.0,21,28.571428571428573,-3308.108680037906,-2197.199999999908,4,50.0,1496.189746109044,1706.500000000044,5.0,20.0,1.0
BDL,COCHINSHIP,1e-12,6.5688583e-07,0.00051259739,6.3743849,50000.0,False,,,25,-2755.195044360937,-1433.4999999999372,28.0,21,23.80952380952381,-3724.6096596859743,-2613.1999999999744,4,50.0,969.4146153250373,1179.7000000000373,5.0,20.5,0.0
BDL,COCHINSHIP,1e-12,6.5688583e-07,0.00051259739,6.3743849,50000.0,False,,,25,-2138.5348367919446,-817.3999999999453,28.0,21,23.80952380952381,-3449.09167052496,-2338.299999999961,4,50.0,1310.5568337330155,1520.9000000000158,5.0,20.5,0.5
BDL,COCHINSHIP,1e-12,6.5688583e-07,0.00051259739,6.3743849,50000.0,False,,,25,-1811.9189339288623,-490.69999999986385,32.0,21,28.571428571428573,-3308.108680037906,-2197.199999999908,4,50.0,1496.189746109044,1706.500000000044,5.0,20.5,1.0
BDL,COCHINSHIP,1e-12,6.5688583e-07,0.00051259739,6.3743849,50000.0,False,,,25,-2755.195044360937,-1433.4999999999372,28.0,21,23.80952380952381,-3724.6096596859743,-2613.1999999999744,4,50.0,969.4146153250373,1179.7000000000373,5.0,21.0,0.0
BDL,COCHINSHIP,1e-12,6.5688583e-07,0.00051259739,6.3743849,50000.0,False,,,25,-2138.5348367919446,-817.3999999999453,28.0,21,23.80952380952381,-3449.09167052496,-2338.299999999961,4,50.0,1310.5568337330155,1520.9000000000158,5.0,21.0,0.5
BDL,COCHINSHIP,1e-12,6.5688583e-07,0.00051259739,6.3743849,50000.0,False,,,25,-1811.9189339288623,-490.69999999986385,32.0,21,28.571428571428573,-3308.108680037906,-2197.199999999908,4,50.0,1496.189746109044,1706.500000000044,5.0,21.0,1.0
BDL,COCHINSHIP,1e-12,6.5688583e-07,0.00051259739,6.3743849,50000.0,False,,,25,-2755.195044360937,-1433.4999999999372,28.0,21,23.80952380952381,-3724.6096596859743,-2613.1999999999744,4,50.0,969.4146153250373,1179.7000000000373,5.0,21.5,0.0
BDL,COCHINSHIP,1e-12,6.5688583e-07,0.00051259739,6.3743849,50000.0,False,,,25,-2138.5348367919446,-817.3999999999453,28.0,21,23.80952380952381,-3449.09167052496,-2338.299999999961,4,50.0,1310.5568337330155,1520.9000000000158,5.0,21.5,0.5
BDL,COCHINSHIP,1e-12,6.5688583e-07,0.00051259739,6.3743849,50000.0,False,,,25,-1811.9189339288623,-490.69999999986385,32.0,21,28.571428571428573,-3308.108680037906,-2197.199999999908,4,50.0,1496.189746109044,1706.500000000044,5.0,21.5,1.0
BDL,COCHINSHIP,1e-12,6.5688583e-07,0.00051259739,6.3743849,50000.0,False,,,25,-2755.195044360937,-1433.4999999999372,28.0,21,23.80952380952381,-3724.6096596859743,-2613.1999999999744,4,50.0,969.4146153250373,1179.7000000000373,5.0,22.0,0.0
BDL,COCHINSHIP,1e-12,6.5688583e-07,0.00051259739,6.3743849,50000.0,False,,,25,-2138.5348367919446,-817.3999999999453,28.0,21,23.80952380952381,-3449.09167052496,-2338.299999999961,4,50.0,1310.5568337330155,1520.9000000000158,5.0,22.0,0.5
BDL,COCHINSHIP,1e-12,6.5688583e-07,0.00051259739,6.3743849,50000.0,False,,,25,-1811.9189339288623,-490.69999999986385,32.0,21,28.571428571428573,-3308.108680037906,-2197.199999999908,4,50.0,1496.189746109044,1706.500000000044,5.0,22.0,1.0
BDL,COCHINSHIP,1e-12,6.5688583e-07,0.00051259739,6.3743849,50000.0,False,,,25,-2755.195044360937,-1433.4999999999372,28.0,21,23.80952380952381,-3724.6096596859743,-2613.1999999999744,4,50.0,969.4146153250373,1179.7000000000373,5.0,22.5,0.0
BDL,COCHINSHIP,1e-12,6.5688583e-07,0.00051259739,6.3743849,50000.0,False,,,25,-2138.5348367919446,-817.3999999999453,28.0,21,23.80952380952381,-3449.09167052496,-2338.299999999961,4,50.0,1310.5568337330155,1520.9000000000158,5.0,22.5,0.5
BDL,COCHINSHIP,1e-12,6.5688583e-07,0.00051259739,6.3743849,50000.0,False,,,25,-1811.9189339288623,-490.69999999986385,32.0,21,28.571428571428573,-3308.108680037906,-2197.199999999908,4,50.0,1496.189746109044,1706.500000000044,5.0,22.5,1.0
BDL,COCHINSHIP,1e-12,6.5688583e-07,0.00051259739,6.3743849,50000.0,False,,,25,-2755.195044360937,-1433.4999999999372,28.0,21,23.80952380952381,-3724.6096596859743,-2613.1999999999744,4,50.0,969.4146153250373,1179.7000000000373,5.0,23.0,0.0
BDL,COCHINSHIP,1e-12,6.5688583e-07,0.00051259739,6.3743849,50000.0,False,,,25,-2138.5348367919446,-817.3999999999453,28.0,21,23.80952380952381,-3449.09167052496,-2338.299999999961,4,50.0,1310.5568337330155,1520.9000000000158,5.0,23.0,0.5
BDL,COCHINSHIP,1e-12,6.5688583e-07,0.00051259739,6.3743849,50000.0,False,,,25,-1811.9189339288623,-490.69999999986385,32.0,21,28.571428571428573,-3308.108680037906,-2197.199999999908,4,50.0,1496.189746109044,1706.500000000044,5.0,23.0,1.0
BDL,COCHINSHIP,1e-12,6.5688583e-07,0.00051259739,6.3743849,50000.0,False,,,25,-2755.195044360937,-1433.4999999999372,28.0,21,23.80952380952381,-3724.6096596859743,-2613.1999999999744,4,50.0,969.4146153250373,1179.7000000000373,5.0,23.5,0.0
BDL,COCHINSHIP,1e-12,6.5688583e-07,0.00051259739,6.3743849,50000.0,False,,,25,-2138.5348367919446,-817.3999999999453,28.0,21,23.80952380952381,-3449.09167052496,-2338.299999999961,4,50.0,1310.5568337330155,1520.9000000000158,5.0,23.5,0.5
BDL,COCHINSHIP,1e-12,6.5688583e-07,0.00051259739,6.3743849,50000.0,False,,,25,-1811.9189339288623,-490.69999999986385,32.0,21,28.571428571428573,-3308.108680037906,-2197.199999999908,4,50.0,1496.189746109044,1706.500000000044,5.0,23.5,1.0
BDL,COCHINSHIP,1e-12,6.5688583e-07,0.00051259739,6.3743849,50000.0,False,,,25,-2755.195044360937,-1433.4999999999372,28.0,21,23.80952380952381,-3724.6096596859743,-2613.1999999999744,4,50.0,969.4146153250373,1179.7000000000373,5.0,24.0,0.0
BDL,COCHINSHIP,1e-12,6.5688583e-07,0.00051259739,6.3743849,50000.0,False,,,25,-2138.5348367919446,-817.3999999999453,28.0,21,23.80952380952381,-3449.09167052496,-2338.299999999961,4,50.0,1310.5568337330155,1520.9000000000158,5.0,24.0,0.5
BDL,COCHINSHIP,1e-12,6.5688583e-07,0.00051259739,6.3743849,50000.0,False,,,25,-1811.9189339288623,-490.69999999986385,32.0,21,28.571428571428573,-3308.108680037906,-2197.199999999908,4,50.0,1496.189746109044,1706.500000000044,5.0,24.0,1.0
BDL,COCHINSHIP,1e-12,6.5688583e-07,0.00051259739,6.3743849,50000.0,False,,,25,-2755.195044360937,-1433.4999999999372,28.0,21,23.80952380952381,-3724.6096596859743,-2613.1999999999744,4,50.0,969.4146153250373,1179.7000000000373,5.0,24.5,0.0
BDL,COCHINSHIP,1e-12,6.5688583e-07,0.00051259739,6.3743849,50000.0,False,,,25,-2138.5348367919446,-817.3999999999453,28.0,21,23.80952380952381,-3449.09167052496,-2338.299999999961,4,50.0,1310.5568337330155,1520.9000000000158,5.0,24.5,0.5
BDL,COCHINSHIP,1e-12,6.5688583e-07,0.00051259739,6.3743849,50000.0,False,,,25,-1811.9189339288623,-490.69999999986385,32.0,21,28.571428571428573,-3308.108680037906,-2197.199999999908,4,50.0,1496.189746109044,1706.500000000044,5.0,24.5,1.0
BDL,COCHINSHIP,1e-12,6.5688583e-07,0.00051259739,6.3743849,50000.0,False,,,25,-2755.195044360937,-1433.4999999999372,28.0,21,23.80952380952381,-3724.6096596859743,-2613.1999999999744,4,50.0,969.4146153250373,1179.7000000000373,5.0,25.0,0.0
BDL,COCHINSHIP,1e-12,6.5688583e-07,0.00051259739,6.3743849,50000.0,False,,,25,-2138.5348367919446,-817.3999999999453,28.0,21,23.80952380952381,-3449.09167052496,-2338.299999999961,4,50.0,1310.5568337330155,1520.9000000000158,5.0,25.0,0.5
BDL,COCHINSHIP,1e-12,6.5688583e-07,0.00051259739,6.3743849,50000.0,False,,,25,-1811.9189339288623,-490.69999999986385,32.0,21,28.571428571428573,-3308.108680037906,-2197.199999999908,4,50.0,1496.189746109044,1706.500000000044,5.0,25.0,1.0
BDL,COCHINSHIP,1e-12,6.5688583e-07,0.00051259739,6.3743849,50000.0,False,,,25,-2755.195044360937,-1433.4999999999372,28.0,21,23.80952380952381,-3724.6096596859743,-2613.1999999999744,4,50.0,969.4146153250373,1179.7000000000373,5.0,25.5,0.0
BDL,COCHINSHIP,1e-12,6.5688583e-07,0.00051259739,6.3743849,50000.0,False,,,25,-2138.5348367919446,-817.3999999999453,28.0,21,23.80952380952381,-3449.09167052496,-2338.299999999961,4,50.0,1310.5568337330155,1520.9000000000158,5.0,25.5,0.5
BDL,COCHINSHIP,1e-12,6.5688583e-07,0.00051259739,6.3743849,50000.0,False,,,25,-1811.9189339288623,-490.69999999986385,32.0,21,28.571428571428573,-3308.108680037906,-2197.199999999908,4,50.0,1496.189746109044,1706.500000000044,5.0,25.5,1.0
BDL,COCHINSHIP,1e-12,6.5688583e-07,0.00051259739,6.3743849,50000.0,False,,,25,-2755.195044360937,-1433.4999999999372,28.0,21,23.80952380952381,-3724.6096596859743,-2613.1999999999744,4,50.0,969.4146153250373,1179.7000000000373,5.0,26.0,0.0
BDL,COCHINSHIP,1e-12,6.5688583e-07,0.00051259739,6.3743849,50000.0,False,,,25,-2138.5348367919446,-817.3999999999453,28.0,21,23.80952380952381,-3449.09167052496,-2338.299999999961,4,50.0,1310.5568337330155,1520.9000000000158,5.0,26.0,0.5
BDL,COCHINSHIP,1e-12,6.5688583e-07,0.00051259739,6.3743849,50000.0,False,,,25,-1811.9189339288623,-490.69999999986385,32.0,21,28.571428571428573,-3308.108680037906,-2197.199999999908,4,50.0,1496.189746109044,1706.500000000044,5.0,26.0,1.0
BDL,COCHINSHIP,1e-12,6.5688583e-07,0.00051259739,6.3743849,50000.0,False,,,25,-2755.195044360937,-1433.4999999999372,28.0,21,23.80952380952381,-3724.6096596859743,-2613.1999999999744,4,50.0,969.4146153250373,1179.7000000000373,5.0,26.5,0.0
BDL,COCHINSHIP,1e-12,6.5688583e-07,0.00051259739,6.3743849,50000.0,False,,,25,-2138.5348367919446,-817.3999999999453,28.0,21,23.80952380952381,-3449.09167052496,-2338.299999999961,4,50.0,1310.5568337330155,1520.9000000000158,5.0,26.5,0.5
BDL,COCHINSHIP,1e-12,6.5688583e-07,0.00051259739,6.3743849,50000.0,False,,,25,-1811.9189339288623,-490.69999999986385,32.0,21,28.571428571428573,-3308.108680037906,-2197.199999999908,4,50.0,1496.189746109044,1706.500000000044,5.0,26.5,1.0
BDL,COCHINSHIP,1e-12,6.5688583e-07,0.00051259739,6.3743849,50000.0,False,,,25,-2755.195044360937,-1433.4999999999372,28.0,21,23.80952380952381,-3724.6096596859743,-2613.1999999999744,4,50.0,969.4146153250373,1179.7000000000373,5.0,27.0,0.0
BDL,COCHINSHIP,1e-12,6.5688583e-07,0.00051259739,6.3743849,50000.0,False,,,25,-2138.5348367919446,-817.3999999999453,28.0,21,23.80952380952381,-3449.09167052496,-2338.299999999961,4,50.0,1310.5568337330155,1520.9000000000158,5.0,27.0,0.5
BDL,COCHINSHIP,1e-12,6.5688583e-07,0.00051259739,6.3743849,50000.0,False,,,25,-1811.9189339288623,-490.69999999986385,32.0,21,28.571428571428573,-3308.108680037906,-2197.199999999908,4,50.0,1496.189746109044,1706.500000000044,5.0,27.0,1.0
BDL,COCHINSHIP,1e-12,6.5688583e-07,0.00051259739,6.3743849,50000.0,False,,,25,-2755.195044360937,-1433.4999999999372,28.0,21,23.80952380952381,-3724.6096596859743,-2613.1999999999744,4,50.0,969.4146153250373,1179.7000000000373,5.0,27.5,0.0
BDL,COCHINSHIP,1e-12,6.5688583e-07,0.00051259739,6.3743849,50000.0,False,,,25,-2138.5348367919446,-817.3999999999453,28.0,21,23.80952380952381,-3449.09167052496,-2338.299999999961,4,50.0,1310.5568337330155,1520.9000000000158,5.0,27.5,0.5
BDL,COCHINSHIP,1e-12,6.5688583e-07,0.00051259739,6.3743849,50000.0,False,,,25,-1811.9189339288623,-490.69999999986385,32.0,21,28.571428571428573,-3308.108680037906,-2197.199999999908,4,50.0,1496.189746109044,1706.500000000044,5.0,27.5,1.0
BDL,COCHINSHIP,1e-12,6.5688583e-07,0.00051259739,6.3743849,50000.0,False,,,25,-2755.195044360937,-1433.4999999999372,28.0,21,23.80952380952381,-3724.6096596859743,-2613.1999999999744,4,50.0,969.4146153250373,1179.7000000000373,5.0,28.0,0.0
BDL,COCHINSHIP,1e-12,6.5688583e-07,0.00051259739,6.3743849,50000.0,False,,,25,-2138.5348367919446,-817.3999999999453,28.0,21,23.80952380952381,-3449.09167052496,-2338.299999999961,4,50.0,1310.5568337330155,1520.9000000000158,5.0,28.0,0.5
BDL,COCHINSHIP,1e-12,6.5688583e-07,0.00051259739,6.3743849,50000.0,False,,,25,-1811.9189339288623,-490.69999999986385,32.0,21,28.571428571428573,-3308.108680037906,-2197.199999999908,4,50.0,1496.189746109044,1706.500000000044,5.0,28.0,1.0
BDL,COCHINSHIP,1e-12,6.5688583e-07,0.00051259739,6.3743849,50000.0,False,,,25,-2755.195044360937,-1433.4999999999372,28.0,21,23.80952380952381,-3724.6096596859743,-2613.1999999999744,4,50.0,969.4146153250373,1179.7000000000373,5.0,28.5,0.0
BDL,COCHINSHIP,1e-12,6.5688583e-07,0.00051259739,6.3743849,50000.0,False,,,25,-2138.5348367919446,-817.3999999999453,28.0,21,23.80952380952381,-3449.09167052496,-2338.299999999961,4,50.0,1310.5568337330155,1520.9000000000158,5.0,28.5,0.5
BDL,COCHINSHIP,1e-12,6.5688583e-07,0.00051259739,6.3743849,50000.0,False,,,25,-1811.9189339288623,-490.69999999986385,32.0,21,28.571428571428573,-3308.108680037906,-2197.199999999908,4,50.0,1496.189746109044,1706.500000000044,5.0,28.5,1.0
BDL,COCHINSHIP,1e-12,6.5688583e-07,0.00051259739,6.3743849,50000.0,False,,,25,-2755.195044360937,-1433.4999999999372,28.0,21,23.80952380952381,-3724.6096596859743,-2613.1999999999744,4,50.0,969.4146153250373,1179.7000000000373,5.0,29.0,0.0
BDL,COCHINSHIP,1e-12,6.5688583e-07,0.00051259739,6.3743849,50000.0,False,,,25,-2138.5348367919446,-817.3999999999453,28.0,21,23.80952380952381,-3449.09167052496,-2338.299999999961,4,50.0,1310.5568337330155,1520.9000000000158,5.0,29.0,0.5
BDL,COCHINSHIP,1e-12,6.5688583e-07,0.00051259739,6.3743849,50000.0,False,,,25,-1811.9189339288623,-490.69999999986385,32.0,21,28.571428571428573,-3308.108680037906,-2197.199999999908,4,50.0,1496.189746109044,1706.500000000044,5.0,29.0,1.0
BDL,COCHINSHIP,1e-12,6.5688583e-07,0.00051259739,6.3743849,50000.0,False,,,25,-2755.195044360937,-1433.4999999999372,28.0,21,23.80952380952381,-3724.6096596859743,-2613.1999999999744,4,50.0,969.4146153250373,1179.7000000000373,5.0,29.5,0.0
BDL,COCHINSHIP,1e-12,6.5688583e-07,0.00051259739,6.3743849,50000.0,False,,,25,-2138.5348367919446,-817.3999999999453,28.0,21,23.80952380952381,-3449.09167052496,-2338.299999999961,4,50.0,1310.5568337330155,1520.9000000000158,5.0,29.5,0.5
BDL,COCHINSHIP,1e-12,6.5688583e-07,0.00051259739,6.3743849,50000.0,False,,,25,-1811.9189339288623,-490.69999999986385,32.0,21,28.571428571428573,-3308.108680037906,-2197.199999999908,4,50.0,1496.189746109044,1706.500000000044,5.0,29.5,1.0
BDL,COCHINSHIP,1e-12,6.5688583e-07,0.00051259739,6.3743849,50000.0,False,,,25,-2755.195044360937,-1433.4999999999372,28.0,21,23.80952380952381,-3724.6096596859743,-2613.1999999999744,4,50.0,969.4146153250373,1179.7000000000373,5.0,30.0,0.0
BDL,COCHINSHIP,1e-12,6.5688583e-07,0.00051259739,6.3743849,50000.0,False,,,25,-2138.5348367919446,-817.3999999999453,28.0,21,23.80952380952381,-3449.09167052496,-2338.299999999961,4,50.0,1310.5568337330155,1520.9000000000158,5.0,30.0,0.5
BDL,COCHINSHIP,1e-12,6.5688583e-07,0.00051259739,6.3743849,50000.0,False,,,25,-1811.9189339288623,-490.69999999986385,32.0,21,28.571428571428573,-3308.108680037906,-2197.199999999908,4,50.0,1496.189746109044,1706.500000000044,5.0,30.0,1.0
BDL,COCHINSHIP,1e-12,6.5688583e-07,0.00051259739,6.3743849,50000.0,False,,,18,-5174.254232734059,-4225.600000000059,27.77777777777778,15,26.666666666666668,-5219.650840255059,-4428.300000000058,3,33.333333333333336,45.39660752100005,202.70000000000005,5.5,6.0,0.0
BDL,COCHINSHIP,1e-12,6.5688583e-07,0.00051259739,6.3743849,50000.0,False,,,18,-4455.603871122104,-3506.800000000104,27.77777777777778,15,26.666666666666668,-4501.000478643104,-3709.5000000001037,3,33.333333333333336,45.39660752100005,202.70000000000005,5.5,6.0,0.5
BDL,COCHINSHIP,1e-12,6.5688583e-07,0.00051259739,6.3743849,50000.0,False,,,18,-4527.637037717062,-3579.100000000063,27.77777777777778,15,26.666666666666668,-4573.0336452380625,-3781.800000000063,3,33.333333333333336,45.39660752100005,202.70000000000005,5.5,6.0,1.0
BDL,COCHINSHIP,1e-12,6.5688583e-07,0.00051259739,6.3743849,50000.0,False,,,18,-4705.513235657056,-3756.700000000056,33.333333333333336,15,26.666666666666668,-5147.95330259507,-4356.700000000071,3,66.66666666666667,442.4400669380145,600.0000000000146,5.5,6.5,0.0
BDL,COCHINSHIP,1e-12,6.5688583e-07,0.00051259739,6.3743849,50000.0,False,,,18,-3949.6868944570715,-3000.7000000000717,33.333333333333336,15,26.666666666666668,-4392.126961395086,-3600.700000000086,3,66.66666666666667,442.4400669380145,600.0000000000146,5.5,6.5,0.5
BDL,COCHINSHIP,1e-12,6.5688583e-07,0.00051259739,6.3743849,50000.0,False,,,18,-3981.4460831650385,-3032.700000000039,33.333333333333336,15,26.666666666666668,-4423.886150103053,-3632.7000000000535,3,66.66666666666667,442.4400669380145,600.0000000000146,5.5,6.5,1.0
BDL,COCHINSHIP,1e-12,6.5688583e-07,0.00051259739,6.3743849,50000.0,False,,,18,-4665.742743122064,-3717.2000000000635,27.77777777777778,15,26.666666666666668,-4665.568795019098,-3874.3000000000966,3,33.333333333333336,-0.1739481029667047,157.10000000003333,5.5,7.0,0.0
BDL,COCHINSHIP,1e-12,6.5688583e-07,0.00051259739,6.3743849,50000.0,False,,,18,-3772.8049933340894,-2824.000000000089,27.77777777777778,15,26.666666666666668,-3909.7424538191126,-3118.300000000112,3,33.333333333333336,136.93746048502314,294.30000000002315,5.5,7.0,0.5
BDL,COCHINSHIP,1e-12,6.5688583e-07,0.00051259739,6.3743849,50000.0,False,,,18,-3734.6093817420756,-2786.0000000000755,27.77777777777778,15,26.666666666666668,-3941.5016425270796,-3150.3000000000793,3,33.333333333333336,206.89226078500408,364.30000000000405,5.5,7.0,1.0
BDL,COCHINSHIP,1e-12,6.5688583e-07,0.00051259739,6.3743849,50000.0,False,,,18,-4909.082413483078,-3960.9000000000788,27.77777777777778,15,26.666666666666668,-4511.865005963091,-3720.7000000000908,3,33.333333333333336,-397.2174075199878,-240.19999999998777,5.5,7.5,0.0
BDL,COCHINSHIP,1e-12,6.5688583e-07,0.00051259739,6.3743849,50000.0,False,,,18,-3937.89522278809,-2989.4000000000897,27.77777777777778,15,26.666666666666668,-3756.0386647631067,-2964.7000000001062,3,33.333333333333336,-181.85655802498346,-24.699999999983447,5.5,7.5,0.5
BDL,COCHINSHIP,1e-12,6.5688583e-07,0.00051259739,6.3743849,50000.0,False,,,18,-3899.699611196076,-2951.400000000076,27.77777777777778,15,26.666666666666668,-3787.7978534710737,-2996.7000000000735,3,33.333333333333336,-111.90175772500254,45.29999999999745,5.5,7.5,1.0
BDL,COCHINSHIP,1e-12,6.5688583e-07,0.00051259739,6.3743849,50000.0,False,,,18,-3367.7044368040893,-2419.000000000091,27.77777777777778,15,26.666666666666668,-2970.4870292841015,-2178.800000000103,3,33.333333333333336,-397.2174075199878,-240.19999999998777,5.5,8.0,0.0
BDL,COCHINSHIP,1e-12,6.5688583e-07,0.00051259739,6.3743849,50000.0,False,,,18,-2335.6761629410835,-1386.7000000000842,27.77777777777778,15,26.666666666666668,-2153.8196049161,-1362.0000000001007,3,33.333333333333336,-181.85655802498346,-24.699999999983447,5.5,8.0,0.5
BDL,COCHINSHIP,1e-12,6.5688583e-07,0.00051259739,6.3743849,50000.0,False,,,18,-2284.6719022610964,-1335.9000000000965,27.77777777777778,15,26.666666666666668,-2172.770144536094,-1381.200000000094,3,33.333333333333336,-111.90175772500254,45.29999999999745,5.5,8.0,1.0
BDL,COCHINSHIP,1e-12,6.5688583e-07,0.00051259739,6.3743849,50000.0,False,,,18,-2884.8164438760496,-1935.80000000005,27.77777777777778,15,26.666666666666668,-2487.599036356062,-1695.6000000000622,3,33.333333333333336,-397.2174075199878,-240.19999999998777,5.5,8.5,0.0
BDL,COCHINSHIP,1e-12,6.5688583e-07,0.00051259739,6.3743849,50000.0,False,,,18,-1852.788170013043,-903.5000000000434,27.77777777777778,15,26.666666666666668,-1670.9316119880596,-878.80000000006,3,33.333333333333336,-181.85655802498346,-24.699999999983447,5.5,8.5,0.5
BDL,COCHINSHIP,1e-12,6.5688583e-07,0.00051259739,6.3743849,50000.0,False,,,18,-1801.783909333056,-852.7000000000558,27.77777777777778,15,26.666666666666668,-1689.8821516080534,-898.0000000000532,3,33.333333333333336,-111.90175772500254,45.29999999999745,5.5,8.5,1.0
BDL,COCHINSHIP,1e-12,6.5688583e-07,0.00051259739,6.3743849,50000.0,False,,,18,-2373.147047396051,-1423.8000000000518,27.77777777777778,15,26.666666666666668,-1975.9296398760637,-1183.600000000064,3,33.333333333333336,-397.2174075199878,-240.19999999998777,5.5,9.0,0.0
BDL,COCHINSHIP,1e-12,6.5688583e-07,0.00051259739,6.3743849,50000.0,False,,,18,-1341.118773533045,-391.50000000004525,27.77777777777778,15,26.666666666666668,-1159.2622155080614,-366.8000000000618,3,33.333333333333336,-181.85655802498346,-24.699999999983447,5.5,9.0,0.5
BDL,COCHINSHIP,1e-12,6.5688583e-07,0.00051259739,6.3743849,50000.0,False,,,18,-1290.114512853058,-340.70000000005757,27.77777777777778,15,26.666666666666668,-1178.2127551280553,-386.000000000055,3,33.333333333333336,-111.90175772500254,45.29999999999745,5.5,9.0,1.0
BDL,COCHINSHIP,1e-12,6.5688583e-07,0.00051259739,6.3743849,50000.0,False,,,18,-2354.559057602082,-1405.2000000000824,27.77777777777778,15,26.666666666666668,-1957.3416500820942,-1165.0000000000946,3,33.333333333333336,-397.2174075199878,-240.19999999998777,5.5,9.5,0.0
BDL,COCHINSHIP,1e-12,6.5688583e-07,0.00051259739,6.3743849,50000.0,False,,,18,-1715.9765677120636,-766.6000000000631,27.77777777777778,15,26.666666666666668,-1534.12000968708,-741.9000000000797,3,33.333333333333336,-181.85655802498346,-24.699999999983447,5.5,9.5,0.5
BDL,COCHINSHIP,1e-12,6.5688583e-07,0.00051259739,6.3743849,50000.0,False,,,18,-1664.972307032076,-715.8000000000761,27.77777777777778,15,26.666666666666668,-1553.0705493070734,-761.1000000000736,3,33.333333333333336,-111.90175772500254,45.29999999999745,5.5,9.5,1.0
BDL,COCHINSHIP,1e-12,6.5688583e-07,0.00051259739,6.3743849,50000.0,False,,,18,-151.8812946181058,797.1999999998936,33.333333333333336,15,26.666666666666668,-1041.9331204420905,-249.00000000009095,3,66.66666666666667,890.0518258239847,1046.1999999999846,5.5,10.0,0.0
BDL,COCHINSHIP,1e-12,6.5688583e-07,0.00051259739,6.3743849,50000.0,False,,,18,406.6471384719125,1355.7999999999129,33.333333333333336,15,26.666666666666668,-618.7114800470763,174.09999999992397,3,66.66666666666667,1025.3586185189888,1181.699999999989,5.5,10.0,0.5
BDL,COCHINSHIP,1e-12,6.5688583e-07,0.00051259739,6.3743849,50000.0,False,,,18,515.2903200479278,1464.1999999999275,33.333333333333336,15,26.666666666666668,-637.6620196670697,154.89999999993006,3,66.66666666666667,1152.9523397149974,1309.2999999999975,5.5,10.0,1.0
BDL,COCHINSHIP,1e-12,6.5688583e-07,0.00051259739,6.3743849,50000.0,False,,,18,-151.8812946181058,797.1999999998936,33.333333333333336,15,26.666666666666668,-1041.9331204420905,-249.00000000009095,3,66.66666666666667,890.0518258239847,1046.1999999999846,5.5,10.5,0.0
BDL,COCHINSHIP,1e-12,6.5688583e-07,0.00051259739,6.3743849,50000.0,False,,,18,406.6471384719125,1355.7999999999129,33.333333333333336,15,26.666666666666668,-618.7114800470763,174.09999999992397,3,66.66666666666667,1025.3586185189888,1181.699999999989,5.5,10.5,0.5
BDL,COCHINSHIP,1e-12,6.5688583e-07,0.00051259739,6.3743849,50000.0,False,,,18,515.2903200479278,1464.1999999999275,33.333333333333336,15,26.666666666666668,-637.6620196670697,154.89999999993006,3,66.66666666666667,1152.9523397149974,1309.2999999999975,5.5,10.5,1.0
BDL,COCHINSHIP,1e-12,6.5688583e-07,0.00051259739,6.3743849,50000.0,False,,,18,147.92499238189407,1097.1999999998936,33.333333333333336,15,26.666666666666668,-742.1268334420906,50.99999999990905,3,66.66666666666667,890.0518258239847,1046.1999999999846,5.5,11.0,0.0
BDL,COCHINSHIP,1e-12,6.5688583e-07,0.00051259739,6.3743849,50000.0,False,,,18,706.4534254719124,1655.7999999999129,33.333333333333336,15,26.666666666666668,-318.9051930470764,474.09999999992397,3,66.66666666666667,1025.3586185189888,1181.699999999989,5.5,11.0,0.5
BDL,COCHINSHIP,1e-12,6.5688583e-07,0.00051259739,6.3743849,50000.0,False,,,18,815.0966070479277,1764.1999999999275,33.333333333333336,15,26.666666666666668,-337.8557326670698,454.89999999993006,3,66.66666666666667,1152.9523397149974,1309.2999999999975,5.5,11.0,1.0
BDL,COCHINSHIP,1e-12,6.5688583e-07,0.00051259739,6.3743849,50000.0,False,,,18,93.5601190058785,1042.7999999998785,33.333333333333336,15,26.666666666666668,-796.4917068181062,-3.400000000106047,3,66.66666666666667,890.0518258239847,1046.1999999999846,5.5,11.5,0.0
BDL,COCHINSHIP,1e-12,6.5688583e-07,0.00051259739,6.3743849,50000.0,False,,,18,835.9697414559428,1785.3999999999432,33.333333333333336,15,26.666666666666668,-189.38887706304604,603.6999999999543,3,66.66666666666667,1025.3586185189888,1181.699999999989,5.5,11.5,0.5
BDL,COCHINSHIP,1e-12,6.5688583e-07,0.00051259739,6.3743849,50000.0,False,,,18,1073.5296264419353,2022.7999999999352,33.333333333333336,15,26.666666666666668,-79.42271327306207,713.4999999999377,3,66.66666666666667,1152.9523397149974,1309.2999999999975,5.5,11.5,1.0
BDL,COCHINSHIP,1e-12,6.5688583e-07,0.00051259739,6.3743849,50000.0,False,,,18,93.5601190058785,1042.7999999998785,33.333333333333336,15,26.666666666666668,-796.4917068181062,-3.400000000106047,3,66.66666666666667,890.0518258239847,1046.1999999999846,5.5,12.0,0.0
BDL,COCHINSHIP,1e-12,6.5688583e-07,0.00051259739,6.3743849,50000.0,False,,,18,835.9697414559428,1785.3999999999432,33.333333333333336,15,26.666666666666668,-189.38887706304604,603.6999999999543,3,66.66666666666667,1025.3586185189888,1181.699999999989,5.5,12.0,0.5
BDL,COCHINSHIP,1e-12,6.5688583e-07,0.00051259739,6.3743849,50000.0,False,,,18,1073.5296264419353,2022.7999999999352,33.333333333333336,15,26.666666666666668,-79.42271327306207,713.4999999999377,3,66.66666666666667,1152.9523397149974,1309.2999999999975,5.5,12.0,1.0
BDL,COCHINSHIP,1e-12,6.5688583e-07,0.00051259739,6.3743849,50000.0,False,,,18,-2445.7545626900987,-1494.8000000000993,27.77777777777778,15,20.0,-3335.806388514083,-2541.0000000000837,3,66.66666666666667,890.0518258239847,1046.1999999999846,5.5,12.5,0.0
BDL,COCHINSHIP,1e-12,6.5688583e-07,0.00051259739,6.3743849,50000.0,False,,,18,-1466.3849321120447,-515.4000000000442,27.77777777777778,15,20.0,-2491.7435506310335,-1697.100000000033,3,66.66666666666667,1025.3586185189888,1181.699999999989,5.5,12.5,0.5
BDL,COCHINSHIP,1e-12,6.5688583e-07,0.00051259739,6.3743849,50000.0,False,,,18,-1228.825047126053,-278.00000000005275,27.77777777777778,15,20.0,-2381.7773868410504,-1587.3000000000502,3,66.66666666666667,1152.9523397149974,1309.2999999999975,5.5,12.5,1.0
BDL,COCHINSHIP,1e-12,6.5688583e-07,0.00051259739,6.3743849,50000.0,False,,,18,-2445.7545626900987,-1494.8000000000993,27.77777777777778,15,20.0,-3335.806388514083,-2541.0000000000837,3,66.66666666666667,890.0518258239847,1046.1999999999846,5.5,13.0,0.0
BDL,COCHINSHIP,1e-12,6.5688583e-07,0.00051259739,6.3743849,50000.0,False,,,18,-1466.3849321120447,-515.4000000000442,27.77777777777778,15,20.0,-2491.7435506310335,-1697.100000000033,3,66.66666666666667,1025.3586185189888,1181.699999999989,5.5,13.0,0.5
BDL,COCHINSHIP,1e-12,6.5688583e-07,0.00051259739,6.3743849,50000.0,False,,,18,-1228.825047126053,-278.00000000005275,27.77777777777778,15,20.0,-2381.7773868410504,-1587.3000000000502,3,66.66666666666667,1152.9523397149974,1309.2999999999975,5.5,13.0,1.0
BDL,COCHINSHIP,1e-12,6.5688583e-07,0.00051259739,6.3743849,50000.0,False,,,18,-2445.7545626900987,-1494.8000000000993,27.77777777777778,15,20.0,-3335.806388514083,-2541.0000000000837,3,66.66666666666667,890.0518258239847,1046.1999999999846,5.5,13.5,0.0
BDL,COCHINSHIP,1e-12,6.5688583e-07,0.00051259739,6.3743849,50000.0,False,,,18,-1466.3849321120447,-515.4000000000442,27.77777777777778,15,20.0,-2491.7435506310335,-1697.100000000033,3,66.66666666666667,1025.3586185189888,1181.699999999989,5.5,13.5,0.5
BDL,COCHINSHIP,1e-12,6.5688583e-07,0.00051259739,6.3743849,50000.0,False,,,18,-1228.825047126053,-278.00000000005275,27.77777777777778,15,20.0,-2381.7773868410504,-1587.3000000000502,3,66.66666666666667,1152.9523397149974,1309.2999999999975,5.5,13.5,1.0
BDL,COCHINSHIP,1e-12,6.5688583e-07,0.00051259739,6.3743849,50000.0,False,,,18,-2445.7545626900987,-1494.8000000000993,27.77777777777778,15,20.0,-3335.806388514083,-2541.0000000000837,3,66.66666666666667,890.0518258239847,1046.1999999999846,5.5,14.0,0.0
BDL,COCHINSHIP,1e-12,6.5688583e-07,0.00051259739,6.3743849,50000.0,False,,,18,-1466.3849321120447,-515.4000000000442,27.77777777777778,15,20.0,-2491.7435506310335,-1697.100000000033,3,66.66666666666667,1025.3586185189888,1181.699999999989,5.5,14.0,0.5
BDL,COCHINSHIP,1e-12,6.5688583e-07,0.00051259739,6.3743849,50000.0,False,,,18,-1228.825047126053,-278.00000000005275,27.77777777777778,15,20.0,-2381.7773868410504,-1587.3000000000502,3,66.66666666666667,1152.9523397149974,1309.2999999999975,5.5,14.0,1.0
BDL,COCHINSHIP,1e-12,6.5688583e-07,0.00051259739,6.3743849,50000.0,False,,,18,-2445.7545626900987,-1494.8000000000993,27.77777777777778,15,20.0,-3335.806388514083,-2541.0000000000837,3,66.66666666666667,890.0518258239847,1046.1999999999846,5.5,14.5,0.0
BDL,COCHINSHIP,1e-12,6.5688583e-07,0.00051259739,6.3743849,50000.0,False,,,18,-1466.3849321120447,-515.4000000000442,27.77777777777778,15,20.0,-2491.7435506310335,-1697.100000000033,3,66.66666666666667,1025.3586185189888,1181.699999999989,5.5,14.5,0.5
BDL,COCHINSHIP,1e-12,6.5688583e-07,0.00051259739,6.3743849,50000.0,False,,,18,-1228.825047126053,-278.00000000005275,27.77777777777778,15,20.0,-2381.7773868410504,-1587.3000000000502,3,66.66666666666667,1152.9523397149974,1309.2999999999975,5.5,14.5,1.0
BDL,COCHINSHIP,1e-12,6.5688583e-07,0.00051259739,6.3743849,50000.0,False,,,18,-2445.7545626900987,-1494.8000000000993,27.77777777777778,15,20.0,-3335.806388514083,-2541.0000000000837,3,66.66666666666667,890.0518258239847,1046.1999999999846,5.5,15.0,0.0
BDL,COCHINSHIP,1e-12,6.5688583e-07,0.00051259739,6.3743849,50000.0,False,,,18,-1466.3849321120447,-515.4000000000442,27.77777777777778,15,20.0,-2491.7435506310335,-1697.100000000033,3,66.66666666666667,1025.3586185189888,1181.699999999989,5.5,15.0,0.5
BDL,COCHINSHIP,1e-12,6.5688583e-07,0.00051259739,6.3743849,50000.0,False,,,18,-1228.825047126053,-278.00000000005275,27.77777777777778,15,20.0,-2381.7773868410504,-1587.3000000000502,3,66.66666666666667,1152.9523397149974,1309.2999999999975,5.5,15.0,1.0
BDL,COCHINSHIP,1e-12,6.5688583e-07,0.00051259739,6.3743849,50000.0,False,,,18,-2445.7545626900987,-1494.8000000000993,27.77777777777778,15,20.0,-3335.806388514083,-2541.0000000000837,3,66.66666666666667,890.0518258239847,1046.1999999999846,5.5,15.5,0.0
BDL,COCHINSHIP,1e-12,6.5688583e-07,0.00051259739,6.3743849,50000.0,False,,,18,-1466.3849321120447,-515.4000000000442,27.77777777777778,15,20.0,-2491.7435506310335,-1697.100000000033,3,66.66666666666667,1025.3586185189888,1181.699999999989,5.5,15.5,0.5
BDL,COCHINSHIP,1e-12,6.5688583e-07,0.00051259739,6.3743849,50000.0,False,,,18,-1228.825047126053,-278.00000000005275,27.77777777777778,15,20.0,-2381.7773868410504,-1587.3000000000502,3,66.66666666666667,1152.9523397149974,1309.2999999999975,5.5,15.5,1.0
BDL,COCHINSHIP,1e-12,6.5688583e-07,0.00051259739,6.3743849,50000.0,False,,,18,-2445.7545626900987,-1494.8000000000993,27.77777777777778,15,20.0,-3335.806388514083,-2541.0000000000837,3,66.66666666666667,890.0518258239847,1046.1999999999846,5.5,16.0,0.0
BDL,COCHINSHIP,1e-12,6.5688583e-07,0.00051259739,6.3743849,50000.0,False,,,18,-1466.3849321120447,-515.4000000000442,27.77777777777778,15,20.0,-2491.7435506310335,-1697.100000000033,3,66.66666666666667,1025.3586185189888,1181.699999999989,5.5,16.0,0.5
BDL,COCHINSHIP,1e-12,6.5688583e-07,0.00051259739,6.3743849,50000.0,False,,,18,-1228.825047126053,-278.00000000005275,27.77777777777778,15,20.0,-2381.7773868410504,-1587.3000000000502,3,66.66666666666667,1152.9523397149974,1309.2999999999975,5.5,16.0,1.0
BDL,COCHINSHIP,1e-12,6.5688583e-07,0.00051259739,6.3743849,50000.0,False,,,18,-2445.7545626900987,-1494.8000000000993,27.77777777777778,15,20.0,-3335.806388514083,-2541.0000000000837,3,66.66666666666667,890.0518258239847,1046.1999999999846,5.5,16.5,0.0
BDL,COCHINSHIP,1e-12,6.5688583e-07,0.00051259739,6.3743849,50000.0,False,,,18,-1466.3849321120447,-515.4000000000442,27.77777777777778,15,20.0,-2491.7435506310335,-1697.100000000033,3,66.66666666666667,1025.3586185189888,1181.699999999989,5.5,16.5,0.5
BDL,COCHINSHIP,1e-12,6.5688583e-07,0.00051259739,6.3743849,50000.0,False,,,18,-1228.825047126053,-278.00000000005275,27.77777777777778,15,20.0,-2381.7773868410504,-1587.3000000000502,3,66.66666666666667,1152.9523397149974,1309.2999999999975,5.5,16.5,1.0
BDL,COCHINSHIP,1e-12,6.5688583e-07,0.00051259739,6.3743849,50000.0,False,,,18,-2445.7545626900987,-1494.8000000000993,27.77777777777778,15,20.0,-3335.806388514083,-2541.0000000000837,3,66.66666666666667,890.0518258239847,1046.1999999999846,5.5,17.0,0.0
BDL,COCHINSHIP,1e-12,6.5688583e-07,0.00051259739,6.3743849,50000.0,False,,,18,-1466.3849321120447,-515.4000000000442,27.77777777777778,15,20.0,-2491.7435506310335,-1697.100000000033,3,66.66666666666667,1025.3586185189888,1181.699999999989,5.5,17.0,0.5
BDL,COCHINSHIP,1e-12,6.5688583e-07,0.00051259739,6.3743849,50000.0,False,,,18,-1228.825047126053,-278.00000000005275,27.77777777777778,15,20.0,-2381.7773868410504,-1587.3000000000502,3,66.66666666666667,1152.9523397149974,1309.2999999999975,5.5,17.0,1.0
BDL,COCHINSHIP,1e-12,6.5688583e-07,0.00051259739,6.3743849,50000.0,False,,,18,-2445.7545626900987,-1494.8000000000993,27.77777777777778,15,20.0,-3335.806388514083,-2541.0000000000837,3,66.66666666666667,890.0518258239847,1046.1999999999846,5.5,17.5,0.0
BDL,COCHINSHIP,1e-12,6.5688583e-07,0.00051259739,6.3743849,50000.0,False,,,18,-1466.3849321120447,-515.4000000000442,27.77777777777778,15,20.0,-2491.7435506310335,-1697.100000000033,3,66.66666666666667,1025.3586185189888,1181.699999999989,5.5,17.5,0.5
BDL,COCHINSHIP,1e-12,6.5688583e-07,0.00051259739,6.3743849,50000.0,False,,,18,-1228.825047126053,-278.00000000005275,27.77777777777778,15,20.0,-2381.7773868410504,-1587.3000000000502,3,66.66666666666667,1152.9523397149974,1309.2999999999975,5.5,17.5,1.0
BDL,COCHINSHIP,1e-12,6.5688583e-07,0.00051259739,6.3743849,50000.0,False,,,18,-2445.7545626900987,-1494.8000000000993,27.77777777777778,15,20.0,-3335.806388514083,-2541.0000000000837,3,66.66666666666667,890.0518258239847,1046.1999999999846,5.5,18.0,0.0
BDL,COCHINSHIP,1e-12,6.5688583e-07,0.00051259739,6.3743849,50000.0,False,,,18,-1466.3849321120447,-515.4000000000442,27.77777777777778,15,20.0,-2491.7435506310335,-1697.100000000033,3,66.66666666666667,1025.3586185189888,1181.699999999989,5.5,18.0,0.5
BDL,COCHINSHIP,1e-12,6.5688583e-07,0.00051259739,6.3743849,50000.0,False,,,18,-1228.825047126053,-278.00000000005275,27.77777777777778,15,20.0,-2381.7773868410504,-1587.3000000000502,3,66.66666666666667,1152.9523397149974,1309.2999999999975,5.5,18.0,1.0
BDL,COCHINSHIP,1e-12,6.5688583e-07,0.00051259739,6.3743849,50000.0,False,,,18,-2445.7545626900987,-1494.8000000000993,27.77777777777778,15,20.0,-3335.806388514083,-2541.0000000000837,3,66.66666666666667,890.0518258239847,1046.1999999999846,5.5,18.5,0.0
BDL,COCHINSHIP,1e-12,6.5688583e-07,0.00051259739,6.3743849,50000.0,False,,,18,-1466.3849321120447,-515.4000000000442,27.77777777777778,15,20.0,-2491.7435506310335,-1697.100000000033,3,66.66666666666667,1025.3586185189888,1181.699999999989,5.5,18.5,0.5
BDL,COCHINSHIP,1e-12,6.5688583e-07,0.00051259739,6.3743849,50000.0,False,,,18,-1228.825047126053,-278.00000000005275,27.77777777777778,15,20.0,-2381.7773868410504,-1587.3000000000502,3,66.66666666666667,1152.9523397149974,1309.2999999999975,5.5,18.5,1.0
BDL,COCHINSHIP,1e-12,6.5688583e-07,0.00051259739,6.3743849,50000.0,False,,,18,-2445.7545626900987,-1494.8000000000993,27.77777777777778,15,20.0,-3335.806388514083,-2541.0000000000837,3,66.66666666666667,890.0518258239847,1046.1999999999846,5.5,19.0,0.0
BDL,COCHINSHIP,1e-12,6.5688583e-07,0.00051259739,6.3743849,50000.0,False,,,18,-1466.3849321120447,-515.4000000000442,27.77777777777778,15,20.0,-2491.7435506310335,-1697.100000000033,3,66.66666666666667,1025.3586185189888,1181.699999999989,5.5,19.0,0.5
BDL,COCHINSHIP,1e-12,6.5688583e-07,0.00051259739,6.3743849,50000.0,False,,,18,-1228.825047126053,-278.00000000005275,27.77777777777778,15,20.0,-2381.7773868410504,-1587.3000000000502,3,66.66666666666667,1152.9523397149974,1309.2999999999975,5.5,19.0,1.0
BDL,COCHINSHIP,1e-12,6.5688583e-07,0.00051259739,6.3743849,50000.0,False,,,18,-3046.966103554119,-2096.4000000001197,27.77777777777778,15,20.0,-3937.0179293781034,-3142.600000000104,3,66.66666666666667,890.0518258239847,1046.1999999999846,5.5,19.5,0.0
BDL,COCHINSHIP,1e-12,6.5688583e-07,0.00051259739,6.3743849,50000.0,False,,,18,-1923.689455216058,-973.0000000000573,27.77777777777778,15,20.0,-2949.0480737350467,-2154.700000000046,3,66.66666666666667,1025.3586185189888,1181.699999999989,5.5,19.5,0.5
BDL,COCHINSHIP,1e-12,6.5688583e-07,0.00051259739,6.3743849,50000.0,False,,,18,-1644.5564317660605,-694.00000000006,27.77777777777778,15,20.0,-2797.508771481058,-2003.3000000000575,3,66.66666666666667,1152.9523397149974,1309.2999999999975,5.5,19.5,1.0
BDL,COCHINSHIP,1e-12,6.5688583e-07,0.00051259739,6.3743849,50000.0,False,,,18,-3046.966103554119,-2096.4000000001197,27.77777777777778,15,20.0,-3937.0179293781034,-3142.600000000104,3,66.66666666666667,890.0518258239847,1046.1999999999846,5.5,20.0,0.0
BDL,COCHINSHIP,1e-12,6.5688583e-07,0.00051259739,6.3743849,50000.0,False,,,18,-1923.689455216058,-973.0000000000573,27.77777777777778,15,20.0,-2949.0480737350467,-2154.700000000046,3,66.66666666666667,1025.3586185189888,1181.699999999989,5.5,20.0,0.5
BDL,COCHINSHIP,1e-12,6.5688583e-07,0.00051259739,6.3743849,50000.0,False,,,18,-1644.5564317660605,-694.00000000006,27.77777777777778,15,20.0,-2797.508771481058,-2003.3000000000575,3,66.66666666666667,1152.9523397149974,1309.2999999999975,5.5,20.0,1.0
BDL,COCHINSHIP,1e-12,6.5688583e-07,0.00051259739,6.3743849,50000.0,False,,,18,-3046.966103554119,-2096.4000000001197,27.77777777777778,15,20.0,-3937.0179293781034,-3142.600000000104,3,66.66666666666667,890.0518258239847,1046.1999999999846,5.5,20.5,0.0
BDL,COCHINSHIP,1e-12,6.5688583e-07,0.00051259739,6.3743849,50000.0,False,,,18,-1923.689455216058,-973.0000000000573,27.77777777777778,15,20.0,-2949.0480737350467,-2154.700000000046,3,66.66666666666667,1025.3586185189888,1181.699999999989,5.5,20.5,0.5
BDL,COCHINSHIP,1e-12,6.5688583e-07,0.00051259739,6.3743849,50000.0,False,,,18,-1644.5564317660605,-694.00000000006,27.77777777777778,15,20.0,-2797.508771481058,-2003.3000000000575,3,66.66666666666667,1152.9523397149974,1309.2999999999975,5.5,20.5,1.0
BDL,COCHINSHIP,1e-12,6.5688583e-07,0.00051259739,6.3743849,50000.0,False,,,18,-3046.966103554119,-2096.4000000001197,27.77777777777778,15,20.0,-3937.0179293781034,-3142.600000000104,3,66.66666666666667,890.0518258239847,1046.1999999999846,5.5,21.0,0.0
BDL,COCHINSHIP,1e-12,6.5688583e-07,0.00051259739,6.3743849,50000.0,False,,,18,-1923.689455216058,-973.0000000000573,27.77777777777778,15,20.0,-2949.0480737350467,-2154.700000000046,3,66.66666666666667,1025.3586185189888,1181.699999999989,5.5,21.0,0.5
BDL,COCHINSHIP,1e-12,6.5688583e-07,0.00051259739,6.3743849,50000.0,False,,,18,-1644.5564317660605,-694.00000000006,27.77777777777778,15,20.0,-2797.508771481058,-2003.3000000000575,3,66.66666666666667,1152.9523397149974,1309.2999999999975,5.5,21.0,1.0
BDL,COCHINSHIP,1e-12,6.5688583e-07,0.00051259739,6.3743849,50000.0,False,,,18,-3046.966103554119,-2096.4000000001197,27.77777777777778,15,20.0,-3937.0179293781034,-3142.600000000104,3,66.66666666666667,890.0518258239847,1046.1999999999846,5.5,21.5,0.0
BDL,COCHINSHIP,1e-12,6.5688583e-07,0.00051259739,6.3743849,50000.0,False,,,18,-1923.689455216058,-973.0000000000573,27.77777777777778,15,20.0,-2949.0480737350467,-2154.700000000046,3,66.66666666666667,1025.3586185189888,1181.699999999989,5.5,21.5,0.5
BDL,COCHINSHIP,1e-12,6.5688583e-07,0.00051259739,6.3743849,50000.0,False,,,18,-1644.5564317660605,-694.00000000006,27.77777777777778,15,20.0,-2797.508771481058,-2003.3000000000575,3,66.66666666666667,1152.9523397149974,1309.2999999999975,5.5,21.5,1.0
BDL,COCHINSHIP,1e-12,6.5688583e-07,0.00051259739,6.3743849,50000.0,False,,,18,-3046.966103554119,-2096.4000000001197,27.77777777777778,15,20.0,-3937.0179293781034,-3142.600000000104,3,66.66666666666667,890.0518258239847,1046.1999999999846,5.5,22.0,0.0
BDL,COCHINSHIP,1e-12,6.5688583e-07,0.00051259739,6.3743849,50000.0,False,,,18,-1923.689455216058,-973.0000000000573,27.77777777777778,15,20.0,-2949.0480737350467,-2154.700000000046,3,66.66666666666667,1025.3586185189888,1181.699999999989,5.5,22.0,0.5
BDL,COCHINSHIP,1e-12,6.5688583e-07,0.00051259739,6.3743849,50000.0,False,,,18,-1644.5564317660605,-694.00000000006,27.77777777777778,15,20.0,-2797.508771481058,-2003.3000000000575,3,66.66666666666667,1152.9523397149974,1309.2999999999975,5.5,22.0,1.0
BDL,COCHINSHIP,1e-12,6.5688583e-07,0.00051259739,6.3743849,50000.0,False,,,18,-3046.966103554119,-2096.4000000001197,27.77777777777778,15,20.0,-3937.0179293781034,-3142.600000000104,3,66.66666666666667,890.0518258239847,1046.1999999999846,5.5,22.5,0.0
BDL,COCHINSHIP,1e-12,6.5688583e-07,0.00051259739,6.3743849,50000.0,False,,,18,-1923.689455216058,-973.0000000000573,27.77777777777778,15,20.0,-2949.0480737350467,-2154.700000000046,3,66.66666666666667,1025.3586185189888,1181.699999999989,5.5,22.5,0.5
BDL,COCHINSHIP,1e-12,6.5688583e-07,0.00051259739,6.3743849,50000.0,False,,,18,-1644.5564317660605,-694.00000000006,27.77777777777778,15,20.0,-2797.508771481058,-2003.3000000000575,3,66.66666666666667,1152.9523397149974,1309.2999999999975,5.5,22.5,1.0
BDL,COCHINSHIP,1e-12,6.5688583e-07,0.00051259739,6.3743849,50000.0,False,,,18,-3046.966103554119,-2096.4000000001197,27.77777777777778,15,20.0,-3937.0179293781034,-3142.600000000104,3,66.66666666666667,890.0518258239847,1046.1999999999846,5.5,23.0,0.0
BDL,COCHINSHIP,1e-12,6.5688583e-07,0.00051259739,6.3743849,50000.0,False,,,18,-1923.689455216058,-973.0000000000573,27.77777777777778,15,20.0,-2949.0480737350467,-2154.700000000046,3,66.66666666666667,1025.3586185189888,1181.699999999989,5.5,23.0,0.5
BDL,COCHINSHIP,1e-12,6.5688583e-07,0.00051259739,6.3743849,50000.0,False,,,18,-1644.5564317660605,-694.00000000006,27.77777777777778,15,20.0,-2797.508771481058,-2003.3000000000575,3,66.66666666666667,1152.9523397149974,1309.2999999999975,5.5,23.0,1.0
BDL,COCHINSHIP,1e-12,6.5688583e-07,0.00051259739,6.3743849,50000.0,False,,,18,-3046.966103554119,-2096.4000000001197,27.77777777777778,15,20.0,-3937.0179293781034,-3142.600000000104,3,66.66666666666667,890.0518258239847,1046.1999999999846,5.5,23.5,0.0
BDL,COCHINSHIP,1e-12,6.5688583e-07,0.00051259739,6.3743849,50000.0,False,,,18,-1923.689455216058,-973.0000000000573,27.77777777777778,15,20.0,-2949.0480737350467,-2154.700000000046,3,66.66666666666667,1025.3586185189888,1181.699999999989,5.5,23.5,0.5
BDL,COCHINSHIP,1e-12,6.5688583e-07,0.00051259739,6.3743849,50000.0,False,,,18,-1644.5564317660605,-694.00000000006,27.77777777777778,15,20.0,-2797.508771481058,-2003.3000000000575,3,66.66666666666667,1152.9523397149974,1309.2999999999975,5.5,23.5,1.0
BDL,COCHINSHIP,1e-12,6.5688583e-07,0.00051259739,6.3743849,50000.0,False,,,18,-3046.966103554119,-2096.4000000001197,27.77777777777778,15,20.0,-3937.0179293781034,-3142.600000000104,3,66.66666666666667,890.0518258239847,1046.1999999999846,5.5,24.0,0.0
BDL,COCHINSHIP,1e-12,6.5688583e-07,0.00051259739,6.3743849,50000.0,False,,,18,-1923.689455216058,-973.0000000000573,27.77777777777778,15,20.0,-2949.0480737350467,-2154.700000000046,3,66.66666666666667,1025.3586185189888,1181.699999999989,5.5,24.0,0.5
BDL,COCHINSHIP,1e-12,6.5688583e-07,0.00051259739,6.3743849,50000.0,False,,,18,-1644.5564317660605,-694.00000000006,27.77777777777778,15,20.0,-2797.508771481058,-2003.3000000000575,3,66.66666666666667,1152.9523397149974,1309.2999999999975,5.5,24.0,1.0
BDL,COCHINSHIP,1e-12,6.5688583e-07,0.00051259739,6.3743849,50000.0,False,,,18,-3046.966103554119,-2096.4000000001197,27.77777777777778,15,20.0,-3937.0179293781034,-3142.600000000104,3,66.66666666666667,890.0518258239847,1046.1999999999846,5.5,24.5,0.0
BDL,COCHINSHIP,1e-12,6.5688583e-07,0.00051259739,6.3743849,50000.0,False,,,18,-1923.689455216058,-973.0000000000573,27.77777777777778,15,20.0,-2949.0480737350467,-2154.700000000046,3,66.66666666666667,1025.3586185189888,1181.699999999989,5.5,24.5,0.5
BDL,COCHINSHIP,1e-12,6.5688583e-07,0.00051259739,6.3743849,50000.0,False,,,18,-1644.5564317660605,-694.00000000006,27.77777777777778,15,20.0,-2797.508771481058,-2003.3000000000575,3,66.66666666666667,1152.9523397149974,1309.2999999999975,5.5,24.5,1.0
BDL,COCHINSHIP,1e-12,6.5688583e-07,0.00051259739,6.3743849,50000.0,False,,,18,-3046.966103554119,-2096.4000000001197,27.77777777777778,15,20.0,-3937.0179293781034,-3142.600000000104,3,66.66666666666667,890.0518258239847,1046.1999999999846,5.5,25.0,0.0
BDL,COCHINSHIP,1e-12,6.5688583e-07,0.00051259739,6.3743849,50000.0,False,,,18,-1923.689455216058,-973.0000000000573,27.77777777777778,15,20.0,-2949.0480737350467,-2154.700000000046,3,66.66666666666667,1025.3586185189888,1181.699999999989,5.5,25.0,0.5
BDL,COCHINSHIP,1e-12,6.5688583e-07,0.00051259739,6.3743849,50000.0,False,,,18,-1644.5564317660605,-694.00000000006,27.77777777777778,15,20.0,-2797.508771481058,-2003.3000000000575,3,66.66666666666667,1152.9523397149974,1309.2999999999975,5.5,25.0,1.0
BDL,COCHINSHIP,1e-12,6.5688583e-07,0.00051259739,6.3743849,50000.0,False,,,18,-3046.966103554119,-2096.4000000001197,27.77777777777778,15,20.0,-3937.0179293781034,-3142.600000000104,3,66.66666666666667,890.0518258239847,1046.1999999999846,5.5,25.5,0.0
BDL,COCHINSHIP,1e-12,6.5688583e-07,0.00051259739,6.3743849,50000.0,False,,,18,-1923.689455216058,-973.0000000000573,27.77777777777778,15,20.0,-2949.0480737350467,-2154.700000000046,3,66.66666666666667,1025.3586185189888,1181.699999999989,5.5,25.5,0.5
BDL,COCHINSHIP,1e-12,6.5688583e-07,0.00051259739,6.3743849,50000.0,False,,,18,-1644.5564317660605,-694.00000000006,27.77777777777778,15,20.0,-2797.508771481058,-2003.3000000000575,3,66.66666666666667,1152.9523397149974,1309.2999999999975,5.5,25.5,1.0
BDL,COCHINSHIP,1e-12,6.5688583e-07,0.00051259739,6.3743849,50000.0,False,,,18,-3046.966103554119,-2096.4000000001197,27.77777777777778,15,20.0,-3937.0179293781034,-3142.600000000104,3,66.66666666666667,890.0518258239847,1046.1999999999846,5.5,26.0,0.0
BDL,COCHINSHIP,1e-12,6.5688583e-07,0.00051259739,6.3743849,50000.0,False,,,18,-1923.689455216058,-973.0000000000573,27.77777777777778,15,20.0,-2949.0480737350467,-2154.700000000046,3,66.66666666666667,1025.3586185189888,1181.699999999989,5.5,26.0,0.5
BDL,COCHINSHIP,1e-12,6.5688583e-07,0.00051259739,6.3743849,50000.0,False,,,18,-1644.5564317660605,-694.00000000006,27.77777777777778,15,20.0,-2797.508771481058,-2003.3000000000575,3,66.66666666666667,1152.9523397149974,1309.2999999999975,5.5,26.0,1.0
BDL,COCHINSHIP,1e-12,6.5688583e-07,0.00051259739,6.3743849,50000.0,False,,,18,-3046.966103554119,-2096.4000000001197,27.77777777777778,15,20.0,-3937.0179293781034,-3142.600000000104,3,66.66666666666667,890.0518258239847,1046.1999999999846,5.5,26.5,0.0
BDL,COCHINSHIP,1e-12,6.5688583e-07,0.00051259739,6.3743849,50000.0,False,,,18,-1923.689455216058,-973.0000000000573,27.77777777777778,15,20.0,-2949.0480737350467,-2154.700000000046,3,66.66666666666667,1025.3586185189888,1181.699999999989,5.5,26.5,0.5
BDL,COCHINSHIP,1e-12,6.5688583e-07,0.00051259739,6.3743849,50000.0,False,,,18,-1644.5564317660605,-694.00000000006,27.77777777777778,15,20.0,-2797.508771481058,-2003.3000000000575,3,66.66666666666667,1152.9523397149974,1309.2999999999975,5.5,26.5,1.0
BDL,COCHINSHIP,1e-12,6.5688583e-07,0.00051259739,6.3743849,50000.0,False,,,18,-3046.966103554119,-2096.4000000001197,27.77777777777778,15,20.0,-3937.0179293781034,-3142.600000000104,3,66.66666666666667,890.0518258239847,1046.1999999999846,5.5,27.0,0.0
BDL,COCHINSHIP,1e-12,6.5688583e-07,0.00051259739,6.3743849,50000.0,False,,,18,-1923.689455216058,-973.0000000000573,27.77777777777778,15,20.0,-2949.0480737350467,-2154.700000000046,3,66.66666666666667,1025.3586185189888,1181.699999999989,5.5,27.0,0.5
BDL,COCHINSHIP,1e-12,6.5688583e-07,0.00051259739,6.3743849,50000.0,False,,,18,-1644.5564317660605,-694.00000000006,27.77777777777778,15,20.0,-2797.508771481058,-2003.3000000000575,3,66.66666666666667,1152.9523397149974,1309.2999999999975,5.5,27.0,1.0
BDL,COCHINSHIP,1e-12,6.5688583e-07,0.00051259739,6.3743849,50000.0,False,,,18,-3046.966103554119,-2096.4000000001197,27.77777777777778,15,20.0,-3937.0179293781034,-3142.600000000104,3,66.66666666666667,890.0518258239847,1046.1999999999846,5.5,27.5,0.0
BDL,COCHINSHIP,1e-12,6.5688583e-07,0.00051259739,6.3743849,50000.0,False,,,18,-1923.689455216058,-973.0000000000573,27.77777777777778,15,20.0,-2949.0480737350467,-2154.700000000046,3,66.66666666666667,1025.3586185189888,1181.699999999989,5.5,27.5,0.5
BDL,COCHINSHIP,1e-12,6.5688583e-07,0.00051259739,6.3743849,50000.0,False,,,18,-1644.5564317660605,-694.00000000006,27.77777777777778,15,20.0,-2797.508771481058,-2003.3000000000575,3,66.66666666666667,1152.9523397149974,1309.2999999999975,5.5,27.5,1.0
BDL,COCHINSHIP,1e-12,6.5688583e-07,0.00051259739,6.3743849,50000.0,False,,,18,-3046.966103554119,-2096.4000000001197,27.77777777777778,15,20.0,-3937.0179293781034,-3142.600000000104,3,66.66666666666667,890.0518258239847,1046.1999999999846,5.5,28.0,0.0
BDL,COCHINSHIP,1e-12,6.5688583e-07,0.00051259739,6.3743849,50000.0,False,,,18,-1923.689455216058,-973.0000000000573,27.77777777777778,15,20.0,-2949.0480737350467,-2154.700000000046,3,66.66666666666667,1025.3586185189888,1181.699999999989,5.5,28.0,0.5
BDL,COCHINSHIP,1e-12,6.5688583e-07,0.00051259739,6.3743849,50000.0,False,,,18,-1644.5564317660605,-694.00000000006,27.77777777777778,15,20.0,-2797.508771481058,-2003.3000000000575,3,66.66666666666667,1152.9523397149974,1309.2999999999975,5.5,28.0,1.0
BDL,COCHINSHIP,1e-12,6.5688583e-07,0.00051259739,6.3743849,50000.0,False,,,18,-3046.966103554119,-2096.4000000001197,27.77777777777778,15,20.0,-3937.0179293781034,-3142.600000000104,3,66.66666666666667,890.0518258239847,1046.1999999999846,5.5,28.5,0.0
BDL,COCHINSHIP,1e-12,6.5688583e-07,0.00051259739,6.3743849,50000.0,False,,,18,-1923.689455216058,-973.0000000000573,27.77777777777778,15,20.0,-2949.0480737350467,-2154.700000000046,3,66.66666666666667,1025.3586185189888,1181.699999999989,5.5,28.5,0.5
BDL,COCHINSHIP,1e-12,6.5688583e-07,0.00051259739,6.3743849,50000.0,False,,,18,-1644.5564317660605,-694.00000000006,27.77777777777778,15,20.0,-2797.508771481058,-2003.3000000000575,3,66.66666666666667,1152.9523397149974,1309.2999999999975,5.5,28.5,1.0
BDL,COCHINSHIP,1e-12,6.5688583e-07,0.00051259739,6.3743849,50000.0,False,,,18,-3046.966103554119,-2096.4000000001197,27.77777777777778,15,20.0,-3937.0179293781034,-3142.600000000104,3,66.66666666666667,890.0518258239847,1046.1999999999846,5.5,29.0,0.0
BDL,COCHINSHIP,1e-12,6.5688583e-07,0.00051259739,6.3743849,50000.0,False,,,18,-1923.689455216058,-973.0000000000573,27.77777777777778,15,20.0,-2949.0480737350467,-2154.700000000046,3,66.66666666666667,1025.3586185189888,1181.699999999989,5.5,29.0,0.5
BDL,COCHINSHIP,1e-12,6.5688583e-07,0.00051259739,6.3743849,50000.0,False,,,18,-1644.5564317660605,-694.00000000006,27.77777777777778,15,20.0,-2797.508771481058,-2003.3000000000575,3,66.66666666666667,1152.9523397149974,1309.2999999999975,5.5,29.0,1.0
BDL,COCHINSHIP,1e-12,6.5688583e-07,0.00051259739,6.3743849,50000.0,False,,,18,-3046.966103554119,-2096.4000000001197,27.77777777777778,15,20.0,-3937.0179293781034,-3142.600000000104,3,66.66666666666667,890.0518258239847,1046.1999999999846,5.5,29.5,0.0
BDL,COCHINSHIP,1e-12,6.5688583e-07,0.00051259739,6.3743849,50000.0,False,,,18,-1923.689455216058,-973.0000000000573,27.77777777777778,15,20.0,-2949.0480737350467,-2154.700000000046,3,66.66666666666667,1025.3586185189888,1181.699999999989,5.5,29.5,0.5
BDL,COCHINSHIP,1e-12,6.5688583e-07,0.00051259739,6.3743849,50000.0,False,,,18,-1644.5564317660605,-694.00000000006,27.77777777777778,15,20.0,-2797.508771481058,-2003.3000000000575,3,66.66666666666667,1152.9523397149974,1309.2999999999975,5.5,29.5,1.0
BDL,COCHINSHIP,1e-12,6.5688583e-07,0.00051259739,6.3743849,50000.0,False,,,18,-3046.966103554119,-2096.4000000001197,27.77777777777778,15,20.0,-3937.0179293781034,-3142.600000000104,3,66.66666666666667,890.0518258239847,1046.1999999999846,5.5,30.0,0.0
BDL,COCHINSHIP,1e-12,6.5688583e-07,0.00051259739,6.3743849,50000.0,False,,,18,-1923.689455216058,-973.0000000000573,27.77777777777778,15,20.0,-2949.0480737350467,-2154.700000000046,3,66.66666666666667,1025.3586185189888,1181.699999999989,5.5,30.0,0.5
BDL,COCHINSHIP,1e-12,6.5688583e-07,0.00051259739,6.3743849,50000.0,False,,,18,-1644.5564317660605,-694.00000000006,27.77777777777778,15,20.0,-2797.508771481058,-2003.3000000000575,3,66.66666666666667,1152.9523397149974,1309.2999999999975,5.5,30.0,1.0
BDL,COCHINSHIP,1e-12,6.5688583e-07,0.00051259739,6.3743849,50000.0,False,,,13,-2707.8393467729875,-2021.099999999988,38.46153846153846,10,40.0,-2282.5428923670406,-1753.1000000000408,3,33.333333333333336,-425.2964544059473,-267.99999999994725,6.0,6.5,0.0
BDL,COCHINSHIP,1e-12,6.5688583e-07,0.00051259739,6.3743849,50000.0,False,,,13,-2412.330283219965,-1725.3999999999655,38.46153846153846,10,40.0,-2124.145237402008,-1594.600000000008,3,33.333333333333336,-288.1850458179574,-130.79999999995744,6.0,6.5,0.5
BDL,COCHINSHIP,1e-12,6.5688583e-07,0.00051259739,6.3743849,50000.0,False,,,13,-2836.056502179974,-2149.399999999974,38.46153846153846,10,40.0,-2617.826256661998,-2088.5999999999976,3,33.333333333333336,-218.23024551797656,-60.799999999976535,6.0,6.5,1.0
BDL,COCHINSHIP,1e-12,6.5688583e-07,0.00051259739,6.3743849,50000.0,False,,,13,-2077.650339706023,-1390.8000000000231,38.46153846153846,10,40.0,-1800.1583847910665,-1270.7000000000667,3,33.333333333333336,-277.4919549149565,-120.09999999995648,6.0,7.0,0.0
BDL,COCHINSHIP,1e-12,6.5688583e-07,0.00051259739,6.3743849,50000.0,False,,,13,-1782.1412761530007,-1095.1000000000006,38.46153846153846,10,40.0,-1641.760729826034,-1112.200000000034,3,33.333333333333336,-140.38054632696665,17.100000000033333,6.0,7.0,0.5
BDL,COCHINSHIP,1e-12,6.5688583e-07,0.00051259739,6.3743849,50000.0,False,,,13,-2205.867495113009,-1519.1000000000092,38.46153846153846,10,40.0,-2135.4417490860237,-1606.2000000000235,3,33.333333333333336,-70.42574602698576,87.10000000001423,6.0,7.0,1.0
BDL,COCHINSHIP,1e-12,6.5688583e-07,0.00051259739,6.3743849,50000.0,False,,,13,-2320.9900100670384,-1634.5000000000384,38.46153846153846,10,40.0,-1646.4545957350606,-1117.1000000000608,3,33.333333333333336,-674.5354143319777,-517.3999999999776,6.0,7.5,0.0
BDL,COCHINSHIP,1e-12,6.5688583e-07,0.00051259739,6.3743849,50000.0,False,,,13,-1947.2315056070015,-1260.5000000000014,38.46153846153846,10,40.0,-1488.0569407700282,-958.6000000000281,3,33.333333333333336,-459.1745648369732,-301.89999999997326,6.0,7.5,0.5
BDL,COCHINSHIP,1e-12,6.5688583e-07,0.00051259739,6.3743849,50000.0,False,,,13,-2370.95772456701,-1684.50000000001,38.46153846153846,10,40.0,-1981.7379600300178,-1452.6000000000176,3,33.333333333333336,-389.21976453699233,-231.89999999999236,6.0,7.5,1.0
BDL,COCHINSHIP,1e-12,6.5688583e-07,0.00051259739,6.3743849,50000.0,False,,,13,-779.61203338805,-92.60000000005016,38.46153846153846,10,40.0,-105.07661905607233,424.7999999999274,3,33.333333333333336,-674.5354143319777,-517.3999999999776,6.0,8.0,0.0
BDL,COCHINSHIP,1e-12,6.5688583e-07,0.00051259739,6.3743849,50000.0,False,,,13,-345.01244575999556,342.20000000000437,38.46153846153846,10,40.0,114.16211907697766,644.0999999999776,3,33.333333333333336,-459.1745648369732,-301.89999999997326,6.0,8.0,0.5
BDL,COCHINSHIP,1e-12,6.5688583e-07,0.00051259739,6.3743849,50000.0,False,,,13,-755.9300156320301,-69.00000000003047,38.46153846153846,10,40.0,-366.7102510950376,162.8999999999619,3,33.333333333333336,-389.21976453699233,-231.89999999999236,6.0,8.0,1.0
BDL,COCHINSHIP,1e-12,6.5688583e-07,0.00051259739,6.3743849,50000.0,False,,,13,-296.7240404600094,390.5999999999906,38.46153846153846,10,40.0,377.81137387196827,907.9999999999682,3,33.333333333333336,-674.5354143319777,-517.3999999999776,6.0,8.5,0.0
BDL,COCHINSHIP,1e-12,6.5688583e-07,0.00051259739,6.3743849,50000.0,False,,,13,137.8755471680452,825.4000000000451,38.46153846153846,10,40.0,597.0501120050185,1127.3000000000184,3,33.333333333333336,-459.1745648369732,-301.89999999997326,6.0,8.5,0.5
BDL,COCHINSHIP,1e-12,6.5688583e-07,0.00051259739,6.3743849,50000.0,False,,,13,-273.0420227039896,414.2000000000103,38.46153846153846,10,40.0,116.17774183300276,646.1000000000026,3,33.333333333333336,-389.21976453699233,-231.89999999999236,6.0,8.5,1.0
BDL,COCHINSHIP,1e-12,6.5688583e-07,0.00051259739,6.3743849,50000.0,False,,,13,214.94535601998874,902.5999999999888,38.46153846153846,10,40.0,889.4807703519664,1419.9999999999663,3,33.333333333333336,-674.5354143319777,-517.3999999999776,6.0,9.0,0.0
BDL,COCHINSHIP,1e-12,6.5688583e-07,0.00051259739,6.3743849,50000.0,False,,,13,649.5449436480433,1337.4000000000433,38.46153846153846,10,40.0,1108.7195084850166,1639.3000000000166,3,33.333333333333336,-459.1745648369732,-301.89999999997326,6.0,9.0,0.5
BDL,COCHINSHIP,1e-12,6.5688583e-07,0.00051259739,6.3743849,50000.0,False,,,13,238.62737377600845,926.2000000000085,38.46153846153846,10,40.0,627.8471383130009,1158.1000000000008,3,33.333333333333336,-389.21976453699233,-231.89999999999236,6.0,9.0,1.0
BDL,COCHINSHIP,1e-12,6.5688583e-07,0.00051259739,6.3743849,50000.0,False,,,13,233.5333458139577,921.1999999999578,38.46153846153846,10,40.0,908.0687601459354,1438.5999999999353,3,33.333333333333336,-674.5354143319777,-517.3999999999776,6.0,9.5,0.0
BDL,COCHINSHIP,1e-12,6.5688583e-07,0.00051259739,6.3743849,50000.0,False,,,13,274.6871494690249,962.3000000000247,38.46153846153846,10,40.0,733.8617143059982,1264.199999999998,3,33.333333333333336,-459.1745648369732,-301.89999999997326,6.0,9.5,0.5
BDL,COCHINSHIP,1e-12,6.5688583e-07,0.00051259739,6.3743849,50000.0,False,,,13,-136.23042040300984,551.0999999999904,38.46153846153846,10,40.0,252.9893441339825,782.9999999999827,3,33.333333333333336,-389.21976453699233,-231.89999999999236,6.0,9.5,1.0
BDL,COCHINSHIP,1e-12,6.5688583e-07,0.00051259739,6.3743849,50000.0,False,,,13,2436.211108797934,3123.599999999934,46.15384615384615,10,40.0,1823.477289785939,2354.599999999939,3,66.66666666666667,612.7338190119948,768.9999999999948,6.0,10.0,0.0
BDL,COCHINSHIP,1e-12,6.5688583e-07,0.00051259739,6.3743849,50000.0,False,,,13,2397.310855653001,3084.7000000000007,46.15384615384615,10,40.0,1649.270243946002,2180.2000000000016,3,66.66666666666667,748.040611706999,904.4999999999991,6.0,10.0,0.5
BDL,COCHINSHIP,1e-12,6.5688583e-07,0.00051259739,6.3743849,50000.0,False,,,13,2044.0322066769938,2731.099999999994,46.15384615384615,10,40.0,1168.3978737739862,1698.9999999999864,3,66.66666666666667,875.6343329030076,1032.1000000000076,6.0,10.0,1.0
BDL,COCHINSHIP,1e-12,6.5688583e-07,0.00051259739,6.3743849,50000.0,False,,,13,2436.211108797934,3123.599999999934,46.15384615384615,10,40.0,1823.477289785939,2354.599999999939,3,66.66666666666667,612.7338190119948,768.9999999999948,6.0,10.5,0.0
BDL,COCHINSHIP,1e-12,6.5688583e-07,0.00051259739,6.3743849,50000.0,False,,,13,2397.310855653001,3084.7000000000007,46.15384615384615,10,40.0,1649.270243946002,2180.2000000000016,3,66.66666666666667,748.040611706999,904.4999999999991,6.0,10.5,0.5
BDL,COCHINSHIP,1e-12,6.5688583e-07,0.00051259739,6.3743849,50000.0,False,,,13,2044.0322066769938,2731.099999999994,46.15384615384615,10,40.0,1168.3978737739862,1698.9999999999864,3,66.66666666666667,875.6343329030076,1032.1000000000076,6.0,10.5,1.0
BDL,COCHINSHIP,1e-12,6.5688583e-07,0.00051259739,6.3743849,50000.0,False,,,13,2736.017395797933,3423.599999999934,46.15384615384615,10,40.0,2123.2835767859387,2654.599999999939,3,66.66666666666667,612.7338190119948,768.9999999999948,6.0,11.0,0.0
BDL,COCHINSHIP,1e-12,6.5688583e-07,0.00051259739,6.3743849,50000.0,False,,,13,2697.117142653001,3384.7000000000007,46.15384615384615,10,40.0,1949.0765309460019,2480.2000000000016,3,66.66666666666667,748.040611706999,904.4999999999991,6.0,11.0,0.5
BDL,COCHINSHIP,1e-12,6.5688583e-07,0.00051259739,6.3743849,50000.0,False,,,13,2343.8384936769935,3031.099999999994,46.15384615384615,10,40.0,1468.2041607739861,1998.9999999999864,3,66.66666666666667,875.6343329030076,1032.1000000000076,6.0,11.0,1.0
BDL,COCHINSHIP,1e-12,6.5688583e-07,0.00051259739,6.3743849,50000.0,False,,,13,2681.6525224219176,3369.199999999918,46.15384615384615,10,40.0,2068.918703409923,2600.1999999999234,3,66.66666666666667,612.7338190119948,768.9999999999948,6.0,11.5,0.0
BDL,COCHINSHIP,1e-12,6.5688583e-07,0.00051259739,6.3743849,50000.0,False,,,13,2826.6334586370313,3514.300000000031,46.15384615384615,10,40.0,2078.5928469300325,2609.800000000032,3,66.66666666666667,748.040611706999,904.4999999999991,6.0,11.5,0.5
BDL,COCHINSHIP,1e-12,6.5688583e-07,0.00051259739,6.3743849,50000.0,False,,,13,2602.271513071001,3289.7000000000016,46.15384615384615,10,40.0,1726.6371801679936,2257.599999999994,3,66.66666666666667,875.6343329030076,1032.1000000000076,6.0,11.5,1.0
BDL,COCHINSHIP,1e-12,6.5688583e-07,0.00051259739,6.3743849,50000.0,False,,,13,2681.6525224219176,3369.199999999918,46.15384615384615,10,40.0,2068.918703409923,2600.1999999999234,3,66.66666666666667,612.7338190119948,768.9999999999948,6.0,12.0,0.0
BDL,COCHINSHIP,1e-12,6.5688583e-07,0.00051259739,6.3743849,50000.0,False,,,13,2826.6334586370313,3514.300000000031,46.15384615384615,10,40.0,2078.5928469300325,2609.800000000032,3,66.66666666666667,748.040611706999,904.4999999999991,6.0,12.0,0.5
BDL,COCHINSHIP,1e-12,6.5688583e-07,0.00051259739,6.3743849,50000.0,False,,,13,2602.271513071001,3289.7000000000016,46.15384615384615,10,40.0,1726.6371801679936,2257.599999999994,3,66.66666666666667,875.6343329030076,1032.1000000000076,6.0,12.0,1.0
BDL,COCHINSHIP,1e-12,6.5688583e-07,0.00051259739,6.3743849,50000.0,False,,,13,142.33784072594187,831.5999999999415,38.46153846153846,10,30.0,-470.3959782860529,62.599999999946704,3,66.66666666666667,612.7338190119948,768.9999999999948,6.0,12.5,0.0
BDL,COCHINSHIP,1e-12,6.5688583e-07,0.00051259739,6.3743849,50000.0,False,,,13,524.2787850690431,1213.5000000000427,38.46153846153846,10,30.0,-223.7618266379559,309.00000000004366,3,66.66666666666667,748.040611706999,904.4999999999991,6.0,12.5,0.5
BDL,COCHINSHIP,1e-12,6.5688583e-07,0.00051259739,6.3743849,50000.0,False,,,13,299.91683950301353,988.9000000000133,38.46153846153846,10,30.0,-575.717493399994,-43.19999999999436,3,66.66666666666667,875.6343329030076,1032.1000000000076,6.0,12.5,1.0
BDL,COCHINSHIP,1e-12,6.5688583e-07,0.00051259739,6.3743849,50000.0,False,,,13,142.33784072594187,831.5999999999415,38.46153846153846,10,30.0,-470.3959782860529,62.599999999946704,3,66.66666666666667,612.7338190119948,768.9999999999948,6.0,13.0,0.0
BDL,COCHINSHIP,1e-12,6.5688583e-07,0.00051259739,6.3743849,50000.0,False,,,13,524.2787850690431,1213.5000000000427,38.46153846153846,10,30.0,-223.7618266379559,309.00000000004366,3,66.66666666666667,748.040611706999,904.4999999999991,6.0,13.0,0.5
BDL,COCHINSHIP,1e-12,6.5688583e-07,0.00051259739,6.3743849,50000.0,False,,,13,299.91683950301353,988.9000000000133,38.46153846153846,10,30.0,-575.717493399994,-43.19999999999436,3,66.66666666666667,875.6343329030076,1032.1000000000076,6.0,13.0,1.0
BDL,COCHINSHIP,1e-12,6.5688583e-07,0.00051259739,6.3743849,50000.0,False,,,13,142.33784072594187,831.5999999999415,38.46153846153846,10,30.0,-470.3959782860529,62.599999999946704,3,66.66666666666667,612.7338190119948,768.9999999999948,6.0,13.5,0.0
BDL,COCHINSHIP,1e-12,6.5688583e-07,0.00051259739,6.3743849,50000.0,False,,,13,524.2787850690431,1213.5000000000427,38.46153846153846,10,30.0,-223.7618266379559,309.00000000004366,3,66.66666666666667,748.040611706999,904.4999999999991,6.0,13.5,0.5
BDL,COCHINSHIP,1e-12,6.5688583e-07,0.00051259739,6.3743849,50000.0,False,,,13,299.91683950301353,988.9000000000133,38.46153846153846,10,30.0,-575.717493399994,-43.19999999999436,3,66.66666666666667,875.6343329030076,1032.1000000000076,6.0,13.5,1.0
BDL,COCHINSHIP,1e-12,6.5688583e-07,0.00051259739,6.3743849,50000.0,False,,,13,142.33784072594187,831.5999999999415,38.46153846153846,10,30.0,-470.3959782860529,62.599999999946704,3,66.66666666666667,612.7338190119948,768.9999999999948,6.0,14.0,0.0
BDL,COCHINSHIP,1e-12,6.5688583e-07,0.00051259739,6.3743849,50000.0,False,,,13,524.2787850690431,1213.5000000000427,38.46153846153846,10,30.0,-223.7618266379559,309.00000000004366,3,66.66666666666667,748.040611706999,904.4999999999991,6.0,14.0,0.5
BDL,COCHINSHIP,1e-12,6.5688583e-07,0.00051259739,6.3743849,50000.0,False,,,13,299.91683950301353,988.9000000000133,38.46153846153846,10,30.0,-575.717493399994,-43.19999999999436,3,66.66666666666667,875.6343329030076,1032.1000000000076,6.0,14.0,1.0
BDL,COCHINSHIP,1e-12,6.5688583e-07,0.00051259739,6.3743849,50000.0,False,,,13,142.33784072594187,831.5999999999415,38.46153846153846,10,30.0,-470.3959782860529,62.599999999946704,3,66.66666666666667,612.7338190119948,768.9999999999948,6.0,14.5,0.0
BDL,COCHINSHIP,1e-12,6.5688583e-07,0.00051259739,6.3743849,50000.0,False,,,13,524.2787850690431,1213.5000000000427,38.46153846153846,10,30.0,-223.7618266379559,309.00000000004366,3,66.66666666666667,748.040611706999,904.4999999999991,6.0,14.5,0.5
BDL,COCHINSHIP,1e-12,6.5688583e-07,0.00051259739,6.3743849,50000.0,False,,,13,299.91683950301353,988.9000000000133,38.46153846153846,10,30.0,-575.717493399994,-43.19999999999436,3,66.66666666666667,875.6343329030076,1032.1000000000076,6.0,14.5,1.0
BDL,COCHINSHIP,1e-12,6.5688583e-07,0.00051259739,6.3743849,50000.0,False,,,13,142.33784072594187,831.5999999999415,38.46153846153846,10,30.0,-470.3959782860529,62.599999999946704,3,66.66666666666667,612.7338190119948,768.9999999999948,6.0,15.0,0.0
BDL,COCHINSHIP,1e-12,6.5688583e-07,0.00051259739,6.3743849,50000.0,False,,,13,524.2787850690431,1213.5000000000427,38.46153846153846,10,30.0,-223.7618266379559,309.00000000004366,3,66.66666666666667,748.040611706999,904.4999999999991,6.0,15.0,0.5
BDL,COCHINSHIP,1e-12,6.5688583e-07,0.00051259739,6.3743849,50000.0,False,,,13,299.91683950301353,988.9000000000133,38.46153846153846,10,30.0,-575.717493399994,-43.19999999999436,3,66.66666666666667,875.6343329030076,1032.1000000000076,6.0,15.0,1.0
BDL,COCHINSHIP,1e-12,6.5688583e-07,0.00051259739,6.3743849,50000.0,False,,,13,142.33784072594187,831.5999999999415,38.46153846153846,10,30.0,-470.3959782860529,62.599999999946704,3,66.66666666666667,612.7338190119948,768.9999999999948,6.0,15.5,0.0
BDL,COCHINSHIP,1e-12,6.5688583e-07,0.00051259739,6.3743849,50000.0,False,,,13,524.2787850690431,1213.5000000000427,38.46153846153846,10,30.0,-223.7618266379559,309.00000000004366,3,66.66666666666667,748.040611706999,904.4999999999991,6.0,15.5,0.5
BDL,COCHINSHIP,1e-12,6.5688583e-07,0.00051259739,6.3743849,50000.0,False,,,13,299.91683950301353,988.9000000000133,38.46153846153846,10,30.0,-575.717493399994,-43.19999999999436,3,66.66666666666667,875.6343329030076,1032.1000000000076,6.0,15.5,1.0
BDL,COCHINSHIP,1e-12,6.5688583e-07,0.00051259739,6.3743849,50000.0,False,,,13,142.33784072594187,831.5999999999415,38.46153846153846,10,30.0,-470.3959782860529,62.599999999946704,3,66.66666666666667,612.7338190119948,768.9999999999948,6.0,16.0,0.0
BDL,COCHINSHIP,1e-12,6.5688583e-07,0.00051259739,6.3743849,50000.0,False,,,13,524.2787850690431,1213.5000000000427,38.46153846153846,10,30.0,-223.7618266379559,309.00000000004366,3,66.66666666666667,748.040611706999,904.4999999999991,6.0,16.0,0.5
BDL,COCHINSHIP,1e-12,6.5688583e-07,0.00051259739,6.3743849,50000.0,False,,,13,299.91683950301353,988.9000000000133,38.46153846153846,10,30.0,-575.717493399994,-43.19999999999436,3,66.66666666666667,875.6343329030076,1032.1000000000076,6.0,16.0,1.0
BDL,COCHINSHIP,1e-12,6.5688583e-07,0.00051259739,6.3743849,50000.0,False,,,13,142.33784072594187,831.5999999999415,38.46153846153846,10,30.0,-470.3959782860529,62.599999999946704,3,66.66666666666667,612.7338190119948,768.9999999999948,6.0,16.5,0.0
BDL,COCHINSHIP,1e-12,6.5688583e-07,0.00051259739,6.3743849,50000.0,False,,,13,524.2787850690431,1213.5000000000427,38.46153846153846,10,30.0,-223.7618266379559,309.00000000004366,3,66.66666666666667,748.040611706999,904.4999999999991,6.0,16.5,0.5
BDL,COCHINSHIP,1e-12,6.5688583e-07,0.00051259739,6.3743849,50000.0,False,,,13,299.91683950301353,988.9000000000133,38.46153846153846,10,30.0,-575.717493399994,-43.19999999999436,3,66.66666666666667,875.6343329030076,1032.1000000000076,6.0,16.5,1.0
BDL,COCHINSHIP,1e-12,6.5688583e-07,0.00051259739,6.3743849,50000.0,False,,,13,142.33784072594187,831.5999999999415,38.46153846153846,10,30.0,-470.3959782860529,62.599999999946704,3,66.66666666666667,612.7338190119948,768.9999999999948,6.0,17.0,0.0
BDL,COCHINSHIP,1e-12,6.5688583e-07,0.00051259739,6.3743849,50000.0,False,,,13,524.2787850690431,1213.5000000000427,38.46153846153846,10,30.0,-223.7618266379559,309.00000000004366,3,66.66666666666667,748.040611706999,904.4999999999991,6.0,17.0,0.5
BDL,COCHINSHIP,1e-12,6.5688583e-07,0.00051259739,6.3743849,50000.0,False,,,13,299.91683950301353,988.9000000000133,38.46153846153846,10,30.0,-575.717493399994,-43.19999999999436,3,66.66666666666667,875.6343329030076,1032.1000000000076,6.0,17.0,1.0
BDL,COCHINSHIP,1e-12,6.5688583e-07,0.00051259739,6.3743849,50000.0,False,,,13,142.33784072594187,831.5999999999415,38.46153846153846,10,30.0,-470.3959782860529,62.599999999946704,3,66.66666666666667,612.7338190119948,768.9999999999948,6.0,17.5,0.0
BDL,COCHINSHIP,1e-12,6.5688583e-07,0.00051259739,6.3743849,50000.0,False,,,13,524.2787850690431,1213.5000000000427,38.46153846153846,10,30.0,-223.7618266379559,309.00000000004366,3,66.66666666666667,748.040611706999,904.4999999999991,6.0,17.5,0.5
BDL,COCHINSHIP,1e-12,6.5688583e-07,0.00051259739,6.3743849,50000.0,False,,,13,299.91683950301353,988.9000000000133,38.46153846153846,10,30.0,-575.717493399994,-43.19999999999436,3,66.66666666666667,875.6343329030076,1032.1000000000076,6.0,17.5,1.0
BDL,COCHINSHIP,1e-12,6.5688583e-07,0.00051259739,6.3743849,50000.0,False,,,13,142.33784072594187,831.5999999999415,38.46153846153846,10,30.0,-470.3959782860529,62.599999999946704,3,66.66666666666667,612.7338190119948,768.9999999999948,6.0,18.0,0.0
BDL,COCHINSHIP,1e-12,6.5688583e-07,0.00051259739,6.3743849,50000.0,False,,,13,524.2787850690431,1213.5000000000427,38.46153846153846,10,30.0,-223.7618266379559,309.00000000004366,3,66.66666666666667,748.040611706999,904.4999999999991,6.0,18.0,0.5
BDL,COCHINSHIP,1e-12,6.5688583e-07,0.00051259739,6.3743849,50000.0,False,,,13,299.91683950301353,988.9000000000133,38.46153846153846,10,30.0,-575.717493399994,-43.19999999999436,3,66.66666666666667,875.6343329030076,1032.1000000000076,6.0,18.0,1.0
BDL,COCHINSHIP,1e-12,6.5688583e-07,0.00051259739,6.3743849,50000.0,False,,,13,142.33784072594187,831.5999999999415,38.46153846153846,10,30.0,-470.3959782860529,62.599999999946704,3,66.66666666666667,612.7338190119948,768.9999999999948,6.0,18.5,0.0
BDL,COCHINSHIP,1e-12,6.5688583e-07,0.00051259739,6.3743849,50000.0,False,,,13,524.2787850690431,1213.5000000000427,38.46153846153846,10,30.0,-223.7618266379559,309.00000000004366,3,66.66666666666667,748.040611706999,904.4999999999991,6.0,18.5,0.5
BDL,COCHINSHIP,1e-12,6.5688583e-07,0.00051259739,6.3743849,50000.0,False,,,13,299.91683950301353,988.9000000000133,38.46153846153846,10,30.0,-575.717493399994,-43.19999999999436,3,66.66666666666667,875.6343329030076,1032.1000000000076,6.0,18.5,1.0
BDL,COCHINSHIP,1e-12,6.5688583e-07,0.00051259739,6.3743849,50000.0,False,,,13,142.33784072594187,831.5999999999415,38.46153846153846,10,30.0,-470.3959782860529,62.599999999946704,3,66.66666666666667,612.7338190119948,768.9999999999948,6.0,19.0,0.0
BDL,COCHINSHIP,1e-12,6.5688583e-07,0.00051259739,6.3743849,50000.0,False,,,13,524.2787850690431,1213.5000000000427,38.46153846153846,10,30.0,-223.7618266379559,309.00000000004366,3,66.66666666666667,748.040611706999,904.4999999999991,6.0,19.0,0.5
BDL,COCHINSHIP,1e-12,6.5688583e-07,0.00051259739,6.3743849,50000.0,False,,,13,299.91683950301353,988.9000000000133,38.46153846153846,10,30.0,-575.717493399994,-43.19999999999436,3,66.66666666666667,875.6343329030076,1032.1000000000076,6.0,19.0,1.0
BDL,COCHINSHIP,1e-12,6.5688583e-07,0.00051259739,6.3743849,50000.0,False,,,13,-458.8737001380787,229.99999999992065,38.46153846153846,10,30.0,-1071.6075191500736,-539.0000000000741,3,66.66666666666667,612.7338190119948,768.9999999999948,6.0,19.5,0.0
BDL,COCHINSHIP,1e-12,6.5688583e-07,0.00051259739,6.3743849,50000.0,False,,,13,66.97426196503034,755.9000000000296,38.46153846153846,10,30.0,-681.0663497419687,-148.59999999996944,3,66.66666666666667,748.040611706999,904.4999999999991,6.0,19.5,0.5
BDL,COCHINSHIP,1e-12,6.5688583e-07,0.00051259739,6.3743849,50000.0,False,,,13,-115.81454513699396,572.900000000006,38.46153846153846,10,30.0,-991.4488780400015,-459.20000000000164,3,66.66666666666667,875.6343329030076,1032.1000000000076,6.0,19.5,1.0
BDL,COCHINSHIP,1e-12,6.5688583e-07,0.00051259739,6.3743849,50000.0,False,,,13,-458.8737001380787,229.99999999992065,38.46153846153846,10,30.0,-1071.6075191500736,-539.0000000000741,3,66.66666666666667,612.7338190119948,768.9999999999948,6.0,20.0,0.0
BDL,COCHINSHIP,1e-12,6.5688583e-07,0.00051259739,6.3743849,50000.0,False,,,13,66.97426196503034,755.9000000000296,38.46153846153846,10,30.0,-681.0663497419687,-148.59999999996944,3,66.66666666666667,748.040611706999,904.4999999999991,6.0,20.0,0.5
BDL,COCHINSHIP,1e-12,6.5688583e-07,0.00051259739,6.3743849,50000.0,False,,,13,-115.81454513699396,572.900000000006,38.46153846153846,10,30.0,-991.4488780400015,-459.20000000000164,3,66.66666666666667,875.6343329030076,1032.1000000000076,6.0,20.0,1.0
BDL,COCHINSHIP,1e-12,6.5688583e-07,0.00051259739,6.3743849,50000.0,False,,,13,-458.8737001380787,229.99999999992065,38.46153846153846,10,30.0,-1071.6075191500736,-539.0000000000741,3,66.66666666666667,612.7338190119948,768.9999999999948,6.0,20.5,0.0
BDL,COCHINSHIP,1e-12,6.5688583e-07,0.00051259739,6.3743849,50000.0,False,,,13,66.97426196503034,755.9000000000296,38.46153846153846,10,30.0,-681.0663497419687,-148.59999999996944,3,66.66666666666667,748.040611706999,904.4999999999991,6.0,20.5,0.5
BDL,COCHINSHIP,1e-12,6.5688583e-07,0.00051259739,6.3743849,50000.0,False,,,13,-115.81454513699396,572.900000000006,38.46153846153846,10,30.0,-991.4488780400015,-459.20000000000164,3,66.66666666666667,875.6343329030076,1032.1000000000076,6.0,20.5,1.0
BDL,COCHINSHIP,1e-12,6.5688583e-07,0.00051259739,6.3743849,50000.0,False,,,13,-458.8737001380787,229.99999999992065,38.46153846153846,10,30.0,-1071.6075191500736,-539.0000000000741,3,66.66666666666667,612.7338190119948,768.9999999999948,6.0,21.0,0.0
BDL,COCHINSHIP,1e-12,6.5688583e-07,0.00051259739,6.3743849,50000.0,False,,,13,66.97426196503034,755.9000000000296,38.46153846153846,10,30.0,-681.0663497419687,-148.59999999996944,3,66.66666666666667,748.040611706999,904.4999999999991,6.0,21.0,0.5
BDL,COCHINSHIP,1e-12,6.5688583e-07,0.00051259739,6.3743849,50000.0,False,,,13,-115.81454513699396,572.900000000006,38.46153846153846,10,30.0,-991.4488780400015,-459.20000000000164,3,66.66666666666667,875.6343329030076,1032.1000000000076,6.0,21.0,1.0
BDL,COCHINSHIP,1e-12,6.5688583e-07,0.00051259739,6.3743849,50000.0,False,,,13,-458.8737001380787,229.99999999992065,38.46153846153846,10,30.0,-1071.6075191500736,-539.0000000000741,3,66.66666666666667,612.7338190119948,768.9999999999948,6.0,21.5,0.0
BDL,COCHINSHIP,1e-12,6.5688583e-07,0.00051259739,6.3743849,50000.0,False,,,13,66.97426196503034,755.9000000000296,38.46153846153846,10,30.0,-681.0663497419687,-148.59999999996944,3,66.66666666666667,748.040611706999,904.4999999999991,6.0,21.5,0.5
BDL,COCHINSHIP,1e-12,6.5688583e-07,0.00051259739,6.3743849,50000.0,False,,,13,-115.81454513699396,572.900000000006,38.46153846153846,10,30.0,-991.4488780400015,-459.20000000000164,3,66.66666666666667,875.6343329030076,1032.1000000000076,6.0,21.5,1.0
BDL,COCHINSHIP,1e-12,6.5688583e-07,0.00051259739,6.3743849,50000.0,False,,,13,-458.8737001380787,229.99999999992065,38.46153846153846,10,30.0,-1071.6075191500736,-539.0000000000741,3,66.66666666666667,612.7338190119948,768.9999999999948,6.0,22.0,0.0
BDL,COCHINSHIP,1e-12,6.5688583e-07,0.00051259739,6.3743849,50000.0,False,,,13,66.97426196503034,755.9000000000296,38.46153846153846,10,30.0,-681.0663497419687,-148.59999999996944,3,66.66666666666667,748.040611706999,904.4999999999991,6.0,22.0,0.5
BDL,COCHINSHIP,1e-12,6.5688583e-07,0.00051259739,6.3743849,50000.0,False,,,13,-115.81454513699396,572.900000000006,38.46153846153846,10,30.0,-991.4488780400015,-459.20000000000164,3,66.66666666666667,875.6343329030076,1032.1000000000076,6.0,22.0,1.0
BDL,COCHINSHIP,1e-12,6.5688583e-07,0.00051259739,6.3743849,50000.0,False,,,13,-458.8737001380787,229.99999999992065,38.46153846153846,10,30.0,-1071.6075191500736,-539.0000000000741,3,66.66666666666667,612.7338190119948,768.9999999999948,6.0,22.5,0.0
BDL,COCHINSHIP,1e-12,6.5688583e-07,0.00051259739,6.3743849,50000.0,False,,,13,66.97426196503034,755.9000000000296,38.46153846153846,10,30.0,-681.0663497419687,-148.59999999996944,3,66.66666666666667,748.040611706999,904.4999999999991,6.0,22.5,0.5
BDL,COCHINSHIP,1e-12,6.5688583e-07,0.00051259739,6.3743849,50000.0,False,,,13,-115.81454513699396,572.900000000006,38.46153846153846,10,30.0,-991.4488780400015,-459.20000000000164,3,66.66666666666667,875.6343329030076,1032.1000000000076,6.0,22.5,1.0
BDL,COCHINSHIP,1e-12,6.5688583e-07,0.00051259739,6.3743849,50000.0,False,,,13,-458.8737001380787,229.99999999992065,38.46153846153846,10,30.0,-1071.6075191500736,-539.0000000000741,3,66.66666666666667,612.7338190119948,768.9999999999948,6.0,23.0,0.0
BDL,COCHINSHIP,1e-12,6.5688583e-07,0.00051259739,6.3743849,50000.0,False,,,13,66.97426196503034,755.9000000000296,38.46153846153846,10,30.0,-681.0663497419687,-148.59999999996944,3,66.66666666666667,748.040611706999,904.4999999999991,6.0,23.0,0.5
BDL,COCHINSHIP,1e-12,6.5688583e-07,0.00051259739,6.3743849,50000.0,False,,,13,-115.81454513699396,572.900000000006,38.46153846153846,10,30.0,-991.4488780400015,-459.20000000000164,3,66.66666666666667,875.6343329030076,1032.1000000000076,6.0,23.0,1.0
BDL,COCHINSHIP,1e-12,6.5688583e-07,0.00051259739,6.3743849,50000.0,False,,,13,-458.8737001380787,229.99999999992065,38.46153846153846,10,30.0,-1071.6075191500736,-539.0000000000741,3,66.66666666666667,612.7338190119948,768.9999999999948,6.0,23.5,0.0
BDL,COCHINSHIP,1e-12,6.5688583e-07,0.00051259739,6.3743849,50000.0,False,,,13,66.97426196503034,755.9000000000296,38.46153846153846,10,30.0,-681.0663497419687,-148.59999999996944,3,66.66666666666667,748.040611706999,904.4999999999991,6.0,23.5,0.5
BDL,COCHINSHIP,1e-12,6.5688583e-07,0.00051259739,6.3743849,50000.0,False,,,13,-115.81454513699396,572.900000000006,38.46153846153846,10,30.0,-991.4488780400015,-459.20000000000164,3,66.66666666666667,875.6343329030076,1032.1000000000076,6.0,23.5,1.0
BDL,COCHINSHIP,1e-12,6.5688583e-07,0.00051259739,6.3743849,50000.0,False,,,13,-458.8737001380787,229.99999999992065,38.46153846153846,10,30.0,-1071.6075191500736,-539.0000000000741,3,66.66666666666667,612.7338190119948,768.9999999999948,6.0,24.0,0.0
BDL,COCHINSHIP,1e-12,6.5688583e-07,0.00051259739,6.3743849,50000.0,False,,,13,66.97426196503034,755.9000000000296,38.46153846153846,10,30.0,-681.0663497419687,-148.59999999996944,3,66.66666666666667,748.040611706999,904.4999999999991,6.0,24.0,0.5
BDL,COCHINSHIP,1e-12,6.5688583e-07,0.00051259739,6.3743849,50000.0,False,,,13,-115.81454513699396,572.900000000006,38.46153846153846,10,30.0,-991.4488780400015,-459.20000000000164,3,66.66666666666667,875.6343329030076,1032.1000000000076,6.0,24.0,1.0
BDL,COCHINSHIP,1e-12,6.5688583e-07,0.00051259739,6.3743849,50000.0,False,,,13,-458.8737001380787,229.99999999992065,38.46153846153846,10,30.0,-1071.6075191500736,-539.0000000000741,3,66.66666666666667,612.7338190119948,768.9999999999948,6.0,24.5,0.0
BDL,COCHINSHIP,1e-12,6.5688583e-07,0.00051259739,6.3743849,50000.0,False,,,13,66.97426196503034,755.9000000000296,38.46153846153846,10,30.0,-681.0663497419687,-148.59999999996944,3,66.66666666666667,748.040611706999,904.4999999999991,6.0,24.5,0.5
BDL,COCHINSHIP,1e-12,6.5688583e-07,0.00051259739,6.3743849,50000.0,False,,,13,-115.81454513699396,572.900000000006,38.46153846153846,10,30.0,-991.4488780400015,-459.20000000000164,3,66.66666666666667,875.6343329030076,1032.1000000000076,6.0,24.5,1.0
BDL,COCHINSHIP,1e-12,6.5688583e-07,0.00051259739,6.3743849,50000.0,False,,,13,-458.8737001380787,229.99999999992065,38.46153846153846,10,30.0,-1071.6075191500736,-539.0000000000741,3,66.66666666666667,612.7338190119948,768.9999999999948,6.0,25.0,0.0
BDL,COCHINSHIP,1e-12,6.5688583e-07,0.00051259739,6.3743849,50000.0,False,,,13,66.97426196503034,755.9000000000296,38.46153846153846,10,30.0,-681.0663497419687,-148.59999999996944,3,66.66666666666667,748.040611706999,904.4999999999991,6.0,25.0,0.5
BDL,COCHINSHIP,1e-12,6.5688583e-07,0.00051259739,6.3743849,50000.0,False,,,13,-115.81454513699396,572.900000000006,38.46153846153846,10,30.0,-991.4488780400015,-459.20000000000164,3,66.66666666666667,875.6343329030076,1032.1000000000076,6.0,25.0,1.0
BDL,COCHINSHIP,1e-12,6.5688583e-07,0.00051259739,6.3743849,50000.0,False,,,13,-458.8737001380787,229.99999999992065,38.46153846153846,10,30.0,-1071.6075191500736,-539.0000000000741,3,66.66666666666667,612.7338190119948,768.9999999999948,6.0,25.5,0.0
BDL,COCHINSHIP,1e-12,6.5688583e-07,0.00051259739,6.3743849,50000.0,False,,,13,66.97426196503034,755.9000000000296,38.46153846153846,10,30.0,-681.0663497419687,-148.59999999996944,3,66.66666666666667,748.040611706999,904.4999999999991,6.0,25.5,0.5
BDL,COCHINSHIP,1e-12,6.5688583e-07,0.00051259739,6.3743849,50000.0,False,,,13,-115.81454513699396,572.900000000006,38.46153846153846,10,30.0,-991.4488780400015,-459.20000000000164,3,66.66666666666667,875.6343329030076,1032.1000000000076,6.0,25.5,1.0
BDL,COCHINSHIP,1e-12,6.5688583e-07,0.00051259739,6.3743849,50000.0,False,,,13,-458.8737001380787,229.99999999992065,38.46153846153846,10,30.0,-1071.6075191500736,-539.0000000000741,3,66.66666666666667,612.7338190119948,768.9999999999948,6.0,26.0,0.0
BDL,COCHINSHIP,1e-12,6.5688583e-07,0.00051259739,6.3743849,50000.0,False,,,13,66.97426196503034,755.9000000000296,38.46153846153846,10,30.0,-681.0663497419687,-148.59999999996944,3,66.66666666666667,748.040611706999,904.4999999999991,6.0,26.0,0.5
BDL,COCHINSHIP,1e-12,6.5688583e-07,0.00051259739,6.3743849,50000.0,False,,,13,-115.81454513699396,572.900000000006,38.46153846153846,10,30.0,-991.4488780400015,-459.20000000000164,3,66.66666666666667,875.6343329030076,1032.1000000000076,6.0,26.0,1.0
BDL,COCHINSHIP,1e-12,6.5688583e-07,0.00051259739,6.3743849,50000.0,False,,,13,-458.8737001380787,229.99999999992065,38.46153846153846,10,30.0,-1071.6075191500736,-539.0000000000741,3,66.66666666666667,612.7338190119948,768.9999999999948,6.0,26.5,0.0
BDL,COCHINSHIP,1e-12,6.5688583e-07,0.00051259739,6.3743849,50000.0,False,,,13,66.97426196503034,755.9000000000296,38.46153846153846,10,30.0,-681.0663497419687,-148.59999999996944,3,66.66666666666667,748.040611706999,904.4999999999991,6.0,26.5,0.5
BDL,COCHINSHIP,1e-12,6.5688583e-07,0.00051259739,6.3743849,50000.0,False,,,13,-115.81454513699396,572.900000000006,38.46153846153846,10,30.0,-991.4488780400015,-459.20000000000164,3,66.66666666666667,875.6343329030076,1032.1000000000076,6.0,26.5,1.0
BDL,COCHINSHIP,1e-12,6.5688583e-07,0.00051259739,6.3743849,50000.0,False,,,13,-458.8737001380787,229.99999999992065,38.46153846153846,10,30.0,-1071.6075191500736,-539.0000000000741,3,66.66666666666667,612.7338190119948,768.9999999999948,6.0,27.0,0.0
BDL,COCHINSHIP,1e-12,6.5688583e-07,0.00051259739,6.3743849,50000.0,False,,,13,66.97426196503034,755.9000000000296,38.46153846153846,10,30.0,-681.0663497419687,-148.59999999996944,3,66.66666666666667,748.040611706999,904.4999999999991,6.0,27.0,0.5
BDL,COCHINSHIP,1e-12,6.5688583e-07,0.00051259739,6.3743849,50000.0,False,,,13,-115.81454513699396,572.900000000006,38.46153846153846,10,30.0,-991.4488780400015,-459.20000000000164,3,66.66666666666667,875.6343329030076,1032.1000000000076,6.0,27.0,1.0
BDL,COCHINSHIP,1e-12,6.5688583e-07,0.00051259739,6.3743849,50000.0,False,,,13,-458.8737001380787,229.99999999992065,38.46153846153846,10,30.0,-1071.6075191500736,-539.0000000000741,3,66.66666666666667,612.7338190119948,768.9999999999948,6.0,27.5,0.0
BDL,COCHINSHIP,1e-12,6.5688583e-07,0.00051259739,6.3743849,50000.0,False,,,13,66.97426196503034,755.9000000000296,38.46153846153846,10,30.0,-681.0663497419687,-148.59999999996944,3,66.66666666666667,748.040611706999,904.4999999999991,6.0,27.5,0.5
BDL,COCHINSHIP,1e-12,6.5688583e-07,0.00051259739,6.3743849,50000.0,False,,,13,-115.81454513699396,572.900000000006,38.46153846153846,10,30.0,-991.4488780400015,-459.20000000000164,3,66.66666666666667,875.6343329030076,1032.1000000000076,6.0,27.5,1.0
BDL,COCHINSHIP,1e-12,6.5688583e-07,0.00051259739,6.3743849,50000.0,False,,,13,-458.8737001380787,229.99999999992065,38.46153846153846,10,30.0,-1071.6075191500736,-539.0000000000741,3,66.66666666666667,612.7338190119948,768.9999999999948,6.0,28.0,0.0
BDL,COCHINSHIP,1e-12,6.5688583e-07,0.00051259739,6.3743849,50000.0,False,,,13,66.97426196503034,755.9000000000296,38.46153846153846,10,30.0,-681.0663497419687,-148.59999999996944,3,66.66666666666667,748.040611706999,904.4999999999991,6.0,28.0,0.5
BDL,COCHINSHIP,1e-12,6.5688583e-07,0.00051259739,6.3743849,50000.0,False,,,13,-115.81454513699396,572.900000000006,38.46153846153846,10,30.0,-991.4488780400015,-459.20000000000164,3,66.66666666666667,875.6343329030076,1032.1000000000076,6.0,28.0,1.0
BDL,COCHINSHIP,1e-12,6.5688583e-07,0.00051259739,6.3743849,50000.0,False,,,13,-458.8737001380787,229.99999999992065,38.46153846153846,10,30.0,-1071.6075191500736,-539.0000000000741,3,66.66666666666667,612.7338190119948,768.9999999999948,6.0,28.5,0.0
BDL,COCHINSHIP,1e-12,6.5688583e-07,0.00051259739,6.3743849,50000.0,False,,,13,66.97426196503034,755.9000000000296,38.46153846153846,10,30.0,-681.0663497419687,-148.59999999996944,3,66.66666666666667,748.040611706999,904.4999999999991,6.0,28.5,0.5
BDL,COCHINSHIP,1e-12,6.5688583e-07,0.00051259739,6.3743849,50000.0,False,,,13,-115.81454513699396,572.900000000006,38.46153846153846,10,30.0,-991.4488780400015,-459.20000000000164,3,66.66666666666667,875.6343329030076,1032.1000000000076,6.0,28.5,1.0
BDL,COCHINSHIP,1e-12,6.5688583e-07,0.00051259739,6.3743849,50000.0,False,,,13,-458.8737001380787,229.99999999992065,38.46153846153846,10,30.0,-1071.6075191500736,-539.0000000000741,3,66.66666666666667,612.7338190119948,768.9999999999948,6.0,29.0,0.0
BDL,COCHINSHIP,1e-12,6.5688583e-07,0.00051259739,6.3743849,50000.0,False,,,13,66.97426196503034,755.9000000000296,38.46153846153846,10,30.0,-681.0663497419687,-148.59999999996944,3,66.66666666666667,748.040611706999,904.4999999999991,6.0,29.0,0.5
BDL,COCHINSHIP,1e-12,6.5688583e-07,0.00051259739,6.3743849,50000.0,False,,,13,-115.81454513699396,572.900000000006,38.46153846153846,10,30.0,-991.4488780400015,-459.20000000000164,3,66.66666666666667,875.6343329030076,1032.1000000000076,6.0,29.0,1.0
BDL,COCHINSHIP,1e-12,6.5688583e-07,0.00051259739,6.3743849,50000.0,False,,,13,-458.8737001380787,229.99999999992065,38.46153846153846,10,30.0,-1071.6075191500736,-539.0000000000741,3,66.66666666666667,612.7338190119948,768.9999999999948,6.0,29.5,0.0
BDL,COCHINSHIP,1e-12,6.5688583e-07,0.00051259739,6.3743849,50000.0,False,,,13,66.97426196503034,755.9000000000296,38.46153846153846,10,30.0,-681.0663497419687,-148.59999999996944,3,66.66666666666667,748.040611706999,904.4999999999991,6.0,29.5,0.5
BDL,COCHINSHIP,1e-12,6.5688583e-07,0.00051259739,6.3743849,50000.0,False,,,13,-115.81454513699396,572.900000000006,38.46153846153846,10,30.0,-991.4488780400015,-459.20000000000164,3,66.66666666666667,875.6343329030076,1032.1000000000076,6.0,29.5,1.0
BDL,COCHINSHIP,1e-12,6.5688583e-07,0.00051259739,6.3743849,50000.0,False,,,13,-458.8737001380787,229.99999999992065,38.46153846153846,10,30.0,-1071.6075191500736,-539.0000000000741,3,66.66666666666667,612.7338190119948,768.9999999999948,6.0,30.0,0.0
BDL,COCHINSHIP,1e-12,6.5688583e-07,0.00051259739,6.3743849,50000.0,False,,,13,66.97426196503034,755.9000000000296,38.46153846153846,10,30.0,-681.0663497419687,-148.59999999996944,3,66.66666666666667,748.040611706999,904.4999999999991,6.0,30.0,0.5
BDL,COCHINSHIP,1e-12,6.5688583e-07,0.00051259739,6.3743849,50000.0,False,,,13,-115.81454513699396,572.900000000006,38.46153846153846,10,30.0,-991.4488780400015,-459.20000000000164,3,66.66666666666667,875.6343329030076,1032.1000000000076,6.0,30.0,1.0
BDL,COCHINSHIP,1e-12,6.5688583e-07,0.00051259739,6.3743849,50000.0,False,,,9,-482.6886311789385,-6.899999999938473,55.55555555555556,6,66.66666666666667,200.976161996018,519.200000000018,3,33.333333333333336,-683.6647931749566,-526.0999999999565,6.5,7.0,0.0
BDL,COCHINSHIP,1e-12,6.5688583e-07,0.00051259739,6.3743849,50000.0,False,,,9,-345.5772225909486,130.30000000005134,55.55555555555556,6,66.66666666666667,200.976161996018,519.200000000018,3,33.333333333333336,-546.5533845869667,-388.89999999996667,6.5,7.0,0.5
BDL,COCHINSHIP,1e-12,6.5688583e-07,0.00051259739,6.3743849,50000.0,False,,,9,-275.62242229096773,200.30000000003224,55.55555555555556,6,66.66666666666667,200.976161996018,519.200000000018,3,33.333333333333336,-476.5985842869858,-318.89999999998577,6.5,7.0,1.0
BDL,COCHINSHIP,1e-12,6.5688583e-07,0.00051259739,6.3743849,50000.0,False,,,9,-726.0283015399539,-250.59999999995375,44.44444444444444,6,66.66666666666667,354.67995105202385,672.8000000000238,3,0.0,-1080.7082525919777,-923.3999999999776,6.5,7.5,0.0
BDL,COCHINSHIP,1e-12,6.5688583e-07,0.00051259739,6.3743849,50000.0,False,,,9,-510.6674520449494,-35.09999999994943,44.44444444444444,6,66.66666666666667,354.67995105202385,672.8000000000238,3,0.0,-865.3474030969733,-707.8999999999733,6.5,7.5,0.5
BDL,COCHINSHIP,1e-12,6.5688583e-07,0.00051259739,6.3743849,50000.0,False,,,9,-440.7126517449685,34.90000000003147,44.44444444444444,6,66.66666666666667,354.67995105202385,672.8000000000238,3,0.0,-795.3926027969924,-637.8999999999924,6.5,7.5,1.0
BDL,COCHINSHIP,1e-12,6.5688583e-07,0.00051259739,6.3743849,50000.0,False,,,9,738.299459380004,1214.2000000000041,44.44444444444444,6,66.66666666666667,1819.0077119719817,2137.5999999999817,3,0.0,-1080.7082525919777,-923.3999999999776,6.5,8.0,0.0
BDL,COCHINSHIP,1e-12,6.5688583e-07,0.00051259739,6.3743849,50000.0,False,,,9,1014.501392043026,1490.500000000026,44.44444444444444,6,66.66666666666667,1879.8487951399993,2198.399999999999,3,0.0,-865.3474030969733,-707.8999999999733,6.5,8.0,0.5
BDL,COCHINSHIP,1e-12,6.5688583e-07,0.00051259739,6.3743849,50000.0,False,,,9,1097.2648414309806,1573.2999999999806,44.44444444444444,6,66.66666666666667,1892.657444227973,2211.199999999973,3,0.0,-795.3926027969924,-637.8999999999924,6.5,8.0,1.0
BDL,COCHINSHIP,1e-12,6.5688583e-07,0.00051259739,6.3743849,50000.0,False,,,9,1213.992101420044,1690.2000000000444,44.44444444444444,6,66.66666666666667,2294.7003540120218,2613.6000000000217,3,0.0,-1080.7082525919777,-923.3999999999776,6.5,8.5,0.0
BDL,COCHINSHIP,1e-12,6.5688583e-07,0.00051259739,6.3743849,50000.0,False,,,9,1490.194034083066,1966.500000000066,44.44444444444444,6,66.66666666666667,2355.5414371800393,2674.400000000039,3,0.0,-865.3474030969733,-707.8999999999733,6.5,8.5,0.5
BDL,COCHINSHIP,1e-12,6.5688583e-07,0.00051259739,6.3743849,50000.0,False,,,9,1572.9574834710206,2049.3000000000206,44.44444444444444,6,66.66666666666667,2368.350086268013,2687.200000000013,3,0.0,-795.3926027969924,-637.8999999999924,6.5,8.5,1.0
BDL,COCHINSHIP,1e-12,6.5688583e-07,0.00051259739,6.3743849,50000.0,False,,,9,1725.6614979000424,2202.2000000000426,44.44444444444444,6,66.66666666666667,2806.36975049202,3125.60000000002,3,0.0,-1080.7082525919777,-923.3999999999776,6.5,9.0,0.0
BDL,COCHINSHIP,1e-12,6.5688583e-07,0.00051259739,6.3743849,50000.0,False,,,9,2001.8634305630646,2478.500000000064,44.44444444444444,6,66.66666666666667,2867.2108336600377,3186.4000000000374,3,0.0,-865.3474030969733,-707.8999999999733,6.5,9.0,0.5
BDL,COCHINSHIP,1e-12,6.5688583e-07,0.00051259739,6.3743849,50000.0,False,,,9,2084.626879951019,2561.300000000019,44.44444444444444,6,66.66666666666667,2880.019482748011,3199.200000000011,3,0.0,-795.3926027969924,-637.8999999999924,6.5,9.0,1.0
BDL,COCHINSHIP,1e-12,6.5688583e-07,0.00051259739,6.3743849,50000.0,False,,,9,1743.6498751200124,2220.2000000000126,44.44444444444444,6,66.66666666666667,2824.35812771199,3143.59999999999,3,0.0,-1080.7082525919777,-923.3999999999776,6.5,9.5,0.0
BDL,COCHINSHIP,1e-12,6.5688583e-07,0.00051259739,6.3743849,50000.0,False,,,9,1639.097823293046,2115.5000000000464,33.333333333333336,6,50.0,2504.4452263900193,2823.4000000000196,3,0.0,-865.3474030969733,-707.8999999999733,6.5,9.5,0.5
BDL,COCHINSHIP,1e-12,6.5688583e-07,0.00051259739,6.3743849,50000.0,False,,,9,1721.861272681001,2198.300000000001,33.333333333333336,6,50.0,2517.2538754779935,2836.1999999999935,3,0.0,-795.3926027969924,-637.8999999999924,6.5,9.5,1.0
BDL,COCHINSHIP,1e-12,6.5688583e-07,0.00051259739,6.3743849,50000.0,False,,,9,3946.327638103988,4422.5999999999885,55.55555555555556,6,66.66666666666667,3739.7666573519937,4059.5999999999935,3,33.333333333333336,206.56098075199475,362.99999999999477,6.5,10.0,0.0
BDL,COCHINSHIP,1e-12,6.5688583e-07,0.00051259739,6.3743849,50000.0,False,,,9,3761.721529477022,4237.900000000022,44.44444444444444,6,50.0,3419.8537560300233,3739.4000000000233,3,33.333333333333336,341.8677734469991,498.4999999999991,6.5,10.0,0.5
BDL,COCHINSHIP,1e-12,6.5688583e-07,0.00051259739,6.3743849,50000.0,False,,,9,3902.123899761005,4378.300000000005,44.44444444444444,6,50.0,3432.662405117997,3752.199999999997,3,33.333333333333336,469.46149464300765,626.1000000000076,6.5,10.0,1.0
BDL,COCHINSHIP,1e-12,6.5688583e-07,0.00051259739,6.3743849,50000.0,False,,,9,3946.327638103988,4422.5999999999885,55.55555555555556,6,66.66666666666667,3739.7666573519937,4059.5999999999935,3,33.333333333333336,206.56098075199475,362.99999999999477,6.5,10.5,0.0
BDL,COCHINSHIP,1e-12,6.5688583e-07,0.00051259739,6.3743849,50000.0,False,,,9,3761.721529477022,4237.900000000022,44.44444444444444,6,50.0,3419.8537560300233,3739.4000000000233,3,33.333333333333336,341.8677734469991,498.4999999999991,6.5,10.5,0.5
BDL,COCHINSHIP,1e-12,6.5688583e-07,0.00051259739,6.3743849,50000.0,False,,,9,3902.123899761005,4378.300000000005,44.44444444444444,6,50.0,3432.662405117997,3752.199999999997,3,33.333333333333336,469.46149464300765,626.1000000000076,6.5,10.5,1.0
BDL,COCHINSHIP,1e-12,6.5688583e-07,0.00051259739,6.3743849,50000.0,False,,,9,4246.133925103988,4722.599999999988,55.55555555555556,6,66.66666666666667,4039.5729443519936,4359.599999999993,3,33.333333333333336,206.56098075199475,362.99999999999477,6.5,11.0,0.0
BDL,COCHINSHIP,1e-12,6.5688583e-07,0.00051259739,6.3743849,50000.0,False,,,9,4061.5278164770225,4537.900000000022,44.44444444444444,6,50.0,3719.660043030023,4039.4000000000233,3,33.333333333333336,341.8677734469991,498.4999999999991,6.5,11.0,0.5
BDL,COCHINSHIP,1e-12,6.5688583e-07,0.00051259739,6.3743849,50000.0,False,,,9,4201.930186761005,4678.300000000005,44.44444444444444,6,50.0,3732.4686921179973,4052.199999999997,3,33.333333333333336,469.46149464300765,626.1000000000076,6.5,11.0,1.0
BDL,COCHINSHIP,1e-12,6.5688583e-07,0.00051259739,6.3743849,50000.0,False,,,9,4191.769051727973,4668.1999999999725,44.44444444444444,6,50.0,3985.208070975978,4305.199999999978,3,33.333333333333336,206.56098075199475,362.99999999999477,6.5,11.5,0.0
BDL,COCHINSHIP,1e-12,6.5688583e-07,0.00051259739,6.3743849,50000.0,False,,,9,4191.044132461053,4667.500000000053,44.44444444444444,6,50.0,3849.176359014054,4169.000000000054,3,33.333333333333336,341.8677734469991,498.4999999999991,6.5,11.5,0.5
BDL,COCHINSHIP,1e-12,6.5688583e-07,0.00051259739,6.3743849,50000.0,False,,,9,4460.363206155012,4936.900000000012,44.44444444444444,6,50.0,3990.9017115120046,4310.800000000005,3,33.333333333333336,469.46149464300765,626.1000000000076,6.5,11.5,1.0
BDL,COCHINSHIP,1e-12,6.5688583e-07,0.00051259739,6.3743849,50000.0,False,,,9,4191.769051727973,4668.1999999999725,44.44444444444444,6,50.0,3985.208070975978,4305.199999999978,3,33.333333333333336,206.56098075199475,362.99999999999477,6.5,12.0,0.0
BDL,COCHINSHIP,1e-12,6.5688583e-07,0.00051259739,6.3743849,50000.0,False,,,9,4191.044132461053,4667.500000000053,44.44444444444444,6,50.0,3849.176359014054,4169.000000000054,3,33.333333333333336,341.8677734469991,498.4999999999991,6.5,12.0,0.5
BDL,COCHINSHIP,1e-12,6.5688583e-07,0.00051259739,6.3743849,50000.0,False,,,9,4460.363206155012,4936.900000000012,44.44444444444444,6,50.0,3990.9017115120046,4310.800000000005,3,33.333333333333336,469.46149464300765,626.1000000000076,6.5,12.0,1.0
BDL,COCHINSHIP,1e-12,6.5688583e-07,0.00051259739,6.3743849,50000.0,False,,,9,1652.4543700319957,2130.599999999996,33.333333333333336,6,33.333333333333336,1445.893389280001,1767.6000000000013,3,33.333333333333336,206.56098075199475,362.99999999999477,6.5,12.5,0.0
BDL,COCHINSHIP,1e-12,6.5688583e-07,0.00051259739,6.3743849,50000.0,False,,,9,1888.6894588930647,2366.7000000000644,33.333333333333336,6,33.333333333333336,1546.8216854460657,1868.2000000000653,3,33.333333333333336,341.8677734469991,498.4999999999991,6.5,12.5,0.5
BDL,COCHINSHIP,1e-12,6.5688583e-07,0.00051259739,6.3743849,50000.0,False,,,9,2158.008532587024,2636.100000000024,33.333333333333336,6,33.333333333333336,1688.5470379440162,2010.0000000000164,3,33.333333333333336,469.46149464300765,626.1000000000076,6.5,12.5,1.0
BDL,COCHINSHIP,1e-12,6.5688583e-07,0.00051259739,6.3743849,50000.0,False,,,9,1652.4543700319957,2130.599999999996,33.333333333333336,6,33.333333333333336,1445.893389280001,1767.6000000000013,3,33.333333333333336,206.56098075199475,362.99999999999477,6.5,13.0,0.0
BDL,COCHINSHIP,1e-12,6.5688583e-07,0.00051259739,6.3743849,50000.0,False,,,9,1888.6894588930647,2366.7000000000644,33.333333333333336,6,33.333333333333336,1546.8216854460657,1868.2000000000653,3,33.333333333333336,341.8677734469991,498.4999999999991,6.5,13.0,0.5
BDL,COCHINSHIP,1e-12,6.5688583e-07,0.00051259739,6.3743849,50000.0,False,,,9,2158.008532587024,2636.100000000024,33.333333333333336,6,33.333333333333336,1688.5470379440162,2010.0000000000164,3,33.333333333333336,469.46149464300765,626.1000000000076,6.5,13.0,1.0
BDL,COCHINSHIP,1e-12,6.5688583e-07,0.00051259739,6.3743849,50000.0,False,,,9,1652.4543700319957,2130.599999999996,33.333333333333336,6,33.333333333333336,1445.893389280001,1767.6000000000013,3,33.333333333333336,206.56098075199475,362.99999999999477,6.5,13.5,0.0
BDL,COCHINSHIP,1e-12,6.5688583e-07,0.00051259739,6.3743849,50000.0,False,,,9,1888.6894588930647,2366.7000000000644,33.333333333333336,6,33.333333333333336,1546.8216854460657,1868.2000000000653,3,33.333333333333336,341.8677734469991,498.4999999999991,6.5,13.5,0.5
BDL,COCHINSHIP,1e-12,6.5688583e-07,0.00051259739,6.3743849,50000.0,False,,,9,2158.008532587024,2636.100000000024,33.333333333333336,6,33.333333333333336,1688.5470379440162,2010.0000000000164,3,33.333333333333336,469.46149464300765,626.1000000000076,6.5,13.5,1.0
BDL,COCHINSHIP,1e-12,6.5688583e-07,0.00051259739,6.3743849,50000.0,False,,,9,1652.4543700319957,2130.599999999996,33.333333333333336,6,33.333333333333336,1445.893389280001,1767.6000000000013,3,33.333333333333336,206.56098075199475,362.99999999999477,6.5,14.0,0.0
BDL,COCHINSHIP,1e-12,6.5688583e-07,0.00051259739,6.3743849,50000.0,False,,,9,1888.6894588930647,2366.7000000000644,33.333333333333336,6,33.333333333333336,1546.8216854460657,1868.2000000000653,3,33.333333333333336,341.8677734469991,498.4999999999991,6.5,14.0,0.5
BDL,COCHINSHIP,1e-12,6.5688583e-07,0.00051259739,6.3743849,50000.0,False,,,9,2158.008532587024,2636.100000000024,33.333333333333336,6,33.333333333333336,1688.5470379440162,2010.0000000000164,3,33.333333333333336,469.46149464300765,626.1000000000076,6.5,14.0,1.0
BDL,COCHINSHIP,1e-12,6.5688583e-07,0.00051259739,6.3743849,50000.0,False,,,9,1652.4543700319957,2130.599999999996,33.333333333333336,6,33.333333333333336,1445.893389280001,1767.6000000000013,3,33.333333333333336,206.56098075199475,362.99999999999477,6.5,14.5,0.0
BDL,COCHINSHIP,1e-12,6.5688583e-07,0.00051259739,6.3743849,50000.0,False,,,9,1888.6894588930647,2366.7000000000644,33.333333333333336,6,33.333333333333336,1546.8216854460657,1868.2000000000653,3,33.333333333333336,341.8677734469991,498.4999999999991,6.5,14.5,0.5
BDL,COCHINSHIP,1e-12,6.5688583e-07,0.00051259739,6.3743849,50000.0,False,,,9,2158.008532587024,2636.100000000024,33.333333333333336,6,33.333333333333336,1688.5470379440162,2010.0000000000164,3,33.333333333333336,469.46149464300765,626.1000000000076,6.5,14.5,1.0
BDL,COCHINSHIP,1e-12,6.5688583e-07,0.00051259739,6.3743849,50000.0,False,,,9,1652.4543700319957,2130.599999999996,33.333333333333336,6,33.333333333333336,1445.893389280001,1767.6000000000013,3,33.333333333333336,206.56098075199475,362.99999999999477,6.5,15.0,0.0
BDL,COCHINSHIP,1e-12,6.5688583e-07,0.00051259739,6.3743849,50000.0,False,,,9,1888.6894588930647,2366.7000000000644,33.333333333333336,6,33.333333333333336,1546.8216854460657,1868.2000000000653,3,33.333333333333336,341.8677734469991,498.4999999999991,6.5,15.0,0.5
BDL,COCHINSHIP,1e-12,6.5688583e-07,0.00051259739,6.3743849,50000.0,False,,,9,2158.008532587024,2636.100000000024,33.333333333333336,6,33.333333333333336,1688.5470379440162,2010.0000000000164,3,33.333333333333336,469.46149464300765,626.1000000000076,6.5,15.0,1.0
BDL,COCHINSHIP,1e-12,6.5688583e-07,0.00051259739,6.3743849,50000.0,False,,,9,1652.4543700319957,2130.599999999996,33.333333333333336,6,33.333333333333336,1445.893389280001,1767.6000000000013,3,33.333333333333336,206.56098075199475,362.99999999999477,6.5,15.5,0.0
BDL,COCHINSHIP,1e-12,6.5688583e-07,0.00051259739,6.3743849,50000.0,False,,,9,1888.6894588930647,2366.7000000000644,33.333333333333336,6,33.333333333333336,1546.8216854460657,1868.2000000000653,3,33.333333333333336,341.8677734469991,498.4999999999991,6.5,15.5,0.5
BDL,COCHINSHIP,1e-12,6.5688583e-07,0.00051259739,6.3743849,50000.0,False,,,9,2158.008532587024,2636.100000000024,33.333333333333336,6,33.333333333333336,1688.5470379440162,2010.0000000000164,3,33.333333333333336,469.46149464300765,626.1000000000076,6.5,15.5,1.0
BDL,COCHINSHIP,1e-12,6.5688583e-07,0.00051259739,6.3743849,50000.0,False,,,9,1652.4543700319957,2130.599999999996,33.333333333333336,6,33.333333333333336,1445.893389280001,1767.6000000000013,3,33.333333333333336,206.56098075199475,362.99999999999477,6.5,16.0,0.0
BDL,COCHINSHIP,1e-12,6.5688583e-07,0.00051259739,6.3743849,50000.0,False,,,9,1888.6894588930647,2366.7000000000644,33.333333333333336,6,33.333333333333336,1546.8216854460657,1868.2000000000653,3,33.333333333333336,341.8677734469991,498.4999999999991,6.5,16.0,0.5
BDL,COCHINSHIP,1e-12,6.5688583e-07,0.00051259739,6.3743849,50000.0,False,,,9,2158.008532587024,2636.100000000024,33.333333333333336,6,33.333333333333336,1688.5470379440162,2010.0000000000164,3,33.333333333333336,469.46149464300765,626.1000000000076,6.5,16.0,1.0
BDL,COCHINSHIP,1e-12,6.5688583e-07,0.00051259739,6.3743849,50000.0,False,,,9,1652.4543700319957,2130.599999999996,33.333333333333336,6,33.333333333333336,1445.893389280001,1767.6000000000013,3,33.333333333333336,206.56098075199475,362.99999999999477,6.5,16.5,0.0
BDL,COCHINSHIP,1e-12,6.5688583e-07,0.00051259739,6.3743849,50000.0,False,,,9,1888.6894588930647,2366.7000000000644,33.333333333333336,6,33.333333333333336,1546.8216854460657,1868.2000000000653,3,33.333333333333336,341.8677734469991,498.4999999999991,6.5,16.5,0.5
BDL,COCHINSHIP,1e-12,6.5688583e-07,0.00051259739,6.3743849,50000.0,False,,,9,2158.008532587024,2636.100000000024,33.333333333333336,6,33.333333333333336,1688.5470379440162,2010.0000000000164,3,33.333333333333336,469.46149464300765,626.1000000000076,6.5,16.5,1.0
BDL,COCHINSHIP,1e-12,6.5688583e-07,0.00051259739,6.3743849,50000.0,False,,,9,1652.4543700319957,2130.599999999996,33.333333333333336,6,33.333333333333336,1445.893389280001,1767.6000000000013,3,33.333333333333336,206.56098075199475,362.99999999999477,6.5,17.0,0.0
BDL,COCHINSHIP,1e-12,6.5688583e-07,0.00051259739,6.3743849,50000.0,False,,,9,1888.6894588930647,2366.7000000000644,33.333333333333336,6,33.333333333333336,1546.8216854460657,1868.2000000000653,3,33.333333333333336,341.8677734469991,498.4999999999991,6.5,17.0,0.5
BDL,COCHINSHIP,1e-12,6.5688583e-07,0.00051259739,6.3743849,50000.0,False,,,9,2158.008532587024,2636.100000000024,33.333333333333336,6,33.333333333333336,1688.5470379440162,2010.0000000000164,3,33.333333333333336,469.46149464300765,626.1000000000076,6.5,17.0,1.0
BDL,COCHINSHIP,1e-12,6.5688583e-07,0.00051259739,6.3743849,50000.0,False,,,9,1652.4543700319957,2130.599999999996,33.333333333333336,6,33.333333333333336,1445.893389280001,1767.6000000000013,3,33.333333333333336,206.56098075199475,362.99999999999477,6.5,17.5,0.0
BDL,COCHINSHIP,1e-12,6.5688583e-07,0.00051259739,6.3743849,50000.0,False,,,9,1888.6894588930647,2366.7000000000644,33.333333333333336,6,33.333333333333336,1546.8216854460657,1868.2000000000653,3,33.333333333333336,341.8677734469991,498.4999999999991,6.5,17.5,0.5
BDL,COCHINSHIP,1e-12,6.5688583e-07,0.00051259739,6.3743849,50000.0,False,,,9,2158.008532587024,2636.100000000024,33.333333333333336,6,33.333333333333336,1688.5470379440162,2010.0000000000164,3,33.333333333333336,469.46149464300765,626.1000000000076,6.5,17.5,1.0
BDL,COCHINSHIP,1e-12,6.5688583e-07,0.00051259739,6.3743849,50000.0,False,,,9,1652.4543700319957,2130.599999999996,33.333333333333336,6,33.333333333333336,1445.893389280001,1767.6000000000013,3,33.333333333333336,206.56098075199475,362.99999999999477,6.5,18.0,0.0
BDL,COCHINSHIP,1e-12,6.5688583e-07,0.00051259739,6.3743849,50000.0,False,,,9,1888.6894588930647,2366.7000000000644,33.333333333333336,6,33.333333333333336,1546.8216854460657,1868.2000000000653,3,33.333333333333336,341.8677734469991,498.4999999999991,6.5,18.0,0.5
BDL,COCHINSHIP,1e-12,6.5688583e-07,0.00051259739,6.3743849,50000.0,False,,,9,2158.008532587024,2636.100000000024,33.333333333333336,6,33.333333333333336,1688.5470379440162,2010.0000000000164,3,33.333333333333336,469.46149464300765,626.1000000000076,6.5,18.0,1.0
BDL,COCHINSHIP,1e-12,6.5688583e-07,0.00051259739,6.3743849,50000.0,False,,,9,1652.4543700319957,2130.599999999996,33.333333333333336,6,33.333333333333336,1445.893389280001,1767.6000000000013,3,33.333333333333336,206.56098075199475,362.99999999999477,6.5,18.5,0.0
BDL,COCHINSHIP,1e-12,6.5688583e-07,0.00051259739,6.3743849,50000.0,False,,,9,1888.6894588930647,2366.7000000000644,33.333333333333336,6,33.333333333333336,1546.8216854460657,1868.2000000000653,3,33.333333333333336,341.8677734469991,498.4999999999991,6.5,18.5,0.5
BDL,COCHINSHIP,1e-12,6.5688583e-07,0.00051259739,6.3743849,50000.0,False,,,9,2158.008532587024,2636.100000000024,33.333333333333336,6,33.333333333333336,1688.5470379440162,2010.0000000000164,3,33.333333333333336,469.46149464300765,626.1000000000076,6.5,18.5,1.0
BDL,COCHINSHIP,1e-12,6.5688583e-07,0.00051259739,6.3743849,50000.0,False,,,9,1652.4543700319957,2130.599999999996,33.333333333333336,6,33.333333333333336,1445.893389280001,1767.6000000000013,3,33.333333333333336,206.56098075199475,362.99999999999477,6.5,19.0,0.0
BDL,COCHINSHIP,1e-12,6.5688583e-07,0.00051259739,6.3743849,50000.0,False,,,9,1888.6894588930647,2366.7000000000644,33.333333333333336,6,33.333333333333336,1546.8216854460657,1868.2000000000653,3,33.333333333333336,341.8677734469991,498.4999999999991,6.5,19.0,0.5
BDL,COCHINSHIP,1e-12,6.5688583e-07,0.00051259739,6.3743849,50000.0,False,,,9,2158.008532587024,2636.100000000024,33.333333333333336,6,33.333333333333336,1688.5470379440162,2010.0000000000164,3,33.333333333333336,469.46149464300765,626.1000000000076,6.5,19.0,1.0
BDL,COCHINSHIP,1e-12,6.5688583e-07,0.00051259739,6.3743849,50000.0,False,,,9,1051.2428291679755,1528.9999999999757,33.333333333333336,6,33.333333333333336,844.6818484159808,1165.999999999981,3,33.333333333333336,206.56098075199475,362.99999999999477,6.5,19.5,0.0
BDL,COCHINSHIP,1e-12,6.5688583e-07,0.00051259739,6.3743849,50000.0,False,,,9,1431.3849357890515,1909.1000000000513,33.333333333333336,6,33.333333333333336,1089.5171623420524,1410.6000000000522,3,33.333333333333336,341.8677734469991,498.4999999999991,6.5,19.5,0.5
BDL,COCHINSHIP,1e-12,6.5688583e-07,0.00051259739,6.3743849,50000.0,False,,,9,1742.2771479470164,2220.1000000000167,33.333333333333336,6,33.333333333333336,1272.8156533040087,1594.000000000009,3,33.333333333333336,469.46149464300765,626.1000000000076,6.5,19.5,1.0
BDL,COCHINSHIP,1e-12,6.5688583e-07,0.00051259739,6.3743849,50000.0,False,,,9,1051.2428291679755,1528.9999999999757,33.333333333333336,6,33.333333333333336,844.6818484159808,1165.999999999981,3,33.333333333333336,206.56098075199475,362.99999999999477,6.5,20.0,0.0
BDL,COCHINSHIP,1e-12,6.5688583e-07,0.00051259739,6.3743849,50000.0,False,,,9,1431.3849357890515,1909.1000000000513,33.333333333333336,6,33.333333333333336,1089.5171623420524,1410.6000000000522,3,33.333333333333336,341.8677734469991,498.4999999999991,6.5,20.0,0.5
BDL,COCHINSHIP,1e-12,6.5688583e-07,0.00051259739,6.3743849,50000.0,False,,,9,1742.2771479470164,2220.1000000000167,33.333333333333336,6,33.333333333333336,1272.8156533040087,1594.000000000009,3,33.333333333333336,469.46149464300765,626.1000000000076,6.5,20.0,1.0
BDL,COCHINSHIP,1e-12,6.5688583e-07,0.00051259739,6.3743849,50000.0,False,,,9,1051.2428291679755,1528.9999999999757,33.333333333333336,6,33.333333333333336,844.6818484159808,1165.999999999981,3,33.333333333333336,206.56098075199475,362.99999999999477,6.5,20.5,0.0
BDL,COCHINSHIP,1e-12,6.5688583e-07,0.00051259739,6.3743849,50000.0,False,,,9,1431.3849357890515,1909.1000000000513,33.333333333333336,6,33.333333333333336,1089.5171623420524,1410.6000000000522,3,33.333333333333336,341.8677734469991,498.4999999999991,6.5,20.5,0.5
BDL,COCHINSHIP,1e-12,6.5688583e-07,0.00051259739,6.3743849,50000.0,False,,,9,1742.2771479470164,2220.1000000000167,33.333333333333336,6,33.333333333333336,1272.8156533040087,1594.000000000009,3,33.333333333333336,469.46149464300765,626.1000000000076,6.5,20.5,1.0
BDL,COCHINSHIP,1e-12,6.5688583e-07,0.00051259739,6.3743849,50000.0,False,,,9,1051.2428291679755,1528.9999999999757,33.333333333333336,6,33.333333333333336,844.6818484159808,1165.999999999981,3,33.333333333333336,206.56098075199475,362.99999999999477,6.5,21.0,0.0
BDL,COCHINSHIP,1e-12,6.5688583e-07,0.00051259739,6.3743849,50000.0,False,,,9,1431.3849357890515,1909.1000000000513,33.333333333333336,6,33.333333333333336,1089.5171623420524,1410.6000000000522,3,33.333333333333336,341.8677734469991,498.4999999999991,6.5,21.0,0.5
BDL,COCHINSHIP,1e-12,6.5688583e-07,0.00051259739,6.3743849,50000.0,False,,,9,1742.2771479470164,2220.1000000000167,33.333333333333336,6,33.333333333333336,1272.8156533040087,1594.000000000009,3,33.333333333333336,469.46149464300765,626.1000000000076,6.5,21.0,1.0
BDL,COCHINSHIP,1e-12,6.5688583e-07,0.00051259739,6.3743849,50000.0,False,,,9,1051.2428291679755,1528.9999999999757,33.333333333333336,6,33.333333333333336,844.6818484159808,1165.999999999981,3,33.333333333333336,206.56098075199475,362.99999999999477,6.5,21.5,0.0
BDL,COCHINSHIP,1e-12,6.5688583e-07,0.00051259739,6.3743849,50000.0,False,,,9,1431.3849357890515,1909.1000000000513,33.333333333333336,6,33.333333333333336,1089.5171623420524,1410.6000000000522,3,33.333333333333336,341.8677734469991,498.4999999999991,6.5,21.5,0.5
BDL,COCHINSHIP,1e-12,6.5688583e-07,0.00051259739,6.3743849,50000.0,False,,,9,1742.2771479470164,2220.1000000000167,33.333333333333336,6,33.333333333333336,1272.8156533040087,1594.000000000009,3,33.333333333333336,469.46149464300765,626.1000000000076,6.5,21.5,1.0
BDL,COCHINSHIP,1e-12,6.5688583e-07,0.00051259739,6.3743849,50000.0,False,,,9,1051.2428291679755,1528.9999999999757,33.333333333333336,6,33.333333333333336,844.6818484159808,1165.999999999981,3,33.333333333333336,206.56098075199475,362.99999999999477,6.5,22.0,0.0
BDL,COCHINSHIP,1e-12,6.5688583e-07,0.00051259739,6.3743849,50000.0,False,,,9,1431.3849357890515,1909.1000000000513,33.333333333333336,6,33.333333333333336,1089.5171623420524,1410.6000000000522,3,33.333333333333336,341.8677734469991,498.4999999999991,6.5,22.0,0.5
BDL,COCHINSHIP,1e-12,6.5688583e-07,0.00051259739,6.3743849,50000.0,False,,,9,1742.2771479470164,2220.1000000000167,33.333333333333336,6,33.333333333333336,1272.8156533040087,1594.000000000009,3,33.333333333333336,469.46149464300765,626.1000000000076,6.5,22.0,1.0
BDL,COCHINSHIP,1e-12,6.5688583e-07,0.00051259739,6.3743849,50000.0,False,,,9,1051.2428291679755,1528.9999999999757,33.333333333333336,6,33.333333333333336,844.6818484159808,1165.999999999981,3,33.333333333333336,206.56098075199475,362.99999999999477,6.5,22.5,0.0
BDL,COCHINSHIP,1e-12,6.5688583e-07,0.00051259739,6.3743849,50000.0,False,,,9,1431.3849357890515,1909.1000000000513,33.333333333333336,6,33.333333333333336,1089.5171623420524,1410.6000000000522,3,33.333333333333336,341.8677734469991,498.4999999999991,6.5,22.5,0.5
BDL,COCHINSHIP,1e-12,6.5688583e-07,0.00051259739,6.3743849,50000.0,False,,,9,1742.2771479470164,2220.1000000000167,33.333333333333336,6,33.333333333333336,1272.8156533040087,1594.000000000009,3,33.333333333333336,469.46149464300765,626.1000000000076,6.5,22.5,1.0
BDL,COCHINSHIP,1e-12,6.5688583e-07,0.00051259739,6.3743849,50000.0,False,,,9,1051.2428291679755,1528.9999999999757,33.333333333333336,6,33.333333333333336,844.6818484159808,1165.999999999981,3,33.333333333333336,206.56098075199475,362.99999999999477,6.5,23.0,0.0
BDL,COCHINSHIP,1e-12,6.5688583e-07,0.00051259739,6.3743849,50000.0,False,,,9,1431.3849357890515,1909.1000000000513,33.333333333333336,6,33.333333333333336,1089.5171623420524,1410.6000000000522,3,33.333333333333336,341.8677734469991,498.4999999999991,6.5,23.0,0.5
BDL,COCHINSHIP,1e-12,6.5688583e-07,0.00051259739,6.3743849,50000.0,False,,,9,1742.2771479470164,2220.1000000000167,33.333333333333336,6,33.333333333333336,1272.8156533040087,1594.000000000009,3,33.333333333333336,469.46149464300765,626.1000000000076,6.5,23.0,1.0
BDL,COCHINSHIP,1e-12,6.5688583e-07,0.00051259739,6.3743849,50000.0,False,,,9,1051.2428291679755,1528.9999999999757,33.333333333333336,6,33.333333333333336,844.6818484159808,1165.999999999981,3,33.333333333333336,206.56098075199475,362.99999999999477,6.5,23.5,0.0
BDL,COCHINSHIP,1e-12,6.5688583e-07,0.00051259739,6.3743849,50000.0,False,,,9,1431.3849357890515,1909.1000000000513,33.333333333333336,6,33.333333333333336,1089.5171623420524,1410.6000000000522,3,33.333333333333336,341.8677734469991,498.4999999999991,6.5,23.5,0.5
BDL,COCHINSHIP,1e-12,6.5688583e-07,0.00051259739,6.3743849,50000.0,False,,,9,1742.2771479470164,2220.1000000000167,33.333333333333336,6,33.333333333333336,1272.8156533040087,1594.000000000009,3,33.333333333333336,469.46149464300765,626.1000000000076,6.5,23.5,1.0
BDL,COCHINSHIP,1e-12,6.5688583e-07,0.00051259739,6.3743849,50000.0,False,,,9,1051.2428291679755,1528.9999999999757,33.333333333333336,6,33.333333333333336,844.6818484159808,1165.999999999981,3,33.333333333333336,206.56098075199475,362.99999999999477,6.5,24.0,0.0
BDL,COCHINSHIP,1e-12,6.5688583e-07,0.00051259739,6.3743849,50000.0,False,,,9,1431.3849357890515,1909.1000000000513,33.333333333333336,6,33.333333333333336,1089.5171623420524,1410.6000000000522,3,33.333333333333336,341.8677734469991,498.4999999999991,6.5,24.0,0.5
BDL,COCHINSHIP,1e-12,6.5688583e-07,0.00051259739,6.3743849,50000.0,False,,,9,1742.2771479470164,2220.1000000000167,33.333333333333336,6,33.333333333333336,1272.8156533040087,1594.000000000009,3,33.333333333333336,469.46149464300765,626.1000000000076,6.5,24.0,1.0
BDL,COCHINSHIP,1e-12,6.5688583e-07,0.00051259739,6.3743849,50000.0,False,,,9,1051.2428291679755,1528.9999999999757,33.333333333333336,6,33.333333333333336,844.6818484159808,1165.999999999981,3,33.333333333333336,206.56098075199475,362.99999999999477,6.5,24.5,0.0
BDL,COCHINSHIP,1e-12,6.5688583e-07,0.00051259739,6.3743849,50000.0,False,,,9,1431.3849357890515,1909.1000000000513,33.333333333333336,6,33.333333333333336,1089.5171623420524,1410.6000000000522,3,33.333333333333336,341.8677734469991,498.4999999999991,6.5,24.5,0.5
BDL,COCHINSHIP,1e-12,6.5688583e-07,0.00051259739,6.3743849,50000.0,False,,,9,1742.2771479470164,2220.1000000000167,33.333333333333336,6,33.333333333333336,1272.8156533040087,1594.000000000009,3,33.333333333333336,469.46149464300765,626.1000000000076,6.5,24.5,1.0
BDL,COCHINSHIP,1e-12,6.5688583e-07,0.00051259739,6.3743849,50000.0,False,,,9,1051.2428291679755,1528.9999999999757,33.333333333333336,6,33.333333333333336,844.6818484159808,1165.999999999981,3,33.333333333333336,206.56098075199475,362.99999999999477,6.5,25.0,0.0
BDL,COCHINSHIP,1e-12,6.5688583e-07,0.00051259739,6.3743849,50000.0,False,,,9,1431.3849357890515,1909.1000000000513,33.333333333333336,6,33.333333333333336,1089.5171623420524,1410.6000000000522,3,33.333333333333336,341.8677734469991,498.4999999999991,6.5,25.0,0.5
BDL,COCHINSHIP,1e-12,6.5688583e-07,0.00051259739,6.3743849,50000.0,False,,,9,1742.2771479470164,2220.1000000000167,33.333333333333336,6,33.333333333333336,1272.8156533040087,1594.000000000009,3,33.333333333333336,469.46149464300765,626.1000000000076,6.5,25.0,1.0
BDL,COCHINSHIP,1e-12,6.5688583e-07,0.00051259739,6.3743849,50000.0,False,,,9,1051.2428291679755,1528.9999999999757,33.333333333333336,6,33.333333333333336,844.6818484159808,1165.999999999981,3,33.333333333333336,206.56098075199475,362.99999999999477,6.5,25.5,0.0
BDL,COCHINSHIP,1e-12,6.5688583e-07,0.00051259739,6.3743849,50000.0,False,,,9,1431.3849357890515,1909.1000000000513,33.333333333333336,6,33.333333333333336,1089.5171623420524,1410.6000000000522,3,33.333333333333336,341.8677734469991,498.4999999999991,6.5,25.5,0.5
BDL,COCHINSHIP,1e-12,6.5688583e-07,0.00051259739,6.3743849,50000.0,False,,,9,1742.2771479470164,2220.1000000000167,33.333333333333336,6,33.333333333333336,1272.8156533040087,1594.000000000009,3,33.333333333333336,469.46149464300765,626.1000000000076,6.5,25.5,1.0
BDL,COCHINSHIP,1e-12,6.5688583e-07,0.00051259739,6.3743849,50000.0,False,,,9,1051.2428291679755,1528.9999999999757,33.333333333333336,6,33.333333333333336,844.6818484159808,1165.999999999981,3,33.333333333333336,206.56098075199475,362.99999999999477,6.5,26.0,0.0
BDL,COCHINSHIP,1e-12,6.5688583e-07,0.00051259739,6.3743849,50000.0,False,,,9,1431.3849357890515,1909.1000000000513,33.333333333333336,6,33.333333333333336,1089.5171623420524,1410.6000000000522,3,33.333333333333336,341.8677734469991,498.4999999999991,6.5,26.0,0.5
BDL,COCHINSHIP,1e-12,6.5688583e-07,0.00051259739,6.3743849,50000.0,False,,,9,1742.2771479470164,2220.1000000000167,33.333333333333336,6,33.333333333333336,1272.8156533040087,1594.000000000009,3,33.333333333333336,469.46149464300765,626.1000000000076,6.5,26.0,1.0
BDL,COCHINSHIP,1e-12,6.5688583e-07,0.00051259739,6.3743849,50000.0,False,,,9,1051.2428291679755,1528.9999999999757,33.333333333333336,6,33.333333333333336,844.6818484159808,1165.999999999981,3,33.333333333333336,206.56098075199475,362.99999999999477,6.5,26.5,0.0
BDL,COCHINSHIP,1e-12,6.5688583e-07,0.00051259739,6.3743849,50000.0,False,,,9,1431.3849357890515,1909.1000000000513,33.333333333333336,6,33.333333333333336,1089.5171623420524,1410.6000000000522,3,33.333333333333336,341.8677734469991,498.4999999999991,6.5,26.5,0.5
BDL,COCHINSHIP,1e-12,6.5688583e-07,0.00051259739,6.3743849,50000.0,False,,,9,1742.2771479470164,2220.1000000000167,33.333333333333336,6,33.333333333333336,1272.8156533040087,1594.000000000009,3,33.333333333333336,469.46149464300765,626.1000000000076,6.5,26.5,1.0
BDL,COCHINSHIP,1e-12,6.5688583e-07,0.00051259739,6.3743849,50000.0,False,,,9,1051.2428291679755,1528.9999999999757,33.333333333333336,6,33.333333333333336,844.6818484159808,1165.999999999981,3,33.333333333333336,206.56098075199475,362.99999999999477,6.5,27.0,0.0
BDL,COCHINSHIP,1e-12,6.5688583e-07,0.00051259739,6.3743849,50000.0,False,,,9,1431.3849357890515,1909.1000000000513,33.333333333333336,6,33.333333333333336,1089.5171623420524,1410.6000000000522,3,33.333333333333336,341.8677734469991,498.4999999999991,6.5,27.0,0.5
BDL,COCHINSHIP,1e-12,6.5688583e-07,0.00051259739,6.3743849,50000.0,False,,,9,1742.2771479470164,2220.1000000000167,33.333333333333336,6,33.333333333333336,1272.8156533040087,1594.000000000009,3,33.333333333333336,469.46149464300765,626.1000000000076,6.5,27.0,1.0
BDL,COCHINSHIP,1e-12,6.5688583e-07,0.00051259739,6.3743849,50000.0,False,,,9,1051.2428291679755,1528.9999999999757,33.333333333333336,6,33.333333333333336,844.6818484159808,1165.999999999981,3,33.333333333333336,206.56098075199475,362.99999999999477,6.5,27.5,0.0
BDL,COCHINSHIP,1e-12,6.5688583e-07,0.00051259739,6.3743849,50000.0,False,,,9,1431.3849357890515,1909.1000000000513,33.333333333333336,6,33.333333333333336,1089.5171623420524,1410.6000000000522,3,33.333333333333336,341.8677734469991,498.4999999999991,6.5,27.5,0.5
BDL,COCHINSHIP,1e-12,6.5688583e-07,0.00051259739,6.3743849,50000.0,False,,,9,1742.2771479470164,2220.1000000000167,33.333333333333336,6,33.333333333333336,1272.8156533040087,1594.000000000009,3,33.333333333333336,469.46149464300765,626.1000000000076,6.5,27.5,1.0
BDL,COCHINSHIP,1e-12,6.5688583e-07,0.00051259739,6.3743849,50000.0,False,,,9,1051.2428291679755,1528.9999999999757,33.333333333333336,6,33.333333333333336,844.6818484159808,1165.999999999981,3,33.333333333333336,206.56098075199475,362.99999999999477,6.5,28.0,0.0
BDL,COCHINSHIP,1e-12,6.5688583e-07,0.00051259739,6.3743849,50000.0,False,,,9,1431.3849357890515,1909.1000000000513,33.333333333333336,6,33.333333333333336,1089.5171623420524,1410.6000000000522,3,33.333333333333336,341.8677734469991,498.4999999999991,6.5,28.0,0.5
BDL,COCHINSHIP,1e-12,6.5688583e-07,0.00051259739,6.3743849,50000.0,False,,,9,1742.2771479470164,2220.1000000000167,33.333333333333336,6,33.333333333333336,1272.8156533040087,1594.000000000009,3,33.333333333333336,469.46149464300765,626.1000000000076,6.5,28.0,1.0
BDL,COCHINSHIP,1e-12,6.5688583e-07,0.00051259739,6.3743849,50000.0,False,,,9,1051.2428291679755,1528.9999999999757,33.333333333333336,6,33.333333333333336,844.6818484159808,1165.999999999981,3,33.333333333333336,206.56098075199475,362.99999999999477,6.5,28.5,0.0
BDL,COCHINSHIP,1e-12,6.5688583e-07,0.00051259739,6.3743849,50000.0,False,,,9,1431.3849357890515,1909.1000000000513,33.333333333333336,6,33.333333333333336,1089.5171623420524,1410.6000000000522,3,33.333333333333336,341.8677734469991,498.4999999999991,6.5,28.5,0.5
BDL,COCHINSHIP,1e-12,6.5688583e-07,0.00051259739,6.3743849,50000.0,False,,,9,1742.2771479470164,2220.1000000000167,33.333333333333336,6,33.333333333333336,1272.8156533040087,1594.000000000009,3,33.333333333333336,469.46149464300765,626.1000000000076,6.5,28.5,1.0
BDL,COCHINSHIP,1e-12,6.5688583e-07,0.00051259739,6.3743849,50000.0,False,,,9,1051.2428291679755,1528.9999999999757,33.333333333333336,6,33.333333333333336,844.6818484159808,1165.999999999981,3,33.333333333333336,206.56098075199475,362.99999999999477,6.5,29.0,0.0
BDL,COCHINSHIP,1e-12,6.5688583e-07,0.00051259739,6.3743849,50000.0,False,,,9,1431.3849357890515,1909.1000000000513,33.333333333333336,6,33.333333333333336,1089.5171623420524,1410.6000000000522,3,33.333333333333336,341.8677734469991,498.4999999999991,6.5,29.0,0.5
BDL,COCHINSHIP,1e-12,6.5688583e-07,0.00051259739,6.3743849,50000.0,False,,,9,1742.2771479470164,2220.1000000000167,33.333333333333336,6,33.333333333333336,1272.8156533040087,1594.000000000009,3,33.333333333333336,469.46149464300765,626.1000000000076,6.5,29.0,1.0
BDL,COCHINSHIP,1e-12,6.5688583e-07,0.00051259739,6.3743849,50000.0,False,,,9,1051.2428291679755,1528.9999999999757,33.333333333333336,6,33.333333333333336,844.6818484159808,1165.999999999981,3,33.333333333333336,206.56098075199475,362.99999999999477,6.5,29.5,0.0
BDL,COCHINSHIP,1e-12,6.5688583e-07,0.00051259739,6.3743849,50000.0,False,,,9,1431.3849357890515,1909.1000000000513,33.333333333333336,6,33.333333333333336,1089.5171623420524,1410.6000000000522,3,33.333333333333336,341.8677734469991,498.4999999999991,6.5,29.5,0.5
BDL,COCHINSHIP,1e-12,6.5688583e-07,0.00051259739,6.3743849,50000.0,False,,,9,1742.2771479470164,2220.1000000000167,33.333333333333336,6,33.333333333333336,1272.8156533040087,1594.000000000009,3,33.333333333333336,469.46149464300765,626.1000000000076,6.5,29.5,1.0
BDL,COCHINSHIP,1e-12,6.5688583e-07,0.00051259739,6.3743849,50000.0,False,,,9,1051.2428291679755,1528.9999999999757,33.333333333333336,6,33.333333333333336,844.6818484159808,1165.999999999981,3,33.333333333333336,206.56098075199475,362.99999999999477,6.5,30.0,0.0
BDL,COCHINSHIP,1e-12,6.5688583e-07,0.00051259739,6.3743849,50000.0,False,,,9,1431.3849357890515,1909.1000000000513,33.333333333333336,6,33.333333333333336,1089.5171623420524,1410.6000000000522,3,33.333333333333336,341.8677734469991,498.4999999999991,6.5,30.0,0.5
BDL,COCHINSHIP,1e-12,6.5688583e-07,0.00051259739,6.3743849,50000.0,False,,,9,1742.2771479470164,2220.1000000000167,33.333333333333336,6,33.333333333333336,1272.8156533040087,1594.000000000009,3,33.333333333333336,469.46149464300765,626.1000000000076,6.5,30.0,1.0
BDL,COCHINSHIP,1e-12,6.5688583e-07,0.00051259739,6.3743849,50000.0,False,,,8,-82.55440075798865,338.2000000000114,50.0,6,66.66666666666667,502.6827239390077,818.7000000000078,2,0.0,-585.2371246969964,-480.49999999999636,7.0,7.5,0.0
BDL,COCHINSHIP,1e-12,6.5688583e-07,0.00051259739,6.3743849,50000.0,False,,,8,-4.304959850974143,416.5000000000259,50.0,6,66.66666666666667,502.6827239390077,818.7000000000078,2,0.0,-506.9876837899818,-402.19999999998186,7.0,7.5,0.5
BDL,COCHINSHIP,1e-12,6.5688583e-07,0.00051259739,6.3743849,50000.0,False,,,8,-4.304959850974143,416.5000000000259,50.0,6,66.66666666666667,502.6827239390077,818.7000000000078,2,0.0,-506.9876837899818,-402.19999999998186,7.0,7.5,1.0
BDL,COCHINSHIP,1e-12,6.5688583e-07,0.00051259739,6.3743849,50000.0,False,,,8,357.035471196001,777.600000000001,50.0,6,66.66666666666667,942.2725958929974,1258.0999999999974,2,0.0,-585.2371246969964,-480.49999999999636,7.0,8.0,0.0
BDL,COCHINSHIP,1e-12,6.5688583e-07,0.00051259739,6.3743849,50000.0,False,,,8,496.12599527103316,916.700000000033,50.0,6,66.66666666666667,1003.113679061015,1318.9000000000149,2,0.0,-506.9876837899818,-402.19999999998186,7.0,8.0,0.5
BDL,COCHINSHIP,1e-12,6.5688583e-07,0.00051259739,6.3743849,50000.0,False,,,8,508.9346443590068,929.5000000000068,50.0,6,66.66666666666667,1015.9223281489886,1331.6999999999887,2,0.0,-506.9876837899818,-402.19999999998186,7.0,8.0,1.0
BDL,COCHINSHIP,1e-12,6.5688583e-07,0.00051259739,6.3743849,50000.0,False,,,8,826.2323103510404,1247.1000000000406,50.0,6,66.66666666666667,1411.4694350480368,1727.600000000037,2,0.0,-585.2371246969964,-480.49999999999636,7.0,8.5,0.0
BDL,COCHINSHIP,1e-12,6.5688583e-07,0.00051259739,6.3743849,50000.0,False,,,8,965.3228344260724,1386.2000000000726,50.0,6,66.66666666666667,1472.3105182160543,1788.4000000000544,2,0.0,-506.9876837899818,-402.19999999998186,7.0,8.5,0.5
BDL,COCHINSHIP,1e-12,6.5688583e-07,0.00051259739,6.3743849,50000.0,False,,,8,978.1314835140465,1399.0000000000464,50.0,6,66.66666666666667,1485.1191673040285,1801.2000000000282,2,0.0,-506.9876837899818,-402.19999999998186,7.0,8.5,1.0
BDL,COCHINSHIP,1e-12,6.5688583e-07,0.00051259739,6.3743849,50000.0,False,,,8,1325.109971919039,1746.3000000000388,50.0,6,66.66666666666667,1910.3470966160353,2226.800000000035,2,0.0,-585.2371246969964,-480.49999999999636,7.0,9.0,0.0
BDL,COCHINSHIP,1e-12,6.5688583e-07,0.00051259739,6.3743849,50000.0,False,,,8,1464.200495994071,1885.4000000000708,50.0,6,66.66666666666667,1971.1881797840529,2287.6000000000527,2,0.0,-506.9876837899818,-402.19999999998186,7.0,9.0,0.5
BDL,COCHINSHIP,1e-12,6.5688583e-07,0.00051259739,6.3743849,50000.0,False,,,8,1477.0091450820446,1898.2000000000446,50.0,6,66.66666666666667,1983.9968288720265,2300.4000000000265,2,0.0,-506.9876837899818,-402.19999999998186,7.0,9.0,1.0
BDL,COCHINSHIP,1e-12,6.5688583e-07,0.00051259739,6.3743849,50000.0,False,,,8,1343.098349139009,1764.3000000000088,50.0,6,66.66666666666667,1928.3354738360053,2244.800000000005,2,0.0,-585.2371246969964,-480.49999999999636,7.0,9.5,0.0
BDL,COCHINSHIP,1e-12,6.5688583e-07,0.00051259739,6.3743849,50000.0,False,,,8,1101.434888724053,1522.400000000053,37.5,6,50.0,1608.422572514035,1924.600000000035,2,0.0,-506.9876837899818,-402.19999999998186,7.0,9.5,0.5
BDL,COCHINSHIP,1e-12,6.5688583e-07,0.00051259739,6.3743849,50000.0,False,,,8,1114.2435378120267,1535.2000000000269,37.5,6,50.0,1621.2312216020086,1937.4000000000087,2,0.0,-506.9876837899818,-402.19999999998186,7.0,9.5,1.0
BDL,COCHINSHIP,1e-12,6.5688583e-07,0.00051259739,6.3743849,50000.0,False,,,8,3522.890898881985,3943.7999999999847,62.5,6,66.66666666666667,2820.8587902350087,3137.9000000000087,2,50.0,702.0321086469761,805.899999999976,7.0,10.0,0.0
BDL,COCHINSHIP,1e-12,6.5688583e-07,0.00051259739,6.3743849,50000.0,False,,,8,3201.173381667029,3621.9000000000287,50.0,6,50.0,2500.9458889130383,2817.7000000000385,2,50.0,700.2274927539904,804.1999999999905,7.0,10.0,0.5
BDL,COCHINSHIP,1e-12,6.5688583e-07,0.00051259739,6.3743849,50000.0,False,,,8,3271.6209516510307,3692.30000000003,50.0,6,50.0,2513.7545380010124,2830.5000000000123,2,50.0,757.8664136500181,861.8000000000181,7.0,10.0,1.0
BDL,COCHINSHIP,1e-12,6.5688583e-07,0.00051259739,6.3743849,50000.0,False,,,8,3522.890898881985,3943.7999999999847,62.5,6,66.66666666666667,2820.8587902350087,3137.9000000000087,2,50.0,702.0321086469761,805.899999999976,7.0,10.5,0.0
BDL,COCHINSHIP,1e-12,6.5688583e-07,0.00051259739,6.3743849,50000.0,False,,,8,3201.173381667029,3621.9000000000287,50.0,6,50.0,2500.9458889130383,2817.7000000000385,2,50.0,700.2274927539904,804.1999999999905,7.0,10.5,0.5
BDL,COCHINSHIP,1e-12,6.5688583e-07,0.00051259739,6.3743849,50000.0,False,,,8,3271.6209516510307,3692.30000000003,50.0,6,50.0,2513.7545380010124,2830.5000000000123,2,50.0,757.8664136500181,861.8000000000181,7.0,10.5,1.0
BDL,COCHINSHIP,1e-12,6.5688583e-07,0.00051259739,6.3743849,50000.0,False,,,8,3815.202028706985,4236.299999999985,62.5,6,66.66666666666667,3113.1699200600087,3430.4000000000087,2,50.0,702.0321086469761,805.899999999976,7.0,11.0,0.0
BDL,COCHINSHIP,1e-12,6.5688583e-07,0.00051259739,6.3743849,50000.0,False,,,8,3493.4845114920295,3914.4000000000287,50.0,6,50.0,2793.257018738039,3110.200000000038,2,50.0,700.2274927539904,804.1999999999905,7.0,11.0,0.5
BDL,COCHINSHIP,1e-12,6.5688583e-07,0.00051259739,6.3743849,50000.0,False,,,8,3563.9320814760304,3984.80000000003,50.0,6,50.0,2806.065667826012,3123.000000000012,2,50.0,757.8664136500181,861.8000000000181,7.0,11.0,1.0
BDL,COCHINSHIP,1e-12,6.5688583e-07,0.00051259739,6.3743849,50000.0,False,,,8,3766.63341021297,4187.69999999997,50.0,6,50.0,3064.6013015659937,3381.799999999994,2,50.0,702.0321086469761,805.899999999976,7.0,11.5,0.0
BDL,COCHINSHIP,1e-12,6.5688583e-07,0.00051259739,6.3743849,50000.0,False,,,8,3623.600440050059,4044.6000000000586,37.5,6,33.333333333333336,2923.3729472960686,3240.400000000068,2,50.0,700.2274927539904,804.1999999999905,7.0,11.5,0.5
BDL,COCHINSHIP,1e-12,6.5688583e-07,0.00051259739,6.3743849,50000.0,False,,,8,3819.666844287038,4240.700000000038,37.5,6,33.333333333333336,3061.80043063702,3378.9000000000196,2,50.0,757.8664136500181,861.8000000000181,7.0,11.5,1.0
BDL,COCHINSHIP,1e-12,6.5688583e-07,0.00051259739,6.3743849,50000.0,False,,,8,3766.63341021297,4187.69999999997,50.0,6,50.0,3064.6013015659937,3381.799999999994,2,50.0,702.0321086469761,805.899999999976,7.0,12.0,0.0
BDL,COCHINSHIP,1e-12,6.5688583e-07,0.00051259739,6.3743849,50000.0,False,,,8,3623.600440050059,4044.6000000000586,37.5,6,33.333333333333336,2923.3729472960686,3240.400000000068,2,50.0,700.2274927539904,804.1999999999905,7.0,12.0,0.5
BDL,COCHINSHIP,1e-12,6.5688583e-07,0.00051259739,6.3743849,50000.0,False,,,8,3819.666844287038,4240.700000000038,37.5,6,33.333333333333336,3061.80043063702,3378.9000000000196,2,50.0,757.8664136500181,861.8000000000181,7.0,12.0,1.0
BDL,COCHINSHIP,1e-12,6.5688583e-07,0.00051259739,6.3743849,50000.0,False,,,8,1227.3187285169934,1650.099999999993,37.5,6,33.333333333333336,525.2866198700171,844.2000000000171,2,50.0,702.0321086469761,805.899999999976,7.0,12.5,0.0
BDL,COCHINSHIP,1e-12,6.5688583e-07,0.00051259739,6.3743849,50000.0,False,,,8,1321.2457664820706,1743.8000000000704,25.0,6,16.666666666666668,621.0182737280802,939.60000000008,2,50.0,700.2274927539904,804.1999999999905,7.0,12.5,0.5
BDL,COCHINSHIP,1e-12,6.5688583e-07,0.00051259739,6.3743849,50000.0,False,,,8,1517.3121707190496,1939.9000000000494,25.0,6,16.666666666666668,759.4457570690315,1078.1000000000313,2,50.0,757.8664136500181,861.8000000000181,7.0,12.5,1.0
BDL,COCHINSHIP,1e-12,6.5688583e-07,0.00051259739,6.3743849,50000.0,False,,,8,1227.3187285169934,1650.099999999993,37.5,6,33.333333333333336,525.2866198700171,844.2000000000171,2,50.0,702.0321086469761,805.899999999976,7.0,13.0,0.0
BDL,COCHINSHIP,1e-12,6.5688583e-07,0.00051259739,6.3743849,50000.0,False,,,8,1321.2457664820706,1743.8000000000704,25.0,6,16.666666666666668,621.0182737280802,939.60000000008,2,50.0,700.2274927539904,804.1999999999905,7.0,13.0,0.5
BDL,COCHINSHIP,1e-12,6.5688583e-07,0.00051259739,6.3743849,50000.0,False,,,8,1517.3121707190496,1939.9000000000494,25.0,6,16.666666666666668,759.4457570690315,1078.1000000000313,2,50.0,757.8664136500181,861.8000000000181,7.0,13.0,1.0
BDL,COCHINSHIP,1e-12,6.5688583e-07,0.00051259739,6.3743849,50000.0,False,,,8,1227.3187285169934,1650.099999999993,37.5,6,33.333333333333336,525.2866198700171,844.2000000000171,2,50.0,702.0321086469761,805.899999999976,7.0,13.5,0.0
BDL,COCHINSHIP,1e-12,6.5688583e-07,0.00051259739,6.3743849,50000.0,False,,,8,1321.2457664820706,1743.8000000000704,25.0,6,16.666666666666668,621.0182737280802,939.60000000008,2,50.0,700.2274927539904,804.1999999999905,7.0,13.5,0.5
BDL,COCHINSHIP,1e-12,6.5688583e-07,0.00051259739,6.3743849,50000.0,False,,,8,1517.3121707190496,1939.9000000000494,25.0,6,16.666666666666668,759.4457570690315,1078.1000000000313,2,50.0,757.8664136500181,861.8000000000181,7.0,13.5,1.0
BDL,COCHINSHIP,1e-12,6.5688583e-07,0.00051259739,6.3743849,50000.0,False,,,8,1227.3187285169934,1650.099999999993,37.5,6,33.333333333333336,525.2866198700171,844.2000000000171,2,50.0,702.0321086469761,805.899999999976,7.0,14.0,0.0
BDL,COCHINSHIP,1e-12,6.5688583e-07,0.00051259739,6.3743849,50000.0,False,,,8,1321.2457664820706,1743.8000000000704,25.0,6,16.666666666666668,621.0182737280802,939.60000000008,2,50.0,700.2274927539904,804.1999999999905,7.0,14.0,0.5
BDL,COCHINSHIP,1e-12,6.5688583e-07,0.00051259739,6.3743849,50000.0,False,,,8,1517.3121707190496,1939.9000000000494,25.0,6,16.666666666666668,759.4457570690315,1078.1000000000313,2,50.0,757.8664136500181,861.8000000000181,7.0,14.0,1.0
BDL,COCHINSHIP,1e-12,6.5688583e-07,0.00051259739,6.3743849,50000.0,False,,,8,1227.3187285169934,1650.099999999993,37.5,6,33.333333333333336,525.2866198700171,844.2000000000171,2,50.0,702.0321086469761,805.899999999976,7.0,14.5,0.0
BDL,COCHINSHIP,1e-12,6.5688583e-07,0.00051259739,6.3743849,50000.0,False,,,8,1321.2457664820706,1743.8000000000704,25.0,6,16.666666666666668,621.0182737280802,939.60000000008,2,50.0,700.2274927539904,804.1999999999905,7.0,14.5,0.5
BDL,COCHINSHIP,1e-12,6.5688583e-07,0.00051259739,6.3743849,50000.0,False,,,8,1517.3121707190496,1939.9000000000494,25.0,6,16.666666666666668,759.4457570690315,1078.1000000000313,2,50.0,757.8664136500181,861.8000000000181,7.0,14.5,1.0
BDL,COCHINSHIP,1e-12,6.5688583e-07,0.00051259739,6.3743849,50000.0,False,,,8,1227.3187285169934,1650.099999999993,37.5,6,33.333333333333336,525.2866198700171,844.2000000000171,2,50.0,702.0321086469761,805.899999999976,7.0,15.0,0.0
BDL,COCHINSHIP,1e-12,6.5688583e-07,0.00051259739,6.3743849,50000.0,False,,,8,1321.2457664820706,1743.8000000000704,25.0,6,16.666666666666668,621.0182737280802,939.60000000008,2,50.0,700.2274927539904,804.1999999999905,7.0,15.0,0.5
BDL,COCHINSHIP,1e-12,6.5688583e-07,0.00051259739,6.3743849,50000.0,False,,,8,1517.3121707190496,1939.9000000000494,25.0,6,16.666666666666668,759.4457570690315,1078.1000000000313,2,50.0,757.8664136500181,861.8000000000181,7.0,15.0,1.0
BDL,COCHINSHIP,1e-12,6.5688583e-07,0.00051259739,6.3743849,50000.0,False,,,8,1227.3187285169934,1650.099999999993,37.5,6,33.333333333333336,525.2866198700171,844.2000000000171,2,50.0,702.0321086469761,805.899999999976,7.0,15.5,0.0
BDL,COCHINSHIP,1e-12,6.5688583e-07,0.00051259739,6.3743849,50000.0,False,,,8,1321.2457664820706,1743.8000000000704,25.0,6,16.666666666666668,621.0182737280802,939.60000000008,2,50.0,700.2274927539904,804.1999999999905,7.0,15.5,0.5
BDL,COCHINSHIP,1e-12,6.5688583e-07,0.00051259739,6.3743849,50000.0,False,,,8,1517.3121707190496,1939.9000000000494,25.0,6,16.666666666666668,759.4457570690315,1078.1000000000313,2,50.0,757.8664136500181,861.8000000000181,7.0,15.5,1.0
BDL,COCHINSHIP,1e-12,6.5688583e-07,0.00051259739,6.3743849,50000.0,False,,,8,1227.3187285169934,1650.099999999993,37.5,6,33.333333333333336,525.2866198700171,844.2000000000171,2,50.0,702.0321086469761,805.899999999976,7.0,16.0,0.0
BDL,COCHINSHIP,1e-12,6.5688583e-07,0.00051259739,6.3743849,50000.0,False,,,8,1321.2457664820706,1743.8000000000704,25.0,6,16.666666666666668,621.0182737280802,939.60000000008,2,50.0,700.2274927539904,804.1999999999905,7.0,16.0,0.5
BDL,COCHINSHIP,1e-12,6.5688583e-07,0.00051259739,6.3743849,50000.0,False,,,8,1517.3121707190496,1939.9000000000494,25.0,6,16.666666666666668,759.4457570690315,1078.1000000000313,2,50.0,757.8664136500181,861.8000000000181,7.0,16.0,1.0
BDL,COCHINSHIP,1e-12,6.5688583e-07,0.00051259739,6.3743849,50000.0,False,,,8,1227.3187285169934,1650.099999999993,37.5,6,33.333333333333336,525.2866198700171,844.2000000000171,2,50.0,702.0321086469761,805.899999999976,7.0,16.5,0.0
BDL,COCHINSHIP,1e-12,6.5688583e-07,0.00051259739,6.3743849,50000.0,False,,,8,1321.2457664820706,1743.8000000000704,25.0,6,16.666666666666668,621.0182737280802,939.60000000008,2,50.0,700.2274927539904,804.1999999999905,7.0,16.5,0.5
BDL,COCHINSHIP,1e-12,6.5688583e-07,0.00051259739,6.3743849,50000.0,False,,,8,1517.3121707190496,1939.9000000000494,25.0,6,16.666666666666668,759.4457570690315,1078.1000000000313,2,50.0,757.8664136500181,861.8000000000181,7.0,16.5,1.0
BDL,COCHINSHIP,1e-12,6.5688583e-07,0.00051259739,6.3743849,50000.0,False,,,8,1227.3187285169934,1650.099999999993,37.5,6,33.333333333333336,525.2866198700171,844.2000000000171,2,50.0,702.0321086469761,805.899999999976,7.0,17.0,0.0
BDL,COCHINSHIP,1e-12,6.5688583e-07,0.00051259739,6.3743849,50000.0,False,,,8,1321.2457664820706,1743.8000000000704,25.0,6,16.666666666666668,621.0182737280802,939.60000000008,2,50.0,700.2274927539904,804.1999999999905,7.0,17.0,0.5
BDL,COCHINSHIP,1e-12,6.5688583e-07,0.00051259739,6.3743849,50000.0,False,,,8,1517.3121707190496,1939.9000000000494,25.0,6,16.666666666666668,759.4457570690315,1078.1000000000313,2,50.0,757.8664136500181,861.8000000000181,7.0,17.0,1.0
BDL,COCHINSHIP,1e-12,6.5688583e-07,0.00051259739,6.3743849,50000.0,False,,,8,1227.3187285169934,1650.099999999993,37.5,6,33.333333333333336,525.2866198700171,844.2000000000171,2,50.0,702.0321086469761,805.899999999976,7.0,17.5,0.0
BDL,COCHINSHIP,1e-12,6.5688583e-07,0.00051259739,6.3743849,50000.0,False,,,8,1321.2457664820706,1743.8000000000704,25.0,6,16.666666666666668,621.0182737280802,939.60000000008,2,50.0,700.2274927539904,804.1999999999905,7.0,17.5,0.5
BDL,COCHINSHIP,1e-12,6.5688583e-07,0.00051259739,6.3743849,50000.0,False,,,8,1517.3121707190496,1939.9000000000494,25.0,6,16.666666666666668,759.4457570690315,1078.1000000000313,2,50.0,757.8664136500181,861.8000000000181,7.0,17.5,1.0
BDL,COCHINSHIP,1e-12,6.5688583e-07,0.00051259739,6.3743849,50000.0,False,,,8,1227.3187285169934,1650.099999999993,37.5,6,33.333333333333336,525.2866198700171,844.2000000000171,2,50.0,702.0321086469761,805.899999999976,7.0,18.0,0.0
BDL,COCHINSHIP,1e-12,6.5688583e-07,0.00051259739,6.3743849,50000.0,False,,,8,1321.2457664820706,1743.8000000000704,25.0,6,16.666666666666668,621.0182737280802,939.60000000008,2,50.0,700.2274927539904,804.1999999999905,7.0,18.0,0.5
BDL,COCHINSHIP,1e-12,6.5688583e-07,0.00051259739,6.3743849,50000.0,False,,,8,1517.3121707190496,1939.9000000000494,25.0,6,16.666666666666668,759.4457570690315,1078.1000000000313,2,50.0,757.8664136500181,861.8000000000181,7.0,18.0,1.0
BDL,COCHINSHIP,1e-12,6.5688583e-07,0.00051259739,6.3743849,50000.0,False,,,8,1227.3187285169934,1650.099999999993,37.5,6,33.333333333333336,525.2866198700171,844.2000000000171,2,50.0,702.0321086469761,805.899999999976,7.0,18.5,0.0
BDL,COCHINSHIP,1e-12,6.5688583e-07,0.00051259739,6.3743849,50000.0,False,,,8,1321.2457664820706,1743.8000000000704,25.0,6,16.666666666666668,621.0182737280802,939.60000000008,2,50.0,700.2274927539904,804.1999999999905,7.0,18.5,0.5
BDL,COCHINSHIP,1e-12,6.5688583e-07,0.00051259739,6.3743849,50000.0,False,,,8,1517.3121707190496,1939.9000000000494,25.0,6,16.666666666666668,759.4457570690315,1078.1000000000313,2,50.0,757.8664136500181,861.8000000000181,7.0,18.5,1.0
BDL,COCHINSHIP,1e-12,6.5688583e-07,0.00051259739,6.3743849,50000.0,False,,,8,1227.3187285169934,1650.099999999993,37.5,6,33.333333333333336,525.2866198700171,844.2000000000171,2,50.0,702.0321086469761,805.899999999976,7.0,19.0,0.0
BDL,COCHINSHIP,1e-12,6.5688583e-07,0.00051259739,6.3743849,50000.0,False,,,8,1321.2457664820706,1743.8000000000704,25.0,6,16.666666666666668,621.0182737280802,939.60000000008,2,50.0,700.2274927539904,804.1999999999905,7.0,19.0,0.5
BDL,COCHINSHIP,1e-12,6.5688583e-07,0.00051259739,6.3743849,50000.0,False,,,8,1517.3121707190496,1939.9000000000494,25.0,6,16.666666666666668,759.4457570690315,1078.1000000000313,2,50.0,757.8664136500181,861.8000000000181,7.0,19.0,1.0
BDL,COCHINSHIP,1e-12,6.5688583e-07,0.00051259739,6.3743849,50000.0,False,,,8,626.1071876529726,1048.4999999999727,37.5,6,33.333333333333336,-75.92492099400351,242.59999999999673,2,50.0,702.0321086469761,805.899999999976,7.0,19.5,0.0
BDL,COCHINSHIP,1e-12,6.5688583e-07,0.00051259739,6.3743849,50000.0,False,,,8,863.9412433780574,1286.2000000000573,25.0,6,16.666666666666668,163.71375062406696,482.00000000006685,2,50.0,700.2274927539904,804.1999999999905,7.0,19.5,0.5
BDL,COCHINSHIP,1e-12,6.5688583e-07,0.00051259739,6.3743849,50000.0,False,,,8,1101.5807860790421,1523.9000000000422,25.0,6,16.666666666666668,343.714372429024,662.100000000024,2,50.0,757.8664136500181,861.8000000000181,7.0,19.5,1.0
BDL,COCHINSHIP,1e-12,6.5688583e-07,0.00051259739,6.3743849,50000.0,False,,,8,626.1071876529726,1048.4999999999727,37.5,6,33.333333333333336,-75.92492099400351,242.59999999999673,2,50.0,702.0321086469761,805.899999999976,7.0,20.0,0.0
BDL,COCHINSHIP,1e-12,6.5688583e-07,0.00051259739,6.3743849,50000.0,False,,,8,863.9412433780574,1286.2000000000573,25.0,6,16.666666666666668,163.71375062406696,482.00000000006685,2,50.0,700.2274927539904,804.1999999999905,7.0,20.0,0.5
BDL,COCHINSHIP,1e-12,6.5688583e-07,0.00051259739,6.3743849,50000.0,False,,,8,1101.5807860790421,1523.9000000000422,25.0,6,16.666666666666668,343.714372429024,662.100000000024,2,50.0,757.8664136500181,861.8000000000181,7.0,20.0,1.0
BDL,COCHINSHIP,1e-12,6.5688583e-07,0.00051259739,6.3743849,50000.0,False,,,8,626.1071876529726,1048.4999999999727,37.5,6,33.333333333333336,-75.92492099400351,242.59999999999673,2,50.0,702.0321086469761,805.899999999976,7.0,20.5,0.0
BDL,COCHINSHIP,1e-12,6.5688583e-07,0.00051259739,6.3743849,50000.0,False,,,8,863.9412433780574,1286.2000000000573,25.0,6,16.666666666666668,163.71375062406696,482.00000000006685,2,50.0,700.2274927539904,804.1999999999905,7.0,20.5,0.5
BDL,COCHINSHIP,1e-12,6.5688583e-07,0.00051259739,6.3743849,50000.0,False,,,8,1101.5807860790421,1523.9000000000422,25.0,6,16.666666666666668,343.714372429024,662.100000000024,2,50.0,757.8664136500181,861.8000000000181,7.0,20.5,1.0
BDL,COCHINSHIP,1e-12,6.5688583e-07,0.00051259739,6.3743849,50000.0,False,,,8,626.1071876529726,1048.4999999999727,37.5,6,33.333333333333336,-75.92492099400351,242.59999999999673,2,50.0,702.0321086469761,805.899999999976,7.0,21.0,0.0
BDL,COCHINSHIP,1e-12,6.5688583e-07,0.00051259739,6.3743849,50000.0,False,,,8,863.9412433780574,1286.2000000000573,25.0,6,16.666666666666668,163.71375062406696,482.00000000006685,2,50.0,700.2274927539904,804.1999999999905,7.0,21.0,0.5
BDL,COCHINSHIP,1e-12,6.5688583e-07,0.00051259739,6.3743849,50000.0,False,,,8,1101.5807860790421,1523.9000000000422,25.0,6,16.666666666666668,343.714372429024,662.100000000024,2,50.0,757.8664136500181,861.8000000000181,7.0,21.0,1.0
BDL,COCHINSHIP,1e-12,6.5688583e-07,0.00051259739,6.3743849,50000.0,False,,,8,626.1071876529726,1048.4999999999727,37.5,6,33.333333333333336,-75.92492099400351,242.59999999999673,2,50.0,702.0321086469761,805.899999999976,7.0,21.5,0.0
BDL,COCHINSHIP,1e-12,6.5688583e-07,0.00051259739,6.3743849,50000.0,False,,,8,863.9412433780574,1286.2000000000573,25.0,6,16.666666666666668,163.71375062406696,482.00000000006685,2,50.0,700.2274927539904,804.1999999999905,7.0,21.5,0.5
BDL,COCHINSHIP,1e-12,6.5688583e-07,0.00051259739,6.3743849,50000.0,False,,,8,1101.5807860790421,1523.9000000000422,25.0,6,16.666666666666668,343.714372429024,662.100000000024,2,50.0,757.8664136500181,861.8000000000181,7.0,21.5,1.0
BDL,COCHINSHIP,1e-12,6.5688583e-07,0.00051259739,6.3743849,50000.0,False,,,8,626.1071876529726,1048.4999999999727,37.5,6,33.333333333333336,-75.92492099400351,242.59999999999673,2,50.0,702.0321086469761,805.899999999976,7.0,22.0,0.0
BDL,COCHINSHIP,1e-12,6.5688583e-07,0.00051259739,6.3743849,50000.0,False,,,8,863.9412433780574,1286.2000000000573,25.0,6,16.666666666666668,163.71375062406696,482.00000000006685,2,50.0,700.2274927539904,804.1999999999905,7.0,22.0,0.5
BDL,COCHINSHIP,1e-12,6.5688583e-07,0.00051259739,6.3743849,50000.0,False,,,8,1101.5807860790421,1523.9000000000422,25.0,6,16.666666666666668,343.714372429024,662.100000000024,2,50.0,757.8664136500181,861.8000000000181,7.0,22.0,1.0
BDL,COCHINSHIP,1e-12,6.5688583e-07,0.00051259739,6.3743849,50000.0,False,,,8,626.1071876529726,1048.4999999999727,37.5,6,33.333333333333336,-75.92492099400351,242.59999999999673,2,50.0,702.0321086469761,805.899999999976,7.0,22.5,0.0
BDL,COCHINSHIP,1e-12,6.5688583e-07,0.00051259739,6.3743849,50000.0,False,,,8,863.9412433780574,1286.2000000000573,25.0,6,16.666666666666668,163.71375062406696,482.00000000006685,2,50.0,700.2274927539904,804.1999999999905,7.0,22.5,0.5
BDL,COCHINSHIP,1e-12,6.5688583e-07,0.00051259739,6.3743849,50000.0,False,,,8,1101.5807860790421,1523.9000000000422,25.0,6,16.666666666666668,343.714372429024,662.100000000024,2,50.0,757.8664136500181,861.8000000000181,7.0,22.5,1.0
BDL,COCHINSHIP,1e-12,6.5688583e-07,0.00051259739,6.3743849,50000.0,False,,,8,626.1071876529726,1048.4999999999727,37.5,6,33.333333333333336,-75.92492099400351,242.59999999999673,2,50.0,702.0321086469761,805.899999999976,7.0,23.0,0.0
BDL,COCHINSHIP,1e-12,6.5688583e-07,0.00051259739,6.3743849,50000.0,False,,,8,863.9412433780574,1286.2000000000573,25.0,6,16.666666666666668,163.71375062406696,482.00000000006685,2,50.0,700.2274927539904,804.1999999999905,7.0,23.0,0.5
BDL,COCHINSHIP,1e-12,6.5688583e-07,0.00051259739,6.3743849,50000.0,False,,,8,1101.5807860790421,1523.9000000000422,25.0,6,16.666666666666668,343.714372429024,662.100000000024,2,50.0,757.8664136500181,861.8000000000181,7.0,23.0,1.0
BDL,COCHINSHIP,1e-12,6.5688583e-07,0.00051259739,6.3743849,50000.0,False,,,8,626.1071876529726,1048.4999999999727,37.5,6,33.333333333333336,-75.92492099400351,242.59999999999673,2,50.0,702.0321086469761,805.899999999976,7.0,23.5,0.0
BDL,COCHINSHIP,1e-12,6.5688583e-07,0.00051259739,6.3743849,50000.0,False,,,8,863.9412433780574,1286.2000000000573,25.0,6,16.666666666666668,163.71375062406696,482.00000000006685,2,50.0,700.2274927539904,804.1999999999905,7.0,23.5,0.5
BDL,COCHINSHIP,1e-12,6.5688583e-07,0.00051259739,6.3743849,50000.0,False,,,8,1101.5807860790421,1523.9000000000422,25.0,6,16.666666666666668,343.714372429024,662.100000000024,2,50.0,757.8664136500181,861.8000000000181,7.0,23.5,1.0
BDL,COCHINSHIP,1e-12,6.5688583e-07,0.00051259739,6.3743849,50000.0,False,,,8,626.1071876529726,1048.4999999999727,37.5,6,33.333333333333336,-75.92492099400351,242.59999999999673,2,50.0,702.0321086469761,805.899999999976,7.0,24.0,0.0
BDL,COCHINSHIP,1e-12,6.5688583e-07,0.00051259739,6.3743849,50000.0,False,,,8,863.9412433780574,1286.2000000000573,25.0,6,16.666666666666668,163.71375062406696,482.00000000006685,2,50.0,700.2274927539904,804.1999999999905,7.0,24.0,0.5
BDL,COCHINSHIP,1e-12,6.5688583e-07,0.00051259739,6.3743849,50000.0,False,,,8,1101.5807860790421,1523.9000000000422,25.0,6,16.666666666666668,343.714372429024,662.100000000024,2,50.0,757.8664136500181,861.8000000000181,7.0,24.0,1.0
BDL,COCHINSHIP,1e-12,6.5688583e-07,0.00051259739,6.3743849,50000.0,False,,,8,626.1071876529726,1048.4999999999727,37.5,6,33.333333333333336,-75.92492099400351,242.59999999999673,2,50.0,702.0321086469761,805.899999999976,7.0,24.5,0.0
BDL,COCHINSHIP,1e-12,6.5688583e-07,0.00051259739,6.3743849,50000.0,False,,,8,863.9412433780574,1286.2000000000573,25.0,6,16.666666666666668,163.71375062406696,482.00000000006685,2,50.0,700.2274927539904,804.1999999999905,7.0,24.5,0.5
BDL,COCHINSHIP,1e-12,6.5688583e-07,0.00051259739,6.3743849,50000.0,False,,,8,1101.5807860790421,1523.9000000000422,25.0,6,16.666666666666668,343.714372429024,662.100000000024,2,50.0,757.8664136500181,861.8000000000181,7.0,24.5,1.0
BDL,COCHINSHIP,1e-12,6.5688583e-07,0.00051259739,6.3743849,50000.0,False,,,8,626.1071876529726,1048.4999999999727,37.5,6,33.333333333333336,-75.92492099400351,242.59999999999673,2,50.0,702.0321086469761,805.899999999976,7.0,25.0,0.0
BDL,COCHINSHIP,1e-12,6.5688583e-07,0.00051259739,6.3743849,50000.0,False,,,8,863.9412433780574,1286.2000000000573,25.0,6,16.666666666666668,163.71375062406696,482.00000000006685,2,50.0,700.2274927539904,804.1999999999905,7.0,25.0,0.5
BDL,COCHINSHIP,1e-12,6.5688583e-07,0.00051259739,6.3743849,50000.0,False,,,8,1101.5807860790421,1523.9000000000422,25.0,6,16.666666666666668,343.714372429024,662.100000000024,2,50.0,757.8664136500181,861.8000000000181,7.0,25.0,1.0
BDL,COCHINSHIP,1e-12,6.5688583e-07,0.00051259739,6.3743849,50000.0,False,,,8,626.1071876529726,1048.4999999999727,37.5,6,33.333333333333336,-75.92492099400351,242.59999999999673,2,50.0,702.0321086469761,805.899999999976,7.0,25.5,0.0
BDL,COCHINSHIP,1e-12,6.5688583e-07,0.00051259739,6.3743849,50000.0,False,,,8,863.9412433780574,1286.2000000000573,25.0,6,16.666666666666668,163.71375062406696,482.00000000006685,2,50.0,700.2274927539904,804.1999999999905,7.0,25.5,0.5
BDL,COCHINSHIP,1e-12,6.5688583e-07,0.00051259739,6.3743849,50000.0,False,,,8,1101.5807860790421,1523.9000000000422,25.0,6,16.666666666666668,343.714372429024,662.100000000024,2,50.0,757.8664136500181,861.8000000000181,7.0,25.5,1.0
BDL,COCHINSHIP,1e-12,6.5688583e-07,0.00051259739,6.3743849,50000.0,False,,,8,626.1071876529726,1048.4999999999727,37.5,6,33.333333333333336,-75.92492099400351,242.59999999999673,2,50.0,702.0321086469761,805.899999999976,7.0,26.0,0.0
BDL,COCHINSHIP,1e-12,6.5688583e-07,0.00051259739,6.3743849,50000.0,False,,,8,863.9412433780574,1286.2000000000573,25.0,6,16.666666666666668,163.71375062406696,482.00000000006685,2,50.0,700.2274927539904,804.1999999999905,7.0,26.0,0.5
BDL,COCHINSHIP,1e-12,6.5688583e-07,0.00051259739,6.3743849,50000.0,False,,,8,1101.5807860790421,1523.9000000000422,25.0,6,16.666666666666668,343.714372429024,662.100000000024,2,50.0,757.8664136500181,861.8000000000181,7.0,26.0,1.0
BDL,COCHINSHIP,1e-12,6.5688583e-07,0.00051259739,6.3743849,50000.0,False,,,8,626.1071876529726,1048.4999999999727,37.5,6,33.333333333333336,-75.92492099400351,242.59999999999673,2,50.0,702.0321086469761,805.899999999976,7.0,26.5,0.0
BDL,COCHINSHIP,1e-12,6.5688583e-07,0.00051259739,6.3743849,50000.0,False,,,8,863.9412433780574,1286.2000000000573,25.0,6,16.666666666666668,163.71375062406696,482.00000000006685,2,50.0,700.2274927539904,804.1999999999905,7.0,26.5,0.5
BDL,COCHINSHIP,1e-12,6.5688583e-07,0.00051259739,6.3743849,50000.0,False,,,8,1101.5807860790421,1523.9000000000422,25.0,6,16.666666666666668,343.714372429024,662.100000000024,2,50.0,757.8664136500181,861.8000000000181,7.0,26.5,1.0
BDL,COCHINSHIP,1e-12,6.5688583e-07,0.00051259739,6.3743849,50000.0,False,,,8,626.1071876529726,1048.4999999999727,37.5,6,33.333333333333336,-75.92492099400351,242.59999999999673,2,50.0,702.0321086469761,805.899999999976,7.0,27.0,0.0
BDL,COCHINSHIP,1e-12,6.5688583e-07,0.00051259739,6.3743849,50000.0,False,,,8,863.9412433780574,1286.2000000000573,25.0,6,16.666666666666668,163.71375062406696,482.00000000006685,2,50.0,700.2274927539904,804.1999999999905,7.0,27.0,0.5
BDL,COCHINSHIP,1e-12,6.5688583e-07,0.00051259739,6.3743849,50000.0,False,,,8,1101.5807860790421,1523.9000000000422,25.0,6,16.666666666666668,343.714372429024,662.100000000024,2,50.0,757.8664136500181,861.8000000000181,7.0,27.0,1.0
BDL,COCHINSHIP,1e-12,6.5688583e-07,0.00051259739,6.3743849,50000.0,False,,,8,626.1071876529726,1048.4999999999727,37.5,6,33.333333333333336,-75.92492099400351,242.59999999999673,2,50.0,702.0321086469761,805.899999999976,7.0,27.5,0.0
BDL,COCHINSHIP,1e-12,6.5688583e-07,0.00051259739,6.3743849,50000.0,False,,,8,863.9412433780574,1286.2000000000573,25.0,6,16.666666666666668,163.71375062406696,482.00000000006685,2,50.0,700.2274927539904,804.1999999999905,7.0,27.5,0.5
BDL,COCHINSHIP,1e-12,6.5688583e-07,0.00051259739,6.3743849,50000.0,False,,,8,1101.5807860790421,1523.9000000000422,25.0,6,16.666666666666668,343.714372429024,662.100000000024,2,50.0,757.8664136500181,861.8000000000181,7.0,27.5,1.0
BDL,COCHINSHIP,1e-12,6.5688583e-07,0.00051259739,6.3743849,50000.0,False,,,8,626.1071876529726,1048.4999999999727,37.5,6,33.333333333333336,-75.92492099400351,242.59999999999673,2,50.0,702.0321086469761,805.899999999976,7.0,28.0,0.0
BDL,COCHINSHIP,1e-12,6.5688583e-07,0.00051259739,6.3743849,50000.0,False,,,8,863.9412433780574,1286.2000000000573,25.0,6,16.666666666666668,163.71375062406696,482.00000000006685,2,50.0,700.2274927539904,804.1999999999905,7.0,28.0,0.5
BDL,COCHINSHIP,1e-12,6.5688583e-07,0.00051259739,6.3743849,50000.0,False,,,8,1101.5807860790421,1523.9000000000422,25.0,6,16.666666666666668,343.714372429024,662.100000000024,2,50.0,757.8664136500181,861.8000000000181,7.0,28.0,1.0
BDL,COCHINSHIP,1e-12,6.5688583e-07,0.00051259739,6.3743849,50000.0,False,,,8,626.1071876529726,1048.4999999999727,37.5,6,33.333333333333336,-75.92492099400351,242.59999999999673,2,50.0,702.0321086469761,805.899999999976,7.0,28.5,0.0
BDL,COCHINSHIP,1e-12,6.5688583e-07,0.00051259739,6.3743849,50000.0,False,,,8,863.9412433780574,1286.2000000000573,25.0,6,16.666666666666668,163.71375062406696,482.00000000006685,2,50.0,700.2274927539904,804.1999999999905,7.0,28.5,0.5
BDL,COCHINSHIP,1e-12,6.5688583e-07,0.00051259739,6.3743849,50000.0,False,,,8,1101.5807860790421,1523.9000000000422,25.0,6,16.666666666666668,343.714372429024,662.100000000024,2,50.0,757.8664136500181,861.8000000000181,7.0,28.5,1.0
BDL,COCHINSHIP,1e-12,6.5688583e-07,0.00051259739,6.3743849,50000.0,False,,,8,626.1071876529726,1048.4999999999727,37.5,6,33.333333333333336,-75.92492099400351,242.59999999999673,2,50.0,702.0321086469761,805.899999999976,7.0,29.0,0.0
BDL,COCHINSHIP,1e-12,6.5688583e-07,0.00051259739,6.3743849,50000.0,False,,,8,863.9412433780574,1286.2000000000573,25.0,6,16.666666666666668,163.71375062406696,482.00000000006685,2,50.0,700.2274927539904,804.1999999999905,7.0,29.0,0.5
BDL,COCHINSHIP,1e-12,6.5688583e-07,0.00051259739,6.3743849,50000.0,False,,,8,1101.5807860790421,1523.9000000000422,25.0,6,16.666666666666668,343.714372429024,662.100000000024,2,50.0,757.8664136500181,861.8000000000181,7.0,29.0,1.0
BDL,COCHINSHIP,1e-12,6.5688583e-07,0.00051259739,6.3743849,50000.0,False,,,8,626.1071876529726,1048.4999999999727,37.5,6,33.333333333333336,-75.92492099400351,242.59999999999673,2,50.0,702.0321086469761,805.899999999976,7.0,29.5,0.0
BDL,COCHINSHIP,1e-12,6.5688583e-07,0.00051259739,6.3743849,50000.0,False,,,8,863.9412433780574,1286.2000000000573,25.0,6,16.666666666666668,163.71375062406696,482.00000000006685,2,50.0,700.2274927539904,804.1999999999905,7.0,29.5,0.5
BDL,COCHINSHIP,1e-12,6.5688583e-07,0.00051259739,6.3743849,50000.0,False,,,8,1101.5807860790421,1523.9000000000422,25.0,6,16.666666666666668,343.714372429024,662.100000000024,2,50.0,757.8664136500181,861.8000000000181,7.0,29.5,1.0
BDL,COCHINSHIP,1e-12,6.5688583e-07,0.00051259739,6.3743849,50000.0,False,,,8,626.1071876529726,1048.4999999999727,37.5,6,33.333333333333336,-75.92492099400351,242.59999999999673,2,50.0,702.0321086469761,805.899999999976,7.0,30.0,0.0
BDL,COCHINSHIP,1e-12,6.5688583e-07,0.00051259739,6.3743849,50000.0,False,,,8,863.9412433780574,1286.2000000000573,25.0,6,16.666666666666668,163.71375062406696,482.00000000006685,2,50.0,700.2274927539904,804.1999999999905,7.0,30.0,0.5
BDL,COCHINSHIP,1e-12,6.5688583e-07,0.00051259739,6.3743849,50000.0,False,,,8,1101.5807860790421,1523.9000000000422,25.0,6,16.666666666666668,343.714372429024,662.100000000024,2,50.0,757.8664136500181,861.8000000000181,7.0,30.0,1.0
BDL,COCHINSHIP,1e-12,6.5688583e-07,0.00051259739,6.3743849,50000.0,False,,,7,653.1370051730163,1021.3000000000163,57.142857142857146,6,66.66666666666667,788.7333769489916,1104.4999999999916,1,0.0,-135.59637177597526,-83.19999999997526,7.5,8.0,0.0
BDL,COCHINSHIP,1e-12,6.5688583e-07,0.00051259739,6.3743849,50000.0,False,,,7,713.9780883410339,1082.1000000000338,57.142857142857146,6,66.66666666666667,849.5744601170092,1165.300000000009,1,0.0,-135.59637177597526,-83.19999999997526,7.5,8.0,0.5
BDL,COCHINSHIP,1e-12,6.5688583e-07,0.00051259739,6.3743849,50000.0,False,,,7,726.7867374290075,1094.9000000000076,57.142857142857146,6,66.66666666666667,862.3831092049828,1178.0999999999829,1,0.0,-135.59637177597526,-83.19999999997526,7.5,8.0,1.0
BDL,COCHINSHIP,1e-12,6.5688583e-07,0.00051259739,6.3743849,50000.0,False,,,7,1122.3338443280556,1490.800000000056,57.142857142857146,6,66.66666666666667,1257.930216104031,1574.0000000000312,1,0.0,-135.59637177597526,-83.19999999997526,7.5,8.5,0.0
BDL,COCHINSHIP,1e-12,6.5688583e-07,0.00051259739,6.3743849,50000.0,False,,,7,1183.1749274960732,1551.6000000000734,57.142857142857146,6,66.66666666666667,1318.7712992720485,1634.8000000000486,1,0.0,-135.59637177597526,-83.19999999997526,7.5,8.5,0.5
BDL,COCHINSHIP,1e-12,6.5688583e-07,0.00051259739,6.3743849,50000.0,False,,,7,1195.9835765840471,1564.4000000000472,57.142857142857146,6,66.66666666666667,1331.5799483600224,1647.6000000000224,1,0.0,-135.59637177597526,-83.19999999997526,7.5,8.5,1.0
BDL,COCHINSHIP,1e-12,6.5688583e-07,0.00051259739,6.3743849,50000.0,False,,,7,1621.2115058960542,1990.0000000000541,57.142857142857146,6,66.66666666666667,1756.8078776720295,2073.2000000000294,1,0.0,-135.59637177597526,-83.19999999997526,7.5,9.0,0.0
BDL,COCHINSHIP,1e-12,6.5688583e-07,0.00051259739,6.3743849,50000.0,False,,,7,1682.0525890640718,2050.8000000000716,57.142857142857146,6,66.66666666666667,1817.648960840047,2134.000000000047,1,0.0,-135.59637177597526,-83.19999999997526,7.5,9.0,0.5
BDL,COCHINSHIP,1e-12,6.5688583e-07,0.00051259739,6.3743849,50000.0,False,,,7,1694.8612381520454,2063.6000000000454,57.142857142857146,6,66.66666666666667,1830.4576099280207,2146.8000000000206,1,0.0,-135.59637177597526,-83.19999999997526,7.5,9.0,1.0
BDL,COCHINSHIP,1e-12,6.5688583e-07,0.00051259739,6.3743849,50000.0,False,,,7,1639.1998831160242,2008.000000000024,57.142857142857146,6,66.66666666666667,1774.7962548919995,2091.1999999999994,1,0.0,-135.59637177597526,-83.19999999997526,7.5,9.5,0.0
BDL,COCHINSHIP,1e-12,6.5688583e-07,0.00051259739,6.3743849,50000.0,False,,,7,1319.2869817940539,1687.8000000000538,42.857142857142854,6,50.0,1454.8833535700292,1771.000000000029,1,0.0,-135.59637177597526,-83.19999999997526,7.5,9.5,0.5
BDL,COCHINSHIP,1e-12,6.5688583e-07,0.00051259739,6.3743849,50000.0,False,,,7,1332.0956308820275,1700.6000000000276,42.857142857142854,6,50.0,1467.6920026580028,1783.800000000003,1,0.0,-135.59637177597526,-83.19999999997526,7.5,9.5,1.0
BDL,COCHINSHIP,1e-12,6.5688583e-07,0.00051259739,6.3743849,50000.0,False,,,7,3818.992432859,4187.5,71.42857142857143,6,66.66666666666667,2667.319571291003,2984.300000000003,1,100.0,1151.6728615679972,1203.199999999997,7.5,10.0,0.0
BDL,COCHINSHIP,1e-12,6.5688583e-07,0.00051259739,6.3743849,50000.0,False,,,7,3419.02547473703,3787.3000000000297,57.142857142857146,6,50.0,2347.406669969033,2664.1000000000327,1,100.0,1071.618804767997,1123.199999999997,7.5,10.0,0.5
BDL,COCHINSHIP,1e-12,6.5688583e-07,0.00051259739,6.3743849,50000.0,False,,,7,3489.473044721031,3857.700000000031,57.142857142857146,6,50.0,2360.215319057006,2676.9000000000065,1,100.0,1129.2577256640247,1180.8000000000247,7.5,10.0,1.0
BDL,COCHINSHIP,1e-12,6.5688583e-07,0.00051259739,6.3743849,50000.0,False,,,7,3818.992432859,4187.5,71.42857142857143,6,66.66666666666667,2667.319571291003,2984.300000000003,1,100.0,1151.6728615679972,1203.199999999997,7.5,10.5,0.0
BDL,COCHINSHIP,1e-12,6.5688583e-07,0.00051259739,6.3743849,50000.0,False,,,7,3419.02547473703,3787.3000000000297,57.142857142857146,6,50.0,2347.406669969033,2664.1000000000327,1,100.0,1071.618804767997,1123.199999999997,7.5,10.5,0.5
BDL,COCHINSHIP,1e-12,6.5688583e-07,0.00051259739,6.3743849,50000.0,False,,,7,3489.473044721031,3857.700000000031,57.142857142857146,6,50.0,2360.215319057006,2676.9000000000065,1,100.0,1129.2577256640247,1180.8000000000247,7.5,10.5,1.0
BDL,COCHINSHIP,1e-12,6.5688583e-07,0.00051259739,6.3743849,50000.0,False,,,7,4111.303562684,4480.0,71.42857142857143,6,66.66666666666667,2959.630701116003,3276.800000000003,1,100.0,1151.6728615679972,1203.199999999997,7.5,11.0,0.0
BDL,COCHINSHIP,1e-12,6.5688583e-07,0.00051259739,6.3743849,50000.0,False,,,7,3711.3366045620296,4079.8000000000293,57.142857142857146,6,50.0,2639.7177997940325,2956.600000000032,1,100.0,1071.618804767997,1123.199999999997,7.5,11.0,0.5
BDL,COCHINSHIP,1e-12,6.5688583e-07,0.00051259739,6.3743849,50000.0,False,,,7,3781.7841745460314,4150.200000000031,57.142857142857146,6,50.0,2652.5264488820067,2969.400000000006,1,100.0,1129.2577256640247,1180.8000000000247,7.5,11.0,1.0
BDL,COCHINSHIP,1e-12,6.5688583e-07,0.00051259739,6.3743849,50000.0,False,,,7,4062.734944189985,4431.399999999985,57.142857142857146,6,50.0,2911.062082621988,3228.199999999988,1,100.0,1151.6728615679972,1203.199999999997,7.5,11.5,0.0
BDL,COCHINSHIP,1e-12,6.5688583e-07,0.00051259739,6.3743849,50000.0,False,,,7,3841.45253312006,4210.000000000059,42.857142857142854,6,33.333333333333336,2769.8337283520627,3086.800000000062,1,100.0,1071.618804767997,1123.199999999997,7.5,11.5,0.5
BDL,COCHINSHIP,1e-12,6.5688583e-07,0.00051259739,6.3743849,50000.0,False,,,7,4037.518937357039,4406.100000000039,42.857142857142854,6,33.333333333333336,2908.261211693014,3225.300000000014,1,100.0,1129.2577256640247,1180.8000000000247,7.5,11.5,1.0
BDL,COCHINSHIP,1e-12,6.5688583e-07,0.00051259739,6.3743849,50000.0,False,,,7,4062.734944189985,4431.399999999985,57.142857142857146,6,50.0,2911.062082621988,3228.199999999988,1,100.0,1151.6728615679972,1203.199999999997,7.5,12.0,0.0
BDL,COCHINSHIP,1e-12,6.5688583e-07,0.00051259739,6.3743849,50000.0,False,,,7,3841.45253312006,4210.000000000059,42.857142857142854,6,33.333333333333336,2769.8337283520627,3086.800000000062,1,100.0,1071.618804767997,1123.199999999997,7.5,12.0,0.5
BDL,COCHINSHIP,1e-12,6.5688583e-07,0.00051259739,6.3743849,50000.0,False,,,7,4037.518937357039,4406.100000000039,42.857142857142854,6,33.333333333333336,2908.261211693014,3225.300000000014,1,100.0,1129.2577256640247,1180.8000000000247,7.5,12.0,1.0
BDL,COCHINSHIP,1e-12,6.5688583e-07,0.00051259739,6.3743849,50000.0,False,,,7,1523.4202624940085,1893.8000000000084,42.857142857142854,6,33.333333333333336,371.7474009260113,690.6000000000113,1,100.0,1151.6728615679972,1203.199999999997,7.5,12.5,0.0
BDL,COCHINSHIP,1e-12,6.5688583e-07,0.00051259739,6.3743849,50000.0,False,,,7,1539.0978595520714,1909.2000000000712,28.571428571428573,6,16.666666666666668,467.4790547840744,786.0000000000741,1,100.0,1071.618804767997,1123.199999999997,7.5,12.5,0.5
BDL,COCHINSHIP,1e-12,6.5688583e-07,0.00051259739,6.3743849,50000.0,False,,,7,1735.1642637890504,2105.30000000005,28.571428571428573,6,16.666666666666668,605.9065381250257,924.5000000000255,1,100.0,1129.2577256640247,1180.8000000000247,7.5,12.5,1.0
BDL,COCHINSHIP,1e-12,6.5688583e-07,0.00051259739,6.3743849,50000.0,False,,,7,1523.4202624940085,1893.8000000000084,42.857142857142854,6,33.333333333333336,371.7474009260113,690.6000000000113,1,100.0,1151.6728615679972,1203.199999999997,7.5,13.0,0.0
BDL,COCHINSHIP,1e-12,6.5688583e-07,0.00051259739,6.3743849,50000.0,False,,,7,1539.0978595520714,1909.2000000000712,28.571428571428573,6,16.666666666666668,467.4790547840744,786.0000000000741,1,100.0,1071.618804767997,1123.199999999997,7.5,13.0,0.5
BDL,COCHINSHIP,1e-12,6.5688583e-07,0.00051259739,6.3743849,50000.0,False,,,7,1735.1642637890504,2105.30000000005,28.571428571428573,6,16.666666666666668,605.9065381250257,924.5000000000255,1,100.0,1129.2577256640247,1180.8000000000247,7.5,13.0,1.0
BDL,COCHINSHIP,1e-12,6.5688583e-07,0.00051259739,6.3743849,50000.0,False,,,7,1523.4202624940085,1893.8000000000084,42.857142857142854,6,33.333333333333336,371.7474009260113,690.6000000000113,1,100.0,1151.6728615679972,1203.199999999997,7.5,13.5,0.0
BDL,COCHINSHIP,1e-12,6.5688583e-07,0.00051259739,6.3743849,50000.0,False,,,7,1539.0978595520714,1909.2000000000712,28.571428571428573,6,16.666666666666668,467.4790547840744,786.0000000000741,1,100.0,1071.618804767997,1123.199999999997,7.5,13.5,0.5
BDL,COCHINSHIP,1e-12,6.5688583e-07,0.00051259739,6.3743849,50000.0,False,,,7,1735.1642637890504,2105.30000000005,28.571428571428573,6,16.666666666666668,605.9065381250257,924.5000000000255,1,100.0,1129.2577256640247,1180.8000000000247,7.5,13.5,1.0
BDL,COCHINSHIP,1e-12,6.5688583e-07,0.00051259739,6.3743849,50000.0,False,,,7,1523.4202624940085,1893.8000000000084,42.857142857142854,6,33.333333333333336,371.7474009260113,690.6000000000113,1,100.0,1151.6728615679972,1203.199999999997,7.5,14.0,0.0
BDL,COCHINSHIP,1e-12,6.5688583e-07,0.00051259739,6.3743849,50000.0,False,,,7,1539.0978595520714,1909.2000000000712,28.571428571428573,6,16.666666666666668,467.4790547840744,786.0000000000741,1,100.0,1071.618804767997,1123.199999999997,7.5,14.0,0.5
BDL,COCHINSHIP,1e-12,6.5688583e-07,0.00051259739,6.3743849,50000.0,False,,,7,1735.1642637890504,2105.30000000005,28.571428571428573,6,16.666666666666668,605.9065381250257,924.5000000000255,1,100.0,1129.2577256640247,1180.8000000000247,7.5,14.0,1.0
BDL,COCHINSHIP,1e-12,6.5688583e-07,0.00051259739,6.3743849,50000.0,False,,,7,1523.4202624940085,1893.8000000000084,42.857142857142854,6,33.333333333333336,371.7474009260113,690.6000000000113,1,100.0,1151.6728615679972,1203.199999999997,7.5,14.5,0.0
BDL,COCHINSHIP,1e-12,6.5688583e-07,0.00051259739,6.3743849,50000.0,False,,,7,1539.0978595520714,1909.2000000000712,28.571428571428573,6,16.666666666666668,467.4790547840744,786.0000000000741,1,100.0,1071.618804767997,1123.199999999997,7.5,14.5,0.5
BDL,COCHINSHIP,1e-12,6.5688583e-07,0.00051259739,6.3743849,50000.0,False,,,7,1735.1642637890504,2105.30000000005,28.571428571428573,6,16.666666666666668,605.9065381250257,924.5000000000255,1,100.0,1129.2577256640247,1180.8000000000247,7.5,14.5,1.0
BDL,COCHINSHIP,1e-12,6.5688583e-07,0.00051259739,6.3743849,50000.0,False,,,7,1523.4202624940085,1893.8000000000084,42.857142857142854,6,33.333333333333336,371.7474009260113,690.6000000000113,1,100.0,1151.6728615679972,1203.199999999997,7.5,15.0,0.0
BDL,COCHINSHIP,1e-12,6.5688583e-07,0.00051259739,6.3743849,50000.0,False,,,7,1539.0978595520714,1909.2000000000712,28.571428571428573,6,16.666666666666668,467.4790547840744,786.0000000000741,1,100.0,1071.618804767997,1123.199999999997,7.5,15.0,0.5
BDL,COCHINSHIP,1e-12,6.5688583e-07,0.00051259739,6.3743849,50000.0,False,,,7,1735.1642637890504,2105.30000000005,28.571428571428573,6,16.666666666666668,605.9065381250257,924.5000000000255,1,100.0,1129.2577256640247,1180.8000000000247,7.5,15.0,1.0
BDL,COCHINSHIP,1e-12,6.5688583e-07,0.00051259739,6.3743849,50000.0,False,,,7,1523.4202624940085,1893.8000000000084,42.857142857142854,6,33.333333333333336,371.7474009260113,690.6000000000113,1,100.0,1151.6728615679972,1203.199999999997,7.5,15.5,0.0
BDL,COCHINSHIP,1e-12,6.5688583e-07,0.00051259739,6.3743849,50000.0,False,,,7,1539.0978595520714,1909.2000000000712,28.571428571428573,6,16.666666666666668,467.4790547840744,786.0000000000741,1,100.0,1071.618804767997,1123.199999999997,7.5,15.5,0.5
BDL,COCHINSHIP,1e-12,6.5688583e-07,0.00051259739,6.3743849,50000.0,False,,,7,1735.1642637890504,2105.30000000005,28.571428571428573,6,16.666666666666668,605.9065381250257,924.5000000000255,1,100.0,1129.2577256640247,1180.8000000000247,7.5,15.5,1.0
BDL,COCHINSHIP,1e-12,6.5688583e-07,0.00051259739,6.3743849,50000.0,False,,,7,1523.4202624940085,1893.8000000000084,42.857142857142854,6,33.333333333333336,371.7474009260113,690.6000000000113,1,100.0,1151.6728615679972,1203.199999999997,7.5,16.0,0.0
BDL,COCHINSHIP,1e-12,6.5688583e-07,0.00051259739,6.3743849,50000.0,False,,,7,1539.0978595520714,1909.2000000000712,28.571428571428573,6,16.666666666666668,467.4790547840744,786.0000000000741,1,100.0,1071.618804767997,1123.199999999997,7.5,16.0,0.5
BDL,COCHINSHIP,1e-12,6.5688583e-07,0.00051259739,6.3743849,50000.0,False,,,7,1735.1642637890504,2105.30000000005,28.571428571428573,6,16.666666666666668,605.9065381250257,924.5000000000255,1,100.0,1129.2577256640247,1180.8000000000247,7.5,16.0,1.0
BDL,COCHINSHIP,1e-12,6.5688583e-07,0.00051259739,6.3743849,50000.0,False,,,7,1523.4202624940085,1893.8000000000084,42.857142857142854,6,33.333333333333336,371.7474009260113,690.6000000000113,1,100.0,1151.6728615679972,1203.199999999997,7.5,16.5,0.0
BDL,COCHINSHIP,1e-12,6.5688583e-07,0.00051259739,6.3743849,50000.0,False,,,7,1539.0978595520714,1909.2000000000712,28.571428571428573,6,16.666666666666668,467.4790547840744,786.0000000000741,1,100.0,1071.618804767997,1123.199999999997,7.5,16.5,0.5
BDL,COCHINSHIP,1e-12,6.5688583e-07,0.00051259739,6.3743849,50000.0,False,,,7,1735.1642637890504,2105.30000000005,28.571428571428573,6,16.666666666666668,605.9065381250257,924.5000000000255,1,100.0,1129.2577256640247,1180.8000000000247,7.5,16.5,1.0
BDL,COCHINSHIP,1e-12,6.5688583e-07,0.00051259739,6.3743849,50000.0,False,,,7,1523.4202624940085,1893.8000000000084,42.857142857142854,6,33.333333333333336,371.7474009260113,690.6000000000113,1,100.0,1151.6728615679972,1203.199999999997,7.5,17.0,0.0
BDL,COCHINSHIP,1e-12,6.5688583e-07,0.00051259739,6.3743849,50000.0,False,,,7,1539.0978595520714,1909.2000000000712,28.571428571428573,6,16.666666666666668,467.4790547840744,786.0000000000741,1,100.0,1071.618804767997,1123.199999999997,7.5,17.0,0.5
BDL,COCHINSHIP,1e-12,6.5688583e-07,0.00051259739,6.3743849,50000.0,False,,,7,1735.1642637890504,2105.30000000005,28.571428571428573,6,16.666666666666668,605.9065381250257,924.5000000000255,1,100.0,1129.2577256640247,1180.8000000000247,7.5,17.0,1.0
BDL,COCHINSHIP,1e-12,6.5688583e-07,0.00051259739,6.3743849,50000.0,False,,,7,1523.4202624940085,1893.8000000000084,42.857142857142854,6,33.333333333333336,371.7474009260113,690.6000000000113,1,100.0,1151.6728615679972,1203.199999999997,7.5,17.5,0.0
BDL,COCHINSHIP,1e-12,6.5688583e-07,0.00051259739,6.3743849,50000.0,False,,,7,1539.0978595520714,1909.2000000000712,28.571428571428573,6,16.666666666666668,467.4790547840744,786.0000000000741,1,100.0,1071.618804767997,1123.199999999997,7.5,17.5,0.5
BDL,COCHINSHIP,1e-12,6.5688583e-07,0.00051259739,6.3743849,50000.0,False,,,7,1735.1642637890504,2105.30000000005,28.571428571428573,6,16.666666666666668,605.9065381250257,924.5000000000255,1,100.0,1129.2577256640247,1180.8000000000247,7.5,17.5,1.0
BDL,COCHINSHIP,1e-12,6.5688583e-07,0.00051259739,6.3743849,50000.0,False,,,7,1523.4202624940085,1893.8000000000084,42.857142857142854,6,33.333333333333336,371.7474009260113,690.6000000000113,1,100.0,1151.6728615679972,1203.199999999997,7.5,18.0,0.0
BDL,COCHINSHIP,1e-12,6.5688583e-07,0.00051259739,6.3743849,50000.0,False,,,7,1539.0978595520714,1909.2000000000712,28.571428571428573,6,16.666666666666668,467.4790547840744,786.0000000000741,1,100.0,1071.618804767997,1123.199999999997,7.5,18.0,0.5
BDL,COCHINSHIP,1e-12,6.5688583e-07,0.00051259739,6.3743849,50000.0,False,,,7,1735.1642637890504,2105.30000000005,28.571428571428573,6,16.666666666666668,605.9065381250257,924.5000000000255,1,100.0,1129.2577256640247,1180.8000000000247,7.5,18.0,1.0
BDL,COCHINSHIP,1e-12,6.5688583e-07,0.00051259739,6.3743849,50000.0,False,,,7,1523.4202624940085,1893.8000000000084,42.857142857142854,6,33.333333333333336,371.7474009260113,690.6000000000113,1,100.0,1151.6728615679972,1203.199999999997,7.5,18.5,0.0
BDL,COCHINSHIP,1e-12,6.5688583e-07,0.00051259739,6.3743849,50000.0,False,,,7,1539.0978595520714,1909.2000000000712,28.571428571428573,6,16.666666666666668,467.4790547840744,786.0000000000741,1,100.0,1071.618804767997,1123.199999999997,7.5,18.5,0.5
BDL,COCHINSHIP,1e-12,6.5688583e-07,0.00051259739,6.3743849,50000.0,False,,,7,1735.1642637890504,2105.30000000005,28.571428571428573,6,16.666666666666668,605.9065381250257,924.5000000000255,1,100.0,1129.2577256640247,1180.8000000000247,7.5,18.5,1.0
BDL,COCHINSHIP,1e-12,6.5688583e-07,0.00051259739,6.3743849,50000.0,False,,,7,1523.4202624940085,1893.8000000000084,42.857142857142854,6,33.333333333333336,371.7474009260113,690.6000000000113,1,100.0,1151.6728615679972,1203.199999999997,7.5,19.0,0.0
BDL,COCHINSHIP,1e-12,6.5688583e-07,0.00051259739,6.3743849,50000.0,False,,,7,1539.0978595520714,1909.2000000000712,28.571428571428573,6,16.666666666666668,467.4790547840744,786.0000000000741,1,100.0,1071.618804767997,1123.199999999997,7.5,19.0,0.5
BDL,COCHINSHIP,1e-12,6.5688583e-07,0.00051259739,6.3743849,50000.0,False,,,7,1735.1642637890504,2105.30000000005,28.571428571428573,6,16.666666666666668,605.9065381250257,924.5000000000255,1,100.0,1129.2577256640247,1180.8000000000247,7.5,19.0,1.0
BDL,COCHINSHIP,1e-12,6.5688583e-07,0.00051259739,6.3743849,50000.0,False,,,7,922.2087216299878,1292.199999999988,42.857142857142854,6,33.333333333333336,-229.46413993800934,88.9999999999909,1,100.0,1151.6728615679972,1203.199999999997,7.5,19.5,0.0
BDL,COCHINSHIP,1e-12,6.5688583e-07,0.00051259739,6.3743849,50000.0,False,,,7,1081.7933364480582,1451.6000000000581,28.571428571428573,6,16.666666666666668,10.174531680061136,328.400000000061,1,100.0,1071.618804767997,1123.199999999997,7.5,19.5,0.5
BDL,COCHINSHIP,1e-12,6.5688583e-07,0.00051259739,6.3743849,50000.0,False,,,7,1319.432879149043,1689.300000000043,28.571428571428573,6,16.666666666666668,190.1751534850182,508.5000000000182,1,100.0,1129.2577256640247,1180.8000000000247,7.5,19.5,1.0
BDL,COCHINSHIP,1e-12,6.5688583e-07,0.00051259739,6.3743849,50000.0,False,,,7,922.2087216299878,1292.199999999988,42.857142857142854,6,33.333333333333336,-229.46413993800934,88.9999999999909,1,100.0,1151.6728615679972,1203.199999999997,7.5,20.0,0.0
BDL,COCHINSHIP,1e-12,6.5688583e-07,0.00051259739,6.3743849,50000.0,False,,,7,1081.7933364480582,1451.6000000000581,28.571428571428573,6,16.666666666666668,10.174531680061136,328.400000000061,1,100.0,1071.618804767997,1123.199999999997,7.5,20.0,0.5
BDL,COCHINSHIP,1e-12,6.5688583e-07,0.00051259739,6.3743849,50000.0,False,,,7,1319.432879149043,1689.300000000043,28.571428571428573,6,16.666666666666668,190.1751534850182,508.5000000000182,1,100.0,1129.2577256640247,1180.8000000000247,7.5,20.0,1.0
BDL,COCHINSHIP,1e-12,6.5688583e-07,0.00051259739,6.3743849,50000.0,False,,,7,922.2087216299878,1292.199999999988,42.857142857142854,6,33.333333333333336,-229.46413993800934,88.9999999999909,1,100.0,1151.6728615679972,1203.199999999997,7.5,20.5,0.0
BDL,COCHINSHIP,1e-12,6.5688583e-07,0.00051259739,6.3743849,50000.0,False,,,7,1081.7933364480582,1451.6000000000581,28.571428571428573,6,16.666666666666668,10.174531680061136,328.400000000061,1,100.0,1071.618804767997,1123.199999999997,7.5,20.5,0.5
BDL,COCHINSHIP,1e-12,6.5688583e-07,0.00051259739,6.3743849,50000.0,False,,,7,1319.432879149043,1689.300000000043,28.571428571428573,6,16.666666666666668,190.1751534850182,508.5000000000182,1,100.0,1129.2577256640247,1180.8000000000247,7.5,20.5,1.0
BDL,COCHINSHIP,1e-12,6.5688583e-07,0.00051259739,6.3743849,50000.0,False,,,7,922.2087216299878,1292.199999999988,42.857142857142854,6,33.333333333333336,-229.46413993800934,88.9999999999909,1,100.0,1151.6728615679972,1203.199999999997,7.5,21.0,0.0
BDL,COCHINSHIP,1e-12,6.5688583e-07,0.00051259739,6.3743849,50000.0,False,,,7,1081.7933364480582,1451.6000000000581,28.571428571428573,6,16.666666666666668,10.174531680061136,328.400000000061,1,100.0,1071.618804767997,1123.199999999997,7.5,21.0,0.5
BDL,COCHINSHIP,1e-12,6.5688583e-07,0.00051259739,6.3743849,50000.0,False,,,7,1319.432879149043,1689.300000000043,28.571428571428573,6,16.666666666666668,190.1751534850182,508.5000000000182,1,100.0,1129.2577256640247,1180.8000000000247,7.5,21.0,1.0
BDL,COCHINSHIP,1e-12,6.5688583e-07,0.00051259739,6.3743849,50000.0,False,,,7,922.2087216299878,1292.199999999988,42.857142857142854,6,33.333333333333336,-229.46413993800934,88.9999999999909,1,100.0,1151.6728615679972,1203.199999999997,7.5,21.5,0.0
BDL,COCHINSHIP,1e-12,6.5688583e-07,0.00051259739,6.3743849,50000.0,False,,,7,1081.7933364480582,1451.6000000000581,28.571428571428573,6,16.666666666666668,10.174531680061136,328.400000000061,1,100.0,1071.618804767997,1123.199999999997,7.5,21.5,0.5
BDL,COCHINSHIP,1e-12,6.5688583e-07,0.00051259739,6.3743849,50000.0,False,,,7,1319.432879149043,1689.300000000043,28.571428571428573,6,16.666666666666668,190.1751534850182,508.5000000000182,1,100.0,1129.2577256640247,1180.8000000000247,7.5,21.5,1.0
BDL,COCHINSHIP,1e-12,6.5688583e-07,0.00051259739,6.3743849,50000.0,False,,,7,922.2087216299878,1292.199999999988,42.857142857142854,6,33.333333333333336,-229.46413993800934,88.9999999999909,1,100.0,1151.6728615679972,1203.199999999997,7.5,22.0,0.0
BDL,COCHINSHIP,1e-12,6.5688583e-07,0.00051259739,6.3743849,50000.0,False,,,7,1081.7933364480582,1451.6000000000581,28.571428571428573,6,16.666666666666668,10.174531680061136,328.400000000061,1,100.0,1071.618804767997,1123.199999999997,7.5,22.0,0.5
BDL,COCHINSHIP,1e-12,6.5688583e-07,0.00051259739,6.3743849,50000.0,False,,,7,1319.432879149043,1689.300000000043,28.571428571428573,6,16.666666666666668,190.1751534850182,508.5000000000182,1,100.0,1129.2577256640247,1180.8000000000247,7.5,22.0,1.0
BDL,COCHINSHIP,1e-12,6.5688583e-07,0.00051259739,6.3743849,50000.0,False,,,7,922.2087216299878,1292.199999999988,42.857142857142854,6,33.333333333333336,-229.46413993800934,88.9999999999909,1,100.0,1151.6728615679972,1203.199999999997,7.5,22.5,0.0
BDL,COCHINSHIP,1e-12,6.5688583e-07,0.00051259739,6.3743849,50000.0,False,,,7,1081.7933364480582,1451.6000000000581,28.571428571428573,6,16.666666666666668,10.174531680061136,328.400000000061,1,100.0,1071.618804767997,1123.199999999997,7.5,22.5,0.5
BDL,COCHINSHIP,1e-12,6.5688583e-07,0.00051259739,6.3743849,50000.0,False,,,7,1319.432879149043,1689.300000000043,28.571428571428573,6,16.666666666666668,190.1751534850182,508.5000000000182,1,100.0,1129.2577256640247,1180.8000000000247,7.5,22.5,1.0
BDL,COCHINSHIP,1e-12,6.5688583e-07,0.00051259739,6.3743849,50000.0,False,,,7,922.2087216299878,1292.199999999988,42.857142857142854,6,33.333333333333336,-229.46413993800934,88.9999999999909,1,100.0,1151.6728615679972,1203.199999999997,7.5,23.0,0.0
BDL,COCHINSHIP,1e-12,6.5688583e-07,0.00051259739,6.3743849,50000.0,False,,,7,1081.7933364480582,1451.6000000000581,28.571428571428573,6,16.666666666666668,10.174531680061136,328.400000000061,1,100.0,1071.618804767997,1123.199999999997,7.5,23.0,0.5
BDL,COCHINSHIP,1e-12,6.5688583e-07,0.00051259739,6.3743849,50000.0,False,,,7,1319.432879149043,1689.300000000043,28.571428571428573,6,16.666666666666668,190.1751534850182,508.5000000000182,1,100.0,1129.2577256640247,1180.8000000000247,7.5,23.0,1.0
BDL,COCHINSHIP,1e-12,6.5688583e-07,0.00051259739,6.3743849,50000.0,False,,,7,922.2087216299878,1292.199999999988,42.857142857142854,6,33.333333333333336,-229.46413993800934,88.9999999999909,1,100.0,1151.6728615679972,1203.199999999997,7.5,23.5,0.0
BDL,COCHINSHIP,1e-12,6.5688583e-07,0.00051259739,6.3743849,50000.0,False,,,7,1081.7933364480582,1451.6000000000581,28.571428571428573,6,16.666666666666668,10.174531680061136,328.400000000061,1,100.0,1071.618804767997,1123.199999999997,7.5,23.5,0.5
BDL,COCHINSHIP,1e-12,6.5688583e-07,0.00051259739,6.3743849,50000.0,False,,,7,1319.432879149043,1689.300000000043,28.571428571428573,6,16.666666666666668,190.1751534850182,508.5000000000182,1,100.0,1129.2577256640247,1180.8000000000247,7.5,23.5,1.0
BDL,COCHINSHIP,1e-12,6.5688583e-07,0.00051259739,6.3743849,50000.0,False,,,7,922.2087216299878,1292.199999999988,42.857142857142854,6,33.333333333333336,-229.46413993800934,88.9999999999909,1,100.0,1151.6728615679972,1203.199999999997,7.5,24.0,0.0
BDL,COCHINSHIP,1e-12,6.5688583e-07,0.00051259739,6.3743849,50000.0,False,,,7,1081.7933364480582,1451.6000000000581,28.571428571428573,6,16.666666666666668,10.174531680061136,328.400000000061,1,100.0,1071.618804767997,1123.199999999997,7.5,24.0,0.5
BDL,COCHINSHIP,1e-12,6.5688583e-07,0.00051259739,6.3743849,50000.0,False,,,7,1319.432879149043,1689.300000000043,28.571428571428573,6,16.666666666666668,190.1751534850182,508.5000000000182,1,100.0,1129.2577256640247,1180.8000000000247,7.5,24.0,1.0
BDL,COCHINSHIP,1e-12,6.5688583e-07,0.00051259739,6.3743849,50000.0,False,,,7,922.2087216299878,1292.199999999988,42.857142857142854,6,33.333333333333336,-229.46413993800934,88.9999999999909,1,100.0,1151.6728615679972,1203.199999999997,7.5,24.5,0.0
BDL,COCHINSHIP,1e-12,6.5688583e-07,0.00051259739,6.3743849,50000.0,False,,,7,1081.7933364480582,1451.6000000000581,28.571428571428573,6,16.666666666666668,10.174531680061136,328.400000000061,1,100.0,1071.618804767997,1123.199999999997,7.5,24.5,0.5
BDL,COCHINSHIP,1e-12,6.5688583e-07,0.00051259739,6.3743849,50000.0,False,,,7,1319.432879149043,1689.300000000043,28.571428571428573,6,16.666666666666668,190.1751534850182,508.5000000000182,1,100.0,1129.2577256640247,1180.8000000000247,7.5,24.5,1.0
BDL,COCHINSHIP,1e-12,6.5688583e-07,0.00051259739,6.3743849,50000.0,False,,,7,922.2087216299878,1292.199999999988,42.857142857142854,6,33.333333333333336,-229.46413993800934,88.9999999999909,1,100.0,1151.6728615679972,1203.199999999997,7.5,25.0,0.0
BDL,COCHINSHIP,1e-12,6.5688583e-07,0.00051259739,6.3743849,50000.0,False,,,7,1081.7933364480582,1451.6000000000581,28.571428571428573,6,16.666666666666668,10.174531680061136,328.400000000061,1,100.0,1071.618804767997,1123.199999999997,7.5,25.0,0.5
BDL,COCHINSHIP,1e-12,6.5688583e-07,0.00051259739,6.3743849,50000.0,False,,,7,1319.432879149043,1689.300000000043,28.571428571428573,6,16.666666666666668,190.1751534850182,508.5000000000182,1,100.0,1129.2577256640247,1180.8000000000247,7.5,25.0,1.0
BDL,COCHINSHIP,1e-12,6.5688583e-07,0.00051259739,6.3743849,50000.0,False,,,7,922.2087216299878,1292.199999999988,42.857142857142854,6,33.333333333333336,-229.46413993800934,88.9999999999909,1,100.0,1151.6728615679972,1203.199999999997,7.5,25.5,0.0
BDL,COCHINSHIP,1e-12,6.5688583e-07,0.00051259739,6.3743849,50000.0,False,,,7,1081.7933364480582,1451.6000000000581,28.571428571428573,6,16.666666666666668,10.174531680061136,328.400000000061,1,100.0,1071.618804767997,1123.199999999997,7.5,25.5,0.5
BDL,COCHINSHIP,1e-12,6.5688583e-07,0.00051259739,6.3743849,50000.0,False,,,7,1319.432879149043,1689.300000000043,28.571428571428573,6,16.666666666666668,190.1751534850182,508.5000000000182,1,100.0,1129.2577256640247,1180.8000000000247,7.5,25.5,1.0
BDL,COCHINSHIP,1e-12,6.5688583e-07,0.00051259739,6.3743849,50000.0,False,,,7,922.2087216299878,1292.199999999988,42.857142857142854,6,33.333333333333336,-229.46413993800934,88.9999999999909,1,100.0,1151.6728615679972,1203.199999999997,7.5,26.0,0.0
BDL,COCHINSHIP,1e-12,6.5688583e-07,0.00051259739,6.3743849,50000.0,False,,,7,1081.7933364480582,1451.6000000000581,28.571428571428573,6,16.666666666666668,10.174531680061136,328.400000000061,1,100.0,1071.618804767997,1123.199999999997,7.5,26.0,0.5
BDL,COCHINSHIP,1e-12,6.5688583e-07,0.00051259739,6.3743849,50000.0,False,,,7,1319.432879149043,1689.300000000043,28.571428571428573,6,16.666666666666668,190.1751534850182,508.5000000000182,1,100.0,1129.2577256640247,1180.8000000000247,7.5,26.0,1.0
BDL,COCHINSHIP,1e-12,6.5688583e-07,0.00051259739,6.3743849,50000.0,False,,,7,922.2087216299878,1292.199999999988,42.857142857142854,6,33.333333333333336,-229.46413993800934,88.9999999999909,1,100.0,1151.6728615679972,1203.199999999997,7.5,26.5,0.0
BDL,COCHINSHIP,1e-12,6.5688583e-07,0.00051259739,6.3743849,50000.0,False,,,7,1081.7933364480582,1451.6000000000581,28.571428571428573,6,16.666666666666668,10.174531680061136,328.400000000061,1,100.0,1071.618804767997,1123.199999999997,7.5,26.5,0.5
BDL,COCHINSHIP,1e-12,6.5688583e-07,0.00051259739,6.3743849,50000.0,False,,,7,1319.432879149043,1689.300000000043,28.571428571428573,6,16.666666666666668,190.1751534850182,508.5000000000182,1,100.0,1129.2577256640247,1180.8000000000247,7.5,26.5,1.0
BDL,COCHINSHIP,1e-12,6.5688583e-07,0.00051259739,6.3743849,50000.0,False,,,7,922.2087216299878,1292.199999999988,42.857142857142854,6,33.333333333333336,-229.46413993800934,88.9999999999909,1,100.0,1151.6728615679972,1203.199999999997,7.5,27.0,0.0
BDL,COCHINSHIP,1e-12,6.5688583e-07,0.00051259739,6.3743849,50000.0,False,,,7,1081.7933364480582,1451.6000000000581,28.571428571428573,6,16.666666666666668,10.174531680061136,328.400000000061,1,100.0,1071.618804767997,1123.199999999997,7.5,27.0,0.5
BDL,COCHINSHIP,1e-12,6.5688583e-07,0.00051259739,6.3743849,50000.0,False,,,7,1319.432879149043,1689.300000000043,28.571428571428573,6,16.666666666666668,190.1751534850182,508.5000000000182,1,100.0,1129.2577256640247,1180.8000000000247,7.5,27.0,1.0
BDL,COCHINSHIP,1e-12,6.5688583e-07,0.00051259739,6.3743849,50000.0,False,,,7,922.2087216299878,1292.199999999988,42.857142857142854,6,33.333333333333336,-229.46413993800934,88.9999999999909,1,100.0,1151.6728615679972,1203.199999999997,7.5,27.5,0.0
BDL,COCHINSHIP,1e-12,6.5688583e-07,0.00051259739,6.3743849,50000.0,False,,,7,1081.7933364480582,1451.6000000000581,28.571428571428573,6,16.666666666666668,10.174531680061136,328.400000000061,1,100.0,1071.618804767997,1123.199999999997,7.5,27.5,0.5
BDL,COCHINSHIP,1e-12,6.5688583e-07,0.00051259739,6.3743849,50000.0,False,,,7,1319.432879149043,1689.300000000043,28.571428571428573,6,16.666666666666668,190.1751534850182,508.5000000000182,1,100.0,1129.2577256640247,1180.8000000000247,7.5,27.5,1.0
BDL,COCHINSHIP,1e-12,6.5688583e-07,0.00051259739,6.3743849,50000.0,False,,,7,922.2087216299878,1292.199999999988,42.857142857142854,6,33.333333333333336,-229.46413993800934,88.9999999999909,1,100.0,1151.6728615679972,1203.199999999997,7.5,28.0,0.0
BDL,COCHINSHIP,1e-12,6.5688583e-07,0.00051259739,6.3743849,50000.0,False,,,7,1081.7933364480582,1451.6000000000581,28.571428571428573,6,16.666666666666668,10.174531680061136,328.400000000061,1,100.0,1071.618804767997,1123.199999999997,7.5,28.0,0.5
BDL,COCHINSHIP,1e-12,6.5688583e-07,0.00051259739,6.3743849,50000.0,False,,,7,1319.432879149043,1689.300000000043,28.571428571428573,6,16.666666666666668,190.1751534850182,508.5000000000182,1,100.0,1129.2577256640247,1180.8000000000247,7.5,28.0,1.0
BDL,COCHINSHIP,1e-12,6.5688583e-07,0.00051259739,6.3743849,50000.0,False,,,7,922.2087216299878,1292.199999999988,42.857142857142854,6,33.333333333333336,-229.46413993800934,88.9999999999909,1,100.0,1151.6728615679972,1203.199999999997,7.5,28.5,0.0
BDL,COCHINSHIP,1e-12,6.5688583e-07,0.00051259739,6.3743849,50000.0,False,,,7,1081.7933364480582,1451.6000000000581,28.571428571428573,6,16.666666666666668,10.174531680061136,328.400000000061,1,100.0,1071.618804767997,1123.199999999997,7.5,28.5,0.5
BDL,COCHINSHIP,1e-12,6.5688583e-07,0.00051259739,6.3743849,50000.0,False,,,7,1319.432879149043,1689.300000000043,28.571428571428573,6,16.666666666666668,190.1751534850182,508.5000000000182,1,100.0,1129.2577256640247,1180.8000000000247,7.5,28.5,1.0
BDL,COCHINSHIP,1e-12,6.5688583e-07,0.00051259739,6.3743849,50000.0,False,,,7,922.2087216299878,1292.199999999988,42.857142857142854,6,33.333333333333336,-229.46413993800934,88.9999999999909,1,100.0,1151.6728615679972,1203.199999999997,7.5,29.0,0.0
BDL,COCHINSHIP,1e-12,6.5688583e-07,0.00051259739,6.3743849,50000.0,False,,,7,1081.7933364480582,1451.6000000000581,28.571428571428573,6,16.666666666666668,10.174531680061136,328.400000000061,1,100.0,1071.618804767997,1123.199999999997,7.5,29.0,0.5
BDL,COCHINSHIP,1e-12,6.5688583e-07,0.00051259739,6.3743849,50000.0,False,,,7,1319.432879149043,1689.300000000043,28.571428571428573,6,16.666666666666668,190.1751534850182,508.5000000000182,1,100.0,1129.2577256640247,1180.8000000000247,7.5,29.0,1.0
BDL,COCHINSHIP,1e-12,6.5688583e-07,0.00051259739,6.3743849,50000.0,False,,,7,922.2087216299878,1292.199999999988,42.857142857142854,6,33.333333333333336,-229.46413993800934,88.9999999999909,1,100.0,1151.6728615679972,1203.199999999997,7.5,29.5,0.0
BDL,COCHINSHIP,1e-12,6.5688583e-07,0.00051259739,6.3743849,50000.0,False,,,7,1081.7933364480582,1451.6000000000581,28.571428571428573,6,16.666666666666668,10.174531680061136,328.400000000061,1,100.0,1071.618804767997,1123.199999999997,7.5,29.5,0.5
BDL,COCHINSHIP,1e-12,6.5688583e-07,0.00051259739,6.3743849,50000.0,False,,,7,1319.432879149043,1689.300000000043,28.571428571428573,6,16.666666666666668,190.1751534850182,508.5000000000182,1,100.0,1129.2577256640247,1180.8000000000247,7.5,29.5,1.0
BDL,COCHINSHIP,1e-12,6.5688583e-07,0.00051259739,6.3743849,50000.0,False,,,7,922.2087216299878,1292.199999999988,42.857142857142854,6,33.333333333333336,-229.46413993800934,88.9999999999909,1,100.0,1151.6728615679972,1203.199999999997,7.5,30.0,0.0
BDL,COCHINSHIP,1e-12,6.5688583e-07,0.00051259739,6.3743849,50000.0,False,,,7,1081.7933364480582,1451.6000000000581,28.571428571428573,6,16.666666666666668,10.174531680061136,328.400000000061,1,100.0,1071.618804767997,1123.199999999997,7.5,30.0,0.5
BDL,COCHINSHIP,1e-12,6.5688583e-07,0.00051259739,6.3743849,50000.0,False,,,7,1319.432879149043,1689.300000000043,28.571428571428573,6,16.666666666666668,190.1751534850182,508.5000000000182,1,100.0,1129.2577256640247,1180.8000000000247,7.5,30.0,1.0
BDL,COCHINSHIP,1e-12,6.5688583e-07,0.00051259739,6.3743849,50000.0,False,,,6,-157.29915442293003,158.30000000006999,50.0,5,60.0,-21.702782646954773,241.50000000004525,1,0.0,-135.59637177597526,-83.19999999997526,8.0,8.5,0.0
BDL,COCHINSHIP,1e-12,6.5688583e-07,0.00051259739,6.3743849,50000.0,False,,,6,-25.384388142922546,290.3000000000775,50.0,5,60.0,110.21198363305271,373.50000000005275,1,0.0,-135.59637177597526,-83.19999999997526,8.0,8.5,0.5
BDL,COCHINSHIP,1e-12,6.5688583e-07,0.00051259739,6.3743849,50000.0,False,,,6,-8.895042357907585,306.8000000000925,50.0,5,60.0,126.70132941806767,390.00000000006776,1,0.0,-135.59637177597526,-83.19999999997526,8.0,8.5,1.0
BDL,COCHINSHIP,1e-12,6.5688583e-07,0.00051259739,6.3743849,50000.0,False,,,6,341.5785071450682,657.5000000000682,50.0,5,60.0,477.1748789210435,740.7000000000435,1,0.0,-135.59637177597526,-83.19999999997526,8.0,9.0,0.0
BDL,COCHINSHIP,1e-12,6.5688583e-07,0.00051259739,6.3743849,50000.0,False,,,6,473.4932734250757,789.5000000000757,50.0,5,60.0,609.089645201051,872.700000000051,1,0.0,-135.59637177597526,-83.19999999997526,8.0,9.0,0.5
BDL,COCHINSHIP,1e-12,6.5688583e-07,0.00051259739,6.3743849,50000.0,False,,,6,489.98261921009066,806.0000000000907,50.0,5,60.0,625.578990986066,889.200000000066,1,0.0,-135.59637177597526,-83.19999999997526,8.0,9.0,1.0
BDL,COCHINSHIP,1e-12,6.5688583e-07,0.00051259739,6.3743849,50000.0,False,,,6,359.5668843650383,675.5000000000382,50.0,5,60.0,495.16325614101356,758.7000000000135,1,0.0,-135.59637177597526,-83.19999999997526,8.0,9.5,0.0
BDL,COCHINSHIP,1e-12,6.5688583e-07,0.00051259739,6.3743849,50000.0,False,,,6,110.72766615505813,426.500000000058,33.333333333333336,5,40.0,246.3240379310334,509.70000000003324,1,0.0,-135.59637177597526,-83.19999999997526,8.0,9.5,0.5
BDL,COCHINSHIP,1e-12,6.5688583e-07,0.00051259739,6.3743849,50000.0,False,,,6,127.21701194007309,443.000000000073,33.333333333333336,5,40.0,262.81338371604835,526.2000000000482,1,0.0,-135.59637177597526,-83.19999999997526,8.0,9.5,1.0
BDL,COCHINSHIP,1e-12,6.5688583e-07,0.00051259739,6.3743849,50000.0,False,,,6,2539.3594341080143,2855.000000000014,66.66666666666667,5,60.0,1387.686572540017,1651.800000000017,1,100.0,1151.6728615679972,1203.199999999997,8.0,10.0,0.0
BDL,COCHINSHIP,1e-12,6.5688583e-07,0.00051259739,6.3743849,50000.0,False,,,6,2210.466159098034,2526.0000000000337,50.0,5,40.0,1138.847354330037,1402.8000000000368,1,100.0,1071.618804767997,1123.199999999997,8.0,10.0,0.5
BDL,COCHINSHIP,1e-12,6.5688583e-07,0.00051259739,6.3743849,50000.0,False,,,6,2284.5944257790766,2600.1000000000768,50.0,5,40.0,1155.3367001150518,1419.3000000000518,1,100.0,1129.2577256640247,1180.8000000000247,8.0,10.0,1.0
BDL,COCHINSHIP,1e-12,6.5688583e-07,0.00051259739,6.3743849,50000.0,False,,,6,2539.3594341080143,2855.000000000014,66.66666666666667,5,60.0,1387.686572540017,1651.800000000017,1,100.0,1151.6728615679972,1203.199999999997,8.0,10.5,0.0
BDL,COCHINSHIP,1e-12,6.5688583e-07,0.00051259739,6.3743849,50000.0,False,,,6,2210.466159098034,2526.0000000000337,50.0,5,40.0,1138.847354330037,1402.8000000000368,1,100.0,1071.618804767997,1123.199999999997,8.0,10.5,0.5
BDL,COCHINSHIP,1e-12,6.5688583e-07,0.00051259739,6.3743849,50000.0,False,,,6,2284.5944257790766,2600.1000000000768,50.0,5,40.0,1155.3367001150518,1419.3000000000518,1,100.0,1129.2577256640247,1180.8000000000247,8.0,10.5,1.0
BDL,COCHINSHIP,1e-12,6.5688583e-07,0.00051259739,6.3743849,50000.0,False,,,6,2831.670563933014,3147.500000000014,66.66666666666667,5,60.0,1679.997702365017,1944.300000000017,1,100.0,1151.6728615679972,1203.199999999997,8.0,11.0,0.0
BDL,COCHINSHIP,1e-12,6.5688583e-07,0.00051259739,6.3743849,50000.0,False,,,6,2502.7772889230337,2818.5000000000337,50.0,5,40.0,1431.1584841550368,1695.3000000000368,1,100.0,1071.618804767997,1123.199999999997,8.0,11.0,0.5
BDL,COCHINSHIP,1e-12,6.5688583e-07,0.00051259739,6.3743849,50000.0,False,,,6,2576.9055556040767,2892.6000000000768,50.0,5,40.0,1447.6478299400517,1711.8000000000518,1,100.0,1129.2577256640247,1180.8000000000247,8.0,11.0,1.0
BDL,COCHINSHIP,1e-12,6.5688583e-07,0.00051259739,6.3743849,50000.0,False,,,6,3759.2712159110038,4075.7000000000035,66.66666666666667,5,60.0,2607.5983543430066,2872.5000000000064,1,100.0,1151.6728615679972,1203.199999999997,8.0,11.5,0.0
BDL,COCHINSHIP,1e-12,6.5688583e-07,0.00051259739,6.3743849,50000.0,False,,,6,3477.1477216730605,3793.5000000000605,50.0,5,40.0,2405.5289169050634,2670.3000000000634,1,100.0,1071.618804767997,1123.199999999997,8.0,11.5,0.5
BDL,COCHINSHIP,1e-12,6.5688583e-07,0.00051259739,6.3743849,50000.0,False,,,6,3660.4054768220662,3976.800000000066,50.0,5,40.0,2531.1477511580415,2796.0000000000414,1,100.0,1129.2577256640247,1180.8000000000247,8.0,11.5,1.0
BDL,COCHINSHIP,1e-12,6.5688583e-07,0.00051259739,6.3743849,50000.0,False,,,6,3759.2712159110038,4075.7000000000035,66.66666666666667,5,60.0,2607.5983543430066,2872.5000000000064,1,100.0,1151.6728615679972,1203.199999999997,8.0,12.0,0.0
BDL,COCHINSHIP,1e-12,6.5688583e-07,0.00051259739,6.3743849,50000.0,False,,,6,3477.1477216730605,3793.5000000000605,50.0,5,40.0,2405.5289169050634,2670.3000000000634,1,100.0,1071.618804767997,1123.199999999997,8.0,12.0,0.5
BDL,COCHINSHIP,1e-12,6.5688583e-07,0.00051259739,6.3743849,50000.0,False,,,6,3660.4054768220662,3976.800000000066,50.0,5,40.0,2531.1477511580415,2796.0000000000414,1,100.0,1129.2577256640247,1180.8000000000247,8.0,12.0,1.0
BDL,COCHINSHIP,1e-12,6.5688583e-07,0.00051259739,6.3743849,50000.0,False,,,6,1219.9565342150267,1538.1000000000267,50.0,5,40.0,68.28367264702956,334.90000000002965,1,100.0,1151.6728615679972,1203.199999999997,8.0,12.5,0.0
BDL,COCHINSHIP,1e-12,6.5688583e-07,0.00051259739,6.3743849,50000.0,False,,,6,1174.793048105072,1492.7000000000721,33.333333333333336,5,20.0,103.17424333707504,369.50000000007503,1,100.0,1071.618804767997,1123.199999999997,8.0,12.5,0.5
BDL,COCHINSHIP,1e-12,6.5688583e-07,0.00051259739,6.3743849,50000.0,False,,,6,1358.050803254078,1676.0000000000778,33.333333333333336,5,20.0,228.79307759005314,495.200000000053,1,100.0,1129.2577256640247,1180.8000000000247,8.0,12.5,1.0
BDL,COCHINSHIP,1e-12,6.5688583e-07,0.00051259739,6.3743849,50000.0,False,,,6,1219.9565342150267,1538.1000000000267,50.0,5,40.0,68.28367264702956,334.90000000002965,1,100.0,1151.6728615679972,1203.199999999997,8.0,13.0,0.0
BDL,COCHINSHIP,1e-12,6.5688583e-07,0.00051259739,6.3743849,50000.0,False,,,6,1174.793048105072,1492.7000000000721,33.333333333333336,5,20.0,103.17424333707504,369.50000000007503,1,100.0,1071.618804767997,1123.199999999997,8.0,13.0,0.5
BDL,COCHINSHIP,1e-12,6.5688583e-07,0.00051259739,6.3743849,50000.0,False,,,6,1358.050803254078,1676.0000000000778,33.333333333333336,5,20.0,228.79307759005314,495.200000000053,1,100.0,1129.2577256640247,1180.8000000000247,8.0,13.0,1.0
BDL,COCHINSHIP,1e-12,6.5688583e-07,0.00051259739,6.3743849,50000.0,False,,,6,1219.9565342150267,1538.1000000000267,50.0,5,40.0,68.28367264702956,334.90000000002965,1,100.0,1151.6728615679972,1203.199999999997,8.0,13.5,0.0
BDL,COCHINSHIP,1e-12,6.5688583e-07,0.00051259739,6.3743849,50000.0,False,,,6,1174.793048105072,1492.7000000000721,33.333333333333336,5,20.0,103.17424333707504,369.50000000007503,1,100.0,1071.618804767997,1123.199999999997,8.0,13.5,0.5
BDL,COCHINSHIP,1e-12,6.5688583e-07,0.00051259739,6.3743849,50000.0,False,,,6,1358.050803254078,1676.0000000000778,33.333333333333336,5,20.0,228.79307759005314,495.200000000053,1,100.0,1129.2577256640247,1180.8000000000247,8.0,13.5,1.0
BDL,COCHINSHIP,1e-12,6.5688583e-07,0.00051259739,6.3743849,50000.0,False,,,6,1219.9565342150267,1538.1000000000267,50.0,5,40.0,68.28367264702956,334.90000000002965,1,100.0,1151.6728615679972,1203.199999999997,8.0,14.0,0.0
BDL,COCHINSHIP,1e-12,6.5688583e-07,0.00051259739,6.3743849,50000.0,False,,,6,1174.793048105072,1492.7000000000721,33.333333333333336,5,20.0,103.17424333707504,369.50000000007503,1,100.0,1071.618804767997,1123.199999999997,8.0,14.0,0.5
BDL,COCHINSHIP,1e-12,6.5688583e-07,0.00051259739,6.3743849,50000.0,False,,,6,1358.050803254078,1676.0000000000778,33.333333333333336,5,20.0,228.79307759005314,495.200000000053,1,100.0,1129.2577256640247,1180.8000000000247,8.0,14.0,1.0
BDL,COCHINSHIP,1e-12,6.5688583e-07,0.00051259739,6.3743849,50000.0,False,,,6,1219.9565342150267,1538.1000000000267,50.0,5,40.0,68.28367264702956,334.90000000002965,1,100.0,1151.6728615679972,1203.199999999997,8.0,14.5,0.0
BDL,COCHINSHIP,1e-12,6.5688583e-07,0.00051259739,6.3743849,50000.0,False,,,6,1174.793048105072,1492.7000000000721,33.333333333333336,5,20.0,103.17424333707504,369.50000000007503,1,100.0,1071.618804767997,1123.199999999997,8.0,14.5,0.5
BDL,COCHINSHIP,1e-12,6.5688583e-07,0.00051259739,6.3743849,50000.0,False,,,6,1358.050803254078,1676.0000000000778,33.333333333333336,5,20.0,228.79307759005314,495.200000000053,1,100.0,1129.2577256640247,1180.8000000000247,8.0,14.5,1.0
BDL,COCHINSHIP,1e-12,6.5688583e-07,0.00051259739,6.3743849,50000.0,False,,,6,1219.9565342150267,1538.1000000000267,50.0,5,40.0,68.28367264702956,334.90000000002965,1,100.0,1151.6728615679972,1203.199999999997,8.0,15.0,0.0
BDL,COCHINSHIP,1e-12,6.5688583e-07,0.00051259739,6.3743849,50000.0,False,,,6,1174.793048105072,1492.7000000000721,33.333333333333336,5,20.0,103.17424333707504,369.50000000007503,1,100.0,1071.618804767997,1123.199999999997,8.0,15.0,0.5
BDL,COCHINSHIP,1e-12,6.5688583e-07,0.00051259739,6.3743849,50000.0,False,,,6,1358.050803254078,1676.0000000000778,33.333333333333336,5,20.0,228.79307759005314,495.200000000053,1,100.0,1129.2577256640247,1180.8000000000247,8.0,15.0,1.0
BDL,COCHINSHIP,1e-12,6.5688583e-07,0.00051259739,6.3743849,50000.0,False,,,6,1219.9565342150267,1538.1000000000267,50.0,5,40.0,68.28367264702956,334.90000000002965,1,100.0,1151.6728615679972,1203.199999999997,8.0,15.5,0.0
BDL,COCHINSHIP,1e-12,6.5688583e-07,0.00051259739,6.3743849,50000.0,False,,,6,1174.793048105072,1492.7000000000721,33.333333333333336,5,20.0,103.17424333707504,369.50000000007503,1,100.0,1071.618804767997,1123.199999999997,8.0,15.5,0.5
BDL,COCHINSHIP,1e-12,6.5688583e-07,0.00051259739,6.3743849,50000.0,False,,,6,1358.050803254078,1676.0000000000778,33.333333333333336,5,20.0,228.79307759005314,495.200000000053,1,100.0,1129.2577256640247,1180.8000000000247,8.0,15.5,1.0
BDL,COCHINSHIP,1e-12,6.5688583e-07,0.00051259739,6.3743849,50000.0,False,,,6,1219.9565342150267,1538.1000000000267,50.0,5,40.0,68.28367264702956,334.90000000002965,1,100.0,1151.6728615679972,1203.199999999997,8.0,16.0,0.0
BDL,COCHINSHIP,1e-12,6.5688583e-07,0.00051259739,6.3743849,50000.0,False,,,6,1174.793048105072,1492.7000000000721,33.333333333333336,5,20.0,103.17424333707504,369.50000000007503,1,100.0,1071.618804767997,1123.199999999997,8.0,16.0,0.5
BDL,COCHINSHIP,1e-12,6.5688583e-07,0.00051259739,6.3743849,50000.0,False,,,6,1358.050803254078,1676.0000000000778,33.333333333333336,5,20.0,228.79307759005314,495.200000000053,1,100.0,1129.2577256640247,1180.8000000000247,8.0,16.0,1.0
BDL,COCHINSHIP,1e-12,6.5688583e-07,0.00051259739,6.3743849,50000.0,False,,,6,1219.9565342150267,1538.1000000000267,50.0,5,40.0,68.28367264702956,334.90000000002965,1,100.0,1151.6728615679972,1203.199999999997,8.0,16.5,0.0
BDL,COCHINSHIP,1e-12,6.5688583e-07,0.00051259739,6.3743849,50000.0,False,,,6,1174.793048105072,1492.7000000000721,33.333333333333336,5,20.0,103.17424333707504,369.50000000007503,1,100.0,1071.618804767997,1123.199999999997,8.0,16.5,0.5
BDL,COCHINSHIP,1e-12,6.5688583e-07,0.00051259739,6.3743849,50000.0,False,,,6,1358.050803254078,1676.0000000000778,33.333333333333336,5,20.0,228.79307759005314,495.200000000053,1,100.0,1129.2577256640247,1180.8000000000247,8.0,16.5,1.0
BDL,COCHINSHIP,1e-12,6.5688583e-07,0.00051259739,6.3743849,50000.0,False,,,6,1219.9565342150267,1538.1000000000267,50.0,5,40.0,68.28367264702956,334.90000000002965,1,100.0,1151.6728615679972,1203.199999999997,8.0,17.0,0.0
BDL,COCHINSHIP,1e-12,6.5688583e-07,0.00051259739,6.3743849,50000.0,False,,,6,1174.793048105072,1492.7000000000721,33.333333333333336,5,20.0,103.17424333707504,369.50000000007503,1,100.0,1071.618804767997,1123.199999999997,8.0,17.0,0.5
BDL,COCHINSHIP,1e-12,6.5688583e-07,0.00051259739,6.3743849,50000.0,False,,,6,1358.050803254078,1676.0000000000778,33.333333333333336,5,20.0,228.79307759005314,495.200000000053,1,100.0,1129.2577256640247,1180.8000000000247,8.0,17.0,1.0
BDL,COCHINSHIP,1e-12,6.5688583e-07,0.00051259739,6.3743849,50000.0,False,,,6,1219.9565342150267,1538.1000000000267,50.0,5,40.0,68.28367264702956,334.90000000002965,1,100.0,1151.6728615679972,1203.199999999997,8.0,17.5,0.0
BDL,COCHINSHIP,1e-12,6.5688583e-07,0.00051259739,6.3743849,50000.0,False,,,6,1174.793048105072,1492.7000000000721,33.333333333333336,5,20.0,103.17424333707504,369.50000000007503,1,100.0,1071.618804767997,1123.199999999997,8.0,17.5,0.5
BDL,COCHINSHIP,1e-12,6.5688583e-07,0.00051259739,6.3743849,50000.0,False,,,6,1358.050803254078,1676.0000000000778,33.333333333333336,5,20.0,228.79307759005314,495.200000000053,1,100.0,1129.2577256640247,1180.8000000000247,8.0,17.5,1.0
BDL,COCHINSHIP,1e-12,6.5688583e-07,0.00051259739,6.3743849,50000.0,False,,,6,1219.9565342150267,1538.1000000000267,50.0,5,40.0,68.28367264702956,334.90000000002965,1,100.0,1151.6728615679972,1203.199999999997,8.0,18.0,0.0
BDL,COCHINSHIP,1e-12,6.5688583e-07,0.00051259739,6.3743849,50000.0,False,,,6,1174.793048105072,1492.7000000000721,33.333333333333336,5,20.0,103.17424333707504,369.50000000007503,1,100.0,1071.618804767997,1123.199999999997,8.0,18.0,0.5
BDL,COCHINSHIP,1e-12,6.5688583e-07,0.00051259739,6.3743849,50000.0,False,,,6,1358.050803254078,1676.0000000000778,33.333333333333336,5,20.0,228.79307759005314,495.200000000053,1,100.0,1129.2577256640247,1180.8000000000247,8.0,18.0,1.0
BDL,COCHINSHIP,1e-12,6.5688583e-07,0.00051259739,6.3743849,50000.0,False,,,6,1219.9565342150267,1538.1000000000267,50.0,5,40.0,68.28367264702956,334.90000000002965,1,100.0,1151.6728615679972,1203.199999999997,8.0,18.5,0.0
BDL,COCHINSHIP,1e-12,6.5688583e-07,0.00051259739,6.3743849,50000.0,False,,,6,1174.793048105072,1492.7000000000721,33.333333333333336,5,20.0,103.17424333707504,369.50000000007503,1,100.0,1071.618804767997,1123.199999999997,8.0,18.5,0.5
BDL,COCHINSHIP,1e-12,6.5688583e-07,0.00051259739,6.3743849,50000.0,False,,,6,1358.050803254078,1676.0000000000778,33.333333333333336,5,20.0,228.79307759005314,495.200000000053,1,100.0,1129.2577256640247,1180.8000000000247,8.0,18.5,1.0
BDL,COCHINSHIP,1e-12,6.5688583e-07,0.00051259739,6.3743849,50000.0,False,,,6,1219.9565342150267,1538.1000000000267,50.0,5,40.0,68.28367264702956,334.90000000002965,1,100.0,1151.6728615679972,1203.199999999997,8.0,19.0,0.0
BDL,COCHINSHIP,1e-12,6.5688583e-07,0.00051259739,6.3743849,50000.0,False,,,6,1174.793048105072,1492.7000000000721,33.333333333333336,5,20.0,103.17424333707504,369.50000000007503,1,100.0,1071.618804767997,1123.199999999997,8.0,19.0,0.5
BDL,COCHINSHIP,1e-12,6.5688583e-07,0.00051259739,6.3743849,50000.0,False,,,6,1358.050803254078,1676.0000000000778,33.333333333333336,5,20.0,228.79307759005314,495.200000000053,1,100.0,1129.2577256640247,1180.8000000000247,8.0,19.0,1.0
BDL,COCHINSHIP,1e-12,6.5688583e-07,0.00051259739,6.3743849,50000.0,False,,,6,618.7449933510065,936.5000000000064,50.0,5,40.0,-532.9278682169906,-266.6999999999907,1,100.0,1151.6728615679972,1203.199999999997,8.0,19.5,0.0
BDL,COCHINSHIP,1e-12,6.5688583e-07,0.00051259739,6.3743849,50000.0,False,,,6,717.4885250010589,1035.100000000059,33.333333333333336,5,20.0,-354.1302797669382,-88.09999999993806,1,100.0,1071.618804767997,1123.199999999997,8.0,19.5,0.5
BDL,COCHINSHIP,1e-12,6.5688583e-07,0.00051259739,6.3743849,50000.0,False,,,6,942.3194186140709,1260.0000000000705,33.333333333333336,5,20.0,-186.9383070499539,79.20000000004575,1,100.0,1129.2577256640247,1180.8000000000247,8.0,19.5,1.0
BDL,COCHINSHIP,1e-12,6.5688583e-07,0.00051259739,6.3743849,50000.0,False,,,6,618.7449933510065,936.5000000000064,50.0,5,40.0,-532.9278682169906,-266.6999999999907,1,100.0,1151.6728615679972,1203.199999999997,8.0,20.0,0.0
BDL,COCHINSHIP,1e-12,6.5688583e-07,0.00051259739,6.3743849,50000.0,False,,,6,717.4885250010589,1035.100000000059,33.333333333333336,5,20.0,-354.1302797669382,-88.09999999993806,1,100.0,1071.618804767997,1123.199999999997,8.0,20.0,0.5
BDL,COCHINSHIP,1e-12,6.5688583e-07,0.00051259739,6.3743849,50000.0,False,,,6,942.3194186140709,1260.0000000000705,33.333333333333336,5,20.0,-186.9383070499539,79.20000000004575,1,100.0,1129.2577256640247,1180.8000000000247,8.0,20.0,1.0
BDL,COCHINSHIP,1e-12,6.5688583e-07,0.00051259739,6.3743849,50000.0,False,,,6,618.7449933510065,936.5000000000064,50.0,5,40.0,-532.9278682169906,-266.6999999999907,1,100.0,1151.6728615679972,1203.199999999997,8.0,20.5,0.0
BDL,COCHINSHIP,1e-12,6.5688583e-07,0.00051259739,6.3743849,50000.0,False,,,6,717.4885250010589,1035.100000000059,33.333333333333336,5,20.0,-354.1302797669382,-88.09999999993806,1,100.0,1071.618804767997,1123.199999999997,8.0,20.5,0.5
BDL,COCHINSHIP,1e-12,6.5688583e-07,0.00051259739,6.3743849,50000.0,False,,,6,942.3194186140709,1260.0000000000705,33.333333333333336,5,20.0,-186.9383070499539,79.20000000004575,1,100.0,1129.2577256640247,1180.8000000000247,8.0,20.5,1.0
BDL,COCHINSHIP,1e-12,6.5688583e-07,0.00051259739,6.3743849,50000.0,False,,,6,618.7449933510065,936.5000000000064,50.0,5,40.0,-532.9278682169906,-266.6999999999907,1,100.0,1151.6728615679972,1203.199999999997,8.0,21.0,0.0
BDL,COCHINSHIP,1e-12,6.5688583e-07,0.00051259739,6.3743849,50000.0,False,,,6,717.4885250010589,1035.100000000059,33.333333333333336,5,20.0,-354.1302797669382,-88.09999999993806,1,100.0,1071.618804767997,1123.199999999997,8.0,21.0,0.5
BDL,COCHINSHIP,1e-12,6.5688583e-07,0.00051259739,6.3743849,50000.0,False,,,6,942.3194186140709,1260.0000000000705,33.333333333333336,5,20.0,-186.9383070499539,79.20000000004575,1,100.0,1129.2577256640247,1180.8000000000247,8.0,21.0,1.0
BDL,COCHINSHIP,1e-12,6.5688583e-07,0.00051259739,6.3743849,50000.0,False,,,6,618.7449933510065,936.5000000000064,50.0,5,40.0,-532.9278682169906,-266.6999999999907,1,100.0,1151.6728615679972,1203.199999999997,8.0,21.5,0.0
BDL,COCHINSHIP,1e-12,6.5688583e-07,0.00051259739,6.3743849,50000.0,False,,,6,717.4885250010589,1035.100000000059,33.333333333333336,5,20.0,-354.1302797669382,-88.09999999993806,1,100.0,1071.618804767997,1123.199999999997,8.0,21.5,0.5
BDL,COCHINSHIP,1e-12,6.5688583e-07,0.00051259739,6.3743849,50000.0,False,,,6,942.3194186140709,1260.0000000000705,33.333333333333336,5,20.0,-186.9383070499539,79.20000000004575,1,100.0,1129.2577256640247,1180.8000000000247,8.0,21.5,1.0
BDL,COCHINSHIP,1e-12,6.5688583e-07,0.00051259739,6.3743849,50000.0,False,,,6,618.7449933510065,936.5000000000064,50.0,5,40.0,-532.9278682169906,-266.6999999999907,1,100.0,1151.6728615679972,1203.199999999997,8.0,22.0,0.0
BDL,COCHINSHIP,1e-12,6.5688583e-07,0.00051259739,6.3743849,50000.0,False,,,6,717.4885250010589,1035.100000000059,33.333333333333336,5,20.0,-354.1302797669382,-88.09999999993806,1,100.0,1071.618804767997,1123.199999999997,8.0,22.0,0.5
BDL,COCHINSHIP,1e-12,6.5688583e-07,0.00051259739,6.3743849,50000.0,False,,,6,942.3194186140709,1260.0000000000705,33.333333333333336,5,20.0,-186.9383070499539,79.20000000004575,1,100.0,1129.2577256640247,1180.8000000000247,8.0,22.0,1.0
BDL,COCHINSHIP,1e-12,6.5688583e-07,0.00051259739,6.3743849,50000.0,False,,,6,618.7449933510065,936.5000000000064,50.0,5,40.0,-532.9278682169906,-266.6999999999907,1,100.0,1151.6728615679972,1203.199999999997,8.0,22.5,0.0
BDL,COCHINSHIP,1e-12,6.5688583e-07,0.00051259739,6.3743849,50000.0,False,,,6,717.4885250010589,1035.100000000059,33.333333333333336,5,20.0,-354.1302797669382,-88.09999999993806,1,100.0,1071.618804767997,1123.199999999997,8.0,22.5,0.5
BDL,COCHINSHIP,1e-12,6.5688583e-07,0.00051259739,6.3743849,50000.0,False,,,6,942.3194186140709,1260.0000000000705,33.333333333333336,5,20.0,-186.9383070499539,79.20000000004575,1,100.0,1129.2577256640247,1180.8000000000247,8.0,22.5,1.0
BDL,COCHINSHIP,1e-12,6.5688583e-07,0.00051259739,6.3743849,50000.0,False,,,6,618.7449933510065,936.5000000000064,50.0,5,40.0,-532.9278682169906,-266.6999999999907,1,100.0,1151.6728615679972,1203.199999999997,8.0,23.0,0.0
BDL,COCHINSHIP,1e-12,6.5688583e-07,0.00051259739,6.3743849,50000.0,False,,,6,717.4885250010589,1035.100000000059,33.333333333333336,5,20.0,-354.1302797669382,-88.09999999993806,1,100.0,1071.618804767997,1123.199999999997,8.0,23.0,0.5
BDL,COCHINSHIP,1e-12,6.5688583e-07,0.00051259739,6.3743849,50000.0,False,,,6,942.3194186140709,1260.0000000000705,33.333333333333336,5,20.0,-186.9383070499539,79.20000000004575,1,100.0,1129.2577256640247,1180.8000000000247,8.0,23.0,1.0
BDL,COCHINSHIP,1e-12,6.5688583e-07,0.00051259739,6.3743849,50000.0,False,,,6,618.7449933510065,936.5000000000064,50.0,5,40.0,-532.9278682169906,-266.6999999999907,1,100.0,1151.6728615679972,1203.199999999997,8.0,23.5,0.0
BDL,COCHINSHIP,1e-12,6.5688583e-07,0.00051259739,6.3743849,50000.0,False,,,6,717.4885250010589,1035.100000000059,33.333333333333336,5,20.0,-354.1302797669382,-88.09999999993806,1,100.0,1071.618804767997,1123.199999999997,8.0,23.5,0.5
BDL,COCHINSHIP,1e-12,6.5688583e-07,0.00051259739,6.3743849,50000.0,False,,,6,942.3194186140709,1260.0000000000705,33.333333333333336,5,20.0,-186.9383070499539,79.20000000004575,1,100.0,1129.2577256640247,1180.8000000000247,8.0,23.5,1.0
BDL,COCHINSHIP,1e-12,6.5688583e-07,0.00051259739,6.3743849,50000.0,False,,,6,618.7449933510065,936.5000000000064,50.0,5,40.0,-532.9278682169906,-266.6999999999907,1,100.0,1151.6728615679972,1203.199999999997,8.0,24.0,0.0
BDL,COCHINSHIP,1e-12,6.5688583e-07,0.00051259739,6.3743849,50000.0,False,,,6,717.4885250010589,1035.100000000059,33.333333333333336,5,20.0,-354.1302797669382,-88.09999999993806,1,100.0,1071.618804767997,1123.199999999997,8.0,24.0,0.5
BDL,COCHINSHIP,1e-12,6.5688583e-07,0.00051259739,6.3743849,50000.0,False,,,6,942.3194186140709,1260.0000000000705,33.333333333333336,5,20.0,-186.9383070499539,79.20000000004575,1,100.0,1129.2577256640247,1180.8000000000247,8.0,24.0,1.0
BDL,COCHINSHIP,1e-12,6.5688583e-07,0.00051259739,6.3743849,50000.0,False,,,6,618.7449933510065,936.5000000000064,50.0,5,40.0,-532.9278682169906,-266.6999999999907,1,100.0,1151.6728615679972,1203.199999999997,8.0,24.5,0.0
BDL,COCHINSHIP,1e-12,6.5688583e-07,0.00051259739,6.3743849,50000.0,False,,,6,717.4885250010589,1035.100000000059,33.333333333333336,5,20.0,-354.1302797669382,-88.09999999993806,1,100.0,1071.618804767997,1123.199999999997,8.0,24.5,0.5
BDL,COCHINSHIP,1e-12,6.5688583e-07,0.00051259739,6.3743849,50000.0,False,,,6,942.3194186140709,1260.0000000000705,33.333333333333336,5,20.0,-186.9383070499539,79.20000000004575,1,100.0,1129.2577256640247,1180.8000000000247,8.0,24.5,1.0
BDL,COCHINSHIP,1e-12,6.5688583e-07,0.00051259739,6.3743849,50000.0,False,,,6,618.7449933510065,936.5000000000064,50.0,5,40.0,-532.9278682169906,-266.6999999999907,1,100.0,1151.6728615679972,1203.199999999997,8.0,25.0,0.0
BDL,COCHINSHIP,1e-12,6.5688583e-07,0.00051259739,6.3743849,50000.0,False,,,6,717.4885250010589,1035.100000000059,33.333333333333336,5,20.0,-354.1302797669382,-88.09999999993806,1,100.0,1071.618804767997,1123.199999999997,8.0,25.0,0.5
BDL,COCHINSHIP,1e-12,6.5688583e-07,0.00051259739,6.3743849,50000.0,False,,,6,942.3194186140709,1260.0000000000705,33.333333333333336,5,20.0,-186.9383070499539,79.20000000004575,1,100.0,1129.2577256640247,1180.8000000000247,8.0,25.0,1.0
BDL,COCHINSHIP,1e-12,6.5688583e-07,0.00051259739,6.3743849,50000.0,False,,,6,618.7449933510065,936.5000000000064,50.0,5,40.0,-532.9278682169906,-266.6999999999907,1,100.0,1151.6728615679972,1203.199999999997,8.0,25.5,0.0
BDL,COCHINSHIP,1e-12,6.5688583e-07,0.00051259739,6.3743849,50000.0,False,,,6,717.4885250010589,1035.100000000059,33.333333333333336,5,20.0,-354.1302797669382,-88.09999999993806,1,100.0,1071.618804767997,1123.199999999997,8.0,25.5,0.5
BDL,COCHINSHIP,1e-12,6.5688583e-07,0.00051259739,6.3743849,50000.0,False,,,6,942.3194186140709,1260.0000000000705,33.333333333333336,5,20.0,-186.9383070499539,79.20000000004575,1,100.0,1129.2577256640247,1180.8000000000247,8.0,25.5,1.0
BDL,COCHINSHIP,1e-12,6.5688583e-07,0.00051259739,6.3743849,50000.0,False,,,6,618.7449933510065,936.5000000000064,50.0,5,40.0,-532.9278682169906,-266.6999999999907,1,100.0,1151.6728615679972,1203.199999999997,8.0,26.0,0.0
BDL,COCHINSHIP,1e-12,6.5688583e-07,0.00051259739,6.3743849,50000.0,False,,,6,717.4885250010589,1035.100000000059,33.333333333333336,5,20.0,-354.1302797669382,-88.09999999993806,1,100.0,1071.618804767997,1123.199999999997,8.0,26.0,0.5
BDL,COCHINSHIP,1e-12,6.5688583e-07,0.00051259739,6.3743849,50000.0,False,,,6,942.3194186140709,1260.0000000000705,33.333333333333336,5,20.0,-186.9383070499539,79.20000000004575,1,100.0,1129.2577256640247,1180.8000000000247,8.0,26.0,1.0
BDL,COCHINSHIP,1e-12,6.5688583e-07,0.00051259739,6.3743849,50000.0,False,,,6,618.7449933510065,936.5000000000064,50.0,5,40.0,-532.9278682169906,-266.6999999999907,1,100.0,1151.6728615679972,1203.199999999997,8.0,26.5,0.0
BDL,COCHINSHIP,1e-12,6.5688583e-07,0.00051259739,6.3743849,50000.0,False,,,6,717.4885250010589,1035.100000000059,33.333333333333336,5,20.0,-354.1302797669382,-88.09999999993806,1,100.0,1071.618804767997,1123.199999999997,8.0,26.5,0.5
BDL,COCHINSHIP,1e-12,6.5688583e-07,0.00051259739,6.3743849,50000.0,False,,,6,942.3194186140709,1260.0000000000705,33.333333333333336,5,20.0,-186.9383070499539,79.20000000004575,1,100.0,1129.2577256640247,1180.8000000000247,8.0,26.5,1.0
BDL,COCHINSHIP,1e-12,6.5688583e-07,0.00051259739,6.3743849,50000.0,False,,,6,618.7449933510065,936.5000000000064,50.0,5,40.0,-532.9278682169906,-266.6999999999907,1,100.0,1151.6728615679972,1203.199999999997,8.0,27.0,0.0
BDL,COCHINSHIP,1e-12,6.5688583e-07,0.00051259739,6.3743849,50000.0,False,,,6,717.4885250010589,1035.100000000059,33.333333333333336,5,20.0,-354.1302797669382,-88.09999999993806,1,100.0,1071.618804767997,1123.199999999997,8.0,27.0,0.5
BDL,COCHINSHIP,1e-12,6.5688583e-07,0.00051259739,6.3743849,50000.0,False,,,6,942.3194186140709,1260.0000000000705,33.333333333333336,5,20.0,-186.9383070499539,79.20000000004575,1,100.0,1129.2577256640247,1180.8000000000247,8.0,27.0,1.0
BDL,COCHINSHIP,1e-12,6.5688583e-07,0.00051259739,6.3743849,50000.0,False,,,6,618.7449933510065,936.5000000000064,50.0,5,40.0,-532.9278682169906,-266.6999999999907,1,100.0,1151.6728615679972,1203.199999999997,8.0,27.5,0.0
BDL,COCHINSHIP,1e-12,6.5688583e-07,0.00051259739,6.3743849,50000.0,False,,,6,717.4885250010589,1035.100000000059,33.333333333333336,5,20.0,-354.1302797669382,-88.09999999993806,1,100.0,1071.618804767997,1123.199999999997,8.0,27.5,0.5
BDL,COCHINSHIP,1e-12,6.5688583e-07,0.00051259739,6.3743849,50000.0,False,,,6,942.3194186140709,1260.0000000000705,33.333333333333336,5,20.0,-186.9383070499539,79.20000000004575,1,100.0,1129.2577256640247,1180.8000000000247,8.0,27.5,1.0
BDL,COCHINSHIP,1e-12,6.5688583e-07,0.00051259739,6.3743849,50000.0,False,,,6,618.7449933510065,936.5000000000064,50.0,5,40.0,-532.9278682169906,-266.6999999999907,1,100.0,1151.6728615679972,1203.199999999997,8.0,28.0,0.0
BDL,COCHINSHIP,1e-12,6.5688583e-07,0.00051259739,6.3743849,50000.0,False,,,6,717.4885250010589,1035.100000000059,33.333333333333336,5,20.0,-354.1302797669382,-88.09999999993806,1,100.0,1071.618804767997,1123.199999999997,8.0,28.0,0.5
BDL,COCHINSHIP,1e-12,6.5688583e-07,0.00051259739,6.3743849,50000.0,False,,,6,942.3194186140709,1260.0000000000705,33.333333333333336,5,20.0,-186.9383070499539,79.20000000004575,1,100.0,1129.2577256640247,1180.8000000000247,8.0,28.0,1.0
BDL,COCHINSHIP,1e-12,6.5688583e-07,0.00051259739,6.3743849,50000.0,False,,,6,618.7449933510065,936.5000000000064,50.0,5,40.0,-532.9278682169906,-266.6999999999907,1,100.0,1151.6728615679972,1203.199999999997,8.0,28.5,0.0
BDL,COCHINSHIP,1e-12,6.5688583e-07,0.00051259739,6.3743849,50000.0,False,,,6,717.4885250010589,1035.100000000059,33.333333333333336,5,20.0,-354.1302797669382,-88.09999999993806,1,100.0,1071.618804767997,1123.199999999997,8.0,28.5,0.5
BDL,COCHINSHIP,1e-12,6.5688583e-07,0.00051259739,6.3743849,50000.0,False,,,6,942.3194186140709,1260.0000000000705,33.333333333333336,5,20.0,-186.9383070499539,79.20000000004575,1,100.0,1129.2577256640247,1180.8000000000247,8.0,28.5,1.0
BDL,COCHINSHIP,1e-12,6.5688583e-07,0.00051259739,6.3743849,50000.0,False,,,6,618.7449933510065,936.5000000000064,50.0,5,40.0,-532.9278682169906,-266.6999999999907,1,100.0,1151.6728615679972,1203.199999999997,8.0,29.0,0.0
BDL,COCHINSHIP,1e-12,6.5688583e-07,0.00051259739,6.3743849,50000.0,False,,,6,717.4885250010589,1035.100000000059,33.333333333333336,5,20.0,-354.1302797669382,-88.09999999993806,1,100.0,1071.618804767997,1123.199999999997,8.0,29.0,0.5
BDL,COCHINSHIP,1e-12,6.5688583e-07,0.00051259739,6.3743849,50000.0,False,,,6,942.3194186140709,1260.0000000000705,33.333333333333336,5,20.0,-186.9383070499539,79.20000000004575,1,100.0,1129.2577256640247,1180.8000000000247,8.0,29.0,1.0
BDL,COCHINSHIP,1e-12,6.5688583e-07,0.00051259739,6.3743849,50000.0,False,,,6,618.7449933510065,936.5000000000064,50.0,5,40.0,-532.9278682169906,-266.6999999999907,1,100.0,1151.6728615679972,1203.199999999997,8.0,29.5,0.0
BDL,COCHINSHIP,1e-12,6.5688583e-07,0.00051259739,6.3743849,50000.0,False,,,6,717.4885250010589,1035.100000000059,33.333333333333336,5,20.0,-354.1302797669382,-88.09999999993806,1,100.0,1071.618804767997,1123.199999999997,8.0,29.5,0.5
BDL,COCHINSHIP,1e-12,6.5688583e-07,0.00051259739,6.3743849,50000.0,False,,,6,942.3194186140709,1260.0000000000705,33.333333333333336,5,20.0,-186.9383070499539,79.20000000004575,1,100.0,1129.2577256640247,1180.8000000000247,8.0,29.5,1.0
BDL,COCHINSHIP,1e-12,6.5688583e-07,0.00051259739,6.3743849,50000.0,False,,,6,618.7449933510065,936.5000000000064,50.0,5,40.0,-532.9278682169906,-266.6999999999907,1,100.0,1151.6728615679972,1203.199999999997,8.0,30.0,0.0
BDL,COCHINSHIP,1e-12,6.5688583e-07,0.00051259739,6.3743849,50000.0,False,,,6,717.4885250010589,1035.100000000059,33.333333333333336,5,20.0,-354.1302797669382,-88.09999999993806,1,100.0,1071.618804767997,1123.199999999997,8.0,30.0,0.5
BDL,COCHINSHIP,1e-12,6.5688583e-07,0.00051259739,6.3743849,50000.0,False,,,6,942.3194186140709,1260.0000000000705,33.333333333333336,5,20.0,-186.9383070499539,79.20000000004575,1,100.0,1129.2577256640247,1180.8000000000247,8.0,30.0,1.0
BDL,COCHINSHIP,1e-12,6.5688583e-07,0.00051259739,6.3743849,50000.0,False,,,6,-110.13298648000128,205.99999999999864,33.333333333333336,5,40.0,25.46338529597398,289.1999999999739,1,0.0,-135.59637177597526,-83.19999999997526,8.5,9.0,0.0
BDL,COCHINSHIP,1e-12,6.5688583e-07,0.00051259739,6.3743849,50000.0,False,,,6,-358.9722046899816,-42.99999999998158,33.333333333333336,5,40.0,-223.37583291400637,40.19999999999368,1,0.0,-135.59637177597526,-83.19999999997526,8.5,9.0,0.5
BDL,COCHINSHIP,1e-12,6.5688583e-07,0.00051259739,6.3743849,50000.0,False,,,6,-342.4828589049665,-26.499999999966576,33.333333333333336,5,40.0,-206.8864871289913,56.700000000008686,1,0.0,-135.59637177597526,-83.19999999997526,8.5,9.0,1.0
BDL,COCHINSHIP,1e-12,6.5688583e-07,0.00051259739,6.3743849,50000.0,False,,,6,-110.13298648000128,205.99999999999864,33.333333333333336,5,40.0,25.46338529597398,289.1999999999739,1,0.0,-135.59637177597526,-83.19999999997526,8.5,9.5,0.0
BDL,COCHINSHIP,1e-12,6.5688583e-07,0.00051259739,6.3743849,50000.0,False,,,6,-358.9722046899816,-42.99999999998158,33.333333333333336,5,40.0,-223.37583291400637,40.19999999999368,1,0.0,-135.59637177597526,-83.19999999997526,8.5,9.5,0.5
BDL,COCHINSHIP,1e-12,6.5688583e-07,0.00051259739,6.3743849,50000.0,False,,,6,-342.4828589049665,-26.499999999966576,33.333333333333336,5,40.0,-206.8864871289913,56.700000000008686,1,0.0,-135.59637177597526,-83.19999999997526,8.5,9.5,1.0
BDL,COCHINSHIP,1e-12,6.5688583e-07,0.00051259739,6.3743849,50000.0,False,,,6,2069.6595632629746,2385.4999999999745,50.0,5,40.0,917.9867016949775,1182.2999999999774,1,100.0,1151.6728615679972,1203.199999999997,8.5,10.0,0.0
BDL,COCHINSHIP,1e-12,6.5688583e-07,0.00051259739,6.3743849,50000.0,False,,,6,1740.7662882529942,2056.4999999999945,50.0,5,40.0,669.1474834849971,933.2999999999972,1,100.0,1071.618804767997,1123.199999999997,8.5,10.0,0.5
BDL,COCHINSHIP,1e-12,6.5688583e-07,0.00051259739,6.3743849,50000.0,False,,,6,1814.894554934037,2130.6000000000367,50.0,5,40.0,685.6368292700122,949.8000000000122,1,100.0,1129.2577256640247,1180.8000000000247,8.5,10.0,1.0
BDL,COCHINSHIP,1e-12,6.5688583e-07,0.00051259739,6.3743849,50000.0,False,,,6,2069.6595632629746,2385.4999999999745,50.0,5,40.0,917.9867016949775,1182.2999999999774,1,100.0,1151.6728615679972,1203.199999999997,8.5,10.5,0.0
BDL,COCHINSHIP,1e-12,6.5688583e-07,0.00051259739,6.3743849,50000.0,False,,,6,1740.7662882529942,2056.4999999999945,50.0,5,40.0,669.1474834849971,933.2999999999972,1,100.0,1071.618804767997,1123.199999999997,8.5,10.5,0.5
BDL,COCHINSHIP,1e-12,6.5688583e-07,0.00051259739,6.3743849,50000.0,False,,,6,1814.894554934037,2130.6000000000367,50.0,5,40.0,685.6368292700122,949.8000000000122,1,100.0,1129.2577256640247,1180.8000000000247,8.5,10.5,1.0
BDL,COCHINSHIP,1e-12,6.5688583e-07,0.00051259739,6.3743849,50000.0,False,,,6,2361.9706930879747,2677.9999999999745,50.0,5,40.0,1210.2978315199775,1474.7999999999774,1,100.0,1151.6728615679972,1203.199999999997,8.5,11.0,0.0
BDL,COCHINSHIP,1e-12,6.5688583e-07,0.00051259739,6.3743849,50000.0,False,,,6,2033.0774180779943,2348.9999999999945,50.0,5,40.0,961.4586133099972,1225.7999999999972,1,100.0,1071.618804767997,1123.199999999997,8.5,11.0,0.5
BDL,COCHINSHIP,1e-12,6.5688583e-07,0.00051259739,6.3743849,50000.0,False,,,6,2107.205684759037,2423.1000000000367,50.0,5,40.0,977.9479590950123,1242.3000000000122,1,100.0,1129.2577256640247,1180.8000000000247,8.5,11.0,1.0
BDL,COCHINSHIP,1e-12,6.5688583e-07,0.00051259739,6.3743849,50000.0,False,,,6,3289.5713450659637,3606.1999999999634,50.0,5,40.0,2137.8984834979665,2402.9999999999663,1,100.0,1151.6728615679972,1203.199999999997,8.5,11.5,0.0
BDL,COCHINSHIP,1e-12,6.5688583e-07,0.00051259739,6.3743849,50000.0,False,,,6,3007.447850828021,3324.000000000021,50.0,5,40.0,1935.829046060024,2200.800000000024,1,100.0,1071.618804767997,1123.199999999997,8.5,11.5,0.5
BDL,COCHINSHIP,1e-12,6.5688583e-07,0.00051259739,6.3743849,50000.0,False,,,6,3190.705605977026,3507.300000000026,50.0,5,40.0,2061.4478803130014,2326.5000000000014,1,100.0,1129.2577256640247,1180.8000000000247,8.5,11.5,1.0
BDL,COCHINSHIP,1e-12,6.5688583e-07,0.00051259739,6.3743849,50000.0,False,,,6,3289.5713450659637,3606.1999999999634,50.0,5,40.0,2137.8984834979665,2402.9999999999663,1,100.0,1151.6728615679972,1203.199999999997,8.5,12.0,0.0
BDL,COCHINSHIP,1e-12,6.5688583e-07,0.00051259739,6.3743849,50000.0,False,,,6,3007.447850828021,3324.000000000021,50.0,5,40.0,1935.829046060024,2200.800000000024,1,100.0,1071.618804767997,1123.199999999997,8.5,12.0,0.5
BDL,COCHINSHIP,1e-12,6.5688583e-07,0.00051259739,6.3743849,50000.0,False,,,6,3190.705605977026,3507.300000000026,50.0,5,40.0,2061.4478803130014,2326.5000000000014,1,100.0,1129.2577256640247,1180.8000000000247,8.5,12.0,1.0
BDL,COCHINSHIP,1e-12,6.5688583e-07,0.00051259739,6.3743849,50000.0,False,,,6,750.2566633699867,1068.5999999999867,33.333333333333336,5,20.0,-401.41619819801053,-134.60000000001037,1,100.0,1151.6728615679972,1203.199999999997,8.5,12.5,0.0
BDL,COCHINSHIP,1e-12,6.5688583e-07,0.00051259739,6.3743849,50000.0,False,,,6,705.0931772600329,1023.2000000000326,33.333333333333336,5,20.0,-366.52562750796415,-99.99999999996453,1,100.0,1071.618804767997,1123.199999999997,8.5,12.5,0.5
BDL,COCHINSHIP,1e-12,6.5688583e-07,0.00051259739,6.3743849,50000.0,False,,,6,888.3509324090383,1206.5000000000377,33.333333333333336,5,20.0,-240.9067932549865,25.700000000013006,1,100.0,1129.2577256640247,1180.8000000000247,8.5,12.5,1.0
BDL,COCHINSHIP,1e-12,6.5688583e-07,0.00051259739,6.3743849,50000.0,False,,,6,750.2566633699867,1068.5999999999867,33.333333333333336,5,20.0,-401.41619819801053,-134.60000000001037,1,100.0,1151.6728615679972,1203.199999999997,8.5,13.0,0.0
BDL,COCHINSHIP,1e-12,6.5688583e-07,0.00051259739,6.3743849,50000.0,False,,,6,705.0931772600329,1023.2000000000326,33.333333333333336,5,20.0,-366.52562750796415,-99.99999999996453,1,100.0,1071.618804767997,1123.199999999997,8.5,13.0,0.5
BDL,COCHINSHIP,1e-12,6.5688583e-07,0.00051259739,6.3743849,50000.0,False,,,6,888.3509324090383,1206.5000000000377,33.333333333333336,5,20.0,-240.9067932549865,25.700000000013006,1,100.0,1129.2577256640247,1180.8000000000247,8.5,13.0,1.0
BDL,COCHINSHIP,1e-12,6.5688583e-07,0.00051259739,6.3743849,50000.0,False,,,6,750.2566633699867,1068.5999999999867,33.333333333333336,5,20.0,-401.41619819801053,-134.60000000001037,1,100.0,1151.6728615679972,1203.199999999997,8.5,13.5,0.0
BDL,COCHINSHIP,1e-12,6.5688583e-07,0.00051259739,6.3743849,50000.0,False,,,6,705.0931772600329,1023.2000000000326,33.333333333333336,5,20.0,-366.52562750796415,-99.99999999996453,1,100.0,1071.618804767997,1123.199999999997,8.5,13.5,0.5
BDL,COCHINSHIP,1e-12,6.5688583e-07,0.00051259739,6.3743849,50000.0,False,,,6,888.3509324090383,1206.5000000000377,33.333333333333336,5,20.0,-240.9067932549865,25.700000000013006,1,100.0,1129.2577256640247,1180.8000000000247,8.5,13.5,1.0
BDL,COCHINSHIP,1e-12,6.5688583e-07,0.00051259739,6.3743849,50000.0,False,,,6,750.2566633699867,1068.5999999999867,33.333333333333336,5,20.0,-401.41619819801053,-134.60000000001037,1,100.0,1151.6728615679972,1203.199999999997,8.5,14.0,0.0
BDL,COCHINSHIP,1e-12,6.5688583e-07,0.00051259739,6.3743849,50000.0,False,,,6,705.0931772600329,1023.2000000000326,33.333333333333336,5,20.0,-366.52562750796415,-99.99999999996453,1,100.0,1071.618804767997,1123.199999999997,8.5,14.0,0.5
BDL,COCHINSHIP,1e-12,6.5688583e-07,0.00051259739,6.3743849,50000.0,False,,,6,888.3509324090383,1206.5000000000377,33.333333333333336,5,20.0,-240.9067932549865,25.700000000013006,1,100.0,1129.2577256640247,1180.8000000000247,8.5,14.0,1.0
BDL,COCHINSHIP,1e-12,6.5688583e-07,0.00051259739,6.3743849,50000.0,False,,,6,750.2566633699867,1068.5999999999867,33.333333333333336,5,20.0,-401.41619819801053,-134.60000000001037,1,100.0,1151.6728615679972,1203.199999999997,8.5,14.5,0.0
BDL,COCHINSHIP,1e-12,6.5688583e-07,0.00051259739,6.3743849,50000.0,False,,,6,705.0931772600329,1023.2000000000326,33.333333333333336,5,20.0,-366.52562750796415,-99.99999999996453,1,100.0,1071.618804767997,1123.199999999997,8.5,14.5,0.5
BDL,COCHINSHIP,1e-12,6.5688583e-07,0.00051259739,6.3743849,50000.0,False,,,6,888.3509324090383,1206.5000000000377,33.333333333333336,5,20.0,-240.9067932549865,25.700000000013006,1,100.0,1129.2577256640247,1180.8000000000247,8.5,14.5,1.0
BDL,COCHINSHIP,1e-12,6.5688583e-07,0.00051259739,6.3743849,50000.0,False,,,6,750.2566633699867,1068.5999999999867,33.333333333333336,5,20.0,-401.41619819801053,-134.60000000001037,1,100.0,1151.6728615679972,1203.199999999997,8.5,15.0,0.0
BDL,COCHINSHIP,1e-12,6.5688583e-07,0.00051259739,6.3743849,50000.0,False,,,6,705.0931772600329,1023.2000000000326,33.333333333333336,5,20.0,-366.52562750796415,-99.99999999996453,1,100.0,1071.618804767997,1123.199999999997,8.5,15.0,0.5
BDL,COCHINSHIP,1e-12,6.5688583e-07,0.00051259739,6.3743849,50000.0,False,,,6,888.3509324090383,1206.5000000000377,33.333333333333336,5,20.0,-240.9067932549865,25.700000000013006,1,100.0,1129.2577256640247,1180.8000000000247,8.5,15.0,1.0
BDL,COCHINSHIP,1e-12,6.5688583e-07,0.00051259739,6.3743849,50000.0,False,,,6,750.2566633699867,1068.5999999999867,33.333333333333336,5,20.0,-401.41619819801053,-134.60000000001037,1,100.0,1151.6728615679972,1203.199999999997,8.5,15.5,0.0
BDL,COCHINSHIP,1e-12,6.5688583e-07,0.00051259739,6.3743849,50000.0,False,,,6,705.0931772600329,1023.2000000000326,33.333333333333336,5,20.0,-366.52562750796415,-99.99999999996453,1,100.0,1071.618804767997,1123.199999999997,8.5,15.5,0.5
BDL,COCHINSHIP,1e-12,6.5688583e-07,0.00051259739,6.3743849,50000.0,False,,,6,888.3509324090383,1206.5000000000377,33.333333333333336,5,20.0,-240.9067932549865,25.700000000013006,1,100.0,1129.2577256640247,1180.8000000000247,8.5,15.5,1.0
BDL,COCHINSHIP,1e-12,6.5688583e-07,0.00051259739,6.3743849,50000.0,False,,,6,750.2566633699867,1068.5999999999867,33.333333333333336,5,20.0,-401.41619819801053,-134.60000000001037,1,100.0,1151.6728615679972,1203.199999999997,8.5,16.0,0.0
BDL,COCHINSHIP,1e-12,6.5688583e-07,0.00051259739,6.3743849,50000.0,False,,,6,705.0931772600329,1023.2000000000326,33.333333333333336,5,20.0,-366.52562750796415,-99.99999999996453,1,100.0,1071.618804767997,1123.199999999997,8.5,16.0,0.5
BDL,COCHINSHIP,1e-12,6.5688583e-07,0.00051259739,6.3743849,50000.0,False,,,6,888.3509324090383,1206.5000000000377,33.333333333333336,5,20.0,-240.9067932549865,25.700000000013006,1,100.0,1129.2577256640247,1180.8000000000247,8.5,16.0,1.0
BDL,COCHINSHIP,1e-12,6.5688583e-07,0.00051259739,6.3743849,50000.0,False,,,6,750.2566633699867,1068.5999999999867,33.333333333333336,5,20.0,-401.41619819801053,-134.60000000001037,1,100.0,1151.6728615679972,1203.199999999997,8.5,16.5,0.0
BDL,COCHINSHIP,1e-12,6.5688583e-07,0.00051259739,6.3743849,50000.0,False,,,6,705.0931772600329,1023.2000000000326,33.333333333333336,5,20.0,-366.52562750796415,-99.99999999996453,1,100.0,1071.618804767997,1123.199999999997,8.5,16.5,0.5
BDL,COCHINSHIP,1e-12,6.5688583e-07,0.00051259739,6.3743849,50000.0,False,,,6,888.3509324090383,1206.5000000000377,33.333333333333336,5,20.0,-240.9067932549865,25.700000000013006,1,100.0,1129.2577256640247,1180.8000000000247,8.5,16.5,1.0
BDL,COCHINSHIP,1e-12,6.5688583e-07,0.00051259739,6.3743849,50000.0,False,,,6,750.2566633699867,1068.5999999999867,33.333333333333336,5,20.0,-401.41619819801053,-134.60000000001037,1,100.0,1151.6728615679972,1203.199999999997,8.5,17.0,0.0
BDL,COCHINSHIP,1e-12,6.5688583e-07,0.00051259739,6.3743849,50000.0,False,,,6,705.0931772600329,1023.2000000000326,33.333333333333336,5,20.0,-366.52562750796415,-99.99999999996453,1,100.0,1071.618804767997,1123.199999999997,8.5,17.0,0.5
BDL,COCHINSHIP,1e-12,6.5688583e-07,0.00051259739,6.3743849,50000.0,False,,,6,888.3509324090383,1206.5000000000377,33.333333333333336,5,20.0,-240.9067932549865,25.700000000013006,1,100.0,1129.2577256640247,1180.8000000000247,8.5,17.0,1.0
BDL,COCHINSHIP,1e-12,6.5688583e-07,0.00051259739,6.3743849,50000.0,False,,,6,750.2566633699867,1068.5999999999867,33.333333333333336,5,20.0,-401.41619819801053,-134.60000000001037,1,100.0,1151.6728615679972,1203.199999999997,8.5,17.5,0.0
BDL,COCHINSHIP,1e-12,6.5688583e-07,0.00051259739,6.3743849,50000.0,False,,,6,705.0931772600329,1023.2000000000326,33.333333333333336,5,20.0,-366.52562750796415,-99.99999999996453,1,100.0,1071.618804767997,1123.199999999997,8.5,17.5,0.5
BDL,COCHINSHIP,1e-12,6.5688583e-07,0.00051259739,6.3743849,50000.0,False,,,6,888.3509324090383,1206.5000000000377,33.333333333333336,5,20.0,-240.9067932549865,25.700000000013006,1,100.0,1129.2577256640247,1180.8000000000247,8.5,17.5,1.0
BDL,COCHINSHIP,1e-12,6.5688583e-07,0.00051259739,6.3743849,50000.0,False,,,6,750.2566633699867,1068.5999999999867,33.333333333333336,5,20.0,-401.41619819801053,-134.60000000001037,1,100.0,1151.6728615679972,1203.199999999997,8.5,18.0,0.0
BDL,COCHINSHIP,1e-12,6.5688583e-07,0.00051259739,6.3743849,50000.0,False,,,6,705.0931772600329,1023.2000000000326,33.333333333333336,5,20.0,-366.52562750796415,-99.99999999996453,1,100.0,1071.618804767997,1123.199999999997,8.5,18.0,0.5
BDL,COCHINSHIP,1e-12,6.5688583e-07,0.00051259739,6.3743849,50000.0,False,,,6,888.3509324090383,1206.5000000000377,33.333333333333336,5,20.0,-240.9067932549865,25.700000000013006,1,100.0,1129.2577256640247,1180.8000000000247,8.5,18.0,1.0
BDL,COCHINSHIP,1e-12,6.5688583e-07,0.00051259739,6.3743849,50000.0,False,,,6,750.2566633699867,1068.5999999999867,33.333333333333336,5,20.0,-401.41619819801053,-134.60000000001037,1,100.0,1151.6728615679972,1203.199999999997,8.5,18.5,0.0
BDL,COCHINSHIP,1e-12,6.5688583e-07,0.00051259739,6.3743849,50000.0,False,,,6,705.0931772600329,1023.2000000000326,33.333333333333336,5,20.0,-366.52562750796415,-99.99999999996453,1,100.0,1071.618804767997,1123.199999999997,8.5,18.5,0.5
BDL,COCHINSHIP,1e-12,6.5688583e-07,0.00051259739,6.3743849,50000.0,False,,,6,888.3509324090383,1206.5000000000377,33.333333333333336,5,20.0,-240.9067932549865,25.700000000013006,1,100.0,1129.2577256640247,1180.8000000000247,8.5,18.5,1.0
BDL,COCHINSHIP,1e-12,6.5688583e-07,0.00051259739,6.3743849,50000.0,False,,,6,750.2566633699867,1068.5999999999867,33.333333333333336,5,20.0,-401.41619819801053,-134.60000000001037,1,100.0,1151.6728615679972,1203.199999999997,8.5,19.0,0.0
BDL,COCHINSHIP,1e-12,6.5688583e-07,0.00051259739,6.3743849,50000.0,False,,,6,705.0931772600329,1023.2000000000326,33.333333333333336,5,20.0,-366.52562750796415,-99.99999999996453,1,100.0,1071.618804767997,1123.199999999997,8.5,19.0,0.5
BDL,COCHINSHIP,1e-12,6.5688583e-07,0.00051259739,6.3743849,50000.0,False,,,6,888.3509324090383,1206.5000000000377,33.333333333333336,5,20.0,-240.9067932549865,25.700000000013006,1,100.0,1129.2577256640247,1180.8000000000247,8.5,19.0,1.0
BDL,COCHINSHIP,1e-12,6.5688583e-07,0.00051259739,6.3743849,50000.0,False,,,6,149.04512250596645,466.99999999996635,33.333333333333336,5,20.0,-1002.6277390620307,-736.2000000000307,1,100.0,1151.6728615679972,1203.199999999997,8.5,19.5,0.0
BDL,COCHINSHIP,1e-12,6.5688583e-07,0.00051259739,6.3743849,50000.0,False,,,6,247.78865415601967,565.6000000000195,33.333333333333336,5,20.0,-823.8301506119774,-557.5999999999776,1,100.0,1071.618804767997,1123.199999999997,8.5,19.5,0.5
BDL,COCHINSHIP,1e-12,6.5688583e-07,0.00051259739,6.3743849,50000.0,False,,,6,472.61954776903076,790.5000000000305,33.333333333333336,5,20.0,-656.638177894994,-390.29999999999427,1,100.0,1129.2577256640247,1180.8000000000247,8.5,19.5,1.0
BDL,COCHINSHIP,1e-12,6.5688583e-07,0.00051259739,6.3743849,50000.0,False,,,6,149.04512250596645,466.99999999996635,33.333333333333336,5,20.0,-1002.6277390620307,-736.2000000000307,1,100.0,1151.6728615679972,1203.199999999997,8.5,20.0,0.0
BDL,COCHINSHIP,1e-12,6.5688583e-07,0.00051259739,6.3743849,50000.0,False,,,6,247.78865415601967,565.6000000000195,33.333333333333336,5,20.0,-823.8301506119774,-557.5999999999776,1,100.0,1071.618804767997,1123.199999999997,8.5,20.0,0.5
BDL,COCHINSHIP,1e-12,6.5688583e-07,0.00051259739,6.3743849,50000.0,False,,,6,472.61954776903076,790.5000000000305,33.333333333333336,5,20.0,-656.638177894994,-390.29999999999427,1,100.0,1129.2577256640247,1180.8000000000247,8.5,20.0,1.0
BDL,COCHINSHIP,1e-12,6.5688583e-07,0.00051259739,6.3743849,50000.0,False,,,6,149.04512250596645,466.99999999996635,33.333333333333336,5,20.0,-1002.6277390620307,-736.2000000000307,1,100.0,1151.6728615679972,1203.199999999997,8.5,20.5,0.0
BDL,COCHINSHIP,1e-12,6.5688583e-07,0.00051259739,6.3743849,50000.0,False,,,6,247.78865415601967,565.6000000000195,33.333333333333336,5,20.0,-823.8301506119774,-557.5999999999776,1,100.0,1071.618804767997,1123.199999999997,8.5,20.5,0.5
BDL,COCHINSHIP,1e-12,6.5688583e-07,0.00051259739,6.3743849,50000.0,False,,,6,472.61954776903076,790.5000000000305,33.333333333333336,5,20.0,-656.638177894994,-390.29999999999427,1,100.0,1129.2577256640247,1180.8000000000247,8.5,20.5,1.0
BDL,COCHINSHIP,1e-12,6.5688583e-07,0.00051259739,6.3743849,50000.0,False,,,6,149.04512250596645,466.99999999996635,33.333333333333336,5,20.0,-1002.6277390620307,-736.2000000000307,1,100.0,1151.6728615679972,1203.199999999997,8.5,21.0,0.0
BDL,COCHINSHIP,1e-12,6.5688583e-07,0.00051259739,6.3743849,50000.0,False,,,6,247.78865415601967,565.6000000000195,33.333333333333336,5,20.0,-823.8301506119774,-557.5999999999776,1,100.0,1071.618804767997,1123.199999999997,8.5,21.0,0.5
BDL,COCHINSHIP,1e-12,6.5688583e-07,0.00051259739,6.3743849,50000.0,False,,,6,472.61954776903076,790.5000000000305,33.333333333333336,5,20.0,-656.638177894994,-390.29999999999427,1,100.0,1129.2577256640247,1180.8000000000247,8.5,21.0,1.0
BDL,COCHINSHIP,1e-12,6.5688583e-07,0.00051259739,6.3743849,50000.0,False,,,6,149.04512250596645,466.99999999996635,33.333333333333336,5,20.0,-1002.6277390620307,-736.2000000000307,1,100.0,1151.6728615679972,1203.199999999997,8.5,21.5,0.0
BDL,COCHINSHIP,1e-12,6.5688583e-07,0.00051259739,6.3743849,50000.0,False,,,6,247.78865415601967,565.6000000000195,33.333333333333336,5,20.0,-823.8301506119774,-557.5999999999776,1,100.0,1071.618804767997,1123.199999999997,8.5,21.5,0.5
BDL,COCHINSHIP,1e-12,6.5688583e-07,0.00051259739,6.3743849,50000.0,False,,,6,472.61954776903076,790.5000000000305,33.333333333333336,5,20.0,-656.638177894994,-390.29999999999427,1,100.0,1129.2577256640247,1180.8000000000247,8.5,21.5,1.0
BDL,COCHINSHIP,1e-12,6.5688583e-07,0.00051259739,6.3743849,50000.0,False,,,6,149.04512250596645,466.99999999996635,33.333333333333336,5,20.0,-1002.6277390620307,-736.2000000000307,1,100.0,1151.6728615679972,1203.199999999997,8.5,22.0,0.0
BDL,COCHINSHIP,1e-12,6.5688583e-07,0.00051259739,6.3743849,50000.0,False,,,6,247.78865415601967,565.6000000000195,33.333333333333336,5,20.0,-823.8301506119774,-557.5999999999776,1,100.0,1071.618804767997,1123.199999999997,8.5,22.0,0.5
BDL,COCHINSHIP,1e-12,6.5688583e-07,0.00051259739,6.3743849,50000.0,False,,,6,472.61954776903076,790.5000000000305,33.333333333333336,5,20.0,-656.638177894994,-390.29999999999427,1,100.0,1129.2577256640247,1180.8000000000247,8.5,22.0,1.0
BDL,COCHINSHIP,1e-12,6.5688583e-07,0.00051259739,6.3743849,50000.0,False,,,6,149.04512250596645,466.99999999996635,33.333333333333336,5,20.0,-1002.6277390620307,-736.2000000000307,1,100.0,1151.6728615679972,1203.199999999997,8.5,22.5,0.0
BDL,COCHINSHIP,1e-12,6.5688583e-07,0.00051259739,6.3743849,50000.0,False,,,6,247.78865415601967,565.6000000000195,33.333333333333336,5,20.0,-823.8301506119774,-557.5999999999776,1,100.0,1071.618804767997,1123.199999999997,8.5,22.5,0.5
BDL,COCHINSHIP,1e-12,6.5688583e-07,0.00051259739,6.3743849,50000.0,False,,,6,472.61954776903076,790.5000000000305,33.333333333333336,5,20.0,-656.638177894994,-390.29999999999427,1,100.0,1129.2577256640247,1180.8000000000247,8.5,22.5,1.0
BDL,COCHINSHIP,1e-12,6.5688583e-07,0.00051259739,6.3743849,50000.0,False,,,6,149.04512250596645,466.99999999996635,33.333333333333336,5,20.0,-1002.6277390620307,-736.2000000000307,1,100.0,1151.6728615679972,1203.199999999997,8.5,23.0,0.0
BDL,COCHINSHIP,1e-12,6.5688583e-07,0.00051259739,6.3743849,50000.0,False,,,6,247.78865415601967,565.6000000000195,33.333333333333336,5,20.0,-823.8301506119774,-557.5999999999776,1,100.0,1071.618804767997,1123.199999999997,8.5,23.0,0.5
BDL,COCHINSHIP,1e-12,6.5688583e-07,0.00051259739,6.3743849,50000.0,False,,,6,472.61954776903076,790.5000000000305,33.333333333333336,5,20.0,-656.638177894994,-390.29999999999427,1,100.0,1129.2577256640247,1180.8000000000247,8.5,23.0,1.0
BDL,COCHINSHIP,1e-12,6.5688583e-07,0.00051259739,6.3743849,50000.0,False,,,6,149.04512250596645,466.99999999996635,33.333333333333336,5,20.0,-1002.6277390620307,-736.2000000000307,1,100.0,1151.6728615679972,1203.199999999997,8.5,23.5,0.0
BDL,COCHINSHIP,1e-12,6.5688583e-07,0.00051259739,6.3743849,50000.0,False,,,6,247.78865415601967,565.6000000000195,33.333333333333336,5,20.0,-823.8301506119774,-557.5999999999776,1,100.0,1071.618804767997,1123.199999999997,8.5,23.5,0.5
BDL,COCHINSHIP,1e-12,6.5688583e-07,0.00051259739,6.3743849,50000.0,False,,,6,472.61954776903076,790.5000000000305,33.333333333333336,5,20.0,-656.638177894994,-390.29999999999427,1,100.0,1129.2577256640247,1180.8000000000247,8.5,23.5,1.0
BDL,COCHINSHIP,1e-12,6.5688583e-07,0.00051259739,6.3743849,50000.0,False,,,6,149.04512250596645,466.99999999996635,33.333333333333336,5,20.0,-1002.6277390620307,-736.2000000000307,1,100.0,1151.6728615679972,1203.199999999997,8.5,24.0,0.0
BDL,COCHINSHIP,1e-12,6.5688583e-07,0.00051259739,6.3743849,50000.0,False,,,6,247.78865415601967,565.6000000000195,33.333333333333336,5,20.0,-823.8301506119774,-557.5999999999776,1,100.0,1071.618804767997,1123.199999999997,8.5,24.0,0.5
BDL,COCHINSHIP,1e-12,6.5688583e-07,0.00051259739,6.3743849,50000.0,False,,,6,472.61954776903076,790.5000000000305,33.333333333333336,5,20.0,-656.638177894994,-390.29999999999427,1,100.0,1129.2577256640247,1180.8000000000247,8.5,24.0,1.0
BDL,COCHINSHIP,1e-12,6.5688583e-07,0.00051259739,6.3743849,50000.0,False,,,6,149.04512250596645,466.99999999996635,33.333333333333336,5,20.0,-1002.6277390620307,-736.2000000000307,1,100.0,1151.6728615679972,1203.199999999997,8.5,24.5,0.0
BDL,COCHINSHIP,1e-12,6.5688583e-07,0.00051259739,6.3743849,50000.0,False,,,6,247.78865415601967,565.6000000000195,33.333333333333336,5,20.0,-823.8301506119774,-557.5999999999776,1,100.0,1071.618804767997,1123.199999999997,8.5,24.5,0.5
BDL,COCHINSHIP,1e-12,6.5688583e-07,0.00051259739,6.3743849,50000.0,False,,,6,472.61954776903076,790.5000000000305,33.333333333333336,5,20.0,-656.638177894994,-390.29999999999427,1,100.0,1129.2577256640247,1180.8000000000247,8.5,24.5,1.0
BDL,COCHINSHIP,1e-12,6.5688583e-07,0.00051259739,6.3743849,50000.0,False,,,6,149.04512250596645,466.99999999996635,33.333333333333336,5,20.0,-1002.6277390620307,-736.2000000000307,1,100.0,1151.6728615679972,1203.199999999997,8.5,25.0,0.0
BDL,COCHINSHIP,1e-12,6.5688583e-07,0.00051259739,6.3743849,50000.0,False,,,6,247.78865415601967,565.6000000000195,33.333333333333336,5,20.0,-823.8301506119774,-557.5999999999776,1,100.0,1071.618804767997,1123.199999999997,8.5,25.0,0.5
BDL,COCHINSHIP,1e-12,6.5688583e-07,0.00051259739,6.3743849,50000.0,False,,,6,472.61954776903076,790.5000000000305,33.333333333333336,5,20.0,-656.638177894994,-390.29999999999427,1,100.0,1129.2577256640247,1180.8000000000247,8.5,25.0,1.0
BDL,COCHINSHIP,1e-12,6.5688583e-07,0.00051259739,6.3743849,50000.0,False,,,6,149.04512250596645,466.99999999996635,33.333333333333336,5,20.0,-1002.6277390620307,-736.2000000000307,1,100.0,1151.6728615679972,1203.199999999997,8.5,25.5,0.0
BDL,COCHINSHIP,1e-12,6.5688583e-07,0.00051259739,6.3743849,50000.0,False,,,6,247.78865415601967,565.6000000000195,33.333333333333336,5,20.0,-823.8301506119774,-557.5999999999776,1,100.0,1071.618804767997,1123.199999999997,8.5,25.5,0.5
BDL,COCHINSHIP,1e-12,6.5688583e-07,0.00051259739,6.3743849,50000.0,False,,,6,472.61954776903076,790.5000000000305,33.333333333333336,5,20.0,-656.638177894994,-390.29999999999427,1,100.0,1129.2577256640247,1180.8000000000247,8.5,25.5,1.0
BDL,COCHINSHIP,1e-12,6.5688583e-07,0.00051259739,6.3743849,50000.0,False,,,6,149.04512250596645,466.99999999996635,33.333333333333336,5,20.0,-1002.6277390620307,-736.2000000000307,1,100.0,1151.6728615679972,1203.199999999997,8.5,26.0,0.0
BDL,COCHINSHIP,1e-12,6.5688583e-07,0.00051259739,6.3743849,50000.0,False,,,6,247.78865415601967,565.6000000000195,33.333333333333336,5,20.0,-823.8301506119774,-557.5999999999776,1,100.0,1071.618804767997,1123.199999999997,8.5,26.0,0.5
BDL,COCHINSHIP,1e-12,6.5688583e-07,0.00051259739,6.3743849,50000.0,False,,,6,472.61954776903076,790.5000000000305,33.333333333333336,5,20.0,-656.638177894994,-390.29999999999427,1,100.0,1129.2577256640247,1180.8000000000247,8.5,26.0,1.0
BDL,COCHINSHIP,1e-12,6.5688583e-07,0.00051259739,6.3743849,50000.0,False,,,6,149.04512250596645,466.99999999996635,33.333333333333336,5,20.0,-1002.6277390620307,-736.2000000000307,1,100.0,1151.6728615679972,1203.199999999997,8.5,26.5,0.0
BDL,COCHINSHIP,1e-12,6.5688583e-07,0.00051259739,6.3743849,50000.0,False,,,6,247.78865415601967,565.6000000000195,33.333333333333336,5,20.0,-823.8301506119774,-557.5999999999776,1,100.0,1071.618804767997,1123.199999999997,8.5,26.5,0.5
BDL,COCHINSHIP,1e-12,6.5688583e-07,0.00051259739,6.3743849,50000.0,False,,,6,472.61954776903076,790.5000000000305,33.333333333333336,5,20.0,-656.638177894994,-390.29999999999427,1,100.0,1129.2577256640247,1180.8000000000247,8.5,26.5,1.0
BDL,COCHINSHIP,1e-12,6.5688583e-07,0.00051259739,6.3743849,50000.0,False,,,6,149.04512250596645,466.99999999996635,33.333333333333336,5,20.0,-1002.6277390620307,-736.2000000000307,1,100.0,1151.6728615679972,1203.199999999997,8.5,27.0,0.0
BDL,COCHINSHIP,1e-12,6.5688583e-07,0.00051259739,6.3743849,50000.0,False,,,6,247.78865415601967,565.6000000000195,33.333333333333336,5,20.0,-823.8301506119774,-557.5999999999776,1,100.0,1071.618804767997,1123.199999999997,8.5,27.0,0.5
BDL,COCHINSHIP,1e-12,6.5688583e-07,0.00051259739,6.3743849,50000.0,False,,,6,472.61954776903076,790.5000000000305,33.333333333333336,5,20.0,-656.638177894994,-390.29999999999427,1,100.0,1129.2577256640247,1180.8000000000247,8.5,27.0,1.0
BDL,COCHINSHIP,1e-12,6.5688583e-07,0.00051259739,6.3743849,50000.0,False,,,6,149.04512250596645,466.99999999996635,33.333333333333336,5,20.0,-1002.6277390620307,-736.2000000000307,1,100.0,1151.6728615679972,1203.199999999997,8.5,27.5,0.0
BDL,COCHINSHIP,1e-12,6.5688583e-07,0.00051259739,6.3743849,50000.0,False,,,6,247.78865415601967,565.6000000000195,33.333333333333336,5,20.0,-823.8301506119774,-557.5999999999776,1,100.0,1071.618804767997,1123.199999999997,8.5,27.5,0.5
BDL,COCHINSHIP,1e-12,6.5688583e-07,0.00051259739,6.3743849,50000.0,False,,,6,472.61954776903076,790.5000000000305,33.333333333333336,5,20.0,-656.638177894994,-390.29999999999427,1,100.0,1129.2577256640247,1180.8000000000247,8.5,27.5,1.0
BDL,COCHINSHIP,1e-12,6.5688583e-07,0.00051259739,6.3743849,50000.0,False,,,6,149.04512250596645,466.99999999996635,33.333333333333336,5,20.0,-1002.6277390620307,-736.2000000000307,1,100.0,1151.6728615679972,1203.199999999997,8.5,28.0,0.0
BDL,COCHINSHIP,1e-12,6.5688583e-07,0.00051259739,6.3743849,50000.0,False,,,6,247.78865415601967,565.6000000000195,33.333333333333336,5,20.0,-823.8301506119774,-557.5999999999776,1,100.0,1071.618804767997,1123.199999999997,8.5,28.0,0.5
BDL,COCHINSHIP,1e-12,6.5688583e-07,0.00051259739,6.3743849,50000.0,False,,,6,472.61954776903076,790.5000000000305,33.333333333333336,5,20.0,-656.638177894994,-390.29999999999427,1,100.0,1129.2577256640247,1180.8000000000247,8.5,28.0,1.0
BDL,COCHINSHIP,1e-12,6.5688583e-07,0.00051259739,6.3743849,50000.0,False,,,6,149.04512250596645,466.99999999996635,33.333333333333336,5,20.0,-1002.6277390620307,-736.2000000000307,1,100.0,1151.6728615679972,1203.199999999997,8.5,28.5,0.0
BDL,COCHINSHIP,1e-12,6.5688583e-07,0.00051259739,6.3743849,50000.0,False,,,6,247.78865415601967,565.6000000000195,33.333333333333336,5,20.0,-823.8301506119774,-557.5999999999776,1,100.0,1071.618804767997,1123.199999999997,8.5,28.5,0.5
BDL,COCHINSHIP,1e-12,6.5688583e-07,0.00051259739,6.3743849,50000.0,False,,,6,472.61954776903076,790.5000000000305,33.333333333333336,5,20.0,-656.638177894994,-390.29999999999427,1,100.0,1129.2577256640247,1180.8000000000247,8.5,28.5,1.0
BDL,COCHINSHIP,1e-12,6.5688583e-07,0.00051259739,6.3743849,50000.0,False,,,6,149.04512250596645,466.99999999996635,33.333333333333336,5,20.0,-1002.6277390620307,-736.2000000000307,1,100.0,1151.6728615679972,1203.199999999997,8.5,29.0,0.0
BDL,COCHINSHIP,1e-12,6.5688583e-07,0.00051259739,6.3743849,50000.0,False,,,6,247.78865415601967,565.6000000000195,33.333333333333336,5,20.0,-823.8301506119774,-557.5999999999776,1,100.0,1071.618804767997,1123.199999999997,8.5,29.0,0.5
BDL,COCHINSHIP,1e-12,6.5688583e-07,0.00051259739,6.3743849,50000.0,False,,,6,472.61954776903076,790.5000000000305,33.333333333333336,5,20.0,-656.638177894994,-390.29999999999427,1,100.0,1129.2577256640247,1180.8000000000247,8.5,29.0,1.0
BDL,COCHINSHIP,1e-12,6.5688583e-07,0.00051259739,6.3743849,50000.0,False,,,6,149.04512250596645,466.99999999996635,33.333333333333336,5,20.0,-1002.6277390620307,-736.2000000000307,1,100.0,1151.6728615679972,1203.199999999997,8.5,29.5,0.0
BDL,COCHINSHIP,1e-12,6.5688583e-07,0.00051259739,6.3743849,50000.0,False,,,6,247.78865415601967,565.6000000000195,33.333333333333336,5,20.0,-823.8301506119774,-557.5999999999776,1,100.0,1071.618804767997,1123.199999999997,8.5,29.5,0.5
BDL,COCHINSHIP,1e-12,6.5688583e-07,0.00051259739,6.3743849,50000.0,False,,,6,472.61954776903076,790.5000000000305,33.333333333333336,5,20.0,-656.638177894994,-390.29999999999427,1,100.0,1129.2577256640247,1180.8000000000247,8.5,29.5,1.0
BDL,COCHINSHIP,1e-12,6.5688583e-07,0.00051259739,6.3743849,50000.0,False,,,6,149.04512250596645,466.99999999996635,33.333333333333336,5,20.0,-1002.6277390620307,-736.2000000000307,1,100.0,1151.6728615679972,1203.199999999997,8.5,30.0,0.0
BDL,COCHINSHIP,1e-12,6.5688583e-07,0.00051259739,6.3743849,50000.0,False,,,6,247.78865415601967,565.6000000000195,33.333333333333336,5,20.0,-823.8301506119774,-557.5999999999776,1,100.0,1071.618804767997,1123.199999999997,8.5,30.0,0.5
BDL,COCHINSHIP,1e-12,6.5688583e-07,0.00051259739,6.3743849,50000.0,False,,,6,472.61954776903076,790.5000000000305,33.333333333333336,5,20.0,-656.638177894994,-390.29999999999427,1,100.0,1129.2577256640247,1180.8000000000247,8.5,30.0,1.0
BDL,COCHINSHIP,1e-12,6.5688583e-07,0.00051259739,6.3743849,50000.0,False,,,6,-1578.1613021469957,-1260.2999999999956,16.666666666666668,5,20.0,-1442.5649303710204,-1177.1000000000204,1,0.0,-135.59637177597526,-83.19999999997526,9.0,9.5,0.0
BDL,COCHINSHIP,1e-12,6.5688583e-07,0.00051259739,6.3743849,50000.0,False,,,6,-1827.000520356976,-1509.2999999999759,16.666666666666668,5,20.0,-1691.4041485810008,-1426.1000000000006,1,0.0,-135.59637177597526,-83.19999999997526,9.0,9.5,0.5
BDL,COCHINSHIP,1e-12,6.5688583e-07,0.00051259739,6.3743849,50000.0,False,,,6,-1810.511174571961,-1492.7999999999608,16.666666666666668,5,20.0,-1674.9148027959857,-1409.5999999999856,1,0.0,-135.59637177597526,-83.19999999997526,9.0,9.5,1.0
BDL,COCHINSHIP,1e-12,6.5688583e-07,0.00051259739,6.3743849,50000.0,False,,,6,391.1672341219945,708.5999999999945,33.333333333333336,5,20.0,-760.5056274460027,-494.60000000000264,1,100.0,1151.6728615679972,1203.199999999997,9.0,10.0,0.0
BDL,COCHINSHIP,1e-12,6.5688583e-07,0.00051259739,6.3743849,50000.0,False,,,6,62.27395911201404,379.60000000001423,33.333333333333336,5,20.0,-1009.344845655983,-743.5999999999829,1,100.0,1071.618804767997,1123.199999999997,9.0,10.0,0.5
BDL,COCHINSHIP,1e-12,6.5688583e-07,0.00051259739,6.3743849,50000.0,False,,,6,136.4022257930568,453.7000000000569,33.333333333333336,5,20.0,-992.855499870968,-727.0999999999678,1,100.0,1129.2577256640247,1180.8000000000247,9.0,10.0,1.0
BDL,COCHINSHIP,1e-12,6.5688583e-07,0.00051259739,6.3743849,50000.0,False,,,6,391.1672341219945,708.5999999999945,33.333333333333336,5,20.0,-760.5056274460027,-494.60000000000264,1,100.0,1151.6728615679972,1203.199999999997,9.0,10.5,0.0
BDL,COCHINSHIP,1e-12,6.5688583e-07,0.00051259739,6.3743849,50000.0,False,,,6,62.27395911201404,379.60000000001423,33.333333333333336,5,20.0,-1009.344845655983,-743.5999999999829,1,100.0,1071.618804767997,1123.199999999997,9.0,10.5,0.5
BDL,COCHINSHIP,1e-12,6.5688583e-07,0.00051259739,6.3743849,50000.0,False,,,6,136.4022257930568,453.7000000000569,33.333333333333336,5,20.0,-992.855499870968,-727.0999999999678,1,100.0,1129.2577256640247,1180.8000000000247,9.0,10.5,1.0
BDL,COCHINSHIP,1e-12,6.5688583e-07,0.00051259739,6.3743849,50000.0,False,,,6,-1720.5449617570039,-1401.3000000000043,33.333333333333336,5,20.0,-2872.217823325001,-2604.5000000000014,1,100.0,1151.6728615679972,1203.199999999997,9.0,11.0,0.0
BDL,COCHINSHIP,1e-12,6.5688583e-07,0.00051259739,6.3743849,50000.0,False,,,6,-1805.0732283849961,-1486.0999999999963,33.333333333333336,5,20.0,-2876.692033152993,-2609.2999999999934,1,100.0,1071.618804767997,1123.199999999997,9.0,11.0,0.5
BDL,COCHINSHIP,1e-12,6.5688583e-07,0.00051259739,6.3743849,50000.0,False,,,6,-1730.9449617039531,-1411.9999999999536,33.333333333333336,5,20.0,-2860.202687367978,-2592.7999999999784,1,100.0,1129.2577256640247,1180.8000000000247,9.0,11.0,1.0
BDL,COCHINSHIP,1e-12,6.5688583e-07,0.00051259739,6.3743849,50000.0,False,,,6,-792.9443097790145,-473.1000000000149,33.333333333333336,5,20.0,-1944.6171713470117,-1676.300000000012,1,100.0,1151.6728615679972,1203.199999999997,9.0,11.5,0.0
BDL,COCHINSHIP,1e-12,6.5688583e-07,0.00051259739,6.3743849,50000.0,False,,,6,-830.7027956349693,-511.09999999996944,33.333333333333336,5,20.0,-1902.3216004029664,-1634.2999999999665,1,100.0,1071.618804767997,1123.199999999997,9.0,11.5,0.5
BDL,COCHINSHIP,1e-12,6.5688583e-07,0.00051259739,6.3743849,50000.0,False,,,6,-647.4450404859635,-327.79999999996426,33.333333333333336,5,20.0,-1776.7027661499883,-1508.599999999989,1,100.0,1129.2577256640247,1180.8000000000247,9.0,11.5,1.0
BDL,COCHINSHIP,1e-12,6.5688583e-07,0.00051259739,6.3743849,50000.0,False,,,6,-792.9443097790145,-473.1000000000149,33.333333333333336,5,20.0,-1944.6171713470117,-1676.300000000012,1,100.0,1151.6728615679972,1203.199999999997,9.0,12.0,0.0
BDL,COCHINSHIP,1e-12,6.5688583e-07,0.00051259739,6.3743849,50000.0,False,,,6,-830.7027956349693,-511.09999999996944,33.333333333333336,5,20.0,-1902.3216004029664,-1634.2999999999665,1,100.0,1071.618804767997,1123.199999999997,9.0,12.0,0.5
BDL,COCHINSHIP,1e-12,6.5688583e-07,0.00051259739,6.3743849,50000.0,False,,,6,-647.4450404859635,-327.79999999996426,33.333333333333336,5,20.0,-1776.7027661499883,-1508.599999999989,1,100.0,1129.2577256640247,1180.8000000000247,9.0,12.0,1.0
BDL,COCHINSHIP,1e-12,6.5688583e-07,0.00051259739,6.3743849,50000.0,False,,,6,-792.9443097790145,-473.1000000000149,33.333333333333336,5,20.0,-1944.6171713470117,-1676.300000000012,1,100.0,1151.6728615679972,1203.199999999997,9.0,12.5,0.0
BDL,COCHINSHIP,1e-12,6.5688583e-07,0.00051259739,6.3743849,50000.0,False,,,6,-830.7027956349693,-511.09999999996944,33.333333333333336,5,20.0,-1902.3216004029664,-1634.2999999999665,1,100.0,1071.618804767997,1123.199999999997,9.0,12.5,0.5
BDL,COCHINSHIP,1e-12,6.5688583e-07,0.00051259739,6.3743849,50000.0,False,,,6,-647.4450404859635,-327.79999999996426,33.333333333333336,5,20.0,-1776.7027661499883,-1508.599999999989,1,100.0,1129.2577256640247,1180.8000000000247,9.0,12.5,1.0
BDL,COCHINSHIP,1e-12,6.5688583e-07,0.00051259739,6.3743849,50000.0,False,,,6,-792.9443097790145,-473.1000000000149,33.333333333333336,5,20.0,-1944.6171713470117,-1676.300000000012,1,100.0,1151.6728615679972,1203.199999999997,9.0,13.0,0.0
BDL,COCHINSHIP,1e-12,6.5688583e-07,0.00051259739,6.3743849,50000.0,False,,,6,-830.7027956349693,-511.09999999996944,33.333333333333336,5,20.0,-1902.3216004029664,-1634.2999999999665,1,100.0,1071.618804767997,1123.199999999997,9.0,13.0,0.5
BDL,COCHINSHIP,1e-12,6.5688583e-07,0.00051259739,6.3743849,50000.0,False,,,6,-647.4450404859635,-327.79999999996426,33.333333333333336,5,20.0,-1776.7027661499883,-1508.599999999989,1,100.0,1129.2577256640247,1180.8000000000247,9.0,13.0,1.0
BDL,COCHINSHIP,1e-12,6.5688583e-07,0.00051259739,6.3743849,50000.0,False,,,6,-792.9443097790145,-473.1000000000149,33.333333333333336,5,20.0,-1944.6171713470117,-1676.300000000012,1,100.0,1151.6728615679972,1203.199999999997,9.0,13.5,0.0
BDL,COCHINSHIP,1e-12,6.5688583e-07,0.00051259739,6.3743849,50000.0,False,,,6,-830.7027956349693,-511.09999999996944,33.333333333333336,5,20.0,-1902.3216004029664,-1634.2999999999665,1,100.0,1071.618804767997,1123.199999999997,9.0,13.5,0.5
BDL,COCHINSHIP,1e-12,6.5688583e-07,0.00051259739,6.3743849,50000.0,False,,,6,-647.4450404859635,-327.79999999996426,33.333333333333336,5,20.0,-1776.7027661499883,-1508.599999999989,1,100.0,1129.2577256640247,1180.8000000000247,9.0,13.5,1.0
BDL,COCHINSHIP,1e-12,6.5688583e-07,0.00051259739,6.3743849,50000.0,False,,,6,-792.9443097790145,-473.1000000000149,33.333333333333336,5,20.0,-1944.6171713470117,-1676.300000000012,1,100.0,1151.6728615679972,1203.199999999997,9.0,14.0,0.0
BDL,COCHINSHIP,1e-12,6.5688583e-07,0.00051259739,6.3743849,50000.0,False,,,6,-830.7027956349693,-511.09999999996944,33.333333333333336,5,20.0,-1902.3216004029664,-1634.2999999999665,1,100.0,1071.618804767997,1123.199999999997,9.0,14.0,0.5
BDL,COCHINSHIP,1e-12,6.5688583e-07,0.00051259739,6.3743849,50000.0,False,,,6,-647.4450404859635,-327.79999999996426,33.333333333333336,5,20.0,-1776.7027661499883,-1508.599999999989,1,100.0,1129.2577256640247,1180.8000000000247,9.0,14.0,1.0
BDL,COCHINSHIP,1e-12,6.5688583e-07,0.00051259739,6.3743849,50000.0,False,,,6,-792.9443097790145,-473.1000000000149,33.333333333333336,5,20.0,-1944.6171713470117,-1676.300000000012,1,100.0,1151.6728615679972,1203.199999999997,9.0,14.5,0.0
BDL,COCHINSHIP,1e-12,6.5688583e-07,0.00051259739,6.3743849,50000.0,False,,,6,-830.7027956349693,-511.09999999996944,33.333333333333336,5,20.0,-1902.3216004029664,-1634.2999999999665,1,100.0,1071.618804767997,1123.199999999997,9.0,14.5,0.5
BDL,COCHINSHIP,1e-12,6.5688583e-07,0.00051259739,6.3743849,50000.0,False,,,6,-647.4450404859635,-327.79999999996426,33.333333333333336,5,20.0,-1776.7027661499883,-1508.599999999989,1,100.0,1129.2577256640247,1180.8000000000247,9.0,14.5,1.0
BDL,COCHINSHIP,1e-12,6.5688583e-07,0.00051259739,6.3743849,50000.0,False,,,6,-792.9443097790145,-473.1000000000149,33.333333333333336,5,20.0,-1944.6171713470117,-1676.300000000012,1,100.0,1151.6728615679972,1203.199999999997,9.0,15.0,0.0
BDL,COCHINSHIP,1e-12,6.5688583e-07,0.00051259739,6.3743849,50000.0,False,,,6,-830.7027956349693,-511.09999999996944,33.333333333333336,5,20.0,-1902.3216004029664,-1634.2999999999665,1,100.0,1071.618804767997,1123.199999999997,9.0,15.0,0.5
BDL,COCHINSHIP,1e-12,6.5688583e-07,0.00051259739,6.3743849,50000.0,False,,,6,-647.4450404859635,-327.79999999996426,33.333333333333336,5,20.0,-1776.7027661499883,-1508.599999999989,1,100.0,1129.2577256640247,1180.8000000000247,9.0,15.0,1.0
BDL,COCHINSHIP,1e-12,6.5688583e-07,0.00051259739,6.3743849,50000.0,False,,,6,-792.9443097790145,-473.1000000000149,33.333333333333336,5,20.0,-1944.6171713470117,-1676.300000000012,1,100.0,1151.6728615679972,1203.199999999997,9.0,15.5,0.0
BDL,COCHINSHIP,1e-12,6.5688583e-07,0.00051259739,6.3743849,50000.0,False,,,6,-830.7027956349693,-511.09999999996944,33.333333333333336,5,20.0,-1902.3216004029664,-1634.2999999999665,1,100.0,1071.618804767997,1123.199999999997,9.0,15.5,0.5
BDL,COCHINSHIP,1e-12,6.5688583e-07,0.00051259739,6.3743849,50000.0,False,,,6,-647.4450404859635,-327.79999999996426,33.333333333333336,5,20.0,-1776.7027661499883,-1508.599999999989,1,100.0,1129.2577256640247,1180.8000000000247,9.0,15.5,1.0
BDL,COCHINSHIP,1e-12,6.5688583e-07,0.00051259739,6.3743849,50000.0,False,,,6,-792.9443097790145,-473.1000000000149,33.333333333333336,5,20.0,-1944.6171713470117,-1676.300000000012,1,100.0,1151.6728615679972,1203.199999999997,9.0,16.0,0.0
BDL,COCHINSHIP,1e-12,6.5688583e-07,0.00051259739,6.3743849,50000.0,False,,,6,-830.7027956349693,-511.09999999996944,33.333333333333336,5,20.0,-1902.3216004029664,-1634.2999999999665,1,100.0,1071.618804767997,1123.199999999997,9.0,16.0,0.5
BDL,COCHINSHIP,1e-12,6.5688583e-07,0.00051259739,6.3743849,50000.0,False,,,6,-647.4450404859635,-327.79999999996426,33.333333333333336,5,20.0,-1776.7027661499883,-1508.599999999989,1,100.0,1129.2577256640247,1180.8000000000247,9.0,16.0,1.0
BDL,COCHINSHIP,1e-12,6.5688583e-07,0.00051259739,6.3743849,50000.0,False,,,6,-792.9443097790145,-473.1000000000149,33.333333333333336,5,20.0,-1944.6171713470117,-1676.300000000012,1,100.0,1151.6728615679972,1203.199999999997,9.0,16.5,0.0
BDL,COCHINSHIP,1e-12,6.5688583e-07,0.00051259739,6.3743849,50000.0,False,,,6,-830.7027956349693,-511.09999999996944,33.333333333333336,5,20.0,-1902.3216004029664,-1634.2999999999665,1,100.0,1071.618804767997,1123.199999999997,9.0,16.5,0.5
BDL,COCHINSHIP,1e-12,6.5688583e-07,0.00051259739,6.3743849,50000.0,False,,,6,-647.4450404859635,-327.79999999996426,33.333333333333336,5,20.0,-1776.7027661499883,-1508.599999999989,1,100.0,1129.2577256640247,1180.8000000000247,9.0,16.5,1.0
BDL,COCHINSHIP,1e-12,6.5688583e-07,0.00051259739,6.3743849,50000.0,False,,,6,-792.9443097790145,-473.1000000000149,33.333333333333336,5,20.0,-1944.6171713470117,-1676.300000000012,1,100.0,1151.6728615679972,1203.199999999997,9.0,17.0,0.0
BDL,COCHINSHIP,1e-12,6.5688583e-07,0.00051259739,6.3743849,50000.0,False,,,6,-830.7027956349693,-511.09999999996944,33.333333333333336,5,20.0,-1902.3216004029664,-1634.2999999999665,1,100.0,1071.618804767997,1123.199999999997,9.0,17.0,0.5
BDL,COCHINSHIP,1e-12,6.5688583e-07,0.00051259739,6.3743849,50000.0,False,,,6,-647.4450404859635,-327.79999999996426,33.333333333333336,5,20.0,-1776.7027661499883,-1508.599999999989,1,100.0,1129.2577256640247,1180.8000000000247,9.0,17.0,1.0
BDL,COCHINSHIP,1e-12,6.5688583e-07,0.00051259739,6.3743849,50000.0,False,,,6,-792.9443097790145,-473.1000000000149,33.333333333333336,5,20.0,-1944.6171713470117,-1676.300000000012,1,100.0,1151.6728615679972,1203.199999999997,9.0,17.5,0.0
BDL,COCHINSHIP,1e-12,6.5688583e-07,0.00051259739,6.3743849,50000.0,False,,,6,-830.7027956349693,-511.09999999996944,33.333333333333336,5,20.0,-1902.3216004029664,-1634.2999999999665,1,100.0,1071.618804767997,1123.199999999997,9.0,17.5,0.5
BDL,COCHINSHIP,1e-12,6.5688583e-07,0.00051259739,6.3743849,50000.0,False,,,6,-647.4450404859635,-327.79999999996426,33.333333333333336,5,20.0,-1776.7027661499883,-1508.599999999989,1,100.0,1129.2577256640247,1180.8000000000247,9.0,17.5,1.0
BDL,COCHINSHIP,1e-12,6.5688583e-07,0.00051259739,6.3743849,50000.0,False,,,6,-792.9443097790145,-473.1000000000149,33.333333333333336,5,20.0,-1944.6171713470117,-1676.300000000012,1,100.0,1151.6728615679972,1203.199999999997,9.0,18.0,0.0
BDL,COCHINSHIP,1e-12,6.5688583e-07,0.00051259739,6.3743849,50000.0,False,,,6,-830.7027956349693,-511.09999999996944,33.333333333333336,5,20.0,-1902.3216004029664,-1634.2999999999665,1,100.0,1071.618804767997,1123.199999999997,9.0,18.0,0.5
BDL,COCHINSHIP,1e-12,6.5688583e-07,0.00051259739,6.3743849,50000.0,False,,,6,-647.4450404859635,-327.79999999996426,33.333333333333336,5,20.0,-1776.7027661499883,-1508.599999999989,1,100.0,1129.2577256640247,1180.8000000000247,9.0,18.0,1.0
BDL,COCHINSHIP,1e-12,6.5688583e-07,0.00051259739,6.3743849,50000.0,False,,,6,-792.9443097790145,-473.1000000000149,33.333333333333336,5,20.0,-1944.6171713470117,-1676.300000000012,1,100.0,1151.6728615679972,1203.199999999997,9.0,18.5,0.0
BDL,COCHINSHIP,1e-12,6.5688583e-07,0.00051259739,6.3743849,50000.0,False,,,6,-830.7027956349693,-511.09999999996944,33.333333333333336,5,20.0,-1902.3216004029664,-1634.2999999999665,1,100.0,1071.618804767997,1123.199999999997,9.0,18.5,0.5
BDL,COCHINSHIP,1e-12,6.5688583e-07,0.00051259739,6.3743849,50000.0,False,,,6,-647.4450404859635,-327.79999999996426,33.333333333333336,5,20.0,-1776.7027661499883,-1508.599999999989,1,100.0,1129.2577256640247,1180.8000000000247,9.0,18.5,1.0
BDL,COCHINSHIP,1e-12,6.5688583e-07,0.00051259739,6.3743849,50000.0,False,,,6,-792.9443097790145,-473.1000000000149,33.333333333333336,5,20.0,-1944.6171713470117,-1676.300000000012,1,100.0,1151.6728615679972,1203.199999999997,9.0,19.0,0.0
BDL,COCHINSHIP,1e-12,6.5688583e-07,0.00051259739,6.3743849,50000.0,False,,,6,-830.7027956349693,-511.09999999996944,33.333333333333336,5,20.0,-1902.3216004029664,-1634.2999999999665,1,100.0,1071.618804767997,1123.199999999997,9.0,19.0,0.5
BDL,COCHINSHIP,1e-12,6.5688583e-07,0.00051259739,6.3743849,50000.0,False,,,6,-647.4450404859635,-327.79999999996426,33.333333333333336,5,20.0,-1776.7027661499883,-1508.599999999989,1,100.0,1129.2577256640247,1180.8000000000247,9.0,19.0,1.0
BDL,COCHINSHIP,1e-12,6.5688583e-07,0.00051259739,6.3743849,50000.0,False,,,6,-1394.1558506430351,-1074.7000000000353,33.333333333333336,5,20.0,-2545.8287122110323,-2277.9000000000324,1,100.0,1151.6728615679972,1203.199999999997,9.0,19.5,0.0
BDL,COCHINSHIP,1e-12,6.5688583e-07,0.00051259739,6.3743849,50000.0,False,,,6,-1288.0073187389821,-968.6999999999825,33.333333333333336,5,20.0,-2359.626123506979,-2091.8999999999796,1,100.0,1071.618804767997,1123.199999999997,9.0,19.5,0.5
BDL,COCHINSHIP,1e-12,6.5688583e-07,0.00051259739,6.3743849,50000.0,False,,,6,-1063.176425125971,-743.7999999999711,33.333333333333336,5,20.0,-2192.434150789996,-1924.5999999999958,1,100.0,1129.2577256640247,1180.8000000000247,9.0,19.5,1.0
BDL,COCHINSHIP,1e-12,6.5688583e-07,0.00051259739,6.3743849,50000.0,False,,,6,-1394.1558506430351,-1074.7000000000353,33.333333333333336,5,20.0,-2545.8287122110323,-2277.9000000000324,1,100.0,1151.6728615679972,1203.199999999997,9.0,20.0,0.0
BDL,COCHINSHIP,1e-12,6.5688583e-07,0.00051259739,6.3743849,50000.0,False,,,6,-1288.0073187389821,-968.6999999999825,33.333333333333336,5,20.0,-2359.626123506979,-2091.8999999999796,1,100.0,1071.618804767997,1123.199999999997,9.0,20.0,0.5
BDL,COCHINSHIP,1e-12,6.5688583e-07,0.00051259739,6.3743849,50000.0,False,,,6,-1063.176425125971,-743.7999999999711,33.333333333333336,5,20.0,-2192.434150789996,-1924.5999999999958,1,100.0,1129.2577256640247,1180.8000000000247,9.0,20.0,1.0
BDL,COCHINSHIP,1e-12,6.5688583e-07,0.00051259739,6.3743849,50000.0,False,,,6,-1394.1558506430351,-1074.7000000000353,33.333333333333336,5,20.0,-2545.8287122110323,-2277.9000000000324,1,100.0,1151.6728615679972,1203.199999999997,9.0,20.5,0.0
BDL,COCHINSHIP,1e-12,6.5688583e-07,0.00051259739,6.3743849,50000.0,False,,,6,-1288.0073187389821,-968.6999999999825,33.333333333333336,5,20.0,-2359.626123506979,-2091.8999999999796,1,100.0,1071.618804767997,1123.199999999997,9.0,20.5,0.5
BDL,COCHINSHIP,1e-12,6.5688583e-07,0.00051259739,6.3743849,50000.0,False,,,6,-1063.176425125971,-743.7999999999711,33.333333333333336,5,20.0,-2192.434150789996,-1924.5999999999958,1,100.0,1129.2577256640247,1180.8000000000247,9.0,20.5,1.0
BDL,COCHINSHIP,1e-12,6.5688583e-07,0.00051259739,6.3743849,50000.0,False,,,6,-1394.1558506430351,-1074.7000000000353,33.333333333333336,5,20.0,-2545.8287122110323,-2277.9000000000324,1,100.0,1151.6728615679972,1203.199999999997,9.0,21.0,0.0
BDL,COCHINSHIP,1e-12,6.5688583e-07,0.00051259739,6.3743849,50000.0,False,,,6,-1288.0073187389821,-968.6999999999825,33.333333333333336,5,20.0,-2359.626123506979,-2091.8999999999796,1,100.0,1071.618804767997,1123.199999999997,9.0,21.0,0.5
BDL,COCHINSHIP,1e-12,6.5688583e-07,0.00051259739,6.3743849,50000.0,False,,,6,-1063.176425125971,-743.7999999999711,33.333333333333336,5,20.0,-2192.434150789996,-1924.5999999999958,1,100.0,1129.2577256640247,1180.8000000000247,9.0,21.0,1.0
BDL,COCHINSHIP,1e-12,6.5688583e-07,0.00051259739,6.3743849,50000.0,False,,,6,-1394.1558506430351,-1074.7000000000353,33.333333333333336,5,20.0,-2545.8287122110323,-2277.9000000000324,1,100.0,1151.6728615679972,1203.199999999997,9.0,21.5,0.0
BDL,COCHINSHIP,1e-12,6.5688583e-07,0.00051259739,6.3743849,50000.0,False,,,6,-1288.0073187389821,-968.6999999999825,33.333333333333336,5,20.0,-2359.626123506979,-2091.8999999999796,1,100.0,1071.618804767997,1123.199999999997,9.0,21.5,0.5
BDL,COCHINSHIP,1e-12,6.5688583e-07,0.00051259739,6.3743849,50000.0,False,,,6,-1063.176425125971,-743.7999999999711,33.333333333333336,5,20.0,-2192.434150789996,-1924.5999999999958,1,100.0,1129.2577256640247,1180.8000000000247,9.0,21.5,1.0
BDL,COCHINSHIP,1e-12,6.5688583e-07,0.00051259739,6.3743849,50000.0,False,,,6,-1394.1558506430351,-1074.7000000000353,33.333333333333336,5,20.0,-2545.8287122110323,-2277.9000000000324,1,100.0,1151.6728615679972,1203.199999999997,9.0,22.0,0.0
BDL,COCHINSHIP,1e-12,6.5688583e-07,0.00051259739,6.3743849,50000.0,False,,,6,-1288.0073187389821,-968.6999999999825,33.333333333333336,5,20.0,-2359.626123506979,-2091.8999999999796,1,100.0,1071.618804767997,1123.199999999997,9.0,22.0,0.5
BDL,COCHINSHIP,1e-12,6.5688583e-07,0.00051259739,6.3743849,50000.0,False,,,6,-1063.176425125971,-743.7999999999711,33.333333333333336,5,20.0,-2192.434150789996,-1924.5999999999958,1,100.0,1129.2577256640247,1180.8000000000247,9.0,22.0,1.0
BDL,COCHINSHIP,1e-12,6.5688583e-07,0.00051259739,6.3743849,50000.0,False,,,6,-1394.1558506430351,-1074.7000000000353,33.333333333333336,5,20.0,-2545.8287122110323,-2277.9000000000324,1,100.0,1151.6728615679972,1203.199999999997,9.0,22.5,0.0
BDL,COCHINSHIP,1e-12,6.5688583e-07,0.00051259739,6.3743849,50000.0,False,,,6,-1288.0073187389821,-968.6999999999825,33.333333333333336,5,20.0,-2359.626123506979,-2091.8999999999796,1,100.0,1071.618804767997,1123.199999999997,9.0,22.5,0.5
BDL,COCHINSHIP,1e-12,6.5688583e-07,0.00051259739,6.3743849,50000.0,False,,,6,-1063.176425125971,-743.7999999999711,33.333333333333336,5,20.0,-2192.434150789996,-1924.5999999999958,1,100.0,1129.2577256640247,1180.8000000000247,9.0,22.5,1.0
BDL,COCHINSHIP,1e-12,6.5688583e-07,0.00051259739,6.3743849,50000.0,False,,,6,-1394.1558506430351,-1074.7000000000353,33.333333333333336,5,20.0,-2545.8287122110323,-2277.9000000000324,1,100.0,1151.6728615679972,1203.199999999997,9.0,23.0,0.0
BDL,COCHINSHIP,1e-12,6.5688583e-07,0.00051259739,6.3743849,50000.0,False,,,6,-1288.0073187389821,-968.6999999999825,33.333333333333336,5,20.0,-2359.626123506979,-2091.8999999999796,1,100.0,1071.618804767997,1123.199999999997,9.0,23.0,0.5
BDL,COCHINSHIP,1e-12,6.5688583e-07,0.00051259739,6.3743849,50000.0,False,,,6,-1063.176425125971,-743.7999999999711,33.333333333333336,5,20.0,-2192.434150789996,-1924.5999999999958,1,100.0,1129.2577256640247,1180.8000000000247,9.0,23.0,1.0
BDL,COCHINSHIP,1e-12,6.5688583e-07,0.00051259739,6.3743849,50000.0,False,,,6,-1394.1558506430351,-1074.7000000000353,33.333333333333336,5,20.0,-2545.8287122110323,-2277.9000000000324,1,100.0,1151.6728615679972,1203.199999999997,9.0,23.5,0.0
BDL,COCHINSHIP,1e-12,6.5688583e-07,0.00051259739,6.3743849,50000.0,False,,,6,-1288.0073187389821,-968.6999999999825,33.333333333333336,5,20.0,-2359.626123506979,-2091.8999999999796,1,100.0,1071.618804767997,1123.199999999997,9.0,23.5,0.5
BDL,COCHINSHIP,1e-12,6.5688583e-07,0.00051259739,6.3743849,50000.0,False,,,6,-1063.176425125971,-743.7999999999711,33.333333333333336,5,20.0,-2192.434150789996,-1924.5999999999958,1,100.0,1129.2577256640247,1180.8000000000247,9.0,23.5,1.0
BDL,COCHINSHIP,1e-12,6.5688583e-07,0.00051259739,6.3743849,50000.0,False,,,6,-1394.1558506430351,-1074.7000000000353,33.333333333333336,5,20.0,-2545.8287122110323,-2277.9000000000324,1,100.0,1151.6728615679972,1203.199999999997,9.0,24.0,0.0
BDL,COCHINSHIP,1e-12,6.5688583e-07,0.00051259739,6.3743849,50000.0,False,,,6,-1288.0073187389821,-968.6999999999825,33.333333333333336,5,20.0,-2359.626123506979,-2091.8999999999796,1,100.0,1071.618804767997,1123.199999999997,9.0,24.0,0.5
BDL,COCHINSHIP,1e-12,6.5688583e-07,0.00051259739,6.3743849,50000.0,False,,,6,-1063.176425125971,-743.7999999999711,33.333333333333336,5,20.0,-2192.434150789996,-1924.5999999999958,1,100.0,1129.2577256640247,1180.8000000000247,9.0,24.0,1.0
BDL,COCHINSHIP,1e-12,6.5688583e-07,0.00051259739,6.3743849,50000.0,False,,,6,-1394.1558506430351,-1074.7000000000353,33.333333333333336,5,20.0,-2545.8287122110323,-2277.9000000000324,1,100.0,1151.6728615679972,1203.199999999997,9.0,24.5,0.0
BDL,COCHINSHIP,1e-12,6.5688583e-07,0.00051259739,6.3743849,50000.0,False,,,6,-1288.0073187389821,-968.6999999999825,33.333333333333336,5,20.0,-2359.626123506979,-2091.8999999999796,1,100.0,1071.618804767997,1123.199999999997,9.0,24.5,0.5
BDL,COCHINSHIP,1e-12,6.5688583e-07,0.00051259739,6.3743849,50000.0,False,,,6,-1063.176425125971,-743.7999999999711,33.333333333333336,5,20.0,-2192.434150789996,-1924.5999999999958,1,100.0,1129.2577256640247,1180.8000000000247,9.0,24.5,1.0
BDL,COCHINSHIP,1e-12,6.5688583e-07,0.00051259739,6.3743849,50000.0,False,,,6,-1394.1558506430351,-1074.7000000000353,33.333333333333336,5,20.0,-2545.8287122110323,-2277.9000000000324,1,100.0,1151.6728615679972,1203.199999999997,9.0,25.0,0.0
BDL,COCHINSHIP,1e-12,6.5688583e-07,0.00051259739,6.3743849,50000.0,False,,,6,-1288.0073187389821,-968.6999999999825,33.333333333333336,5,20.0,-2359.626123506979,-2091.8999999999796,1,100.0,1071.618804767997,1123.199999999997,9.0,25.0,0.5
BDL,COCHINSHIP,1e-12,6.5688583e-07,0.00051259739,6.3743849,50000.0,False,,,6,-1063.176425125971,-743.7999999999711,33.333333333333336,5,20.0,-2192.434150789996,-1924.5999999999958,1,100.0,1129.2577256640247,1180.8000000000247,9.0,25.0,1.0
BDL,COCHINSHIP,1e-12,6.5688583e-07,0.00051259739,6.3743849,50000.0,False,,,6,-1394.1558506430351,-1074.7000000000353,33.333333333333336,5,20.0,-2545.8287122110323,-2277.9000000000324,1,100.0,1151.6728615679972,1203.199999999997,9.0,25.5,0.0
BDL,COCHINSHIP,1e-12,6.5688583e-07,0.00051259739,6.3743849,50000.0,False,,,6,-1288.0073187389821,-968.6999999999825,33.333333333333336,5,20.0,-2359.626123506979,-2091.8999999999796,1,100.0,1071.618804767997,1123.199999999997,9.0,25.5,0.5
BDL,COCHINSHIP,1e-12,6.5688583e-07,0.00051259739,6.3743849,50000.0,False,,,6,-1063.176425125971,-743.7999999999711,33.333333333333336,5,20.0,-2192.434150789996,-1924.5999999999958,1,100.0,1129.2577256640247,1180.8000000000247,9.0,25.5,1.0
BDL,COCHINSHIP,1e-12,6.5688583e-07,0.00051259739,6.3743849,50000.0,False,,,6,-1394.1558506430351,-1074.7000000000353,33.333333333333336,5,20.0,-2545.8287122110323,-2277.9000000000324,1,100.0,1151.6728615679972,1203.199999999997,9.0,26.0,0.0
BDL,COCHINSHIP,1e-12,6.5688583e-07,0.00051259739,6.3743849,50000.0,False,,,6,-1288.0073187389821,-968.6999999999825,33.333333333333336,5,20.0,-2359.626123506979,-2091.8999999999796,1,100.0,1071.618804767997,1123.199999999997,9.0,26.0,0.5
BDL,COCHINSHIP,1e-12,6.5688583e-07,0.00051259739,6.3743849,50000.0,False,,,6,-1063.176425125971,-743.7999999999711,33.333333333333336,5,20.0,-2192.434150789996,-1924.5999999999958,1,100.0,1129.2577256640247,1180.8000000000247,9.0,26.0,1.0
BDL,COCHINSHIP,1e-12,6.5688583e-07,0.00051259739,6.3743849,50000.0,False,,,6,-1394.1558506430351,-1074.7000000000353,33.333333333333336,5,20.0,-2545.8287122110323,-2277.9000000000324,1,100.0,1151.6728615679972,1203.199999999997,9.0,26.5,0.0
BDL,COCHINSHIP,1e-12,6.5688583e-07,0.00051259739,6.3743849,50000.0,False,,,6,-1288.0073187389821,-968.6999999999825,33.333333333333336,5,20.0,-2359.626123506979,-2091.8999999999796,1,100.0,1071.618804767997,1123.199999999997,9.0,26.5,0.5
BDL,COCHINSHIP,1e-12,6.5688583e-07,0.00051259739,6.3743849,50000.0,False,,,6,-1063.176425125971,-743.7999999999711,33.333333333333336,5,20.0,-2192.434150789996,-1924.5999999999958,1,100.0,1129.2577256640247,1180.8000000000247,9.0,26.5,1.0
BDL,COCHINSHIP,1e-12,6.5688583e-07,0.00051259739,6.3743849,50000.0,False,,,6,-1394.1558506430351,-1074.7000000000353,33.333333333333336,5,20.0,-2545.8287122110323,-2277.9000000000324,1,100.0,1151.6728615679972,1203.199999999997,9.0,27.0,0.0
BDL,COCHINSHIP,1e-12,6.5688583e-07,0.00051259739,6.3743849,50000.0,False,,,6,-1288.0073187389821,-968.6999999999825,33.333333333333336,5,20.0,-2359.626123506979,-2091.8999999999796,1,100.0,1071.618804767997,1123.199999999997,9.0,27.0,0.5
BDL,COCHINSHIP,1e-12,6.5688583e-07,0.00051259739,6.3743849,50000.0,False,,,6,-1063.176425125971,-743.7999999999711,33.333333333333336,5,20.0,-2192.434150789996,-1924.5999999999958,1,100.0,1129.2577256640247,1180.8000000000247,9.0,27.0,1.0
BDL,COCHINSHIP,1e-12,6.5688583e-07,0.00051259739,6.3743849,50000.0,False,,,6,-1394.1558506430351,-1074.7000000000353,33.333333333333336,5,20.0,-2545.8287122110323,-2277.9000000000324,1,100.0,1151.6728615679972,1203.199999999997,9.0,27.5,0.0
BDL,COCHINSHIP,1e-12,6.5688583e-07,0.00051259739,6.3743849,50000.0,False,,,6,-1288.0073187389821,-968.6999999999825,33.333333333333336,5,20.0,-2359.626123506979,-2091.8999999999796,1,100.0,1071.618804767997,1123.199999999997,9.0,27.5,0.5
BDL,COCHINSHIP,1e-12,6.5688583e-07,0.00051259739,6.3743849,50000.0,False,,,6,-1063.176425125971,-743.7999999999711,33.333333333333336,5,20.0,-2192.434150789996,-1924.5999999999958,1,100.0,1129.2577256640247,1180.8000000000247,9.0,27.5,1.0
BDL,COCHINSHIP,1e-12,6.5688583e-07,0.00051259739,6.3743849,50000.0,False,,,6,-1394.1558506430351,-1074.7000000000353,33.333333333333336,5,20.0,-2545.8287122110323,-2277.9000000000324,1,100.0,1151.6728615679972,1203.199999999997,9.0,28.0,0.0
BDL,COCHINSHIP,1e-12,6.5688583e-07,0.00051259739,6.3743849,50000.0,False,,,6,-1288.0073187389821,-968.6999999999825,33.333333333333336,5,20.0,-2359.626123506979,-2091.8999999999796,1,100.0,1071.618804767997,1123.199999999997,9.0,28.0,0.5
BDL,COCHINSHIP,1e-12,6.5688583e-07,0.00051259739,6.3743849,50000.0,False,,,6,-1063.176425125971,-743.7999999999711,33.333333333333336,5,20.0,-2192.434150789996,-1924.5999999999958,1,100.0,1129.2577256640247,1180.8000000000247,9.0,28.0,1.0
BDL,COCHINSHIP,1e-12,6.5688583e-07,0.00051259739,6.3743849,50000.0,False,,,6,-1394.1558506430351,-1074.7000000000353,33.333333333333336,5,20.0,-2545.8287122110323,-2277.9000000000324,1,100.0,1151.6728615679972,1203.199999999997,9.0,28.5,0.0
BDL,COCHINSHIP,1e-12,6.5688583e-07,0.00051259739,6.3743849,50000.0,False,,,6,-1288.0073187389821,-968.6999999999825,33.333333333333336,5,20.0,-2359.626123506979,-2091.8999999999796,1,100.0,1071.618804767997,1123.199999999997,9.0,28.5,0.5
BDL,COCHINSHIP,1e-12,6.5688583e-07,0.00051259739,6.3743849,50000.0,False,,,6,-1063.176425125971,-743.7999999999711,33.333333333333336,5,20.0,-2192.434150789996,-1924.5999999999958,1,100.0,1129.2577256640247,1180.8000000000247,9.0,28.5,1.0
BDL,COCHINSHIP,1e-12,6.5688583e-07,0.00051259739,6.3743849,50000.0,False,,,6,-1394.1558506430351,-1074.7000000000353,33.333333333333336,5,20.0,-2545.8287122110323,-2277.9000000000324,1,100.0,1151.6728615679972,1203.199999999997,9.0,29.0,0.0
BDL,COCHINSHIP,1e-12,6.5688583e-07,0.00051259739,6.3743849,50000.0,False,,,6,-1288.0073187389821,-968.6999999999825,33.333333333333336,5,20.0,-2359.626123506979,-2091.8999999999796,1,100.0,1071.618804767997,1123.199999999997,9.0,29.0,0.5
BDL,COCHINSHIP,1e-12,6.5688583e-07,0.00051259739,6.3743849,50000.0,False,,,6,-1063.176425125971,-743.7999999999711,33.333333333333336,5,20.0,-2192.434150789996,-1924.5999999999958,1,100.0,1129.2577256640247,1180.8000000000247,9.0,29.0,1.0
BDL,COCHINSHIP,1e-12,6.5688583e-07,0.00051259739,6.3743849,50000.0,False,,,6,-1394.1558506430351,-1074.7000000000353,33.333333333333336,5,20.0,-2545.8287122110323,-2277.9000000000324,1,100.0,1151.6728615679972,1203.199999999997,9.0,29.5,0.0
BDL,COCHINSHIP,1e-12,6.5688583e-07,0.00051259739,6.3743849,50000.0,False,,,6,-1288.0073187389821,-968.6999999999825,33.333333333333336,5,20.0,-2359.626123506979,-2091.8999999999796,1,100.0,1071.618804767997,1123.199999999997,9.0,29.5,0.5
BDL,COCHINSHIP,1e-12,6.5688583e-07,0.00051259739,6.3743849,50000.0,False,,,6,-1063.176425125971,-743.7999999999711,33.333333333333336,5,20.0,-2192.434150789996,-1924.5999999999958,1,100.0,1129.2577256640247,1180.8000000000247,9.0,29.5,1.0
BDL,COCHINSHIP,1e-12,6.5688583e-07,0.00051259739,6.3743849,50000.0,False,,,6,-1394.1558506430351,-1074.7000000000353,33.333333333333336,5,20.0,-2545.8287122110323,-2277.9000000000324,1,100.0,1151.6728615679972,1203.199999999997,9.0,30.0,0.0
BDL,COCHINSHIP,1e-12,6.5688583e-07,0.00051259739,6.3743849,50000.0,False,,,6,-1288.0073187389821,-968.6999999999825,33.333333333333336,5,20.0,-2359.626123506979,-2091.8999999999796,1,100.0,1071.618804767997,1123.199999999997,9.0,30.0,0.5
BDL,COCHINSHIP,1e-12,6.5688583e-07,0.00051259739,6.3743849,50000.0,False,,,6,-1063.176425125971,-743.7999999999711,33.333333333333336,5,20.0,-2192.434150789996,-1924.5999999999958,1,100.0,1129.2577256640247,1180.8000000000247,9.0,30.0,1.0
BDL,COCHINSHIP,1e-12,6.5688583e-07,0.00051259739,6.3743849,50000.0,False,,,5,425.90236368202466,690.6000000000245,40.0,4,25.0,-725.7704978859725,-512.5999999999726,1,100.0,1151.6728615679972,1203.199999999997,9.5,10.0,0.0
BDL,COCHINSHIP,1e-12,6.5688583e-07,0.00051259739,6.3743849,50000.0,False,,,5,477.76307316203213,742.600000000032,40.0,4,25.0,-593.8557316059649,-380.5999999999651,1,100.0,1071.618804767997,1123.199999999997,9.5,10.0,0.5
BDL,COCHINSHIP,1e-12,6.5688583e-07,0.00051259739,6.3743849,50000.0,False,,,5,551.8913398430747,816.7000000000746,40.0,4,25.0,-577.3663858209501,-364.0999999999501,1,100.0,1129.2577256640247,1180.8000000000247,9.5,10.0,1.0
BDL,COCHINSHIP,1e-12,6.5688583e-07,0.00051259739,6.3743849,50000.0,False,,,5,425.90236368202466,690.6000000000245,40.0,4,25.0,-725.7704978859725,-512.5999999999726,1,100.0,1151.6728615679972,1203.199999999997,9.5,10.5,0.0
BDL,COCHINSHIP,1e-12,6.5688583e-07,0.00051259739,6.3743849,50000.0,False,,,5,477.76307316203213,742.600000000032,40.0,4,25.0,-593.8557316059649,-380.5999999999651,1,100.0,1071.618804767997,1123.199999999997,9.5,10.5,0.5
BDL,COCHINSHIP,1e-12,6.5688583e-07,0.00051259739,6.3743849,50000.0,False,,,5,551.8913398430747,816.7000000000746,40.0,4,25.0,-577.3663858209501,-364.0999999999501,1,100.0,1129.2577256640247,1180.8000000000247,9.5,10.5,1.0
BDL,COCHINSHIP,1e-12,6.5688583e-07,0.00051259739,6.3743849,50000.0,False,,,5,-1685.8098321969737,-1419.2999999999743,40.0,4,25.0,-2837.482693764971,-2622.4999999999714,1,100.0,1151.6728615679972,1203.199999999997,9.5,11.0,0.0
BDL,COCHINSHIP,1e-12,6.5688583e-07,0.00051259739,6.3743849,50000.0,False,,,5,-1389.5841143349785,-1123.0999999999785,40.0,4,25.0,-2461.2029191029756,-2246.2999999999756,1,100.0,1071.618804767997,1123.199999999997,9.5,11.0,0.5
BDL,COCHINSHIP,1e-12,6.5688583e-07,0.00051259739,6.3743849,50000.0,False,,,5,-1315.4558476539355,-1048.9999999999359,40.0,4,25.0,-2444.7135733179603,-2229.7999999999606,1,100.0,1129.2577256640247,1180.8000000000247,9.5,11.0,1.0
BDL,COCHINSHIP,1e-12,6.5688583e-07,0.00051259739,6.3743849,50000.0,False,,,5,-758.2091802189843,-491.0999999999849,40.0,4,25.0,-1909.8820417869815,-1694.299999999982,1,100.0,1151.6728615679972,1203.199999999997,9.5,11.5,0.0
BDL,COCHINSHIP,1e-12,6.5688583e-07,0.00051259739,6.3743849,50000.0,False,,,5,-415.2136815849517,-148.0999999999517,40.0,4,25.0,-1486.8324863529488,-1271.2999999999488,1,100.0,1071.618804767997,1123.199999999997,9.5,11.5,0.5
BDL,COCHINSHIP,1e-12,6.5688583e-07,0.00051259739,6.3743849,50000.0,False,,,5,-231.9559264359459,35.20000000005348,40.0,4,25.0,-1361.2136520999707,-1145.5999999999713,1,100.0,1129.2577256640247,1180.8000000000247,9.5,11.5,1.0
BDL,COCHINSHIP,1e-12,6.5688583e-07,0.00051259739,6.3743849,50000.0,False,,,5,-758.2091802189843,-491.0999999999849,40.0,4,25.0,-1909.8820417869815,-1694.299999999982,1,100.0,1151.6728615679972,1203.199999999997,9.5,12.0,0.0
BDL,COCHINSHIP,1e-12,6.5688583e-07,0.00051259739,6.3743849,50000.0,False,,,5,-415.2136815849517,-148.0999999999517,40.0,4,25.0,-1486.8324863529488,-1271.2999999999488,1,100.0,1071.618804767997,1123.199999999997,9.5,12.0,0.5
BDL,COCHINSHIP,1e-12,6.5688583e-07,0.00051259739,6.3743849,50000.0,False,,,5,-231.9559264359459,35.20000000005348,40.0,4,25.0,-1361.2136520999707,-1145.5999999999713,1,100.0,1129.2577256640247,1180.8000000000247,9.5,12.0,1.0
BDL,COCHINSHIP,1e-12,6.5688583e-07,0.00051259739,6.3743849,50000.0,False,,,5,-758.2091802189843,-491.0999999999849,40.0,4,25.0,-1909.8820417869815,-1694.299999999982,1,100.0,1151.6728615679972,1203.199999999997,9.5,12.5,0.0
BDL,COCHINSHIP,1e-12,6.5688583e-07,0.00051259739,6.3743849,50000.0,False,,,5,-415.2136815849517,-148.0999999999517,40.0,4,25.0,-1486.8324863529488,-1271.2999999999488,1,100.0,1071.618804767997,1123.199999999997,9.5,12.5,0.5
BDL,COCHINSHIP,1e-12,6.5688583e-07,0.00051259739,6.3743849,50000.0,False,,,5,-231.9559264359459,35.20000000005348,40.0,4,25.0,-1361.2136520999707,-1145.5999999999713,1,100.0,1129.2577256640247,1180.8000000000247,9.5,12.5,1.0
BDL,COCHINSHIP,1e-12,6.5688583e-07,0.00051259739,6.3743849,50000.0,False,,,5,-758.2091802189843,-491.0999999999849,40.0,4,25.0,-1909.8820417869815,-1694.299999999982,1,100.0,1151.6728615679972,1203.199999999997,9.5,13.0,0.0
BDL,COCHINSHIP,1e-12,6.5688583e-07,0.00051259739,6.3743849,50000.0,False,,,5,-415.2136815849517,-148.0999999999517,40.0,4,25.0,-1486.8324863529488,-1271.2999999999488,1,100.0,1071.618804767997,1123.199999999997,9.5,13.0,0.5
BDL,COCHINSHIP,1e-12,6.5688583e-07,0.00051259739,6.3743849,50000.0,False,,,5,-231.9559264359459,35.20000000005348,40.0,4,25.0,-1361.2136520999707,-1145.5999999999713,1,100.0,1129.2577256640247,1180.8000000000247,9.5,13.0,1.0
BDL,COCHINSHIP,1e-12,6.5688583e-07,0.00051259739,6.3743849,50000.0,False,,,5,-758.2091802189843,-491.0999999999849,40.0,4,25.0,-1909.8820417869815,-1694.299999999982,1,100.0,1151.6728615679972,1203.199999999997,9.5,13.5,0.0
BDL,COCHINSHIP,1e-12,6.5688583e-07,0.00051259739,6.3743849,50000.0,False,,,5,-415.2136815849517,-148.0999999999517,40.0,4,25.0,-1486.8324863529488,-1271.2999999999488,1,100.0,1071.618804767997,1123.199999999997,9.5,13.5,0.5
BDL,COCHINSHIP,1e-12,6.5688583e-07,0.00051259739,6.3743849,50000.0,False,,,5,-231.9559264359459,35.20000000005348,40.0,4,25.0,-1361.2136520999707,-1145.5999999999713,1,100.0,1129.2577256640247,1180.8000000000247,9.5,13.5,1.0
BDL,COCHINSHIP,1e-12,6.5688583e-07,0.00051259739,6.3743849,50000.0,False,,,5,-758.2091802189843,-491.0999999999849,40.0,4,25.0,-1909.8820417869815,-1694.299999999982,1,100.0,1151.6728615679972,1203.199999999997,9.5,14.0,0.0
BDL,COCHINSHIP,1e-12,6.5688583e-07,0.00051259739,6.3743849,50000.0,False,,,5,-415.2136815849517,-148.0999999999517,40.0,4,25.0,-1486.8324863529488,-1271.2999999999488,1,100.0,1071.618804767997,1123.199999999997,9.5,14.0,0.5
BDL,COCHINSHIP,1e-12,6.5688583e-07,0.00051259739,6.3743849,50000.0,False,,,5,-231.9559264359459,35.20000000005348,40.0,4,25.0,-1361.2136520999707,-1145.5999999999713,1,100.0,1129.2577256640247,1180.8000000000247,9.5,14.0,1.0
BDL,COCHINSHIP,1e-12,6.5688583e-07,0.00051259739,6.3743849,50000.0,False,,,5,-758.2091802189843,-491.0999999999849,40.0,4,25.0,-1909.8820417869815,-1694.299999999982,1,100.0,1151.6728615679972,1203.199999999997,9.5,14.5,0.0
BDL,COCHINSHIP,1e-12,6.5688583e-07,0.00051259739,6.3743849,50000.0,False,,,5,-415.2136815849517,-148.0999999999517,40.0,4,25.0,-1486.8324863529488,-1271.2999999999488,1,100.0,1071.618804767997,1123.199999999997,9.5,14.5,0.5
BDL,COCHINSHIP,1e-12,6.5688583e-07,0.00051259739,6.3743849,50000.0,False,,,5,-231.9559264359459,35.20000000005348,40.0,4,25.0,-1361.2136520999707,-1145.5999999999713,1,100.0,1129.2577256640247,1180.8000000000247,9.5,14.5,1.0
BDL,COCHINSHIP,1e-12,6.5688583e-07,0.00051259739,6.3743849,50000.0,False,,,5,-758.2091802189843,-491.0999999999849,40.0,4,25.0,-1909.8820417869815,-1694.299999999982,1,100.0,1151.6728615679972,1203.199999999997,9.5,15.0,0.0
BDL,COCHINSHIP,1e-12,6.5688583e-07,0.00051259739,6.3743849,50000.0,False,,,5,-415.2136815849517,-148.0999999999517,40.0,4,25.0,-1486.8324863529488,-1271.2999999999488,1,100.0,1071.618804767997,1123.199999999997,9.5,15.0,0.5
BDL,COCHINSHIP,1e-12,6.5688583e-07,0.00051259739,6.3743849,50000.0,False,,,5,-231.9559264359459,35.20000000005348,40.0,4,25.0,-1361.2136520999707,-1145.5999999999713,1,100.0,1129.2577256640247,1180.8000000000247,9.5,15.0,1.0
BDL,COCHINSHIP,1e-12,6.5688583e-07,0.00051259739,6.3743849,50000.0,False,,,5,-758.2091802189843,-491.0999999999849,40.0,4,25.0,-1909.8820417869815,-1694.299999999982,1,100.0,1151.6728615679972,1203.199999999997,9.5,15.5,0.0
BDL,COCHINSHIP,1e-12,6.5688583e-07,0.00051259739,6.3743849,50000.0,False,,,5,-415.2136815849517,-148.0999999999517,40.0,4,25.0,-1486.8324863529488,-1271.2999999999488,1,100.0,1071.618804767997,1123.199999999997,9.5,15.5,0.5
BDL,COCHINSHIP,1e-12,6.5688583e-07,0.00051259739,6.3743849,50000.0,False,,,5,-231.9559264359459,35.20000000005348,40.0,4,25.0,-1361.2136520999707,-1145.5999999999713,1,100.0,1129.2577256640247,1180.8000000000247,9.5,15.5,1.0
BDL,COCHINSHIP,1e-12,6.5688583e-07,0.00051259739,6.3743849,50000.0,False,,,5,-758.2091802189843,-491.0999999999849,40.0,4,25.0,-1909.8820417869815,-1694.299999999982,1,100.0,1151.6728615679972,1203.199999999997,9.5,16.0,0.0
BDL,COCHINSHIP,1e-12,6.5688583e-07,0.00051259739,6.3743849,50000.0,False,,,5,-415.2136815849517,-148.0999999999517,40.0,4,25.0,-1486.8324863529488,-1271.2999999999488,1,100.0,1071.618804767997,1123.199999999997,9.5,16.0,0.5
BDL,COCHINSHIP,1e-12,6.5688583e-07,0.00051259739,6.3743849,50000.0,False,,,5,-231.9559264359459,35.20000000005348,40.0,4,25.0,-1361.2136520999707,-1145.5999999999713,1,100.0,1129.2577256640247,1180.8000000000247,9.5,16.0,1.0
BDL,COCHINSHIP,1e-12,6.5688583e-07,0.00051259739,6.3743849,50000.0,False,,,5,-758.2091802189843,-491.0999999999849,40.0,4,25.0,-1909.8820417869815,-1694.299999999982,1,100.0,1151.6728615679972,1203.199999999997,9.5,16.5,0.0
BDL,COCHINSHIP,1e-12,6.5688583e-07,0.00051259739,6.3743849,50000.0,False,,,5,-415.2136815849517,-148.0999999999517,40.0,4,25.0,-1486.8324863529488,-1271.2999999999488,1,100.0,1071.618804767997,1123.199999999997,9.5,16.5,0.5
BDL,COCHINSHIP,1e-12,6.5688583e-07,0.00051259739,6.3743849,50000.0,False,,,5,-231.9559264359459,35.20000000005348,40.0,4,25.0,-1361.2136520999707,-1145.5999999999713,1,100.0,1129.2577256640247,1180.8000000000247,9.5,16.5,1.0
BDL,COCHINSHIP,1e-12,6.5688583e-07,0.00051259739,6.3743849,50000.0,False,,,5,-758.2091802189843,-491.0999999999849,40.0,4,25.0,-1909.8820417869815,-1694.299999999982,1,100.0,1151.6728615679972,1203.199999999997,9.5,17.0,0.0
BDL,COCHINSHIP,1e-12,6.5688583e-07,0.00051259739,6.3743849,50000.0,False,,,5,-415.2136815849517,-148.0999999999517,40.0,4,25.0,-1486.8324863529488,-1271.2999999999488,1,100.0,1071.618804767997,1123.199999999997,9.5,17.0,0.5
BDL,COCHINSHIP,1e-12,6.5688583e-07,0.00051259739,6.3743849,50000.0,False,,,5,-231.9559264359459,35.20000000005348,40.0,4,25.0,-1361.2136520999707,-1145.5999999999713,1,100.0,1129.2577256640247,1180.8000000000247,9.5,17.0,1.0
BDL,COCHINSHIP,1e-12,6.5688583e-07,0.00051259739,6.3743849,50000.0,False,,,5,-758.2091802189843,-491.0999999999849,40.0,4,25.0,-1909.8820417869815,-1694.299999999982,1,100.0,1151.6728615679972,1203.199999999997,9.5,17.5,0.0
BDL,COCHINSHIP,1e-12,6.5688583e-07,0.00051259739,6.3743849,50000.0,False,,,5,-415.2136815849517,-148.0999999999517,40.0,4,25.0,-1486.8324863529488,-1271.2999999999488,1,100.0,1071.618804767997,1123.199999999997,9.5,17.5,0.5
BDL,COCHINSHIP,1e-12,6.5688583e-07,0.00051259739,6.3743849,50000.0,False,,,5,-231.9559264359459,35.20000000005348,40.0,4,25.0,-1361.2136520999707,-1145.5999999999713,1,100.0,1129.2577256640247,1180.8000000000247,9.5,17.5,1.0
BDL,COCHINSHIP,1e-12,6.5688583e-07,0.00051259739,6.3743849,50000.0,False,,,5,-758.2091802189843,-491.0999999999849,40.0,4,25.0,-1909.8820417869815,-1694.299999999982,1,100.0,1151.6728615679972,1203.199999999997,9.5,18.0,0.0
BDL,COCHINSHIP,1e-12,6.5688583e-07,0.00051259739,6.3743849,50000.0,False,,,5,-415.2136815849517,-148.0999999999517,40.0,4,25.0,-1486.8324863529488,-1271.2999999999488,1,100.0,1071.618804767997,1123.199999999997,9.5,18.0,0.5
BDL,COCHINSHIP,1e-12,6.5688583e-07,0.00051259739,6.3743849,50000.0,False,,,5,-231.9559264359459,35.20000000005348,40.0,4,25.0,-1361.2136520999707,-1145.5999999999713,1,100.0,1129.2577256640247,1180.8000000000247,9.5,18.0,1.0
BDL,COCHINSHIP,1e-12,6.5688583e-07,0.00051259739,6.3743849,50000.0,False,,,5,-758.2091802189843,-491.0999999999849,40.0,4,25.0,-1909.8820417869815,-1694.299999999982,1,100.0,1151.6728615679972,1203.199999999997,9.5,18.5,0.0
BDL,COCHINSHIP,1e-12,6.5688583e-07,0.00051259739,6.3743849,50000.0,False,,,5,-415.2136815849517,-148.0999999999517,40.0,4,25.0,-1486.8324863529488,-1271.2999999999488,1,100.0,1071.618804767997,1123.199999999997,9.5,18.5,0.5
BDL,COCHINSHIP,1e-12,6.5688583e-07,0.00051259739,6.3743849,50000.0,False,,,5,-231.9559264359459,35.20000000005348,40.0,4,25.0,-1361.2136520999707,-1145.5999999999713,1,100.0,1129.2577256640247,1180.8000000000247,9.5,18.5,1.0
BDL,COCHINSHIP,1e-12,6.5688583e-07,0.00051259739,6.3743849,50000.0,False,,,5,-758.2091802189843,-491.0999999999849,40.0,4,25.0,-1909.8820417869815,-1694.299999999982,1,100.0,1151.6728615679972,1203.199999999997,9.5,19.0,0.0
BDL,COCHINSHIP,1e-12,6.5688583e-07,0.00051259739,6.3743849,50000.0,False,,,5,-415.2136815849517,-148.0999999999517,40.0,4,25.0,-1486.8324863529488,-1271.2999999999488,1,100.0,1071.618804767997,1123.199999999997,9.5,19.0,0.5
BDL,COCHINSHIP,1e-12,6.5688583e-07,0.00051259739,6.3743849,50000.0,False,,,5,-231.9559264359459,35.20000000005348,40.0,4,25.0,-1361.2136520999707,-1145.5999999999713,1,100.0,1129.2577256640247,1180.8000000000247,9.5,19.0,1.0
BDL,COCHINSHIP,1e-12,6.5688583e-07,0.00051259739,6.3743849,50000.0,False,,,5,-1359.420721083005,-1092.7000000000053,40.0,4,25.0,-2511.093582651002,-2295.9000000000024,1,100.0,1151.6728615679972,1203.199999999997,9.5,19.5,0.0
BDL,COCHINSHIP,1e-12,6.5688583e-07,0.00051259739,6.3743849,50000.0,False,,,5,-872.5182046889649,-605.6999999999648,40.0,4,25.0,-1944.137009456962,-1728.899999999962,1,100.0,1071.618804767997,1123.199999999997,9.5,19.5,0.5
BDL,COCHINSHIP,1e-12,6.5688583e-07,0.00051259739,6.3743849,50000.0,False,,,5,-647.6873110759534,-380.7999999999538,40.0,4,25.0,-1776.9450367399781,-1561.5999999999785,1,100.0,1129.2577256640247,1180.8000000000247,9.5,19.5,1.0
BDL,COCHINSHIP,1e-12,6.5688583e-07,0.00051259739,6.3743849,50000.0,False,,,5,-1359.420721083005,-1092.7000000000053,40.0,4,25.0,-2511.093582651002,-2295.9000000000024,1,100.0,1151.6728615679972,1203.199999999997,9.5,20.0,0.0
BDL,COCHINSHIP,1e-12,6.5688583e-07,0.00051259739,6.3743849,50000.0,False,,,5,-872.5182046889649,-605.6999999999648,40.0,4,25.0,-1944.137009456962,-1728.899999999962,1,100.0,1071.618804767997,1123.199999999997,9.5,20.0,0.5
BDL,COCHINSHIP,1e-12,6.5688583e-07,0.00051259739,6.3743849,50000.0,False,,,5,-647.6873110759534,-380.7999999999538,40.0,4,25.0,-1776.9450367399781,-1561.5999999999785,1,100.0,1129.2577256640247,1180.8000000000247,9.5,20.0,1.0
BDL,COCHINSHIP,1e-12,6.5688583e-07,0.00051259739,6.3743849,50000.0,False,,,5,-1359.420721083005,-1092.7000000000053,40.0,4,25.0,-2511.093582651002,-2295.9000000000024,1,100.0,1151.6728615679972,1203.199999999997,9.5,20.5,0.0
BDL,COCHINSHIP,1e-12,6.5688583e-07,0.00051259739,6.3743849,50000.0,False,,,5,-872.5182046889649,-605.6999999999648,40.0,4,25.0,-1944.137009456962,-1728.899999999962,1,100.0,1071.618804767997,1123.199999999997,9.5,20.5,0.5
BDL,COCHINSHIP,1e-12,6.5688583e-07,0.00051259739,6.3743849,50000.0,False,,,5,-647.6873110759534,-380.7999999999538,40.0,4,25.0,-1776.9450367399781,-1561.5999999999785,1,100.0,1129.2577256640247,1180.8000000000247,9.5,20.5,1.0
BDL,COCHINSHIP,1e-12,6.5688583e-07,0.00051259739,6.3743849,50000.0,False,,,5,-1359.420721083005,-1092.7000000000053,40.0,4,25.0,-2511.093582651002,-2295.9000000000024,1,100.0,1151.6728615679972,1203.199999999997,9.5,21.0,0.0
BDL,COCHINSHIP,1e-12,6.5688583e-07,0.00051259739,6.3743849,50000.0,False,,,5,-872.5182046889649,-605.6999999999648,40.0,4,25.0,-1944.137009456962,-1728.899999999962,1,100.0,1071.618804767997,1123.199999999997,9.5,21.0,0.5
BDL,COCHINSHIP,1e-12,6.5688583e-07,0.00051259739,6.3743849,50000.0,False,,,5,-647.6873110759534,-380.7999999999538,40.0,4,25.0,-1776.9450367399781,-1561.5999999999785,1,100.0,1129.2577256640247,1180.8000000000247,9.5,21.0,1.0
BDL,COCHINSHIP,1e-12,6.5688583e-07,0.00051259739,6.3743849,50000.0,False,,,5,-1359.420721083005,-1092.7000000000053,40.0,4,25.0,-2511.093582651002,-2295.9000000000024,1,100.0,1151.6728615679972,1203.199999999997,9.5,21.5,0.0
BDL,COCHINSHIP,1e-12,6.5688583e-07,0.00051259739,6.3743849,50000.0,False,,,5,-872.5182046889649,-605.6999999999648,40.0,4,25.0,-1944.137009456962,-1728.899999999962,1,100.0,1071.618804767997,1123.199999999997,9.5,21.5,0.5
BDL,COCHINSHIP,1e-12,6.5688583e-07,0.00051259739,6.3743849,50000.0,False,,,5,-647.6873110759534,-380.7999999999538,40.0,4,25.0,-1776.9450367399781,-1561.5999999999785,1,100.0,1129.2577256640247,1180.8000000000247,9.5,21.5,1.0
BDL,COCHINSHIP,1e-12,6.5688583e-07,0.00051259739,6.3743849,50000.0,False,,,5,-1359.420721083005,-1092.7000000000053,40.0,4,25.0,-2511.093582651002,-2295.9000000000024,1,100.0,1151.6728615679972,1203.199999999997,9.5,22.0,0.0
BDL,COCHINSHIP,1e-12,6.5688583e-07,0.00051259739,6.3743849,50000.0,False,,,5,-872.5182046889649,-605.6999999999648,40.0,4,25.0,-1944.137009456962,-1728.899999999962,1,100.0,1071.618804767997,1123.199999999997,9.5,22.0,0.5
BDL,COCHINSHIP,1e-12,6.5688583e-07,0.00051259739,6.3743849,50000.0,False,,,5,-647.6873110759534,-380.7999999999538,40.0,4,25.0,-1776.9450367399781,-1561.5999999999785,1,100.0,1129.2577256640247,1180.8000000000247,9.5,22.0,1.0
BDL,COCHINSHIP,1e-12,6.5688583e-07,0.00051259739,6.3743849,50000.0,False,,,5,-1359.420721083005,-1092.7000000000053,40.0,4,25.0,-2511.093582651002,-2295.9000000000024,1,100.0,1151.6728615679972,1203.199999999997,9.5,22.5,0.0
BDL,COCHINSHIP,1e-12,6.5688583e-07,0.00051259739,6.3743849,50000.0,False,,,5,-872.5182046889649,-605.6999999999648,40.0,4,25.0,-1944.137009456962,-1728.899999999962,1,100.0,1071.618804767997,1123.199999999997,9.5,22.5,0.5
BDL,COCHINSHIP,1e-12,6.5688583e-07,0.00051259739,6.3743849,50000.0,False,,,5,-647.6873110759534,-380.7999999999538,40.0,4,25.0,-1776.9450367399781,-1561.5999999999785,1,100.0,1129.2577256640247,1180.8000000000247,9.5,22.5,1.0
BDL,COCHINSHIP,1e-12,6.5688583e-07,0.00051259739,6.3743849,50000.0,False,,,5,-1359.420721083005,-1092.7000000000053,40.0,4,25.0,-2511.093582651002,-2295.9000000000024,1,100.0,1151.6728615679972,1203.199999999997,9.5,23.0,0.0
BDL,COCHINSHIP,1e-12,6.5688583e-07,0.00051259739,6.3743849,50000.0,False,,,5,-872.5182046889649,-605.6999999999648,40.0,4,25.0,-1944.137009456962,-1728.899999999962,1,100.0,1071.618804767997,1123.199999999997,9.5,23.0,0.5
BDL,COCHINSHIP,1e-12,6.5688583e-07,0.00051259739,6.3743849,50000.0,False,,,5,-647.6873110759534,-380.7999999999538,40.0,4,25.0,-1776.9450367399781,-1561.5999999999785,1,100.0,1129.2577256640247,1180.8000000000247,9.5,23.0,1.0
BDL,COCHINSHIP,1e-12,6.5688583e-07,0.00051259739,6.3743849,50000.0,False,,,5,-1359.420721083005,-1092.7000000000053,40.0,4,25.0,-2511.093582651002,-2295.9000000000024,1,100.0,1151.6728615679972,1203.199999999997,9.5,23.5,0.0
BDL,COCHINSHIP,1e-12,6.5688583e-07,0.00051259739,6.3743849,50000.0,False,,,5,-872.5182046889649,-605.6999999999648,40.0,4,25.0,-1944.137009456962,-1728.899999999962,1,100.0,1071.618804767997,1123.199999999997,9.5,23.5,0.5
BDL,COCHINSHIP,1e-12,6.5688583e-07,0.00051259739,6.3743849,50000.0,False,,,5,-647.6873110759534,-380.7999999999538,40.0,4,25.0,-1776.9450367399781,-1561.5999999999785,1,100.0,1129.2577256640247,1180.8000000000247,9.5,23.5,1.0
BDL,COCHINSHIP,1e-12,6.5688583e-07,0.00051259739,6.3743849,50000.0,False,,,5,-1359.420721083005,-1092.7000000000053,40.0,4,25.0,-2511.093582651002,-2295.9000000000024,1,100.0,1151.6728615679972,1203.199999999997,9.5,24.0,0.0
BDL,COCHINSHIP,1e-12,6.5688583e-07,0.00051259739,6.3743849,50000.0,False,,,5,-872.5182046889649,-605.6999999999648,40.0,4,25.0,-1944.137009456962,-1728.899999999962,1,100.0,1071.618804767997,1123.199999999997,9.5,24.0,0.5
BDL,COCHINSHIP,1e-12,6.5688583e-07,0.00051259739,6.3743849,50000.0,False,,,5,-647.6873110759534,-380.7999999999538,40.0,4,25.0,-1776.9450367399781,-1561.5999999999785,1,100.0,1129.2577256640247,1180.8000000000247,9.5,24.0,1.0
BDL,COCHINSHIP,1e-12,6.5688583e-07,0.00051259739,6.3743849,50000.0,False,,,5,-1359.420721083005,-1092.7000000000053,40.0,4,25.0,-2511.093582651002,-2295.9000000000024,1,100.0,1151.6728615679972,1203.199999999997,9.5,24.5,0.0
BDL,COCHINSHIP,1e-12,6.5688583e-07,0.00051259739,6.3743849,50000.0,False,,,5,-872.5182046889649,-605.6999999999648,40.0,4,25.0,-1944.137009456962,-1728.899999999962,1,100.0,1071.618804767997,1123.199999999997,9.5,24.5,0.5
BDL,COCHINSHIP,1e-12,6.5688583e-07,0.00051259739,6.3743849,50000.0,False,,,5,-647.6873110759534,-380.7999999999538,40.0,4,25.0,-1776.9450367399781,-1561.5999999999785,1,100.0,1129.2577256640247,1180.8000000000247,9.5,24.5,1.0
BDL,COCHINSHIP,1e-12,6.5688583e-07,0.00051259739,6.3743849,50000.0,False,,,5,-1359.420721083005,-1092.7000000000053,40.0,4,25.0,-2511.093582651002,-2295.9000000000024,1,100.0,1151.6728615679972,1203.199999999997,9.5,25.0,0.0
BDL,COCHINSHIP,1e-12,6.5688583e-07,0.00051259739,6.3743849,50000.0,False,,,5,-872.5182046889649,-605.6999999999648,40.0,4,25.0,-1944.137009456962,-1728.899999999962,1,100.0,1071.618804767997,1123.199999999997,9.5,25.0,0.5
BDL,COCHINSHIP,1e-12,6.5688583e-07,0.00051259739,6.3743849,50000.0,False,,,5,-647.6873110759534,-380.7999999999538,40.0,4,25.0,-1776.9450367399781,-1561.5999999999785,1,100.0,1129.2577256640247,1180.8000000000247,9.5,25.0,1.0
BDL,COCHINSHIP,1e-12,6.5688583e-07,0.00051259739,6.3743849,50000.0,False,,,5,-1359.420721083005,-1092.7000000000053,40.0,4,25.0,-2511.093582651002,-2295.9000000000024,1,100.0,1151.6728615679972,1203.199999999997,9.5,25.5,0.0
BDL,COCHINSHIP,1e-12,6.5688583e-07,0.00051259739,6.3743849,50000.0,False,,,5,-872.5182046889649,-605.6999999999648,40.0,4,25.0,-1944.137009456962,-1728.899999999962,1,100.0,1071.618804767997,1123.199999999997,9.5,25.5,0.5
BDL,COCHINSHIP,1e-12,6.5688583e-07,0.00051259739,6.3743849,50000.0,False,,,5,-647.6873110759534,-380.7999999999538,40.0,4,25.0,-1776.9450367399781,-1561.5999999999785,1,100.0,1129.2577256640247,1180.8000000000247,9.5,25.5,1.0
BDL,COCHINSHIP,1e-12,6.5688583e-07,0.00051259739,6.3743849,50000.0,False,,,5,-1359.420721083005,-1092.7000000000053,40.0,4,25.0,-2511.093582651002,-2295.9000000000024,1,100.0,1151.6728615679972,1203.199999999997,9.5,26.0,0.0
BDL,COCHINSHIP,1e-12,6.5688583e-07,0.00051259739,6.3743849,50000.0,False,,,5,-872.5182046889649,-605.6999999999648,40.0,4,25.0,-1944.137009456962,-1728.899999999962,1,100.0,1071.618804767997,1123.199999999997,9.5,26.0,0.5
BDL,COCHINSHIP,1e-12,6.5688583e-07,0.00051259739,6.3743849,50000.0,False,,,5,-647.6873110759534,-380.7999999999538,40.0,4,25.0,-1776.9450367399781,-1561.5999999999785,1,100.0,1129.2577256640247,1180.8000000000247,9.5,26.0,1.0
BDL,COCHINSHIP,1e-12,6.5688583e-07,0.00051259739,6.3743849,50000.0,False,,,5,-1359.420721083005,-1092.7000000000053,40.0,4,25.0,-2511.093582651002,-2295.9000000000024,1,100.0,1151.6728615679972,1203.199999999997,9.5,26.5,0.0
BDL,COCHINSHIP,1e-12,6.5688583e-07,0.00051259739,6.3743849,50000.0,False,,,5,-872.5182046889649,-605.6999999999648,40.0,4,25.0,-1944.137009456962,-1728.899999999962,1,100.0,1071.618804767997,1123.199999999997,9.5,26.5,0.5
BDL,COCHINSHIP,1e-12,6.5688583e-07,0.00051259739,6.3743849,50000.0,False,,,5,-647.6873110759534,-380.7999999999538,40.0,4,25.0,-1776.9450367399781,-1561.5999999999785,1,100.0,1129.2577256640247,1180.8000000000247,9.5,26.5,1.0
BDL,COCHINSHIP,1e-12,6.5688583e-07,0.00051259739,6.3743849,50000.0,False,,,5,-1359.420721083005,-1092.7000000000053,40.0,4,25.0,-2511.093582651002,-2295.9000000000024,1,100.0,1151.6728615679972,1203.199999999997,9.5,27.0,0.0
BDL,COCHINSHIP,1e-12,6.5688583e-07,0.00051259739,6.3743849,50000.0,False,,,5,-872.5182046889649,-605.6999999999648,40.0,4,25.0,-1944.137009456962,-1728.899999999962,1,100.0,1071.618804767997,1123.199999999997,9.5,27.0,0.5
BDL,COCHINSHIP,1e-12,6.5688583e-07,0.00051259739,6.3743849,50000.0,False,,,5,-647.6873110759534,-380.7999999999538,40.0,4,25.0,-1776.9450367399781,-1561.5999999999785,1,100.0,1129.2577256640247,1180.8000000000247,9.5,27.0,1.0
BDL,COCHINSHIP,1e-12,6.5688583e-07,0.00051259739,6.3743849,50000.0,False,,,5,-1359.420721083005,-1092.7000000000053,40.0,4,25.0,-2511.093582651002,-2295.9000000000024,1,100.0,1151.6728615679972,1203.199999999997,9.5,27.5,0.0
BDL,COCHINSHIP,1e-12,6.5688583e-07,0.00051259739,6.3743849,50000.0,False,,,5,-872.5182046889649,-605.6999999999648,40.0,4,25.0,-1944.137009456962,-1728.899999999962,1,100.0,1071.618804767997,1123.199999999997,9.5,27.5,0.5
BDL,COCHINSHIP,1e-12,6.5688583e-07,0.00051259739,6.3743849,50000.0,False,,,5,-647.6873110759534,-380.7999999999538,40.0,4,25.0,-1776.9450367399781,-1561.5999999999785,1,100.0,1129.2577256640247,1180.8000000000247,9.5,27.5,1.0
BDL,COCHINSHIP,1e-12,6.5688583e-07,0.00051259739,6.3743849,50000.0,False,,,5,-1359.420721083005,-1092.7000000000053,40.0,4,25.0,-2511.093582651002,-2295.9000000000024,1,100.0,1151.6728615679972,1203.199999999997,9.5,28.0,0.0
BDL,COCHINSHIP,1e-12,6.5688583e-07,0.00051259739,6.3743849,50000.0,False,,,5,-872.5182046889649,-605.6999999999648,40.0,4,25.0,-1944.137009456962,-1728.899999999962,1,100.0,1071.618804767997,1123.199999999997,9.5,28.0,0.5
BDL,COCHINSHIP,1e-12,6.5688583e-07,0.00051259739,6.3743849,50000.0,False,,,5,-647.6873110759534,-380.7999999999538,40.0,4,25.0,-1776.9450367399781,-1561.5999999999785,1,100.0,1129.2577256640247,1180.8000000000247,9.5,28.0,1.0
BDL,COCHINSHIP,1e-12,6.5688583e-07,0.00051259739,6.3743849,50000.0,False,,,5,-1359.420721083005,-1092.7000000000053,40.0,4,25.0,-2511.093582651002,-2295.9000000000024,1,100.0,1151.6728615679972,1203.199999999997,9.5,28.5,0.0
BDL,COCHINSHIP,1e-12,6.5688583e-07,0.00051259739,6.3743849,50000.0,False,,,5,-872.5182046889649,-605.6999999999648,40.0,4,25.0,-1944.137009456962,-1728.899999999962,1,100.0,1071.618804767997,1123.199999999997,9.5,28.5,0.5
BDL,COCHINSHIP,1e-12,6.5688583e-07,0.00051259739,6.3743849,50000.0,False,,,5,-647.6873110759534,-380.7999999999538,40.0,4,25.0,-1776.9450367399781,-1561.5999999999785,1,100.0,1129.2577256640247,1180.8000000000247,9.5,28.5,1.0
BDL,COCHINSHIP,1e-12,6.5688583e-07,0.00051259739,6.3743849,50000.0,False,,,5,-1359.420721083005,-1092.7000000000053,40.0,4,25.0,-2511.093582651002,-2295.9000000000024,1,100.0,1151.6728615679972,1203.199999999997,9.5,29.0,0.0
BDL,COCHINSHIP,1e-12,6.5688583e-07,0.00051259739,6.3743849,50000.0,False,,,5,-872.5182046889649,-605.6999999999648,40.0,4,25.0,-1944.137009456962,-1728.899999999962,1,100.0,1071.618804767997,1123.199999999997,9.5,29.0,0.5
BDL,COCHINSHIP,1e-12,6.5688583e-07,0.00051259739,6.3743849,50000.0,False,,,5,-647.6873110759534,-380.7999999999538,40.0,4,25.0,-1776.9450367399781,-1561.5999999999785,1,100.0,1129.2577256640247,1180.8000000000247,9.5,29.0,1.0
BDL,COCHINSHIP,1e-12,6.5688583e-07,0.00051259739,6.3743849,50000.0,False,,,5,-1359.420721083005,-1092.7000000000053,40.0,4,25.0,-2511.093582651002,-2295.9000000000024,1,100.0,1151.6728615679972,1203.199999999997,9.5,29.5,0.0
BDL,COCHINSHIP,1e-12,6.5688583e-07,0.00051259739,6.3743849,50000.0,False,,,5,-872.5182046889649,-605.6999999999648,40.0,4,25.0,-1944.137009456962,-1728.899999999962,1,100.0,1071.618804767997,1123.199999999997,9.5,29.5,0.5
BDL,COCHINSHIP,1e-12,6.5688583e-07,0.00051259739,6.3743849,50000.0,False,,,5,-647.6873110759534,-380.7999999999538,40.0,4,25.0,-1776.9450367399781,-1561.5999999999785,1,100.0,1129.2577256640247,1180.8000000000247,9.5,29.5,1.0
BDL,COCHINSHIP,1e-12,6.5688583e-07,0.00051259739,6.3743849,50000.0,False,,,5,-1359.420721083005,-1092.7000000000053,40.0,4,25.0,-2511.093582651002,-2295.9000000000024,1,100.0,1151.6728615679972,1203.199999999997,9.5,30.0,0.0
BDL,COCHINSHIP,1e-12,6.5688583e-07,0.00051259739,6.3743849,50000.0,False,,,5,-872.5182046889649,-605.6999999999648,40.0,4,25.0,-1944.137009456962,-1728.899999999962,1,100.0,1071.618804767997,1123.199999999997,9.5,30.0,0.5
BDL,COCHINSHIP,1e-12,6.5688583e-07,0.00051259739,6.3743849,50000.0,False,,,5,-647.6873110759534,-380.7999999999538,40.0,4,25.0,-1776.9450367399781,-1561.5999999999785,1,100.0,1129.2577256640247,1180.8000000000247,9.5,30.0,1.0
BDL,COCHINSHIP,1e-12,6.5688583e-07,0.00051259739,6.3743849,50000.0,False,,,5,-181.3637693109788,82.50000000002092,40.0,4,25.0,-1333.036630878976,-1120.6999999999762,1,100.0,1151.6728615679972,1203.199999999997,10.0,10.5,0.0
BDL,COCHINSHIP,1e-12,6.5688583e-07,0.00051259739,6.3743849,50000.0,False,,,5,-129.50305983097132,134.50000000002842,40.0,4,25.0,-1201.1218645989684,-988.6999999999687,1,100.0,1071.618804767997,1123.199999999997,10.0,10.5,0.5
BDL,COCHINSHIP,1e-12,6.5688583e-07,0.00051259739,6.3743849,50000.0,False,,,5,-55.37479314992879,208.60000000007108,40.0,4,25.0,-1184.6325188139535,-972.1999999999537,1,100.0,1129.2577256640247,1180.8000000000247,10.0,10.5,1.0
BDL,COCHINSHIP,1e-12,6.5688583e-07,0.00051259739,6.3743849,50000.0,False,,,5,-2585.387095014977,-2319.899999999978,40.0,4,25.0,-3737.0599565829743,-3523.099999999975,1,100.0,1151.6728615679972,1203.199999999997,10.0,11.0,0.0
BDL,COCHINSHIP,1e-12,6.5688583e-07,0.00051259739,6.3743849,50000.0,False,,,5,-2289.161377152982,-2023.699999999982,40.0,4,25.0,-3360.780181920979,-3146.899999999979,1,100.0,1071.618804767997,1123.199999999997,10.0,11.0,0.5
BDL,COCHINSHIP,1e-12,6.5688583e-07,0.00051259739,6.3743849,50000.0,False,,,5,-2215.033110471939,-1949.5999999999394,40.0,4,25.0,-3344.2908361359637,-3130.399999999964,1,100.0,1129.2577256640247,1180.8000000000247,10.0,11.0,1.0
BDL,COCHINSHIP,1e-12,6.5688583e-07,0.00051259739,6.3743849,50000.0,False,,,5,-1681.5710751389875,-1415.4999999999882,40.0,4,25.0,-2833.2439367069846,-2618.6999999999853,1,100.0,1151.6728615679972,1203.199999999997,10.0,11.5,0.0
BDL,COCHINSHIP,1e-12,6.5688583e-07,0.00051259739,6.3743849,50000.0,False,,,5,-1339.7748016529558,-1073.6999999999562,40.0,4,25.0,-2411.393606420953,-2196.8999999999533,1,100.0,1071.618804767997,1123.199999999997,10.0,11.5,0.5
BDL,COCHINSHIP,1e-12,6.5688583e-07,0.00051259739,6.3743849,50000.0,False,,,5,-1159.3152385159497,-893.1999999999498,40.0,4,25.0,-2288.5729641799744,-2073.9999999999745,1,100.0,1129.2577256640247,1180.8000000000247,10.0,11.5,1.0
BDL,COCHINSHIP,1e-12,6.5688583e-07,0.00051259739,6.3743849,50000.0,False,,,5,-1681.5710751389875,-1415.4999999999882,40.0,4,25.0,-2833.2439367069846,-2618.6999999999853,1,100.0,1151.6728615679972,1203.199999999997,10.0,12.0,0.0
BDL,COCHINSHIP,1e-12,6.5688583e-07,0.00051259739,6.3743849,50000.0,False,,,5,-1339.7748016529558,-1073.6999999999562,40.0,4,25.0,-2411.393606420953,-2196.8999999999533,1,100.0,1071.618804767997,1123.199999999997,10.0,12.0,0.5
BDL,COCHINSHIP,1e-12,6.5688583e-07,0.00051259739,6.3743849,50000.0,False,,,5,-1159.3152385159497,-893.1999999999498,40.0,4,25.0,-2288.5729641799744,-2073.9999999999745,1,100.0,1129.2577256640247,1180.8000000000247,10.0,12.0,1.0
BDL,COCHINSHIP,1e-12,6.5688583e-07,0.00051259739,6.3743849,50000.0,False,,,5,-1681.5710751389875,-1415.4999999999882,40.0,4,25.0,-2833.2439367069846,-2618.6999999999853,1,100.0,1151.6728615679972,1203.199999999997,10.0,12.5,0.0
BDL,COCHINSHIP,1e-12,6.5688583e-07,0.00051259739,6.3743849,50000.0,False,,,5,-1339.7748016529558,-1073.6999999999562,40.0,4,25.0,-2411.393606420953,-2196.8999999999533,1,100.0,1071.618804767997,1123.199999999997,10.0,12.5,0.5
BDL,COCHINSHIP,1e-12,6.5688583e-07,0.00051259739,6.3743849,50000.0,False,,,5,-1159.3152385159497,-893.1999999999498,40.0,4,25.0,-2288.5729641799744,-2073.9999999999745,1,100.0,1129.2577256640247,1180.8000000000247,10.0,12.5,1.0
BDL,COCHINSHIP,1e-12,6.5688583e-07,0.00051259739,6.3743849,50000.0,False,,,5,-1681.5710751389875,-1415.4999999999882,40.0,4,25.0,-2833.2439367069846,-2618.6999999999853,1,100.0,1151.6728615679972,1203.199999999997,10.0,13.0,0.0
BDL,COCHINSHIP,1e-12,6.5688583e-07,0.00051259739,6.3743849,50000.0,False,,,5,-1339.7748016529558,-1073.6999999999562,40.0,4,25.0,-2411.393606420953,-2196.8999999999533,1,100.0,1071.618804767997,1123.199999999997,10.0,13.0,0.5
BDL,COCHINSHIP,1e-12,6.5688583e-07,0.00051259739,6.3743849,50000.0,False,,,5,-1159.3152385159497,-893.1999999999498,40.0,4,25.0,-2288.5729641799744,-2073.9999999999745,1,100.0,1129.2577256640247,1180.8000000000247,10.0,13.0,1.0
BDL,COCHINSHIP,1e-12,6.5688583e-07,0.00051259739,6.3743849,50000.0,False,,,5,-1681.5710751389875,-1415.4999999999882,40.0,4,25.0,-2833.2439367069846,-2618.6999999999853,1,100.0,1151.6728615679972,1203.199999999997,10.0,13.5,0.0
BDL,COCHINSHIP,1e-12,6.5688583e-07,0.00051259739,6.3743849,50000.0,False,,,5,-1339.7748016529558,-1073.6999999999562,40.0,4,25.0,-2411.393606420953,-2196.8999999999533,1,100.0,1071.618804767997,1123.199999999997,10.0,13.5,0.5
BDL,COCHINSHIP,1e-12,6.5688583e-07,0.00051259739,6.3743849,50000.0,False,,,5,-1159.3152385159497,-893.1999999999498,40.0,4,25.0,-2288.5729641799744,-2073.9999999999745,1,100.0,1129.2577256640247,1180.8000000000247,10.0,13.5,1.0
BDL,COCHINSHIP,1e-12,6.5688583e-07,0.00051259739,6.3743849,50000.0,False,,,5,-1681.5710751389875,-1415.4999999999882,40.0,4,25.0,-2833.2439367069846,-2618.6999999999853,1,100.0,1151.6728615679972,1203.199999999997,10.0,14.0,0.0
BDL,COCHINSHIP,1e-12,6.5688583e-07,0.00051259739,6.3743849,50000.0,False,,,5,-1339.7748016529558,-1073.6999999999562,40.0,4,25.0,-2411.393606420953,-2196.8999999999533,1,100.0,1071.618804767997,1123.199999999997,10.0,14.0,0.5
BDL,COCHINSHIP,1e-12,6.5688583e-07,0.00051259739,6.3743849,50000.0,False,,,5,-1159.3152385159497,-893.1999999999498,40.0,4,25.0,-2288.5729641799744,-2073.9999999999745,1,100.0,1129.2577256640247,1180.8000000000247,10.0,14.0,1.0
BDL,COCHINSHIP,1e-12,6.5688583e-07,0.00051259739,6.3743849,50000.0,False,,,5,-1681.5710751389875,-1415.4999999999882,40.0,4,25.0,-2833.2439367069846,-2618.6999999999853,1,100.0,1151.6728615679972,1203.199999999997,10.0,14.5,0.0
BDL,COCHINSHIP,1e-12,6.5688583e-07,0.00051259739,6.3743849,50000.0,False,,,5,-1339.7748016529558,-1073.6999999999562,40.0,4,25.0,-2411.393606420953,-2196.8999999999533,1,100.0,1071.618804767997,1123.199999999997,10.0,14.5,0.5
BDL,COCHINSHIP,1e-12,6.5688583e-07,0.00051259739,6.3743849,50000.0,False,,,5,-1159.3152385159497,-893.1999999999498,40.0,4,25.0,-2288.5729641799744,-2073.9999999999745,1,100.0,1129.2577256640247,1180.8000000000247,10.0,14.5,1.0
BDL,COCHINSHIP,1e-12,6.5688583e-07,0.00051259739,6.3743849,50000.0,False,,,5,-1681.5710751389875,-1415.4999999999882,40.0,4,25.0,-2833.2439367069846,-2618.6999999999853,1,100.0,1151.6728615679972,1203.199999999997,10.0,15.0,0.0
BDL,COCHINSHIP,1e-12,6.5688583e-07,0.00051259739,6.3743849,50000.0,False,,,5,-1339.7748016529558,-1073.6999999999562,40.0,4,25.0,-2411.393606420953,-2196.8999999999533,1,100.0,1071.618804767997,1123.199999999997,10.0,15.0,0.5
BDL,COCHINSHIP,1e-12,6.5688583e-07,0.00051259739,6.3743849,50000.0,False,,,5,-1159.3152385159497,-893.1999999999498,40.0,4,25.0,-2288.5729641799744,-2073.9999999999745,1,100.0,1129.2577256640247,1180.8000000000247,10.0,15.0,1.0
BDL,COCHINSHIP,1e-12,6.5688583e-07,0.00051259739,6.3743849,50000.0,False,,,5,-1681.5710751389875,-1415.4999999999882,40.0,4,25.0,-2833.2439367069846,-2618.6999999999853,1,100.0,1151.6728615679972,1203.199999999997,10.0,15.5,0.0
BDL,COCHINSHIP,1e-12,6.5688583e-07,0.00051259739,6.3743849,50000.0,False,,,5,-1339.7748016529558,-1073.6999999999562,40.0,4,25.0,-2411.393606420953,-2196.8999999999533,1,100.0,1071.618804767997,1123.199999999997,10.0,15.5,0.5
BDL,COCHINSHIP,1e-12,6.5688583e-07,0.00051259739,6.3743849,50000.0,False,,,5,-1159.3152385159497,-893.1999999999498,40.0,4,25.0,-2288.5729641799744,-2073.9999999999745,1,100.0,1129.2577256640247,1180.8000000000247,10.0,15.5,1.0
BDL,COCHINSHIP,1e-12,6.5688583e-07,0.00051259739,6.3743849,50000.0,False,,,5,-1681.5710751389875,-1415.4999999999882,40.0,4,25.0,-2833.2439367069846,-2618.6999999999853,1,100.0,1151.6728615679972,1203.199999999997,10.0,16.0,0.0
BDL,COCHINSHIP,1e-12,6.5688583e-07,0.00051259739,6.3743849,50000.0,False,,,5,-1339.7748016529558,-1073.6999999999562,40.0,4,25.0,-2411.393606420953,-2196.8999999999533,1,100.0,1071.618804767997,1123.199999999997,10.0,16.0,0.5
BDL,COCHINSHIP,1e-12,6.5688583e-07,0.00051259739,6.3743849,50000.0,False,,,5,-1159.3152385159497,-893.1999999999498,40.0,4,25.0,-2288.5729641799744,-2073.9999999999745,1,100.0,1129.2577256640247,1180.8000000000247,10.0,16.0,1.0
BDL,COCHINSHIP,1e-12,6.5688583e-07,0.00051259739,6.3743849,50000.0,False,,,5,-1681.5710751389875,-1415.4999999999882,40.0,4,25.0,-2833.2439367069846,-2618.6999999999853,1,100.0,1151.6728615679972,1203.199999999997,10.0,16.5,0.0
BDL,COCHINSHIP,1e-12,6.5688583e-07,0.00051259739,6.3743849,50000.0,False,,,5,-1339.7748016529558,-1073.6999999999562,40.0,4,25.0,-2411.393606420953,-2196.8999999999533,1,100.0,1071.618804767997,1123.199999999997,10.0,16.5,0.5
BDL,COCHINSHIP,1e-12,6.5688583e-07,0.00051259739,6.3743849,50000.0,False,,,5,-1159.3152385159497,-893.1999999999498,40.0,4,25.0,-2288.5729641799744,-2073.9999999999745,1,100.0,1129.2577256640247,1180.8000000000247,10.0,16.5,1.0
BDL,COCHINSHIP,1e-12,6.5688583e-07,0.00051259739,6.3743849,50000.0,False,,,5,-1681.5710751389875,-1415.4999999999882,40.0,4,25.0,-2833.2439367069846,-2618.6999999999853,1,100.0,1151.6728615679972,1203.199999999997,10.0,17.0,0.0
BDL,COCHINSHIP,1e-12,6.5688583e-07,0.00051259739,6.3743849,50000.0,False,,,5,-1339.7748016529558,-1073.6999999999562,40.0,4,25.0,-2411.393606420953,-2196.8999999999533,1,100.0,1071.618804767997,1123.199999999997,10.0,17.0,0.5
BDL,COCHINSHIP,1e-12,6.5688583e-07,0.00051259739,6.3743849,50000.0,False,,,5,-1159.3152385159497,-893.1999999999498,40.0,4,25.0,-2288.5729641799744,-2073.9999999999745,1,100.0,1129.2577256640247,1180.8000000000247,10.0,17.0,1.0
BDL,COCHINSHIP,1e-12,6.5688583e-07,0.00051259739,6.3743849,50000.0,False,,,5,-1681.5710751389875,-1415.4999999999882,40.0,4,25.0,-2833.2439367069846,-2618.6999999999853,1,100.0,1151.6728615679972,1203.199999999997,10.0,17.5,0.0
BDL,COCHINSHIP,1e-12,6.5688583e-07,0.00051259739,6.3743849,50000.0,False,,,5,-1339.7748016529558,-1073.6999999999562,40.0,4,25.0,-2411.393606420953,-2196.8999999999533,1,100.0,1071.618804767997,1123.199999999997,10.0,17.5,0.5
BDL,COCHINSHIP,1e-12,6.5688583e-07,0.00051259739,6.3743849,50000.0,False,,,5,-1159.3152385159497,-893.1999999999498,40.0,4,25.0,-2288.5729641799744,-2073.9999999999745,1,100.0,1129.2577256640247,1180.8000000000247,10.0,17.5,1.0
BDL,COCHINSHIP,1e-12,6.5688583e-07,0.00051259739,6.3743849,50000.0,False,,,5,-1681.5710751389875,-1415.4999999999882,40.0,4,25.0,-2833.2439367069846,-2618.6999999999853,1,100.0,1151.6728615679972,1203.199999999997,10.0,18.0,0.0
BDL,COCHINSHIP,1e-12,6.5688583e-07,0.00051259739,6.3743849,50000.0,False,,,5,-1339.7748016529558,-1073.6999999999562,40.0,4,25.0,-2411.393606420953,-2196.8999999999533,1,100.0,1071.618804767997,1123.199999999997,10.0,18.0,0.5
BDL,COCHINSHIP,1e-12,6.5688583e-07,0.00051259739,6.3743849,50000.0,False,,,5,-1159.3152385159497,-893.1999999999498,40.0,4,25.0,-2288.5729641799744,-2073.9999999999745,1,100.0,1129.2577256640247,1180.8000000000247,10.0,18.0,1.0
BDL,COCHINSHIP,1e-12,6.5688583e-07,0.00051259739,6.3743849,50000.0,False,,,5,-1681.5710751389875,-1415.4999999999882,40.0,4,25.0,-2833.2439367069846,-2618.6999999999853,1,100.0,1151.6728615679972,1203.199999999997,10.0,18.5,0.0
BDL,COCHINSHIP,1e-12,6.5688583e-07,0.00051259739,6.3743849,50000.0,False,,,5,-1339.7748016529558,-1073.6999999999562,40.0,4,25.0,-2411.393606420953,-2196.8999999999533,1,100.0,1071.618804767997,1123.199999999997,10.0,18.5,0.5
BDL,COCHINSHIP,1e-12,6.5688583e-07,0.00051259739,6.3743849,50000.0,False,,,5,-1159.3152385159497,-893.1999999999498,40.0,4,25.0,-2288.5729641799744,-2073.9999999999745,1,100.0,1129.2577256640247,1180.8000000000247,10.0,18.5,1.0
BDL,COCHINSHIP,1e-12,6.5688583e-07,0.00051259739,6.3743849,50000.0,False,,,5,-1681.5710751389875,-1415.4999999999882,40.0,4,25.0,-2833.2439367069846,-2618.6999999999853,1,100.0,1151.6728615679972,1203.199999999997,10.0,19.0,0.0
BDL,COCHINSHIP,1e-12,6.5688583e-07,0.00051259739,6.3743849,50000.0,False,,,5,-1339.7748016529558,-1073.6999999999562,40.0,4,25.0,-2411.393606420953,-2196.8999999999533,1,100.0,1071.618804767997,1123.199999999997,10.0,19.0,0.5
BDL,COCHINSHIP,1e-12,6.5688583e-07,0.00051259739,6.3743849,50000.0,False,,,5,-1159.3152385159497,-893.1999999999498,40.0,4,25.0,-2288.5729641799744,-2073.9999999999745,1,100.0,1129.2577256640247,1180.8000000000247,10.0,19.0,1.0
BDL,COCHINSHIP,1e-12,6.5688583e-07,0.00051259739,6.3743849,50000.0,False,,,5,-2282.7826160030086,-2017.1000000000085,40.0,4,25.0,-3434.4554775710058,-3220.3000000000056,1,100.0,1151.6728615679972,1203.199999999997,10.0,19.5,0.0
BDL,COCHINSHIP,1e-12,6.5688583e-07,0.00051259739,6.3743849,50000.0,False,,,5,-1797.079324756969,-1531.2999999999693,40.0,4,25.0,-2868.698129524966,-2654.4999999999663,1,100.0,1071.618804767997,1123.199999999997,10.0,19.5,0.5
BDL,COCHINSHIP,1e-12,6.5688583e-07,0.00051259739,6.3743849,50000.0,False,,,5,-1575.0466231559571,-1309.199999999957,40.0,4,25.0,-2704.304348819982,-2489.999999999982,1,100.0,1129.2577256640247,1180.8000000000247,10.0,19.5,1.0
BDL,COCHINSHIP,1e-12,6.5688583e-07,0.00051259739,6.3743849,50000.0,False,,,5,-2282.7826160030086,-2017.1000000000085,40.0,4,25.0,-3434.4554775710058,-3220.3000000000056,1,100.0,1151.6728615679972,1203.199999999997,10.0,20.0,0.0
BDL,COCHINSHIP,1e-12,6.5688583e-07,0.00051259739,6.3743849,50000.0,False,,,5,-1797.079324756969,-1531.2999999999693,40.0,4,25.0,-2868.698129524966,-2654.4999999999663,1,100.0,1071.618804767997,1123.199999999997,10.0,20.0,0.5
BDL,COCHINSHIP,1e-12,6.5688583e-07,0.00051259739,6.3743849,50000.0,False,,,5,-1575.0466231559571,-1309.199999999957,40.0,4,25.0,-2704.304348819982,-2489.999999999982,1,100.0,1129.2577256640247,1180.8000000000247,10.0,20.0,1.0
BDL,COCHINSHIP,1e-12,6.5688583e-07,0.00051259739,6.3743849,50000.0,False,,,5,-2282.7826160030086,-2017.1000000000085,40.0,4,25.0,-3434.4554775710058,-3220.3000000000056,1,100.0,1151.6728615679972,1203.199999999997,10.0,20.5,0.0
BDL,COCHINSHIP,1e-12,6.5688583e-07,0.00051259739,6.3743849,50000.0,False,,,5,-1797.079324756969,-1531.2999999999693,40.0,4,25.0,-2868.698129524966,-2654.4999999999663,1,100.0,1071.618804767997,1123.199999999997,10.0,20.5,0.5
BDL,COCHINSHIP,1e-12,6.5688583e-07,0.00051259739,6.3743849,50000.0,False,,,5,-1575.0466231559571,-1309.199999999957,40.0,4,25.0,-2704.304348819982,-2489.999999999982,1,100.0,1129.2577256640247,1180.8000000000247,10.0,20.5,1.0
BDL,COCHINSHIP,1e-12,6.5688583e-07,0.00051259739,6.3743849,50000.0,False,,,5,-2282.7826160030086,-2017.1000000000085,40.0,4,25.0,-3434.4554775710058,-3220.3000000000056,1,100.0,1151.6728615679972,1203.199999999997,10.0,21.0,0.0
BDL,COCHINSHIP,1e-12,6.5688583e-07,0.00051259739,6.3743849,50000.0,False,,,5,-1797.079324756969,-1531.2999999999693,40.0,4,25.0,-2868.698129524966,-2654.4999999999663,1,100.0,1071.618804767997,1123.199999999997,10.0,21.0,0.5
BDL,COCHINSHIP,1e-12,6.5688583e-07,0.00051259739,6.3743849,50000.0,False,,,5,-1575.0466231559571,-1309.199999999957,40.0,4,25.0,-2704.304348819982,-2489.999999999982,1,100.0,1129.2577256640247,1180.8000000000247,10.0,21.0,1.0
BDL,COCHINSHIP,1e-12,6.5688583e-07,0.00051259739,6.3743849,50000.0,False,,,5,-2282.7826160030086,-2017.1000000000085,40.0,4,25.0,-3434.4554775710058,-3220.3000000000056,1,100.0,1151.6728615679972,1203.199999999997,10.0,21.5,0.0
BDL,COCHINSHIP,1e-12,6.5688583e-07,0.00051259739,6.3743849,50000.0,False,,,5,-1797.079324756969,-1531.2999999999693,40.0,4,25.0,-2868.698129524966,-2654.4999999999663,1,100.0,1071.618804767997,1123.199999999997,10.0,21.5,0.5
BDL,COCHINSHIP,1e-12,6.5688583e-07,0.00051259739,6.3743849,50000.0,False,,,5,-1575.0466231559571,-1309.199999999957,40.0,4,25.0,-2704.304348819982,-2489.999999999982,1,100.0,1129.2577256640247,1180.8000000000247,10.0,21.5,1.0
BDL,COCHINSHIP,1e-12,6.5688583e-07,0.00051259739,6.3743849,50000.0,False,,,5,-2282.7826160030086,-2017.1000000000085,40.0,4,25.0,-3434.4554775710058,-3220.3000000000056,1,100.0,1151.6728615679972,1203.199999999997,10.0,22.0,0.0
BDL,COCHINSHIP,1e-12,6.5688583e-07,0.00051259739,6.3743849,50000.0,False,,,5,-1797.079324756969,-1531.2999999999693,40.0,4,25.0,-2868.698129524966,-2654.4999999999663,1,100.0,1071.618804767997,1123.199999999997,10.0,22.0,0.5
BDL,COCHINSHIP,1e-12,6.5688583e-07,0.00051259739,6.3743849,50000.0,False,,,5,-1575.0466231559571,-1309.199999999957,40.0,4,25.0,-2704.304348819982,-2489.999999999982,1,100.0,1129.2577256640247,1180.8000000000247,10.0,22.0,1.0
BDL,COCHINSHIP,1e-12,6.5688583e-07,0.00051259739,6.3743849,50000.0,False,,,5,-2282.7826160030086,-2017.1000000000085,40.0,4,25.0,-3434.4554775710058,-3220.3000000000056,1,100.0,1151.6728615679972,1203.199999999997,10.0,22.5,0.0
BDL,COCHINSHIP,1e-12,6.5688583e-07,0.00051259739,6.3743849,50000.0,False,,,5,-1797.079324756969,-1531.2999999999693,40.0,4,25.0,-2868.698129524966,-2654.4999999999663,1,100.0,1071.618804767997,1123.199999999997,10.0,22.5,0.5
BDL,COCHINSHIP,1e-12,6.5688583e-07,0.00051259739,6.3743849,50000.0,False,,,5,-1575.0466231559571,-1309.199999999957,40.0,4,25.0,-2704.304348819982,-2489.999999999982,1,100.0,1129.2577256640247,1180.8000000000247,10.0,22.5,1.0
BDL,COCHINSHIP,1e-12,6.5688583e-07,0.00051259739,6.3743849,50000.0,False,,,5,-2282.7826160030086,-2017.1000000000085,40.0,4,25.0,-3434.4554775710058,-3220.3000000000056,1,100.0,1151.6728615679972,1203.199999999997,10.0,23.0,0.0
BDL,COCHINSHIP,1e-12,6.5688583e-07,0.00051259739,6.3743849,50000.0,False,,,5,-1797.079324756969,-1531.2999999999693,40.0,4,25.0,-2868.698129524966,-2654.4999999999663,1,100.0,1071.618804767997,1123.199999999997,10.0,23.0,0.5
BDL,COCHINSHIP,1e-12,6.5688583e-07,0.00051259739,6.3743849,50000.0,False,,,5,-1575.0466231559571,-1309.199999999957,40.0,4,25.0,-2704.304348819982,-2489.999999999982,1,100.0,1129.2577256640247,1180.8000000000247,10.0,23.0,1.0
BDL,COCHINSHIP,1e-12,6.5688583e-07,0.00051259739,6.3743849,50000.0,False,,,5,-2282.7826160030086,-2017.1000000000085,40.0,4,25.0,-3434.4554775710058,-3220.3000000000056,1,100.0,1151.6728615679972,1203.199999999997,10.0,23.5,0.0
BDL,COCHINSHIP,1e-12,6.5688583e-07,0.00051259739,6.3743849,50000.0,False,,,5,-1797.079324756969,-1531.2999999999693,40.0,4,25.0,-2868.698129524966,-2654.4999999999663,1,100.0,1071.618804767997,1123.199999999997,10.0,23.5,0.5
BDL,COCHINSHIP,1e-12,6.5688583e-07,0.00051259739,6.3743849,50000.0,False,,,5,-1575.0466231559571,-1309.199999999957,40.0,4,25.0,-2704.304348819982,-2489.999999999982,1,100.0,1129.2577256640247,1180.8000000000247,10.0,23.5,1.0
BDL,COCHINSHIP,1e-12,6.5688583e-07,0.00051259739,6.3743849,50000.0,False,,,5,-2282.7826160030086,-2017.1000000000085,40.0,4,25.0,-3434.4554775710058,-3220.3000000000056,1,100.0,1151.6728615679972,1203.199999999997,10.0,24.0,0.0
BDL,COCHINSHIP,1e-12,6.5688583e-07,0.00051259739,6.3743849,50000.0,False,,,5,-1797.079324756969,-1531.2999999999693,40.0,4,25.0,-2868.698129524966,-2654.4999999999663,1,100.0,1071.618804767997,1123.199999999997,10.0,24.0,0.5
BDL,COCHINSHIP,1e-12,6.5688583e-07,0.00051259739,6.3743849,50000.0,False,,,5,-1575.0466231559571,-1309.199999999957,40.0,4,25.0,-2704.304348819982,-2489.999999999982,1,100.0,1129.2577256640247,1180.8000000000247,10.0,24.0,1.0
BDL,COCHINSHIP,1e-12,6.5688583e-07,0.00051259739,6.3743849,50000.0,False,,,5,-2282.7826160030086,-2017.1000000000085,40.0,4,25.0,-3434.4554775710058,-3220.3000000000056,1,100.0,1151.6728615679972,1203.199999999997,10.0,24.5,0.0
BDL,COCHINSHIP,1e-12,6.5688583e-07,0.00051259739,6.3743849,50000.0,False,,,5,-1797.079324756969,-1531.2999999999693,40.0,4,25.0,-2868.698129524966,-2654.4999999999663,1,100.0,1071.618804767997,1123.199999999997,10.0,24.5,0.5
BDL,COCHINSHIP,1e-12,6.5688583e-07,0.00051259739,6.3743849,50000.0,False,,,5,-1575.0466231559571,-1309.199999999957,40.0,4,25.0,-2704.304348819982,-2489.999999999982,1,100.0,1129.2577256640247,1180.8000000000247,10.0,24.5,1.0
BDL,COCHINSHIP,1e-12,6.5688583e-07,0.00051259739,6.3743849,50000.0,False,,,5,-2282.7826160030086,-2017.1000000000085,40.0,4,25.0,-3434.4554775710058,-3220.3000000000056,1,100.0,1151.6728615679972,1203.199999999997,10.0,25.0,0.0
BDL,COCHINSHIP,1e-12,6.5688583e-07,0.00051259739,6.3743849,50000.0,False,,,5,-1797.079324756969,-1531.2999999999693,40.0,4,25.0,-2868.698129524966,-2654.4999999999663,1,100.0,1071.618804767997,1123.199999999997,10.0,25.0,0.5
BDL,COCHINSHIP,1e-12,6.5688583e-07,0.00051259739,6.3743849,50000.0,False,,,5,-1575.0466231559571,-1309.199999999957,40.0,4,25.0,-2704.304348819982,-2489.999999999982,1,100.0,1129.2577256640247,1180.8000000000247,10.0,25.0,1.0
BDL,COCHINSHIP,1e-12,6.5688583e-07,0.00051259739,6.3743849,50000.0,False,,,5,-2282.7826160030086,-2017.1000000000085,40.0,4,25.0,-3434.4554775710058,-3220.3000000000056,1,100.0,1151.6728615679972,1203.199999999997,10.0,25.5,0.0
BDL,COCHINSHIP,1e-12,6.5688583e-07,0.00051259739,6.3743849,50000.0,False,,,5,-1797.079324756969,-1531.2999999999693,40.0,4,25.0,-2868.698129524966,-2654.4999999999663,1,100.0,1071.618804767997,1123.199999999997,10.0,25.5,0.5
BDL,COCHINSHIP,1e-12,6.5688583e-07,0.00051259739,6.3743849,50000.0,False,,,5,-1575.0466231559571,-1309.199999999957,40.0,4,25.0,-2704.304348819982,-2489.999999999982,1,100.0,1129.2577256640247,1180.8000000000247,10.0,25.5,1.0
BDL,COCHINSHIP,1e-12,6.5688583e-07,0.00051259739,6.3743849,50000.0,False,,,5,-2282.7826160030086,-2017.1000000000085,40.0,4,25.0,-3434.4554775710058,-3220.3000000000056,1,100.0,1151.6728615679972,1203.199999999997,10.0,26.0,0.0
BDL,COCHINSHIP,1e-12,6.5688583e-07,0.00051259739,6.3743849,50000.0,False,,,5,-1797.079324756969,-1531.2999999999693,40.0,4,25.0,-2868.698129524966,-2654.4999999999663,1,100.0,1071.618804767997,1123.199999999997,10.0,26.0,0.5
BDL,COCHINSHIP,1e-12,6.5688583e-07,0.00051259739,6.3743849,50000.0,False,,,5,-1575.0466231559571,-1309.199999999957,40.0,4,25.0,-2704.304348819982,-2489.999999999982,1,100.0,1129.2577256640247,1180.8000000000247,10.0,26.0,1.0
BDL,COCHINSHIP,1e-12,6.5688583e-07,0.00051259739,6.3743849,50000.0,False,,,5,-2282.7826160030086,-2017.1000000000085,40.0,4,25.0,-3434.4554775710058,-3220.3000000000056,1,100.0,1151.6728615679972,1203.199999999997,10.0,26.5,0.0
BDL,COCHINSHIP,1e-12,6.5688583e-07,0.00051259739,6.3743849,50000.0,False,,,5,-1797.079324756969,-1531.2999999999693,40.0,4,25.0,-2868.698129524966,-2654.4999999999663,1,100.0,1071.618804767997,1123.199999999997,10.0,26.5,0.5
BDL,COCHINSHIP,1e-12,6.5688583e-07,0.00051259739,6.3743849,50000.0,False,,,5,-1575.0466231559571,-1309.199999999957,40.0,4,25.0,-2704.304348819982,-2489.999999999982,1,100.0,1129.2577256640247,1180.8000000000247,10.0,26.5,1.0
BDL,COCHINSHIP,1e-12,6.5688583e-07,0.00051259739,6.3743849,50000.0,False,,,5,-2282.7826160030086,-2017.1000000000085,40.0,4,25.0,-3434.4554775710058,-3220.3000000000056,1,100.0,1151.6728615679972,1203.199999999997,10.0,27.0,0.0
BDL,COCHINSHIP,1e-12,6.5688583e-07,0.00051259739,6.3743849,50000.0,False,,,5,-1797.079324756969,-1531.2999999999693,40.0,4,25.0,-2868.698129524966,-2654.4999999999663,1,100.0,1071.618804767997,1123.199999999997,10.0,27.0,0.5
BDL,COCHINSHIP,1e-12,6.5688583e-07,0.00051259739,6.3743849,50000.0,False,,,5,-1575.0466231559571,-1309.199999999957,40.0,4,25.0,-2704.304348819982,-2489.999999999982,1,100.0,1129.2577256640247,1180.8000000000247,10.0,27.0,1.0
BDL,COCHINSHIP,1e-12,6.5688583e-07,0.00051259739,6.3743849,50000.0,False,,,5,-2282.7826160030086,-2017.1000000000085,40.0,4,25.0,-3434.4554775710058,-3220.3000000000056,1,100.0,1151.6728615679972,1203.199999999997,10.0,27.5,0.0
BDL,COCHINSHIP,1e-12,6.5688583e-07,0.00051259739,6.3743849,50000.0,False,,,5,-1797.079324756969,-1531.2999999999693,40.0,4,25.0,-2868.698129524966,-2654.4999999999663,1,100.0,1071.618804767997,1123.199999999997,10.0,27.5,0.5
BDL,COCHINSHIP,1e-12,6.5688583e-07,0.00051259739,6.3743849,50000.0,False,,,5,-1575.0466231559571,-1309.199999999957,40.0,4,25.0,-2704.304348819982,-2489.999999999982,1,100.0,1129.2577256640247,1180.8000000000247,10.0,27.5,1.0
BDL,COCHINSHIP,1e-12,6.5688583e-07,0.00051259739,6.3743849,50000.0,False,,,5,-2282.7826160030086,-2017.1000000000085,40.0,4,25.0,-3434.4554775710058,-3220.3000000000056,1,100.0,1151.6728615679972,1203.199999999997,10.0,28.0,0.0
BDL,COCHINSHIP,1e-12,6.5688583e-07,0.00051259739,6.3743849,50000.0,False,,,5,-1797.079324756969,-1531.2999999999693,40.0,4,25.0,-2868.698129524966,-2654.4999999999663,1,100.0,1071.618804767997,1123.199999999997,10.0,28.0,0.5
BDL,COCHINSHIP,1e-12,6.5688583e-07,0.00051259739,6.3743849,50000.0,False,,,5,-1575.0466231559571,-1309.199999999957,40.0,4,25.0,-2704.304348819982,-2489.999999999982,1,100.0,1129.2577256640247,1180.8000000000247,10.0,28.0,1.0
BDL,COCHINSHIP,1e-12,6.5688583e-07,0.00051259739,6.3743849,50000.0,False,,,5,-2282.7826160030086,-2017.1000000000085,40.0,4,25.0,-3434.4554775710058,-3220.3000000000056,1,100.0,1151.6728615679972,1203.199999999997,10.0,28.5,0.0
BDL,COCHINSHIP,1e-12,6.5688583e-07,0.00051259739,6.3743849,50000.0,False,,,5,-1797.079324756969,-1531.2999999999693,40.0,4,25.0,-2868.698129524966,-2654.4999999999663,1,100.0,1071.618804767997,1123.199999999997,10.0,28.5,0.5
BDL,COCHINSHIP,1e-12,6.5688583e-07,0.00051259739,6.3743849,50000.0,False,,,5,-1575.0466231559571,-1309.199999999957,40.0,4,25.0,-2704.304348819982,-2489.999999999982,1,100.0,1129.2577256640247,1180.8000000000247,10.0,28.5,1.0
BDL,COCHINSHIP,1e-12,6.5688583e-07,0.00051259739,6.3743849,50000.0,False,,,5,-2282.7826160030086,-2017.1000000000085,40.0,4,25.0,-3434.4554775710058,-3220.3000000000056,1,100.0,1151.6728615679972,1203.199999999997,10.0,29.0,0.0
BDL,COCHINSHIP,1e-12,6.5688583e-07,0.00051259739,6.3743849,50000.0,False,,,5,-1797.079324756969,-1531.2999999999693,40.0,4,25.0,-2868.698129524966,-2654.4999999999663,1,100.0,1071.618804767997,1123.199999999997,10.0,29.0,0.5
BDL,COCHINSHIP,1e-12,6.5688583e-07,0.00051259739,6.3743849,50000.0,False,,,5,-1575.0466231559571,-1309.199999999957,40.0,4,25.0,-2704.304348819982,-2489.999999999982,1,100.0,1129.2577256640247,1180.8000000000247,10.0,29.0,1.0
BDL,COCHINSHIP,1e-12,6.5688583e-07,0.00051259739,6.3743849,50000.0,False,,,5,-2282.7826160030086,-2017.1000000000085,40.0,4,25.0,-3434.4554775710058,-3220.3000000000056,1,100.0,1151.6728615679972,1203.199999999997,10.0,29.5,0.0
BDL,COCHINSHIP,1e-12,6.5688583e-07,0.00051259739,6.3743849,50000.0,False,,,5,-1797.079324756969,-1531.2999999999693,40.0,4,25.0,-2868.698129524966,-2654.4999999999663,1,100.0,1071.618804767997,1123.199999999997,10.0,29.5,0.5
BDL,COCHINSHIP,1e-12,6.5688583e-07,0.00051259739,6.3743849,50000.0,False,,,5,-1575.0466231559571,-1309.199999999957,40.0,4,25.0,-2704.304348819982,-2489.999999999982,1,100.0,1129.2577256640247,1180.8000000000247,10.0,29.5,1.0
BDL,COCHINSHIP,1e-12,6.5688583e-07,0.00051259739,6.3743849,50000.0,False,,,5,-2282.7826160030086,-2017.1000000000085,40.0,4,25.0,-3434.4554775710058,-3220.3000000000056,1,100.0,1151.6728615679972,1203.199999999997,10.0,30.0,0.0
BDL,COCHINSHIP,1e-12,6.5688583e-07,0.00051259739,6.3743849,50000.0,False,,,5,-1797.079324756969,-1531.2999999999693,40.0,4,25.0,-2868.698129524966,-2654.4999999999663,1,100.0,1071.618804767997,1123.199999999997,10.0,30.0,0.5
BDL,COCHINSHIP,1e-12,6.5688583e-07,0.00051259739,6.3743849,50000.0,False,,,5,-1575.0466231559571,-1309.199999999957,40.0,4,25.0,-2704.304348819982,-2489.999999999982,1,100.0,1129.2577256640247,1180.8000000000247,10.0,30.0,1.0
BDL,COCHINSHIP,1e-12,6.5688583e-07,0.00051259739,6.3743849,50000.0,False,,,5,-2585.387095014977,-2319.899999999978,40.0,4,25.0,-3737.0599565829743,-3523.099999999975,1,100.0,1151.6728615679972,1203.199999999997,10.5,11.0,0.0
BDL,COCHINSHIP,1e-12,6.5688583e-07,0.00051259739,6.3743849,50000.0,False,,,5,-2289.161377152982,-2023.699999999982,40.0,4,25.0,-3360.780181920979,-3146.899999999979,1,100.0,1071.618804767997,1123.199999999997,10.5,11.0,0.5
BDL,COCHINSHIP,1e-12,6.5688583e-07,0.00051259739,6.3743849,50000.0,False,,,5,-2215.033110471939,-1949.5999999999394,40.0,4,25.0,-3344.2908361359637,-3130.399999999964,1,100.0,1129.2577256640247,1180.8000000000247,10.5,11.0,1.0
BDL,COCHINSHIP,1e-12,6.5688583e-07,0.00051259739,6.3743849,50000.0,False,,,5,-1681.5710751389875,-1415.4999999999882,40.0,4,25.0,-2833.2439367069846,-2618.6999999999853,1,100.0,1151.6728615679972,1203.199999999997,10.5,11.5,0.0
BDL,COCHINSHIP,1e-12,6.5688583e-07,0.00051259739,6.3743849,50000.0,False,,,5,-1339.7748016529558,-1073.6999999999562,40.0,4,25.0,-2411.393606420953,-2196.8999999999533,1,100.0,1071.618804767997,1123.199999999997,10.5,11.5,0.5
BDL,COCHINSHIP,1e-12,6.5688583e-07,0.00051259739,6.3743849,50000.0,False,,,5,-1159.3152385159497,-893.1999999999498,40.0,4,25.0,-2288.5729641799744,-2073.9999999999745,1,100.0,1129.2577256640247,1180.8000000000247,10.5,11.5,1.0
BDL,COCHINSHIP,1e-12,6.5688583e-07,0.00051259739,6.3743849,50000.0,False,,,5,-1681.5710751389875,-1415.4999999999882,40.0,4,25.0,-2833.2439367069846,-2618.6999999999853,1,100.0,1151.6728615679972,1203.199999999997,10.5,12.0,0.0
BDL,COCHINSHIP,1e-12,6.5688583e-07,0.00051259739,6.3743849,50000.0,False,,,5,-1339.7748016529558,-1073.6999999999562,40.0,4,25.0,-2411.393606420953,-2196.8999999999533,1,100.0,1071.618804767997,1123.199999999997,10.5,12.0,0.5
BDL,COCHINSHIP,1e-12,6.5688583e-07,0.00051259739,6.3743849,50000.0,False,,,5,-1159.3152385159497,-893.1999999999498,40.0,4,25.0,-2288.5729641799744,-2073.9999999999745,1,100.0,1129.2577256640247,1180.8000000000247,10.5,12.0,1.0
BDL,COCHINSHIP,1e-12,6.5688583e-07,0.00051259739,6.3743849,50000.0,False,,,5,-1681.5710751389875,-1415.4999999999882,40.0,4,25.0,-2833.2439367069846,-2618.6999999999853,1,100.0,1151.6728615679972,1203.199999999997,10.5,12.5,0.0
BDL,COCHINSHIP,1e-12,6.5688583e-07,0.00051259739,6.3743849,50000.0,False,,,5,-1339.7748016529558,-1073.6999999999562,40.0,4,25.0,-2411.393606420953,-2196.8999999999533,1,100.0,1071.618804767997,1123.199999999997,10.5,12.5,0.5
BDL,COCHINSHIP,1e-12,6.5688583e-07,0.00051259739,6.3743849,50000.0,False,,,5,-1159.3152385159497,-893.1999999999498,40.0,4,25.0,-2288.5729641799744,-2073.9999999999745,1,100.0,1129.2577256640247,1180.8000000000247,10.5,12.5,1.0
BDL,COCHINSHIP,1e-12,6.5688583e-07,0.00051259739,6.3743849,50000.0,False,,,5,-1681.5710751389875,-1415.4999999999882,40.0,4,25.0,-2833.2439367069846,-2618.6999999999853,1,100.0,1151.6728615679972,1203.199999999997,10.5,13.0,0.0
BDL,COCHINSHIP,1e-12,6.5688583e-07,0.00051259739,6.3743849,50000.0,False,,,5,-1339.7748016529558,-1073.6999999999562,40.0,4,25.0,-2411.393606420953,-2196.8999999999533,1,100.0,1071.618804767997,1123.199999999997,10.5,13.0,0.5
BDL,COCHINSHIP,1e-12,6.5688583e-07,0.00051259739,6.3743849,50000.0,False,,,5,-1159.3152385159497,-893.1999999999498,40.0,4,25.0,-2288.5729641799744,-2073.9999999999745,1,100.0,1129.2577256640247,1180.8000000000247,10.5,13.0,1.0
BDL,COCHINSHIP,1e-12,6.5688583e-07,0.00051259739,6.3743849,50000.0,False,,,5,-1681.5710751389875,-1415.4999999999882,40.0,4,25.0,-2833.2439367069846,-2618.6999999999853,1,100.0,1151.6728615679972,1203.199999999997,10.5,13.5,0.0
BDL,COCHINSHIP,1e-12,6.5688583e-07,0.00051259739,6.3743849,50000.0,False,,,5,-1339.7748016529558,-1073.6999999999562,40.0,4,25.0,-2411.393606420953,-2196.8999999999533,1,100.0,1071.618804767997,1123.199999999997,10.5,13.5,0.5
BDL,COCHINSHIP,1e-12,6.5688583e-07,0.00051259739,6.3743849,50000.0,False,,,5,-1159.3152385159497,-893.1999999999498,40.0,4,25.0,-2288.5729641799744,-2073.9999999999745,1,100.0,1129.2577256640247,1180.8000000000247,10.5,13.5,1.0
BDL,COCHINSHIP,1e-12,6.5688583e-07,0.00051259739,6.3743849,50000.0,False,,,5,-1681.5710751389875,-1415.4999999999882,40.0,4,25.0,-2833.2439367069846,-2618.6999999999853,1,100.0,1151.6728615679972,1203.199999999997,10.5,14.0,0.0
BDL,COCHINSHIP,1e-12,6.5688583e-07,0.00051259739,6.3743849,50000.0,False,,,5,-1339.7748016529558,-1073.6999999999562,40.0,4,25.0,-2411.393606420953,-2196.8999999999533,1,100.0,1071.618804767997,1123.199999999997,10.5,14.0,0.5
BDL,COCHINSHIP,1e-12,6.5688583e-07,0.00051259739,6.3743849,50000.0,False,,,5,-1159.3152385159497,-893.1999999999498,40.0,4,25.0,-2288.5729641799744,-2073.9999999999745,1,100.0,1129.2577256640247,1180.8000000000247,10.5,14.0,1.0
BDL,COCHINSHIP,1e-12,6.5688583e-07,0.00051259739,6.3743849,50000.0,False,,,5,-1681.5710751389875,-1415.4999999999882,40.0,4,25.0,-2833.2439367069846,-2618.6999999999853,1,100.0,1151.6728615679972,1203.199999999997,10.5,14.5,0.0
BDL,COCHINSHIP,1e-12,6.5688583e-07,0.00051259739,6.3743849,50000.0,False,,,5,-1339.7748016529558,-1073.6999999999562,40.0,4,25.0,-2411.393606420953,-2196.8999999999533,1,100.0,1071.618804767997,1123.199999999997,10.5,14.5,0.5
BDL,COCHINSHIP,1e-12,6.5688583e-07,0.00051259739,6.3743849,50000.0,False,,,5,-1159.3152385159497,-893.1999999999498,40.0,4,25.0,-2288.5729641799744,-2073.9999999999745,1,100.0,1129.2577256640247,1180.8000000000247,10.5,14.5,1.0
BDL,COCHINSHIP,1e-12,6.5688583e-07,0.00051259739,6.3743849,50000.0,False,,,5,-1681.5710751389875,-1415.4999999999882,40.0,4,25.0,-2833.2439367069846,-2618.6999999999853,1,100.0,1151.6728615679972,1203.199999999997,10.5,15.0,0.0
BDL,COCHINSHIP,1e-12,6.5688583e-07,0.00051259739,6.3743849,50000.0,False,,,5,-1339.7748016529558,-1073.6999999999562,40.0,4,25.0,-2411.393606420953,-2196.8999999999533,1,100.0,1071.618804767997,1123.199999999997,10.5,15.0,0.5
BDL,COCHINSHIP,1e-12,6.5688583e-07,0.00051259739,6.3743849,50000.0,False,,,5,-1159.3152385159497,-893.1999999999498,40.0,4,25.0,-2288.5729641799744,-2073.9999999999745,1,100.0,1129.2577256640247,1180.8000000000247,10.5,15.0,1.0
BDL,COCHINSHIP,1e-12,6.5688583e-07,0.00051259739,6.3743849,50000.0,False,,,5,-1681.5710751389875,-1415.4999999999882,40.0,4,25.0,-2833.2439367069846,-2618.6999999999853,1,100.0,1151.6728615679972,1203.199999999997,10.5,15.5,0.0
BDL,COCHINSHIP,1e-12,6.5688583e-07,0.00051259739,6.3743849,50000.0,False,,,5,-1339.7748016529558,-1073.6999999999562,40.0,4,25.0,-2411.393606420953,-2196.8999999999533,1,100.0,1071.618804767997,1123.199999999997,10.5,15.5,0.5
BDL,COCHINSHIP,1e-12,6.5688583e-07,0.00051259739,6.3743849,50000.0,False,,,5,-1159.3152385159497,-893.1999999999498,40.0,4,25.0,-2288.5729641799744,-2073.9999999999745,1,100.0,1129.2577256640247,1180.8000000000247,10.5,15.5,1.0
BDL,COCHINSHIP,1e-12,6.5688583e-07,0.00051259739,6.3743849,50000.0,False,,,5,-1681.5710751389875,-1415.4999999999882,40.0,4,25.0,-2833.2439367069846,-2618.6999999999853,1,100.0,1151.6728615679972,1203.199999999997,10.5,16.0,0.0
BDL,COCHINSHIP,1e-12,6.5688583e-07,0.00051259739,6.3743849,50000.0,False,,,5,-1339.7748016529558,-1073.6999999999562,40.0,4,25.0,-2411.393606420953,-2196.8999999999533,1,100.0,1071.618804767997,1123.199999999997,10.5,16.0,0.5
BDL,COCHINSHIP,1e-12,6.5688583e-07,0.00051259739,6.3743849,50000.0,False,,,5,-1159.3152385159497,-893.1999999999498,40.0,4,25.0,-2288.5729641799744,-2073.9999999999745,1,100.0,1129.2577256640247,1180.8000000000247,10.5,16.0,1.0
BDL,COCHINSHIP,1e-12,6.5688583e-07,0.00051259739,6.3743849,50000.0,False,,,5,-1681.5710751389875,-1415.4999999999882,40.0,4,25.0,-2833.2439367069846,-2618.6999999999853,1,100.0,1151.6728615679972,1203.199999999997,10.5,16.5,0.0
BDL,COCHINSHIP,1e-12,6.5688583e-07,0.00051259739,6.3743849,50000.0,False,,,5,-1339.7748016529558,-1073.6999999999562,40.0,4,25.0,-2411.393606420953,-2196.8999999999533,1,100.0,1071.618804767997,1123.199999999997,10.5,16.5,0.5
BDL,COCHINSHIP,1e-12,6.5688583e-07,0.00051259739,6.3743849,50000.0,False,,,5,-1159.3152385159497,-893.1999999999498,40.0,4,25.0,-2288.5729641799744,-2073.9999999999745,1,100.0,1129.2577256640247,1180.8000000000247,10.5,16.5,1.0
BDL,COCHINSHIP,1e-12,6.5688583e-07,0.00051259739,6.3743849,50000.0,False,,,5,-1681.5710751389875,-1415.4999999999882,40.0,4,25.0,-2833.2439367069846,-2618.6999999999853,1,100.0,1151.6728615679972,1203.199999999997,10.5,17.0,0.0
BDL,COCHINSHIP,1e-12,6.5688583e-07,0.00051259739,6.3743849,50000.0,False,,,5,-1339.7748016529558,-1073.6999999999562,40.0,4,25.0,-2411.393606420953,-2196.8999999999533,1,100.0,1071.618804767997,1123.199999999997,10.5,17.0,0.5
BDL,COCHINSHIP,1e-12,6.5688583e-07,0.00051259739,6.3743849,50000.0,False,,,5,-1159.3152385159497,-893.1999999999498,40.0,4,25.0,-2288.5729641799744,-2073.9999999999745,1,100.0,1129.2577256640247,1180.8000000000247,10.5,17.0,1.0
BDL,COCHINSHIP,1e-12,6.5688583e-07,0.00051259739,6.3743849,50000.0,False,,,5,-1681.5710751389875,-1415.4999999999882,40.0,4,25.0,-2833.2439367069846,-2618.6999999999853,1,100.0,1151.6728615679972,1203.199999999997,10.5,17.5,0.0
BDL,COCHINSHIP,1e-12,6.5688583e-07,0.00051259739,6.3743849,50000.0,False,,,5,-1339.7748016529558,-1073.6999999999562,40.0,4,25.0,-2411.393606420953,-2196.8999999999533,1,100.0,1071.618804767997,1123.199999999997,10.5,17.5,0.5
BDL,COCHINSHIP,1e-12,6.5688583e-07,0.00051259739,6.3743849,50000.0,False,,,5,-1159.3152385159497,-893.1999999999498,40.0,4,25.0,-2288.5729641799744,-2073.9999999999745,1,100.0,1129.2577256640247,1180.8000000000247,10.5,17.5,1.0
BDL,COCHINSHIP,1e-12,6.5688583e-07,0.00051259739,6.3743849,50000.0,False,,,5,-1681.5710751389875,-1415.4999999999882,40.0,4,25.0,-2833.2439367069846,-2618.6999999999853,1,100.0,1151.6728615679972,1203.199999999997,10.5,18.0,0.0
BDL,COCHINSHIP,1e-12,6.5688583e-07,0.00051259739,6.3743849,50000.0,False,,,5,-1339.7748016529558,-1073.6999999999562,40.0,4,25.0,-2411.393606420953,-2196.8999999999533,1,100.0,1071.618804767997,1123.199999999997,10.5,18.0,0.5
BDL,COCHINSHIP,1e-12,6.5688583e-07,0.00051259739,6.3743849,50000.0,False,,,5,-1159.3152385159497,-893.1999999999498,40.0,4,25.0,-2288.5729641799744,-2073.9999999999745,1,100.0,1129.2577256640247,1180.8000000000247,10.5,18.0,1.0
BDL,COCHINSHIP,1e-12,6.5688583e-07,0.00051259739,6.3743849,50000.0,False,,,5,-1681.5710751389875,-1415.4999999999882,40.0,4,25.0,-2833.2439367069846,-2618.6999999999853,1,100.0,1151.6728615679972,1203.199999999997,10.5,18.5,0.0
BDL,COCHINSHIP,1e-12,6.5688583e-07,0.00051259739,6.3743849,50000.0,False,,,5,-1339.7748016529558,-1073.6999999999562,40.0,4,25.0,-2411.393606420953,-2196.8999999999533,1,100.0,1071.618804767997,1123.199999999997,10.5,18.5,0.5
BDL,COCHINSHIP,1e-12,6.5688583e-07,0.00051259739,6.3743849,50000.0,False,,,5,-1159.3152385159497,-893.1999999999498,40.0,4,25.0,-2288.5729641799744,-2073.9999999999745,1,100.0,1129.2577256640247,1180.8000000000247,10.5,18.5,1.0
BDL,COCHINSHIP,1e-12,6.5688583e-07,0.00051259739,6.3743849,50000.0,False,,,5,-1681.5710751389875,-1415.4999999999882,40.0,4,25.0,-2833.2439367069846,-2618.6999999999853,1,100.0,1151.6728615679972,1203.199999999997,10.5,19.0,0.0
BDL,COCHINSHIP,1e-12,6.5688583e-07,0.00051259739,6.3743849,50000.0,False,,,5,-1339.7748016529558,-1073.6999999999562,40.0,4,25.0,-2411.393606420953,-2196.8999999999533,1,100.0,1071.618804767997,1123.199999999997,10.5,19.0,0.5
BDL,COCHINSHIP,1e-12,6.5688583e-07,0.00051259739,6.3743849,50000.0,False,,,5,-1159.3152385159497,-893.1999999999498,40.0,4,25.0,-2288.5729641799744,-2073.9999999999745,1,100.0,1129.2577256640247,1180.8000000000247,10.5,19.0,1.0
BDL,COCHINSHIP,1e-12,6.5688583e-07,0.00051259739,6.3743849,50000.0,False,,,5,-2282.7826160030086,-2017.1000000000085,40.0,4,25.0,-3434.4554775710058,-3220.3000000000056,1,100.0,1151.6728615679972,1203.199999999997,10.5,19.5,0.0
BDL,COCHINSHIP,1e-12,6.5688583e-07,0.00051259739,6.3743849,50000.0,False,,,5,-1797.079324756969,-1531.2999999999693,40.0,4,25.0,-2868.698129524966,-2654.4999999999663,1,100.0,1071.618804767997,1123.199999999997,10.5,19.5,0.5
BDL,COCHINSHIP,1e-12,6.5688583e-07,0.00051259739,6.3743849,50000.0,False,,,5,-1575.0466231559571,-1309.199999999957,40.0,4,25.0,-2704.304348819982,-2489.999999999982,1,100.0,1129.2577256640247,1180.8000000000247,10.5,19.5,1.0
BDL,COCHINSHIP,1e-12,6.5688583e-07,0.00051259739,6.3743849,50000.0,False,,,5,-2282.7826160030086,-2017.1000000000085,40.0,4,25.0,-3434.4554775710058,-3220.3000000000056,1,100.0,1151.6728615679972,1203.199999999997,10.5,20.0,0.0
BDL,COCHINSHIP,1e-12,6.5688583e-07,0.00051259739,6.3743849,50000.0,False,,,5,-1797.079324756969,-1531.2999999999693,40.0,4,25.0,-2868.698129524966,-2654.4999999999663,1,100.0,1071.618804767997,1123.199999999997,10.5,20.0,0.5
BDL,COCHINSHIP,1e-12,6.5688583e-07,0.00051259739,6.3743849,50000.0,False,,,5,-1575.0466231559571,-1309.199999999957,40.0,4,25.0,-2704.304348819982,-2489.999999999982,1,100.0,1129.2577256640247,1180.8000000000247,10.5,20.0,1.0
BDL,COCHINSHIP,1e-12,6.5688583e-07,0.00051259739,6.3743849,50000.0,False,,,5,-2282.7826160030086,-2017.1000000000085,40.0,4,25.0,-3434.4554775710058,-3220.3000000000056,1,100.0,1151.6728615679972,1203.199999999997,10.5,20.5,0.0
BDL,COCHINSHIP,1e-12,6.5688583e-07,0.00051259739,6.3743849,50000.0,False,,,5,-1797.079324756969,-1531.2999999999693,40.0,4,25.0,-2868.698129524966,-2654.4999999999663,1,100.0,1071.618804767997,1123.199999999997,10.5,20.5,0.5
BDL,COCHINSHIP,1e-12,6.5688583e-07,0.00051259739,6.3743849,50000.0,False,,,5,-1575.0466231559571,-1309.199999999957,40.0,4,25.0,-2704.304348819982,-2489.999999999982,1,100.0,1129.2577256640247,1180.8000000000247,10.5,20.5,1.0
BDL,COCHINSHIP,1e-12,6.5688583e-07,0.00051259739,6.3743849,50000.0,False,,,5,-2282.7826160030086,-2017.1000000000085,40.0,4,25.0,-3434.4554775710058,-3220.3000000000056,1,100.0,1151.6728615679972,1203.199999999997,10.5,21.0,0.0
BDL,COCHINSHIP,1e-12,6.5688583e-07,0.00051259739,6.3743849,50000.0,False,,,5,-1797.079324756969,-1531.2999999999693,40.0,4,25.0,-2868.698129524966,-2654.4999999999663,1,100.0,1071.618804767997,1123.199999999997,10.5,21.0,0.5
BDL,COCHINSHIP,1e-12,6.5688583e-07,0.00051259739,6.3743849,50000.0,False,,,5,-1575.0466231559571,-1309.199999999957,40.0,4,25.0,-2704.304348819982,-2489.999999999982,1,100.0,1129.2577256640247,1180.8000000000247,10.5,21.0,1.0
BDL,COCHINSHIP,1e-12,6.5688583e-07,0.00051259739,6.3743849,50000.0,False,,,5,-2282.7826160030086,-2017.1000000000085,40.0,4,25.0,-3434.4554775710058,-3220.3000000000056,1,100.0,1151.6728615679972,1203.199999999997,10.5,21.5,0.0
BDL,COCHINSHIP,1e-12,6.5688583e-07,0.00051259739,6.3743849,50000.0,False,,,5,-1797.079324756969,-1531.2999999999693,40.0,4,25.0,-2868.698129524966,-2654.4999999999663,1,100.0,1071.618804767997,1123.199999999997,10.5,21.5,0.5
BDL,COCHINSHIP,1e-12,6.5688583e-07,0.00051259739,6.3743849,50000.0,False,,,5,-1575.0466231559571,-1309.199999999957,40.0,4,25.0,-2704.304348819982,-2489.999999999982,1,100.0,1129.2577256640247,1180.8000000000247,10.5,21.5,1.0
BDL,COCHINSHIP,1e-12,6.5688583e-07,0.00051259739,6.3743849,50000.0,False,,,5,-2282.7826160030086,-2017.1000000000085,40.0,4,25.0,-3434.4554775710058,-3220.3000000000056,1,100.0,1151.6728615679972,1203.199999999997,10.5,22.0,0.0
BDL,COCHINSHIP,1e-12,6.5688583e-07,0.00051259739,6.3743849,50000.0,False,,,5,-1797.079324756969,-1531.2999999999693,40.0,4,25.0,-2868.698129524966,-2654.4999999999663,1,100.0,1071.618804767997,1123.199999999997,10.5,22.0,0.5
BDL,COCHINSHIP,1e-12,6.5688583e-07,0.00051259739,6.3743849,50000.0,False,,,5,-1575.0466231559571,-1309.199999999957,40.0,4,25.0,-2704.304348819982,-2489.999999999982,1,100.0,1129.2577256640247,1180.8000000000247,10.5,22.0,1.0
BDL,COCHINSHIP,1e-12,6.5688583e-07,0.00051259739,6.3743849,50000.0,False,,,5,-2282.7826160030086,-2017.1000000000085,40.0,4,25.0,-3434.4554775710058,-3220.3000000000056,1,100.0,1151.6728615679972,1203.199999999997,10.5,22.5,0.0
BDL,COCHINSHIP,1e-12,6.5688583e-07,0.00051259739,6.3743849,50000.0,False,,,5,-1797.079324756969,-1531.2999999999693,40.0,4,25.0,-2868.698129524966,-2654.4999999999663,1,100.0,1071.618804767997,1123.199999999997,10.5,22.5,0.5
BDL,COCHINSHIP,1e-12,6.5688583e-07,0.00051259739,6.3743849,50000.0,False,,,5,-1575.0466231559571,-1309.199999999957,40.0,4,25.0,-2704.304348819982,-2489.999999999982,1,100.0,1129.2577256640247,1180.8000000000247,10.5,22.5,1.0
BDL,COCHINSHIP,1e-12,6.5688583e-07,0.00051259739,6.3743849,50000.0,False,,,5,-2282.7826160030086,-2017.1000000000085,40.0,4,25.0,-3434.4554775710058,-3220.3000000000056,1,100.0,1151.6728615679972,1203.199999999997,10.5,23.0,0.0
BDL,COCHINSHIP,1e-12,6.5688583e-07,0.00051259739,6.3743849,50000.0,False,,,5,-1797.079324756969,-1531.2999999999693,40.0,4,25.0,-2868.698129524966,-2654.4999999999663,1,100.0,1071.618804767997,1123.199999999997,10.5,23.0,0.5
BDL,COCHINSHIP,1e-12,6.5688583e-07,0.00051259739,6.3743849,50000.0,False,,,5,-1575.0466231559571,-1309.199999999957,40.0,4,25.0,-2704.304348819982,-2489.999999999982,1,100.0,1129.2577256640247,1180.8000000000247,10.5,23.0,1.0
BDL,COCHINSHIP,1e-12,6.5688583e-07,0.00051259739,6.3743849,50000.0,False,,,5,-2282.7826160030086,-2017.1000000000085,40.0,4,25.0,-3434.4554775710058,-3220.3000000000056,1,100.0,1151.6728615679972,1203.199999999997,10.5,23.5,0.0
BDL,COCHINSHIP,1e-12,6.5688583e-07,0.00051259739,6.3743849,50000.0,False,,,5,-1797.079324756969,-1531.2999999999693,40.0,4,25.0,-2868.698129524966,-2654.4999999999663,1,100.0,1071.618804767997,1123.199999999997,10.5,23.5,0.5
BDL,COCHINSHIP,1e-12,6.5688583e-07,0.00051259739,6.3743849,50000.0,False,,,5,-1575.0466231559571,-1309.199999999957,40.0,4,25.0,-2704.304348819982,-2489.999999999982,1,100.0,1129.2577256640247,1180.8000000000247,10.5,23.5,1.0
BDL,COCHINSHIP,1e-12,6.5688583e-07,0.00051259739,6.3743849,50000.0,False,,,5,-2282.7826160030086,-2017.1000000000085,40.0,4,25.0,-3434.4554775710058,-3220.3000000000056,1,100.0,1151.6728615679972,1203.199999999997,10.5,24.0,0.0
BDL,COCHINSHIP,1e-12,6.5688583e-07,0.00051259739,6.3743849,50000.0,False,,,5,-1797.079324756969,-1531.2999999999693,40.0,4,25.0,-2868.698129524966,-2654.4999999999663,1,100.0,1071.618804767997,1123.199999999997,10.5,24.0,0.5
BDL,COCHINSHIP,1e-12,6.5688583e-07,0.00051259739,6.3743849,50000.0,False,,,5,-1575.0466231559571,-1309.199999999957,40.0,4,25.0,-2704.304348819982,-2489.999999999982,1,100.0,1129.2577256640247,1180.8000000000247,10.5,24.0,1.0
BDL,COCHINSHIP,1e-12,6.5688583e-07,0.00051259739,6.3743849,50000.0,False,,,5,-2282.7826160030086,-2017.1000000000085,40.0,4,25.0,-3434.4554775710058,-3220.3000000000056,1,100.0,1151.6728615679972,1203.199999999997,10.5,24.5,0.0
BDL,COCHINSHIP,1e-12,6.5688583e-07,0.00051259739,6.3743849,50000.0,False,,,5,-1797.079324756969,-1531.2999999999693,40.0,4,25.0,-2868.698129524966,-2654.4999999999663,1,100.0,1071.618804767997,1123.199999999997,10.5,24.5,0.5
BDL,COCHINSHIP,1e-12,6.5688583e-07,0.00051259739,6.3743849,50000.0,False,,,5,-1575.0466231559571,-1309.199999999957,40.0,4,25.0,-2704.304348819982,-2489.999999999982,1,100.0,1129.2577256640247,1180.8000000000247,10.5,24.5,1.0
BDL,COCHINSHIP,1e-12,6.5688583e-07,0.00051259739,6.3743849,50000.0,False,,,5,-2282.7826160030086,-2017.1000000000085,40.0,4,25.0,-3434.4554775710058,-3220.3000000000056,1,100.0,1151.6728615679972,1203.199999999997,10.5,25.0,0.0
BDL,COCHINSHIP,1e-12,6.5688583e-07,0.00051259739,6.3743849,50000.0,False,,,5,-1797.079324756969,-1531.2999999999693,40.0,4,25.0,-2868.698129524966,-2654.4999999999663,1,100.0,1071.618804767997,1123.199999999997,10.5,25.0,0.5
BDL,COCHINSHIP,1e-12,6.5688583e-07,0.00051259739,6.3743849,50000.0,False,,,5,-1575.0466231559571,-1309.199999999957,40.0,4,25.0,-2704.304348819982,-2489.999999999982,1,100.0,1129.2577256640247,1180.8000000000247,10.5,25.0,1.0
BDL,COCHINSHIP,1e-12,6.5688583e-07,0.00051259739,6.3743849,50000.0,False,,,5,-2282.7826160030086,-2017.1000000000085,40.0,4,25.0,-3434.4554775710058,-3220.3000000000056,1,100.0,1151.6728615679972,1203.199999999997,10.5,25.5,0.0
BDL,COCHINSHIP,1e-12,6.5688583e-07,0.00051259739,6.3743849,50000.0,False,,,5,-1797.079324756969,-1531.2999999999693,40.0,4,25.0,-2868.698129524966,-2654.4999999999663,1,100.0,1071.618804767997,1123.199999999997,10.5,25.5,0.5
BDL,COCHINSHIP,1e-12,6.5688583e-07,0.00051259739,6.3743849,50000.0,False,,,5,-1575.0466231559571,-1309.199999999957,40.0,4,25.0,-2704.304348819982,-2489.999999999982,1,100.0,1129.2577256640247,1180.8000000000247,10.5,25.5,1.0
BDL,COCHINSHIP,1e-12,6.5688583e-07,0.00051259739,6.3743849,50000.0,False,,,5,-2282.7826160030086,-2017.1000000000085,40.0,4,25.0,-3434.4554775710058,-3220.3000000000056,1,100.0,1151.6728615679972,1203.199999999997,10.5,26.0,0.0
BDL,COCHINSHIP,1e-12,6.5688583e-07,0.00051259739,6.3743849,50000.0,False,,,5,-1797.079324756969,-1531.2999999999693,40.0,4,25.0,-2868.698129524966,-2654.4999999999663,1,100.0,1071.618804767997,1123.199999999997,10.5,26.0,0.5
BDL,COCHINSHIP,1e-12,6.5688583e-07,0.00051259739,6.3743849,50000.0,False,,,5,-1575.0466231559571,-1309.199999999957,40.0,4,25.0,-2704.304348819982,-2489.999999999982,1,100.0,1129.2577256640247,1180.8000000000247,10.5,26.0,1.0
BDL,COCHINSHIP,1e-12,6.5688583e-07,0.00051259739,6.3743849,50000.0,False,,,5,-2282.7826160030086,-2017.1000000000085,40.0,4,25.0,-3434.4554775710058,-3220.3000000000056,1,100.0,1151.6728615679972,1203.199999999997,10.5,26.5,0.0
BDL,COCHINSHIP,1e-12,6.5688583e-07,0.00051259739,6.3743849,50000.0,False,,,5,-1797.079324756969,-1531.2999999999693,40.0,4,25.0,-2868.698129524966,-2654.4999999999663,1,100.0,1071.618804767997,1123.199999999997,10.5,26.5,0.5
BDL,COCHINSHIP,1e-12,6.5688583e-07,0.00051259739,6.3743849,50000.0,False,,,5,-1575.0466231559571,-1309.199999999957,40.0,4,25.0,-2704.304348819982,-2489.999999999982,1,100.0,1129.2577256640247,1180.8000000000247,10.5,26.5,1.0
BDL,COCHINSHIP,1e-12,6.5688583e-07,0.00051259739,6.3743849,50000.0,False,,,5,-2282.7826160030086,-2017.1000000000085,40.0,4,25.0,-3434.4554775710058,-3220.3000000000056,1,100.0,1151.6728615679972,1203.199999999997,10.5,27.0,0.0
BDL,COCHINSHIP,1e-12,6.5688583e-07,0.00051259739,6.3743849,50000.0,False,,,5,-1797.079324756969,-1531.2999999999693,40.0,4,25.0,-2868.698129524966,-2654.4999999999663,1,100.0,1071.618804767997,1123.199999999997,10.5,27.0,0.5
BDL,COCHINSHIP,1e-12,6.5688583e-07,0.00051259739,6.3743849,50000.0,False,,,5,-1575.0466231559571,-1309.199999999957,40.0,4,25.0,-2704.304348819982,-2489.999999999982,1,100.0,1129.2577256640247,1180.8000000000247,10.5,27.0,1.0
BDL,COCHINSHIP,1e-12,6.5688583e-07,0.00051259739,6.3743849,50000.0,False,,,5,-2282.7826160030086,-2017.1000000000085,40.0,4,25.0,-3434.4554775710058,-3220.3000000000056,1,100.0,1151.6728615679972,1203.199999999997,10.5,27.5,0.0
BDL,COCHINSHIP,1e-12,6.5688583e-07,0.00051259739,6.3743849,50000.0,False,,,5,-1797.079324756969,-1531.2999999999693,40.0,4,25.0,-2868.698129524966,-2654.4999999999663,1,100.0,1071.618804767997,1123.199999999997,10.5,27.5,0.5
BDL,COCHINSHIP,1e-12,6.5688583e-07,0.00051259739,6.3743849,50000.0,False,,,5,-1575.0466231559571,-1309.199999999957,40.0,4,25.0,-2704.304348819982,-2489.999999999982,1,100.0,1129.2577256640247,1180.8000000000247,10.5,27.5,1.0
BDL,COCHINSHIP,1e-12,6.5688583e-07,0.00051259739,6.3743849,50000.0,False,,,5,-2282.7826160030086,-2017.1000000000085,40.0,4,25.0,-3434.4554775710058,-3220.3000000000056,1,100.0,1151.6728615679972,1203.199999999997,10.5,28.0,0.0
BDL,COCHINSHIP,1e-12,6.5688583e-07,0.00051259739,6.3743849,50000.0,False,,,5,-1797.079324756969,-1531.2999999999693,40.0,4,25.0,-2868.698129524966,-2654.4999999999663,1,100.0,1071.618804767997,1123.199999999997,10.5,28.0,0.5
BDL,COCHINSHIP,1e-12,6.5688583e-07,0.00051259739,6.3743849,50000.0,False,,,5,-1575.0466231559571,-1309.199999999957,40.0,4,25.0,-2704.304348819982,-2489.999999999982,1,100.0,1129.2577256640247,1180.8000000000247,10.5,28.0,1.0
BDL,COCHINSHIP,1e-12,6.5688583e-07,0.00051259739,6.3743849,50000.0,False,,,5,-2282.7826160030086,-2017.1000000000085,40.0,4,25.0,-3434.4554775710058,-3220.3000000000056,1,100.0,1151.6728615679972,1203.199999999997,10.5,28.5,0.0
BDL,COCHINSHIP,1e-12,6.5688583e-07,0.00051259739,6.3743849,50000.0,False,,,5,-1797.079324756969,-1531.2999999999693,40.0,4,25.0,-2868.698129524966,-2654.4999999999663,1,100.0,1071.618804767997,1123.199999999997,10.5,28.5,0.5
BDL,COCHINSHIP,1e-12,6.5688583e-07,0.00051259739,6.3743849,50000.0,False,,,5,-1575.0466231559571,-1309.199999999957,40.0,4,25.0,-2704.304348819982,-2489.999999999982,1,100.0,1129.2577256640247,1180.8000000000247,10.5,28.5,1.0
BDL,COCHINSHIP,1e-12,6.5688583e-07,0.00051259739,6.3743849,50000.0,False,,,5,-2282.7826160030086,-2017.1000000000085,40.0,4,25.0,-3434.4554775710058,-3220.3000000000056,1,100.0,1151.6728615679972,1203.199999999997,10.5,29.0,0.0
BDL,COCHINSHIP,1e-12,6.5688583e-07,0.00051259739,6.3743849,50000.0,False,,,5,-1797.079324756969,-1531.2999999999693,40.0,4,25.0,-2868.698129524966,-2654.4999999999663,1,100.0,1071.618804767997,1123.199999999997,10.5,29.0,0.5
BDL,COCHINSHIP,1e-12,6.5688583e-07,0.00051259739,6.3743849,50000.0,False,,,5,-1575.0466231559571,-1309.199999999957,40.0,4,25.0,-2704.304348819982,-2489.999999999982,1,100.0,1129.2577256640247,1180.8000000000247,10.5,29.0,1.0
BDL,COCHINSHIP,1e-12,6.5688583e-07,0.00051259739,6.3743849,50000.0,False,,,5,-2282.7826160030086,-2017.1000000000085,40.0,4,25.0,-3434.4554775710058,-3220.3000000000056,1,100.0,1151.6728615679972,1203.199999999997,10.5,29.5,0.0
BDL,COCHINSHIP,1e-12,6.5688583e-07,0.00051259739,6.3743849,50000.0,False,,,5,-1797.079324756969,-1531.2999999999693,40.0,4,25.0,-2868.698129524966,-2654.4999999999663,1,100.0,1071.618804767997,1123.199999999997,10.5,29.5,0.5
BDL,COCHINSHIP,1e-12,6.5688583e-07,0.00051259739,6.3743849,50000.0,False,,,5,-1575.0466231559571,-1309.199999999957,40.0,4,25.0,-2704.304348819982,-2489.999999999982,1,100.0,1129.2577256640247,1180.8000000000247,10.5,29.5,1.0
BDL,COCHINSHIP,1e-12,6.5688583e-07,0.00051259739,6.3743849,50000.0,False,,,5,-2282.7826160030086,-2017.1000000000085,40.0,4,25.0,-3434.4554775710058,-3220.3000000000056,1,100.0,1151.6728615679972,1203.199999999997,10.5,30.0,0.0
BDL,COCHINSHIP,1e-12,6.5688583e-07,0.00051259739,6.3743849,50000.0,False,,,5,-1797.079324756969,-1531.2999999999693,40.0,4,25.0,-2868.698129524966,-2654.4999999999663,1,100.0,1071.618804767997,1123.199999999997,10.5,30.0,0.5
BDL,COCHINSHIP,1e-12,6.5688583e-07,0.00051259739,6.3743849,50000.0,False,,,5,-1575.0466231559571,-1309.199999999957,40.0,4,25.0,-2704.304348819982,-2489.999999999982,1,100.0,1129.2577256640247,1180.8000000000247,10.5,30.0,1.0
BDL,COCHINSHIP,1e-12,6.5688583e-07,0.00051259739,6.3743849,50000.0,False,,,4,-3118.365264056985,-2903.6999999999853,25.0,4,25.0,-3118.365264056985,-2903.6999999999853,0,0.0,0.0,0.0,11.0,11.5,0.0
BDL,COCHINSHIP,1e-12,6.5688583e-07,0.00051259739,6.3743849,50000.0,False,,,4,-2696.514933770953,-2481.8999999999533,25.0,4,25.0,-2696.514933770953,-2481.8999999999533,0,0.0,0.0,0.0,11.0,11.5,0.5
BDL,COCHINSHIP,1e-12,6.5688583e-07,0.00051259739,6.3743849,50000.0,False,,,4,-2573.694291529974,-2358.9999999999745,25.0,4,25.0,-2573.694291529974,-2358.9999999999745,0,0.0,0.0,0.0,11.0,11.5,1.0
BDL,COCHINSHIP,1e-12,6.5688583e-07,0.00051259739,6.3743849,50000.0,False,,,4,-3118.365264056985,-2903.6999999999853,25.0,4,25.0,-3118.365264056985,-2903.6999999999853,0,0.0,0.0,0.0,11.0,12.0,0.0
BDL,COCHINSHIP,1e-12,6.5688583e-07,0.00051259739,6.3743849,50000.0,False,,,4,-2696.514933770953,-2481.8999999999533,25.0,4,25.0,-2696.514933770953,-2481.8999999999533,0,0.0,0.0,0.0,11.0,12.0,0.5
BDL,COCHINSHIP,1e-12,6.5688583e-07,0.00051259739,6.3743849,50000.0,False,,,4,-2573.694291529974,-2358.9999999999745,25.0,4,25.0,-2573.694291529974,-2358.9999999999745,0,0.0,0.0,0.0,11.0,12.0,1.0
BDL,COCHINSHIP,1e-12,6.5688583e-07,0.00051259739,6.3743849,50000.0,False,,,4,-3118.365264056985,-2903.6999999999853,25.0,4,25.0,-3118.365264056985,-2903.6999999999853,0,0.0,0.0,0.0,11.0,12.5,0.0
BDL,COCHINSHIP,1e-12,6.5688583e-07,0.00051259739,6.3743849,50000.0,False,,,4,-2696.514933770953,-2481.8999999999533,25.0,4,25.0,-2696.514933770953,-2481.8999999999533,0,0.0,0.0,0.0,11.0,12.5,0.5
BDL,COCHINSHIP,1e-12,6.5688583e-07,0.00051259739,6.3743849,50000.0,False,,,4,-2573.694291529974,-2358.9999999999745,25.0,4,25.0,-2573.694291529974,-2358.9999999999745,0,0.0,0.0,0.0,11.0,12.5,1.0
BDL,COCHINSHIP,1e-12,6.5688583e-07,0.00051259739,6.3743849,50000.0,False,,,4,-3118.365264056985,-2903.6999999999853,25.0,4,25.0,-3118.365264056985,-2903.6999999999853,0,0.0,0.0,0.0,11.0,13.0,0.0
BDL,COCHINSHIP,1e-12,6.5688583e-07,0.00051259739,6.3743849,50000.0,False,,,4,-2696.514933770953,-2481.8999999999533,25.0,4,25.0,-2696.514933770953,-2481.8999999999533,0,0.0,0.0,0.0,11.0,13.0,0.5
BDL,COCHINSHIP,1e-12,6.5688583e-07,0.00051259739,6.3743849,50000.0,False,,,4,-2573.694291529974,-2358.9999999999745,25.0,4,25.0,-2573.694291529974,-2358.9999999999745,0,0.0,0.0,0.0,11.0,13.0,1.0
BDL,COCHINSHIP,1e-12,6.5688583e-07,0.00051259739,6.3743849,50000.0,False,,,4,-3118.365264056985,-2903.6999999999853,25.0,4,25.0,-3118.365264056985,-2903.6999999999853,0,0.0,0.0,0.0,11.0,13.5,0.0
BDL,COCHINSHIP,1e-12,6.5688583e-07,0.00051259739,6.3743849,50000.0,False,,,4,-2696.514933770953,-2481.8999999999533,25.0,4,25.0,-2696.514933770953,-2481.8999999999533,0,0.0,0.0,0.0,11.0,13.5,0.5
BDL,COCHINSHIP,1e-12,6.5688583e-07,0.00051259739,6.3743849,50000.0,False,,,4,-2573.694291529974,-2358.9999999999745,25.0,4,25.0,-2573.694291529974,-2358.9999999999745,0,0.0,0.0,0.0,11.0,13.5,1.0
BDL,COCHINSHIP,1e-12,6.5688583e-07,0.00051259739,6.3743849,50000.0,False,,,4,-3118.365264056985,-2903.6999999999853,25.0,4,25.0,-3118.365264056985,-2903.6999999999853,0,0.0,0.0,0.0,11.0,14.0,0.0
BDL,COCHINSHIP,1e-12,6.5688583e-07,0.00051259739,6.3743849,50000.0,False,,,4,-2696.514933770953,-2481.8999999999533,25.0,4,25.0,-2696.514933770953,-2481.8999999999533,0,0.0,0.0,0.0,11.0,14.0,0.5
BDL,COCHINSHIP,1e-12,6.5688583e-07,0.00051259739,6.3743849,50000.0,False,,,4,-2573.694291529974,-2358.9999999999745,25.0,4,25.0,-2573.694291529974,-2358.9999999999745,0,0.0,0.0,0.0,11.0,14.0,1.0
BDL,COCHINSHIP,1e-12,6.5688583e-07,0.00051259739,6.3743849,50000.0,False,,,4,-3118.365264056985,-2903.6999999999853,25.0,4,25.0,-3118.365264056985,-2903.6999999999853,0,0.0,0.0,0.0,11.0,14.5,0.0
BDL,COCHINSHIP,1e-12,6.5688583e-07,0.00051259739,6.3743849,50000.0,False,,,4,-2696.514933770953,-2481.8999999999533,25.0,4,25.0,-2696.514933770953,-2481.8999999999533,0,0.0,0.0,0.0,11.0,14.5,0.5
BDL,COCHINSHIP,1e-12,6.5688583e-07,0.00051259739,6.3743849,50000.0,False,,,4,-2573.694291529974,-2358.9999999999745,25.0,4,25.0,-2573.694291529974,-2358.9999999999745,0,0.0,0.0,0.0,11.0,14.5,1.0
BDL,COCHINSHIP,1e-12,6.5688583e-07,0.00051259739,6.3743849,50000.0,False,,,4,-3118.365264056985,-2903.6999999999853,25.0,4,25.0,-3118.365264056985,-2903.6999999999853,0,0.0,0.0,0.0,11.0,15.0,0.0
BDL,COCHINSHIP,1e-12,6.5688583e-07,0.00051259739,6.3743849,50000.0,False,,,4,-2696.514933770953,-2481.8999999999533,25.0,4,25.0,-2696.514933770953,-2481.8999999999533,0,0.0,0.0,0.0,11.0,15.0,0.5
BDL,COCHINSHIP,1e-12,6.5688583e-07,0.00051259739,6.3743849,50000.0,False,,,4,-2573.694291529974,-2358.9999999999745,25.0,4,25.0,-2573.694291529974,-2358.9999999999745,0,0.0,0.0,0.0,11.0,15.0,1.0
BDL,COCHINSHIP,1e-12,6.5688583e-07,0.00051259739,6.3743849,50000.0,False,,,4,-3118.365264056985,-2903.6999999999853,25.0,4,25.0,-3118.365264056985,-2903.6999999999853,0,0.0,0.0,0.0,11.0,15.5,0.0
BDL,COCHINSHIP,1e-12,6.5688583e-07,0.00051259739,6.3743849,50000.0,False,,,4,-2696.514933770953,-2481.8999999999533,25.0,4,25.0,-2696.514933770953,-2481.8999999999533,0,0.0,0.0,0.0,11.0,15.5,0.5
BDL,COCHINSHIP,1e-12,6.5688583e-07,0.00051259739,6.3743849,50000.0,False,,,4,-2573.694291529974,-2358.9999999999745,25.0,4,25.0,-2573.694291529974,-2358.9999999999745,0,0.0,0.0,0.0,11.0,15.5,1.0
BDL,COCHINSHIP,1e-12,6.5688583e-07,0.00051259739,6.3743849,50000.0,False,,,4,-3118.365264056985,-2903.6999999999853,25.0,4,25.0,-3118.365264056985,-2903.6999999999853,0,0.0,0.0,0.0,11.0,16.0,0.0
BDL,COCHINSHIP,1e-12,6.5688583e-07,0.00051259739,6.3743849,50000.0,False,,,4,-2696.514933770953,-2481.8999999999533,25.0,4,25.0,-2696.514933770953,-2481.8999999999533,0,0.0,0.0,0.0,11.0,16.0,0.5
BDL,COCHINSHIP,1e-12,6.5688583e-07,0.00051259739,6.3743849,50000.0,False,,,4,-2573.694291529974,-2358.9999999999745,25.0,4,25.0,-2573.694291529974,-2358.9999999999745,0,0.0,0.0,0.0,11.0,16.0,1.0
BDL,COCHINSHIP,1e-12,6.5688583e-07,0.00051259739,6.3743849,50000.0,False,,,4,-3118.365264056985,-2903.6999999999853,25.0,4,25.0,-3118.365264056985,-2903.6999999999853,0,0.0,0.0,0.0,11.0,16.5,0.0
BDL,COCHINSHIP,1e-12,6.5688583e-07,0.00051259739,6.3743849,50000.0,False,,,4,-2696.514933770953,-2481.8999999999533,25.0,4,25.0,-2696.514933770953,-2481.8999999999533,0,0.0,0.0,0.0,11.0,16.5,0.5
BDL,COCHINSHIP,1e-12,6.5688583e-07,0.00051259739,6.3743849,50000.0,False,,,4,-2573.694291529974,-2358.9999999999745,25.0,4,25.0,-2573.694291529974,-2358.9999999999745,0,0.0,0.0,0.0,11.0,16.5,1.0
BDL,COCHINSHIP,1e-12,6.5688583e-07,0.00051259739,6.3743849,50000.0,False,,,4,-3118.365264056985,-2903.6999999999853,25.0,4,25.0,-3118.365264056985,-2903.6999999999853,0,0.0,0.0,0.0,11.0,17.0,0.0
BDL,COCHINSHIP,1e-12,6.5688583e-07,0.00051259739,6.3743849,50000.0,False,,,4,-2696.514933770953,-2481.8999999999533,25.0,4,25.0,-2696.514933770953,-2481.8999999999533,0,0.0,0.0,0.0,11.0,17.0,0.5
BDL,COCHINSHIP,1e-12,6.5688583e-07,0.00051259739,6.3743849,50000.0,False,,,4,-2573.694291529974,-2358.9999999999745,25.0,4,25.0,-2573.694291529974,-2358.9999999999745,0,0.0,0.0,0.0,11.0,17.0,1.0
BDL,COCHINSHIP,1e-12,6.5688583e-07,0.00051259739,6.3743849,50000.0,False,,,4,-3118.365264056985,-2903.6999999999853,25.0,4,25.0,-3118.365264056985,-2903.6999999999853,0,0.0,0.0,0.0,11.0,17.5,0.0
BDL,COCHINSHIP,1e-12,6.5688583e-07,0.00051259739,6.3743849,50000.0,False,,,4,-2696.514933770953,-2481.8999999999533,25.0,4,25.0,-2696.514933770953,-2481.8999999999533,0,0.0,0.0,0.0,11.0,17.5,0.5
BDL,COCHINSHIP,1e-12,6.5688583e-07,0.00051259739,6.3743849,50000.0,False,,,4,-2573.694291529974,-2358.9999999999745,25.0,4,25.0,-2573.694291529974,-2358.9999999999745,0,0.0,0.0,0.0,11.0,17.5,1.0
BDL,COCHINSHIP,1e-12,6.5688583e-07,0.00051259739,6.3743849,50000.0,False,,,4,-3118.365264056985,-2903.6999999999853,25.0,4,25.0,-3118.365264056985,-2903.6999999999853,0,0.0,0.0,0.0,11.0,18.0,0.0
BDL,COCHINSHIP,1e-12,6.5688583e-07,0.00051259739,6.3743849,50000.0,False,,,4,-2696.514933770953,-2481.8999999999533,25.0,4,25.0,-2696.514933770953,-2481.8999999999533,0,0.0,0.0,0.0,11.0,18.0,0.5
BDL,COCHINSHIP,1e-12,6.5688583e-07,0.00051259739,6.3743849,50000.0,False,,,4,-2573.694291529974,-2358.9999999999745,25.0,4,25.0,-2573.694291529974,-2358.9999999999745,0,0.0,0.0,0.0,11.0,18.0,1.0
BDL,COCHINSHIP,1e-12,6.5688583e-07,0.00051259739,6.3743849,50000.0,False,,,4,-3118.365264056985,-2903.6999999999853,25.0,4,25.0,-3118.365264056985,-2903.6999999999853,0,0.0,0.0,0.0,11.0,18.5,0.0
BDL,COCHINSHIP,1e-12,6.5688583e-07,0.00051259739,6.3743849,50000.0,False,,,4,-2696.514933770953,-2481.8999999999533,25.0,4,25.0,-2696.514933770953,-2481.8999999999533,0,0.0,0.0,0.0,11.0,18.5,0.5
BDL,COCHINSHIP,1e-12,6.5688583e-07,0.00051259739,6.3743849,50000.0,False,,,4,-2573.694291529974,-2358.9999999999745,25.0,4,25.0,-2573.694291529974,-2358.9999999999745,0,0.0,0.0,0.0,11.0,18.5,1.0
BDL,COCHINSHIP,1e-12,6.5688583e-07,0.00051259739,6.3743849,50000.0,False,,,4,-3118.365264056985,-2903.6999999999853,25.0,4,25.0,-3118.365264056985,-2903.6999999999853,0,0.0,0.0,0.0,11.0,19.0,0.0
BDL,COCHINSHIP,1e-12,6.5688583e-07,0.00051259739,6.3743849,50000.0,False,,,4,-2696.514933770953,-2481.8999999999533,25.0,4,25.0,-2696.514933770953,-2481.8999999999533,0,0.0,0.0,0.0,11.0,19.0,0.5
BDL,COCHINSHIP,1e-12,6.5688583e-07,0.00051259739,6.3743849,50000.0,False,,,4,-2573.694291529974,-2358.9999999999745,25.0,4,25.0,-2573.694291529974,-2358.9999999999745,0,0.0,0.0,0.0,11.0,19.0,1.0
BDL,COCHINSHIP,1e-12,6.5688583e-07,0.00051259739,6.3743849,50000.0,False,,,4,-3719.5768049210055,-3505.3000000000056,25.0,4,25.0,-3719.5768049210055,-3505.3000000000056,0,0.0,0.0,0.0,11.0,19.5,0.0
BDL,COCHINSHIP,1e-12,6.5688583e-07,0.00051259739,6.3743849,50000.0,False,,,4,-3153.8194568749664,-2939.4999999999663,25.0,4,25.0,-3153.8194568749664,-2939.4999999999663,0,0.0,0.0,0.0,11.0,19.5,0.5
BDL,COCHINSHIP,1e-12,6.5688583e-07,0.00051259739,6.3743849,50000.0,False,,,4,-2989.4256761699817,-2774.999999999982,25.0,4,25.0,-2989.4256761699817,-2774.999999999982,0,0.0,0.0,0.0,11.0,19.5,1.0
BDL,COCHINSHIP,1e-12,6.5688583e-07,0.00051259739,6.3743849,50000.0,False,,,4,-3719.5768049210055,-3505.3000000000056,25.0,4,25.0,-3719.5768049210055,-3505.3000000000056,0,0.0,0.0,0.0,11.0,20.0,0.0
BDL,COCHINSHIP,1e-12,6.5688583e-07,0.00051259739,6.3743849,50000.0,False,,,4,-3153.8194568749664,-2939.4999999999663,25.0,4,25.0,-3153.8194568749664,-2939.4999999999663,0,0.0,0.0,0.0,11.0,20.0,0.5
BDL,COCHINSHIP,1e-12,6.5688583e-07,0.00051259739,6.3743849,50000.0,False,,,4,-2989.4256761699817,-2774.999999999982,25.0,4,25.0,-2989.4256761699817,-2774.999999999982,0,0.0,0.0,0.0,11.0,20.0,1.0
BDL,COCHINSHIP,1e-12,6.5688583e-07,0.00051259739,6.3743849,50000.0,False,,,4,-3719.5768049210055,-3505.3000000000056,25.0,4,25.0,-3719.5768049210055,-3505.3000000000056,0,0.0,0.0,0.0,11.0,20.5,0.0
BDL,COCHINSHIP,1e-12,6.5688583e-07,0.00051259739,6.3743849,50000.0,False,,,4,-3153.8194568749664,-2939.4999999999663,25.0,4,25.0,-3153.8194568749664,-2939.4999999999663,0,0.0,0.0,0.0,11.0,20.5,0.5
BDL,COCHINSHIP,1e-12,6.5688583e-07,0.00051259739,6.3743849,50000.0,False,,,4,-2989.4256761699817,-2774.999999999982,25.0,4,25.0,-2989.4256761699817,-2774.999999999982,0,0.0,0.0,0.0,11.0,20.5,1.0
BDL,COCHINSHIP,1e-12,6.5688583e-07,0.00051259739,6.3743849,50000.0,False,,,4,-3719.5768049210055,-3505.3000000000056,25.0,4,25.0,-3719.5768049210055,-3505.3000000000056,0,0.0,0.0,0.0,11.0,21.0,0.0
BDL,COCHINSHIP,1e-12,6.5688583e-07,0.00051259739,6.3743849,50000.0,False,,,4,-3153.8194568749664,-2939.4999999999663,25.0,4,25.0,-3153.8194568749664,-2939.4999999999663,0,0.0,0.0,0.0,11.0,21.0,0.5
BDL,COCHINSHIP,1e-12,6.5688583e-07,0.00051259739,6.3743849,50000.0,False,,,4,-2989.4256761699817,-2774.999999999982,25.0,4,25.0,-2989.4256761699817,-2774.999999999982,0,0.0,0.0,0.0,11.0,21.0,1.0
BDL,COCHINSHIP,1e-12,6.5688583e-07,0.00051259739,6.3743849,50000.0,False,,,4,-3719.5768049210055,-3505.3000000000056,25.0,4,25.0,-3719.5768049210055,-3505.3000000000056,0,0.0,0.0,0.0,11.0,21.5,0.0
BDL,COCHINSHIP,1e-12,6.5688583e-07,0.00051259739,6.3743849,50000.0,False,,,4,-3153.8194568749664,-2939.4999999999663,25.0,4,25.0,-3153.8194568749664,-2939.4999999999663,0,0.0,0.0,0.0,11.0,21.5,0.5
BDL,COCHINSHIP,1e-12,6.5688583e-07,0.00051259739,6.3743849,50000.0,False,,,4,-2989.4256761699817,-2774.999999999982,25.0,4,25.0,-2989.4256761699817,-2774.999999999982,0,0.0,0.0,0.0,11.0,21.5,1.0
BDL,COCHINSHIP,1e-12,6.5688583e-07,0.00051259739,6.3743849,50000.0,False,,,4,-3719.5768049210055,-3505.3000000000056,25.0,4,25.0,-3719.5768049210055,-3505.3000000000056,0,0.0,0.0,0.0,11.0,22.0,0.0
BDL,COCHINSHIP,1e-12,6.5688583e-07,0.00051259739,6.3743849,50000.0,False,,,4,-3153.8194568749664,-2939.4999999999663,25.0,4,25.0,-3153.8194568749664,-2939.4999999999663,0,0.0,0.0,0.0,11.0,22.0,0.5
BDL,COCHINSHIP,1e-12,6.5688583e-07,0.00051259739,6.3743849,50000.0,False,,,4,-2989.4256761699817,-2774.999999999982,25.0,4,25.0,-2989.4256761699817,-2774.999999999982,0,0.0,0.0,0.0,11.0,22.0,1.0
BDL,COCHINSHIP,1e-12,6.5688583e-07,0.00051259739,6.3743849,50000.0,False,,,4,-3719.5768049210055,-3505.3000000000056,25.0,4,25.0,-3719.5768049210055,-3505.3000000000056,0,0.0,0.0,0.0,11.0,22.5,0.0
BDL,COCHINSHIP,1e-12,6.5688583e-07,0.00051259739,6.3743849,50000.0,False,,,4,-3153.8194568749664,-2939.4999999999663,25.0,4,25.0,-3153.8194568749664,-2939.4999999999663,0,0.0,0.0,0.0,11.0,22.5,0.5
BDL,COCHINSHIP,1e-12,6.5688583e-07,0.00051259739,6.3743849,50000.0,False,,,4,-2989.4256761699817,-2774.999999999982,25.0,4,25.0,-2989.4256761699817,-2774.999999999982,0,0.0,0.0,0.0,11.0,22.5,1.0
BDL,COCHINSHIP,1e-12,6.5688583e-07,0.00051259739,6.3743849,50000.0,False,,,4,-3719.5768049210055,-3505.3000000000056,25.0,4,25.0,-3719.5768049210055,-3505.3000000000056,0,0.0,0.0,0.0,11.0,23.0,0.0
BDL,COCHINSHIP,1e-12,6.5688583e-07,0.00051259739,6.3743849,50000.0,False,,,4,-3153.8194568749664,-2939.4999999999663,25.0,4,25.0,-3153.8194568749664,-2939.4999999999663,0,0.0,0.0,0.0,11.0,23.0,0.5
BDL,COCHINSHIP,1e-12,6.5688583e-07,0.00051259739,6.3743849,50000.0,False,,,4,-2989.4256761699817,-2774.999999999982,25.0,4,25.0,-2989.4256761699817,-2774.999999999982,0,0.0,0.0,0.0,11.0,23.0,1.0
BDL,COCHINSHIP,1e-12,6.5688583e-07,0.00051259739,6.3743849,50000.0,False,,,4,-3719.5768049210055,-3505.3000000000056,25.0,4,25.0,-3719.5768049210055,-3505.3000000000056,0,0.0,0.0,0.0,11.0,23.5,0.0
BDL,COCHINSHIP,1e-12,6.5688583e-07,0.00051259739,6.3743849,50000.0,False,,,4,-3153.8194568749664,-2939.4999999999663,25.0,4,25.0,-3153.8194568749664,-2939.4999999999663,0,0.0,0.0,0.0,11.0,23.5,0.5
BDL,COCHINSHIP,1e-12,6.5688583e-07,0.00051259739,6.3743849,50000.0,False,,,4,-2989.4256761699817,-2774.999999999982,25.0,4,25.0,-2989.4256761699817,-2774.999999999982,0,0.0,0.0,0.0,11.0,23.5,1.0
BDL,COCHINSHIP,1e-12,6.5688583e-07,0.00051259739,6.3743849,50000.0,False,,,4,-3719.5768049210055,-3505.3000000000056,25.0,4,25.0,-3719.5768049210055,-3505.3000000000056,0,0.0,0.0,0.0,11.0,24.0,0.0
BDL,COCHINSHIP,1e-12,6.5688583e-07,0.00051259739,6.3743849,50000.0,False,,,4,-3153.8194568749664,-2939.4999999999663,25.0,4,25.0,-3153.8194568749664,-2939.4999999999663,0,0.0,0.0,0.0,11.0,24.0,0.5
BDL,COCHINSHIP,1e-12,6.5688583e-07,0.00051259739,6.3743849,50000.0,False,,,4,-2989.4256761699817,-2774.999999999982,25.0,4,25.0,-2989.4256761699817,-2774.999999999982,0,0.0,0.0,0.0,11.0,24.0,1.0
BDL,COCHINSHIP,1e-12,6.5688583e-07,0.00051259739,6.3743849,50000.0,False,,,4,-3719.5768049210055,-3505.3000000000056,25.0,4,25.0,-3719.5768049210055,-3505.3000000000056,0,0.0,0.0,0.0,11.0,24.5,0.0
BDL,COCHINSHIP,1e-12,6.5688583e-07,0.00051259739,6.3743849,50000.0,False,,,4,-3153.8194568749664,-2939.4999999999663,25.0,4,25.0,-3153.8194568749664,-2939.4999999999663,0,0.0,0.0,0.0,11.0,24.5,0.5
BDL,COCHINSHIP,1e-12,6.5688583e-07,0.00051259739,6.3743849,50000.0,False,,,4,-2989.4256761699817,-2774.999999999982,25.0,4,25.0,-2989.4256761699817,-2774.999999999982,0,0.0,0.0,0.0,11.0,24.5,1.0
BDL,COCHINSHIP,1e-12,6.5688583e-07,0.00051259739,6.3743849,50000.0,False,,,4,-3719.5768049210055,-3505.3000000000056,25.0,4,25.0,-3719.5768049210055,-3505.3000000000056,0,0.0,0.0,0.0,11.0,25.0,0.0
BDL,COCHINSHIP,1e-12,6.5688583e-07,0.00051259739,6.3743849,50000.0,False,,,4,-3153.8194568749664,-2939.4999999999663,25.0,4,25.0,-3153.8194568749664,-2939.4999999999663,0,0.0,0.0,0.0,11.0,25.0,0.5
BDL,COCHINSHIP,1e-12,6.5688583e-07,0.00051259739,6.3743849,50000.0,False,,,4,-2989.4256761699817,-2774.999999999982,25.0,4,25.0,-2989.4256761699817,-2774.999999999982,0,0.0,0.0,0.0,11.0,25.0,1.0
BDL,COCHINSHIP,1e-12,6.5688583e-07,0.00051259739,6.3743849,50000.0,False,,,4,-3719.5768049210055,-3505.3000000000056,25.0,4,25.0,-3719.5768049210055,-3505.3000000000056,0,0.0,0.0,0.0,11.0,25.5,0.0
BDL,COCHINSHIP,1e-12,6.5688583e-07,0.00051259739,6.3743849,50000.0,False,,,4,-3153.8194568749664,-2939.4999999999663,25.0,4,25.0,-3153.8194568749664,-2939.4999999999663,0,0.0,0.0,0.0,11.0,25.5,0.5
BDL,COCHINSHIP,1e-12,6.5688583e-07,0.00051259739,6.3743849,50000.0,False,,,4,-2989.4256761699817,-2774.999999999982,25.0,4,25.0,-2989.4256761699817,-2774.999999999982,0,0.0,0.0,0.0,11.0,25.5,1.0
BDL,COCHINSHIP,1e-12,6.5688583e-07,0.00051259739,6.3743849,50000.0,False,,,4,-3719.5768049210055,-3505.3000000000056,25.0,4,25.0,-3719.5768049210055,-3505.3000000000056,0,0.0,0.0,0.0,11.0,26.0,0.0
BDL,COCHINSHIP,1e-12,6.5688583e-07,0.00051259739,6.3743849,50000.0,False,,,4,-3153.8194568749664,-2939.4999999999663,25.0,4,25.0,-3153.8194568749664,-2939.4999999999663,0,0.0,0.0,0.0,11.0,26.0,0.5
BDL,COCHINSHIP,1e-12,6.5688583e-07,0.00051259739,6.3743849,50000.0,False,,,4,-2989.4256761699817,-2774.999999999982,25.0,4,25.0,-2989.4256761699817,-2774.999999999982,0,0.0,0.0,0.0,11.0,26.0,1.0
BDL,COCHINSHIP,1e-12,6.5688583e-07,0.00051259739,6.3743849,50000.0,False,,,4,-3719.5768049210055,-3505.3000000000056,25.0,4,25.0,-3719.5768049210055,-3505.3000000000056,0,0.0,0.0,0.0,11.0,26.5,0.0
BDL,COCHINSHIP,1e-12,6.5688583e-07,0.00051259739,6.3743849,50000.0,False,,,4,-3153.8194568749664,-2939.4999999999663,25.0,4,25.0,-3153.8194568749664,-2939.4999999999663,0,0.0,0.0,0.0,11.0,26.5,0.5
BDL,COCHINSHIP,1e-12,6.5688583e-07,0.00051259739,6.3743849,50000.0,False,,,4,-2989.4256761699817,-2774.999999999982,25.0,4,25.0,-2989.4256761699817,-2774.999999999982,0,0.0,0.0,0.0,11.0,26.5,1.0
BDL,COCHINSHIP,1e-12,6.5688583e-07,0.00051259739,6.3743849,50000.0,False,,,4,-3719.5768049210055,-3505.3000000000056,25.0,4,25.0,-3719.5768049210055,-3505.3000000000056,0,0.0,0.0,0.0,11.0,27.0,0.0
BDL,COCHINSHIP,1e-12,6.5688583e-07,0.00051259739,6.3743849,50000.0,False,,,4,-3153.8194568749664,-2939.4999999999663,25.0,4,25.0,-3153.8194568749664,-2939.4999999999663,0,0.0,0.0,0.0,11.0,27.0,0.5
BDL,COCHINSHIP,1e-12,6.5688583e-07,0.00051259739,6.3743849,50000.0,False,,,4,-2989.4256761699817,-2774.999999999982,25.0,4,25.0,-2989.4256761699817,-2774.999999999982,0,0.0,0.0,0.0,11.0,27.0,1.0
BDL,COCHINSHIP,1e-12,6.5688583e-07,0.00051259739,6.3743849,50000.0,False,,,4,-3719.5768049210055,-3505.3000000000056,25.0,4,25.0,-3719.5768049210055,-3505.3000000000056,0,0.0,0.0,0.0,11.0,27.5,0.0
BDL,COCHINSHIP,1e-12,6.5688583e-07,0.00051259739,6.3743849,50000.0,False,,,4,-3153.8194568749664,-2939.4999999999663,25.0,4,25.0,-3153.8194568749664,-2939.4999999999663,0,0.0,0.0,0.0,11.0,27.5,0.5
BDL,COCHINSHIP,1e-12,6.5688583e-07,0.00051259739,6.3743849,50000.0,False,,,4,-2989.4256761699817,-2774.999999999982,25.0,4,25.0,-2989.4256761699817,-2774.999999999982,0,0.0,0.0,0.0,11.0,27.5,1.0
BDL,COCHINSHIP,1e-12,6.5688583e-07,0.00051259739,6.3743849,50000.0,False,,,4,-3719.5768049210055,-3505.3000000000056,25.0,4,25.0,-3719.5768049210055,-3505.3000000000056,0,0.0,0.0,0.0,11.0,28.0,0.0
BDL,COCHINSHIP,1e-12,6.5688583e-07,0.00051259739,6.3743849,50000.0,False,,,4,-3153.8194568749664,-2939.4999999999663,25.0,4,25.0,-3153.8194568749664,-2939.4999999999663,0,0.0,0.0,0.0,11.0,28.0,0.5
BDL,COCHINSHIP,1e-12,6.5688583e-07,0.00051259739,6.3743849,50000.0,False,,,4,-2989.4256761699817,-2774.999999999982,25.0,4,25.0,-2989.4256761699817,-2774.999999999982,0,0.0,0.0,0.0,11.0,28.0,1.0
BDL,COCHINSHIP,1e-12,6.5688583e-07,0.00051259739,6.3743849,50000.0,False,,,4,-3719.5768049210055,-3505.3000000000056,25.0,4,25.0,-3719.5768049210055,-3505.3000000000056,0,0.0,0.0,0.0,11.0,28.5,0.0
BDL,COCHINSHIP,1e-12,6.5688583e-07,0.00051259739,6.3743849,50000.0,False,,,4,-3153.8194568749664,-2939.4999999999663,25.0,4,25.0,-3153.8194568749664,-2939.4999999999663,0,0.0,0.0,0.0,11.0,28.5,0.5
BDL,COCHINSHIP,1e-12,6.5688583e-07,0.00051259739,6.3743849,50000.0,False,,,4,-2989.4256761699817,-2774.999999999982,25.0,4,25.0,-2989.4256761699817,-2774.999999999982,0,0.0,0.0,0.0,11.0,28.5,1.0
BDL,COCHINSHIP,1e-12,6.5688583e-07,0.00051259739,6.3743849,50000.0,False,,,4,-3719.5768049210055,-3505.3000000000056,25.0,4,25.0,-3719.5768049210055,-3505.3000000000056,0,0.0,0.0,0.0,11.0,29.0,0.0
BDL,COCHINSHIP,1e-12,6.5688583e-07,0.00051259739,6.3743849,50000.0,False,,,4,-3153.8194568749664,-2939.4999999999663,25.0,4,25.0,-3153.8194568749664,-2939.4999999999663,0,0.0,0.0,0.0,11.0,29.0,0.5
BDL,COCHINSHIP,1e-12,6.5688583e-07,0.00051259739,6.3743849,50000.0,False,,,4,-2989.4256761699817,-2774.999999999982,25.0,4,25.0,-2989.4256761699817,-2774.999999999982,0,0.0,0.0,0.0,11.0,29.0,1.0
BDL,COCHINSHIP,1e-12,6.5688583e-07,0.00051259739,6.3743849,50000.0,False,,,4,-3719.5768049210055,-3505.3000000000056,25.0,4,25.0,-3719.5768049210055,-3505.3000000000056,0,0.0,0.0,0.0,11.0,29.5,0.0
BDL,COCHINSHIP,1e-12,6.5688583e-07,0.00051259739,6.3743849,50000.0,False,,,4,-3153.8194568749664,-2939.4999999999663,25.0,4,25.0,-3153.8194568749664,-2939.4999999999663,0,0.0,0.0,0.0,11.0,29.5,0.5
BDL,COCHINSHIP,1e-12,6.5688583e-07,0.00051259739,6.3743849,50000.0,False,,,4,-2989.4256761699817,-2774.999999999982,25.0,4,25.0,-2989.4256761699817,-2774.999999999982,0,0.0,0.0,0.0,11.0,29.5,1.0
BDL,COCHINSHIP,1e-12,6.5688583e-07,0.00051259739,6.3743849,50000.0,False,,,4,-3719.5768049210055,-3505.3000000000056,25.0,4,25.0,-3719.5768049210055,-3505.3000000000056,0,0.0,0.0,0.0,11.0,30.0,0.0
BDL,COCHINSHIP,1e-12,6.5688583e-07,0.00051259739,6.3743849,50000.0,False,,,4,-3153.8194568749664,-2939.4999999999663,25.0,4,25.0,-3153.8194568749664,-2939.4999999999663,0,0.0,0.0,0.0,11.0,30.0,0.5
BDL,COCHINSHIP,1e-12,6.5688583e-07,0.00051259739,6.3743849,50000.0,False,,,4,-2989.4256761699817,-2774.999999999982,25.0,4,25.0,-2989.4256761699817,-2774.999999999982,0,0.0,0.0,0.0,11.0,30.0,1.0
BDL,COCHINSHIP,1e-12,6.5688583e-07,0.00051259739,6.3743849,50000.0,False,,,2,-2939.69929254097,-2831.29999999997,0.0,2,0.0,-2939.69929254097,-2831.29999999997,0,0.0,0.0,0.0,11.5,12.0,0.0
BDL,COCHINSHIP,1e-12,6.5688583e-07,0.00051259739,6.3743849,50000.0,False,,,2,-2695.334284158982,-2587.099999999982,0.0,2,0.0,-2695.334284158982,-2587.099999999982,0,0.0,0.0,0.0,11.5,12.0,0.5
BDL,COCHINSHIP,1e-12,6.5688583e-07,0.00051259739,6.3743849,50000.0,False,,,2,-2695.334284158982,-2587.099999999982,0.0,2,0.0,-2695.334284158982,-2587.099999999982,0,0.0,0.0,0.0,11.5,12.0,1.0
BDL,COCHINSHIP,1e-12,6.5688583e-07,0.00051259739,6.3743849,50000.0,False,,,2,-2939.69929254097,-2831.29999999997,0.0,2,0.0,-2939.69929254097,-2831.29999999997,0,0.0,0.0,0.0,11.5,12.5,0.0
BDL,COCHINSHIP,1e-12,6.5688583e-07,0.00051259739,6.3743849,50000.0,False,,,2,-2695.334284158982,-2587.099999999982,0.0,2,0.0,-2695.334284158982,-2587.099999999982,0,0.0,0.0,0.0,11.5,12.5,0.5
BDL,COCHINSHIP,1e-12,6.5688583e-07,0.00051259739,6.3743849,50000.0,False,,,2,-2695.334284158982,-2587.099999999982,0.0,2,0.0,-2695.334284158982,-2587.099999999982,0,0.0,0.0,0.0,11.5,12.5,1.0
BDL,COCHINSHIP,1e-12,6.5688583e-07,0.00051259739,6.3743849,50000.0,False,,,2,-2939.69929254097,-2831.29999999997,0.0,2,0.0,-2939.69929254097,-2831.29999999997,0,0.0,0.0,0.0,11.5,13.0,0.0
BDL,COCHINSHIP,1e-12,6.5688583e-07,0.00051259739,6.3743849,50000.0,False,,,2,-2695.334284158982,-2587.099999999982,0.0,2,0.0,-2695.334284158982,-2587.099999999982,0,0.0,0.0,0.0,11.5,13.0,0.5
BDL,COCHINSHIP,1e-12,6.5688583e-07,0.00051259739,6.3743849,50000.0,False,,,2,-2695.334284158982,-2587.099999999982,0.0,2,0.0,-2695.334284158982,-2587.099999999982,0,0.0,0.0,0.0,11.5,13.0,1.0
BDL,COCHINSHIP,1e-12,6.5688583e-07,0.00051259739,6.3743849,50000.0,False,,,2,-2939.69929254097,-2831.29999999997,0.0,2,0.0,-2939.69929254097,-2831.29999999997,0,0.0,0.0,0.0,11.5,13.5,0.0
BDL,COCHINSHIP,1e-12,6.5688583e-07,0.00051259739,6.3743849,50000.0,False,,,2,-2695.334284158982,-2587.099999999982,0.0,2,0.0,-2695.334284158982,-2587.099999999982,0,0.0,0.0,0.0,11.5,13.5,0.5
BDL,COCHINSHIP,1e-12,6.5688583e-07,0.00051259739,6.3743849,50000.0,False,,,2,-2695.334284158982,-2587.099999999982,0.0,2,0.0,-2695.334284158982,-2587.099999999982,0,0.0,0.0,0.0,11.5,13.5,1.0
BDL,COCHINSHIP,1e-12,6.5688583e-07,0.00051259739,6.3743849,50000.0,False,,,2,-2939.69929254097,-2831.29999999997,0.0,2,0.0,-2939.69929254097,-2831.29999999997,0,0.0,0.0,0.0,11.5,14.0,0.0
BDL,COCHINSHIP,1e-12,6.5688583e-07,0.00051259739,6.3743849,50000.0,False,,,2,-2695.334284158982,-2587.099999999982,0.0,2,0.0,-2695.334284158982,-2587.099999999982,0,0.0,0.0,0.0,11.5,14.0,0.5
BDL,COCHINSHIP,1e-12,6.5688583e-07,0.00051259739,6.3743849,50000.0,False,,,2,-2695.334284158982,-2587.099999999982,0.0,2,0.0,-2695.334284158982,-2587.099999999982,0,0.0,0.0,0.0,11.5,14.0,1.0
BDL,COCHINSHIP,1e-12,6.5688583e-07,0.00051259739,6.3743849,50000.0,False,,,2,-2939.69929254097,-2831.29999999997,0.0,2,0.0,-2939.69929254097,-2831.29999999997,0,0.0,0.0,0.0,11.5,14.5,0.0
BDL,COCHINSHIP,1e-12,6.5688583e-07,0.00051259739,6.3743849,50000.0,False,,,2,-2695.334284158982,-2587.099999999982,0.0,2,0.0,-2695.334284158982,-2587.099999999982,0,0.0,0.0,0.0,11.5,14.5,0.5
BDL,COCHINSHIP,1e-12,6.5688583e-07,0.00051259739,6.3743849,50000.0,False,,,2,-2695.334284158982,-2587.099999999982,0.0,2,0.0,-2695.334284158982,-2587.099999999982,0,0.0,0.0,0.0,11.5,14.5,1.0
BDL,COCHINSHIP,1e-12,6.5688583e-07,0.00051259739,6.3743849,50000.0,False,,,2,-2939.69929254097,-2831.29999999997,0.0,2,0.0,-2939.69929254097,-2831.29999999997,0,0.0,0.0,0.0,11.5,15.0,0.0
BDL,COCHINSHIP,1e-12,6.5688583e-07,0.00051259739,6.3743849,50000.0,False,,,2,-2695.334284158982,-2587.099999999982,0.0,2,0.0,-2695.334284158982,-2587.099999999982,0,0.0,0.0,0.0,11.5,15.0,0.5
BDL,COCHINSHIP,1e-12,6.5688583e-07,0.00051259739,6.3743849,50000.0,False,,,2,-2695.334284158982,-2587.099999999982,0.0,2,0.0,-2695.334284158982,-2587.099999999982,0,0.0,0.0,0.0,11.5,15.0,1.0
BDL,COCHINSHIP,1e-12,6.5688583e-07,0.00051259739,6.3743849,50000.0,False,,,2,-2939.69929254097,-2831.29999999997,0.0,2,0.0,-2939.69929254097,-2831.29999999997,0,0.0,0.0,0.0,11.5,15.5,0.0
BDL,COCHINSHIP,1e-12,6.5688583e-07,0.00051259739,6.3743849,50000.0,False,,,2,-2695.334284158982,-2587.099999999982,0.0,2,0.0,-2695.334284158982,-2587.099999999982,0,0.0,0.0,0.0,11.5,15.5,0.5
BDL,COCHINSHIP,1e-12,6.5688583e-07,0.00051259739,6.3743849,50000.0,False,,,2,-2695.334284158982,-2587.099999999982,0.0,2,0.0,-2695.334284158982,-2587.099999999982,0,0.0,0.0,0.0,11.5,15.5,1.0
BDL,COCHINSHIP,1e-12,6.5688583e-07,0.00051259739,6.3743849,50000.0,False,,,2,-2939.69929254097,-2831.29999999997,0.0,2,0.0,-2939.69929254097,-2831.29999999997,0,0.0,0.0,0.0,11.5,16.0,0.0
BDL,COCHINSHIP,1e-12,6.5688583e-07,0.00051259739,6.3743849,50000.0,False,,,2,-2695.334284158982,-2587.099999999982,0.0,2,0.0,-2695.334284158982,-2587.099999999982,0,0.0,0.0,0.0,11.5,16.0,0.5
BDL,COCHINSHIP,1e-12,6.5688583e-07,0.00051259739,6.3743849,50000.0,False,,,2,-2695.334284158982,-2587.099999999982,0.0,2,0.0,-2695.334284158982,-2587.099999999982,0,0.0,0.0,0.0,11.5,16.0,1.0
BDL,COCHINSHIP,1e-12,6.5688583e-07,0.00051259739,6.3743849,50000.0,False,,,2,-2939.69929254097,-2831.29999999997,0.0,2,0.0,-2939.69929254097,-2831.29999999997,0,0.0,0.0,0.0,11.5,16.5,0.0
BDL,COCHINSHIP,1e-12,6.5688583e-07,0.00051259739,6.3743849,50000.0,False,,,2,-2695.334284158982,-2587.099999999982,0.0,2,0.0,-2695.334284158982,-2587.099999999982,0,0.0,0.0,0.0,11.5,16.5,0.5
BDL,COCHINSHIP,1e-12,6.5688583e-07,0.00051259739,6.3743849,50000.0,False,,,2,-2695.334284158982,-2587.099999999982,0.0,2,0.0,-2695.334284158982,-2587.099999999982,0,0.0,0.0,0.0,11.5,16.5,1.0
BDL,COCHINSHIP,1e-12,6.5688583e-07,0.00051259739,6.3743849,50000.0,False,,,2,-2939.69929254097,-2831.29999999997,0.0,2,0.0,-2939.69929254097,-2831.29999999997,0,0.0,0.0,0.0,11.5,17.0,0.0
BDL,COCHINSHIP,1e-12,6.5688583e-07,0.00051259739,6.3743849,50000.0,False,,,2,-2695.334284158982,-2587.099999999982,0.0,2,0.0,-2695.334284158982,-2587.099999999982,0,0.0,0.0,0.0,11.5,17.0,0.5
BDL,COCHINSHIP,1e-12,6.5688583e-07,0.00051259739,6.3743849,50000.0,False,,,2,-2695.334284158982,-2587.099999999982,0.0,2,0.0,-2695.334284158982,-2587.099999999982,0,0.0,0.0,0.0,11.5,17.0,1.0
BDL,COCHINSHIP,1e-12,6.5688583e-07,0.00051259739,6.3743849,50000.0,False,,,2,-2939.69929254097,-2831.29999999997,0.0,2,0.0,-2939.69929254097,-2831.29999999997,0,0.0,0.0,0.0,11.5,17.5,0.0
BDL,COCHINSHIP,1e-12,6.5688583e-07,0.00051259739,6.3743849,50000.0,False,,,2,-2695.334284158982,-2587.099999999982,0.0,2,0.0,-2695.334284158982,-2587.099999999982,0,0.0,0.0,0.0,11.5,17.5,0.5
BDL,COCHINSHIP,1e-12,6.5688583e-07,0.00051259739,6.3743849,50000.0,False,,,2,-2695.334284158982,-2587.099999999982,0.0,2,0.0,-2695.334284158982,-2587.099999999982,0,0.0,0.0,0.0,11.5,17.5,1.0
BDL,COCHINSHIP,1e-12,6.5688583e-07,0.00051259739,6.3743849,50000.0,False,,,2,-2939.69929254097,-2831.29999999997,0.0,2,0.0,-2939.69929254097,-2831.29999999997,0,0.0,0.0,0.0,11.5,18.0,0.0
BDL,COCHINSHIP,1e-12,6.5688583e-07,0.00051259739,6.3743849,50000.0,False,,,2,-2695.334284158982,-2587.099999999982,0.0,2,0.0,-2695.334284158982,-2587.099999999982,0,0.0,0.0,0.0,11.5,18.0,0.5
BDL,COCHINSHIP,1e-12,6.5688583e-07,0.00051259739,6.3743849,50000.0,False,,,2,-2695.334284158982,-2587.099999999982,0.0,2,0.0,-2695.334284158982,-2587.099999999982,0,0.0,0.0,0.0,11.5,18.0,1.0
BDL,COCHINSHIP,1e-12,6.5688583e-07,0.00051259739,6.3743849,50000.0,False,,,2,-2939.69929254097,-2831.29999999997,0.0,2,0.0,-2939.69929254097,-2831.29999999997,0,0.0,0.0,0.0,11.5,18.5,0.0
BDL,COCHINSHIP,1e-12,6.5688583e-07,0.00051259739,6.3743849,50000.0,False,,,2,-2695.334284158982,-2587.099999999982,0.0,2,0.0,-2695.334284158982,-2587.099999999982,0,0.0,0.0,0.0,11.5,18.5,0.5
BDL,COCHINSHIP,1e-12,6.5688583e-07,0.00051259739,6.3743849,50000.0,False,,,2,-2695.334284158982,-2587.099999999982,0.0,2,0.0,-2695.334284158982,-2587.099999999982,0,0.0,0.0,0.0,11.5,18.5,1.0
BDL,COCHINSHIP,1e-12,6.5688583e-07,0.00051259739,6.3743849,50000.0,False,,,2,-2939.69929254097,-2831.29999999997,0.0,2,0.0,-2939.69929254097,-2831.29999999997,0,0.0,0.0,0.0,11.5,19.0,0.0
BDL,COCHINSHIP,1e-12,6.5688583e-07,0.00051259739,6.3743849,50000.0,False,,,2,-2695.334284158982,-2587.099999999982,0.0,2,0.0,-2695.334284158982,-2587.099999999982,0,0.0,0.0,0.0,11.5,19.0,0.5
BDL,COCHINSHIP,1e-12,6.5688583e-07,0.00051259739,6.3743849,50000.0,False,,,2,-2695.334284158982,-2587.099999999982,0.0,2,0.0,-2695.334284158982,-2587.099999999982,0,0.0,0.0,0.0,11.5,19.0,1.0
BDL,COCHINSHIP,1e-12,6.5688583e-07,0.00051259739,6.3743849,50000.0,False,,,2,-3540.9108334049906,-3432.8999999999905,0.0,2,0.0,-3540.9108334049906,-3432.8999999999905,0,0.0,0.0,0.0,11.5,19.5,0.0
BDL,COCHINSHIP,1e-12,6.5688583e-07,0.00051259739,6.3743849,50000.0,False,,,2,-3152.638807262995,-3044.6999999999953,0.0,2,0.0,-3152.638807262995,-3044.6999999999953,0,0.0,0.0,0.0,11.5,19.5,0.5
BDL,COCHINSHIP,1e-12,6.5688583e-07,0.00051259739,6.3743849,50000.0,False,,,2,-3111.0656687989895,-3003.0999999999894,0.0,2,0.0,-3111.0656687989895,-3003.0999999999894,0,0.0,0.0,0.0,11.5,19.5,1.0
BDL,COCHINSHIP,1e-12,6.5688583e-07,0.00051259739,6.3743849,50000.0,False,,,2,-3540.9108334049906,-3432.8999999999905,0.0,2,0.0,-3540.9108334049906,-3432.8999999999905,0,0.0,0.0,0.0,11.5,20.0,0.0
BDL,COCHINSHIP,1e-12,6.5688583e-07,0.00051259739,6.3743849,50000.0,False,,,2,-3152.638807262995,-3044.6999999999953,0.0,2,0.0,-3152.638807262995,-3044.6999999999953,0,0.0,0.0,0.0,11.5,20.0,0.5
BDL,COCHINSHIP,1e-12,6.5688583e-07,0.00051259739,6.3743849,50000.0,False,,,2,-3111.0656687989895,-3003.0999999999894,0.0,2,0.0,-3111.0656687989895,-3003.0999999999894,0,0.0,0.0,0.0,11.5,20.0,1.0
BDL,COCHINSHIP,1e-12,6.5688583e-07,0.00051259739,6.3743849,50000.0,False,,,2,-3540.9108334049906,-3432.8999999999905,0.0,2,0.0,-3540.9108334049906,-3432.8999999999905,0,0.0,0.0,0.0,11.5,20.5,0.0
BDL,COCHINSHIP,1e-12,6.5688583e-07,0.00051259739,6.3743849,50000.0,False,,,2,-3152.638807262995,-3044.6999999999953,0.0,2,0.0,-3152.638807262995,-3044.6999999999953,0,0.0,0.0,0.0,11.5,20.5,0.5
BDL,COCHINSHIP,1e-12,6.5688583e-07,0.00051259739,6.3743849,50000.0,False,,,2,-3111.0656687989895,-3003.0999999999894,0.0,2,0.0,-3111.0656687989895,-3003.0999999999894,0,0.0,0.0,0.0,11.5,20.5,1.0
BDL,COCHINSHIP,1e-12,6.5688583e-07,0.00051259739,6.3743849,50000.0,False,,,2,-3540.9108334049906,-3432.8999999999905,0.0,2,0.0,-3540.9108334049906,-3432.8999999999905,0,0.0,0.0,0.0,11.5,21.0,0.0
BDL,COCHINSHIP,1e-12,6.5688583e-07,0.00051259739,6.3743849,50000.0,False,,,2,-3152.638807262995,-3044.6999999999953,0.0,2,0.0,-3152.638807262995,-3044.6999999999953,0,0.0,0.0,0.0,11.5,21.0,0.5
BDL,COCHINSHIP,1e-12,6.5688583e-07,0.00051259739,6.3743849,50000.0,False,,,2,-3111.0656687989895,-3003.0999999999894,0.0,2,0.0,-3111.0656687989895,-3003.0999999999894,0,0.0,0.0,0.0,11.5,21.0,1.0
BDL,COCHINSHIP,1e-12,6.5688583e-07,0.00051259739,6.3743849,50000.0,False,,,2,-3540.9108334049906,-3432.8999999999905,0.0,2,0.0,-3540.9108334049906,-3432.8999999999905,0,0.0,0.0,0.0,11.5,21.5,0.0
BDL,COCHINSHIP,1e-12,6.5688583e-07,0.00051259739,6.3743849,50000.0,False,,,2,-3152.638807262995,-3044.6999999999953,0.0,2,0.0,-3152.638807262995,-3044.6999999999953,0,0.0,0.0,0.0,11.5,21.5,0.5
BDL,COCHINSHIP,1e-12,6.5688583e-07,0.00051259739,6.3743849,50000.0,False,,,2,-3111.0656687989895,-3003.0999999999894,0.0,2,0.0,-3111.0656687989895,-3003.0999999999894,0,0.0,0.0,0.0,11.5,21.5,1.0
BDL,COCHINSHIP,1e-12,6.5688583e-07,0.00051259739,6.3743849,50000.0,False,,,2,-3540.9108334049906,-3432.8999999999905,0.0,2,0.0,-3540.9108334049906,-3432.8999999999905,0,0.0,0.0,0.0,11.5,22.0,0.0
BDL,COCHINSHIP,1e-12,6.5688583e-07,0.00051259739,6.3743849,50000.0,False,,,2,-3152.638807262995,-3044.6999999999953,0.0,2,0.0,-3152.638807262995,-3044.6999999999953,0,0.0,0.0,0.0,11.5,22.0,0.5
BDL,COCHINSHIP,1e-12,6.5688583e-07,0.00051259739,6.3743849,50000.0,False,,,2,-3111.0656687989895,-3003.0999999999894,0.0,2,0.0,-3111.0656687989895,-3003.0999999999894,0,0.0,0.0,0.0,11.5,22.0,1.0
BDL,COCHINSHIP,1e-12,6.5688583e-07,0.00051259739,6.3743849,50000.0,False,,,2,-3540.9108334049906,-3432.8999999999905,0.0,2,0.0,-3540.9108334049906,-3432.8999999999905,0,0.0,0.0,0.0,11.5,22.5,0.0
BDL,COCHINSHIP,1e-12,6.5688583e-07,0.00051259739,6.3743849,50000.0,False,,,2,-3152.638807262995,-3044.6999999999953,0.0,2,0.0,-3152.638807262995,-3044.6999999999953,0,0.0,0.0,0.0,11.5,22.5,0.5
BDL,COCHINSHIP,1e-12,6.5688583e-07,0.00051259739,6.3743849,50000.0,False,,,2,-3111.0656687989895,-3003.0999999999894,0.0,2,0.0,-3111.0656687989895,-3003.0999999999894,0,0.0,0.0,0.0,11.5,22.5,1.0
BDL,COCHINSHIP,1e-12,6.5688583e-07,0.00051259739,6.3743849,50000.0,False,,,2,-3540.9108334049906,-3432.8999999999905,0.0,2,0.0,-3540.9108334049906,-3432.8999999999905,0,0.0,0.0,0.0,11.5,23.0,0.0
BDL,COCHINSHIP,1e-12,6.5688583e-07,0.00051259739,6.3743849,50000.0,False,,,2,-3152.638807262995,-3044.6999999999953,0.0,2,0.0,-3152.638807262995,-3044.6999999999953,0,0.0,0.0,0.0,11.5,23.0,0.5
BDL,COCHINSHIP,1e-12,6.5688583e-07,0.00051259739,6.3743849,50000.0,False,,,2,-3111.0656687989895,-3003.0999999999894,0.0,2,0.0,-3111.0656687989895,-3003.0999999999894,0,0.0,0.0,0.0,11.5,23.0,1.0
BDL,COCHINSHIP,1e-12,6.5688583e-07,0.00051259739,6.3743849,50000.0,False,,,2,-3540.9108334049906,-3432.8999999999905,0.0,2,0.0,-3540.9108334049906,-3432.8999999999905,0,0.0,0.0,0.0,11.5,23.5,0.0
BDL,COCHINSHIP,1e-12,6.5688583e-07,0.00051259739,6.3743849,50000.0,False,,,2,-3152.638807262995,-3044.6999999999953,0.0,2,0.0,-3152.638807262995,-3044.6999999999953,0,0.0,0.0,0.0,11.5,23.5,0.5
BDL,COCHINSHIP,1e-12,6.5688583e-07,0.00051259739,6.3743849,50000.0,False,,,2,-3111.0656687989895,-3003.0999999999894,0.0,2,0.0,-3111.0656687989895,-3003.0999999999894,0,0.0,0.0,0.0,11.5,23.5,1.0
BDL,COCHINSHIP,1e-12,6.5688583e-07,0.00051259739,6.3743849,50000.0,False,,,2,-3540.9108334049906,-3432.8999999999905,0.0,2,0.0,-3540.9108334049906,-3432.8999999999905,0,0.0,0.0,0.0,11.5,24.0,0.0
BDL,COCHINSHIP,1e-12,6.5688583e-07,0.00051259739,6.3743849,50000.0,False,,,2,-3152.638807262995,-3044.6999999999953,0.0,2,0.0,-3152.638807262995,-3044.6999999999953,0,0.0,0.0,0.0,11.5,24.0,0.5
BDL,COCHINSHIP,1e-12,6.5688583e-07,0.00051259739,6.3743849,50000.0,False,,,2,-3111.0656687989895,-3003.0999999999894,0.0,2,0.0,-3111.0656687989895,-3003.0999999999894,0,0.0,0.0,0.0,11.5,24.0,1.0
BDL,COCHINSHIP,1e-12,6.5688583e-07,0.00051259739,6.3743849,50000.0,False,,,2,-3540.9108334049906,-3432.8999999999905,0.0,2,0.0,-3540.9108334049906,-3432.8999999999905,0,0.0,0.0,0.0,11.5,24.5,0.0
BDL,COCHINSHIP,1e-12,6.5688583e-07,0.00051259739,6.3743849,50000.0,False,,,2,-3152.638807262995,-3044.6999999999953,0.0,2,0.0,-3152.638807262995,-3044.6999999999953,0,0.0,0.0,0.0,11.5,24.5,0.5
BDL,COCHINSHIP,1e-12,6.5688583e-07,0.00051259739,6.3743849,50000.0,False,,,2,-3111.0656687989895,-3003.0999999999894,0.0,2,0.0,-3111.0656687989895,-3003.0999999999894,0,0.0,0.0,0.0,11.5,24.5,1.0
BDL,COCHINSHIP,1e-12,6.5688583e-07,0.00051259739,6.3743849,50000.0,False,,,2,-3540.9108334049906,-3432.8999999999905,0.0,2,0.0,-3540.9108334049906,-3432.8999999999905,0,0.0,0.0,0.0,11.5,25.0,0.0
BDL,COCHINSHIP,1e-12,6.5688583e-07,0.00051259739,6.3743849,50000.0,False,,,2,-3152.638807262995,-3044.6999999999953,0.0,2,0.0,-3152.638807262995,-3044.6999999999953,0,0.0,0.0,0.0,11.5,25.0,0.5
BDL,COCHINSHIP,1e-12,6.5688583e-07,0.00051259739,6.3743849,50000.0,False,,,2,-3111.0656687989895,-3003.0999999999894,0.0,2,0.0,-3111.0656687989895,-3003.0999999999894,0,0.0,0.0,0.0,11.5,25.0,1.0
BDL,COCHINSHIP,1e-12,6.5688583e-07,0.00051259739,6.3743849,50000.0,False,,,2,-3540.9108334049906,-3432.8999999999905,0.0,2,0.0,-3540.9108334049906,-3432.8999999999905,0,0.0,0.0,0.0,11.5,25.5,0.0
BDL,COCHINSHIP,1e-12,6.5688583e-07,0.00051259739,6.3743849,50000.0,False,,,2,-3152.638807262995,-3044.6999999999953,0.0,2,0.0,-3152.638807262995,-3044.6999999999953,0,0.0,0.0,0.0,11.5,25.5,0.5
BDL,COCHINSHIP,1e-12,6.5688583e-07,0.00051259739,6.3743849,50000.0,False,,,2,-3111.0656687989895,-3003.0999999999894,0.0,2,0.0,-3111.0656687989895,-3003.0999999999894,0,0.0,0.0,0.0,11.5,25.5,1.0
BDL,COCHINSHIP,1e-12,6.5688583e-07,0.00051259739,6.3743849,50000.0,False,,,2,-3540.9108334049906,-3432.8999999999905,0.0,2,0.0,-3540.9108334049906,-3432.8999999999905,0,0.0,0.0,0.0,11.5,26.0,0.0
BDL,COCHINSHIP,1e-12,6.5688583e-07,0.00051259739,6.3743849,50000.0,False,,,2,-3152.638807262995,-3044.6999999999953,0.0,2,0.0,-3152.638807262995,-3044.6999999999953,0,0.0,0.0,0.0,11.5,26.0,0.5
BDL,COCHINSHIP,1e-12,6.5688583e-07,0.00051259739,6.3743849,50000.0,False,,,2,-3111.0656687989895,-3003.0999999999894,0.0,2,0.0,-3111.0656687989895,-3003.0999999999894,0,0.0,0.0,0.0,11.5,26.0,1.0
BDL,COCHINSHIP,1e-12,6.5688583e-07,0.00051259739,6.3743849,50000.0,False,,,2,-3540.9108334049906,-3432.8999999999905,0.0,2,0.0,-3540.9108334049906,-3432.8999999999905,0,0.0,0.0,0.0,11.5,26.5,0.0
BDL,COCHINSHIP,1e-12,6.5688583e-07,0.00051259739,6.3743849,50000.0,False,,,2,-3152.638807262995,-3044.6999999999953,0.0,2,0.0,-3152.638807262995,-3044.6999999999953,0,0.0,0.0,0.0,11.5,26.5,0.5
BDL,COCHINSHIP,1e-12,6.5688583e-07,0.00051259739,6.3743849,50000.0,False,,,2,-3111.0656687989895,-3003.0999999999894,0.0,2,0.0,-3111.0656687989895,-3003.0999999999894,0,0.0,0.0,0.0,11.5,26.5,1.0
BDL,COCHINSHIP,1e-12,6.5688583e-07,0.00051259739,6.3743849,50000.0,False,,,2,-3540.9108334049906,-3432.8999999999905,0.0,2,0.0,-3540.9108334049906,-3432.8999999999905,0,0.0,0.0,0.0,11.5,27.0,0.0
BDL,COCHINSHIP,1e-12,6.5688583e-07,0.00051259739,6.3743849,50000.0,False,,,2,-3152.638807262995,-3044.6999999999953,0.0,2,0.0,-3152.638807262995,-3044.6999999999953,0,0.0,0.0,0.0,11.5,27.0,0.5
BDL,COCHINSHIP,1e-12,6.5688583e-07,0.00051259739,6.3743849,50000.0,False,,,2,-3111.0656687989895,-3003.0999999999894,0.0,2,0.0,-3111.0656687989895,-3003.0999999999894,0,0.0,0.0,0.0,11.5,27.0,1.0
BDL,COCHINSHIP,1e-12,6.5688583e-07,0.00051259739,6.3743849,50000.0,False,,,2,-3540.9108334049906,-3432.8999999999905,0.0,2,0.0,-3540.9108334049906,-3432.8999999999905,0,0.0,0.0,0.0,11.5,27.5,0.0
BDL,COCHINSHIP,1e-12,6.5688583e-07,0.00051259739,6.3743849,50000.0,False,,,2,-3152.638807262995,-3044.6999999999953,0.0,2,0.0,-3152.638807262995,-3044.6999999999953,0,0.0,0.0,0.0,11.5,27.5,0.5
BDL,COCHINSHIP,1e-12,6.5688583e-07,0.00051259739,6.3743849,50000.0,False,,,2,-3111.0656687989895,-3003.0999999999894,0.0,2,0.0,-3111.0656687989895,-3003.0999999999894,0,0.0,0.0,0.0,11.5,27.5,1.0
BDL,COCHINSHIP,1e-12,6.5688583e-07,0.00051259739,6.3743849,50000.0,False,,,2,-3540.9108334049906,-3432.8999999999905,0.0,2,0.0,-3540.9108334049906,-3432.8999999999905,0,0.0,0.0,0.0,11.5,28.0,0.0
BDL,COCHINSHIP,1e-12,6.5688583e-07,0.00051259739,6.3743849,50000.0,False,,,2,-3152.638807262995,-3044.6999999999953,0.0,2,0.0,-3152.638807262995,-3044.6999999999953,0,0.0,0.0,0.0,11.5,28.0,0.5
BDL,COCHINSHIP,1e-12,6.5688583e-07,0.00051259739,6.3743849,50000.0,False,,,2,-3111.0656687989895,-3003.0999999999894,0.0,2,0.0,-3111.0656687989895,-3003.0999999999894,0,0.0,0.0,0.0,11.5,28.0,1.0
BDL,COCHINSHIP,1e-12,6.5688583e-07,0.00051259739,6.3743849,50000.0,False,,,2,-3540.9108334049906,-3432.8999999999905,0.0,2,0.0,-3540.9108334049906,-3432.8999999999905,0,0.0,0.0,0.0,11.5,28.5,0.0
BDL,COCHINSHIP,1e-12,6.5688583e-07,0.00051259739,6.3743849,50000.0,False,,,2,-3152.638807262995,-3044.6999999999953,0.0,2,0.0,-3152.638807262995,-3044.6999999999953,0,0.0,0.0,0.0,11.5,28.5,0.5
BDL,COCHINSHIP,1e-12,6.5688583e-07,0.00051259739,6.3743849,50000.0,False,,,2,-3111.0656687989895,-3003.0999999999894,0.0,2,0.0,-3111.0656687989895,-3003.0999999999894,0,0.0,0.0,0.0,11.5,28.5,1.0
BDL,COCHINSHIP,1e-12,6.5688583e-07,0.00051259739,6.3743849,50000.0,False,,,2,-3540.9108334049906,-3432.8999999999905,0.0,2,0.0,-3540.9108334049906,-3432.8999999999905,0,0.0,0.0,0.0,11.5,29.0,0.0
BDL,COCHINSHIP,1e-12,6.5688583e-07,0.00051259739,6.3743849,50000.0,False,,,2,-3152.638807262995,-3044.6999999999953,0.0,2,0.0,-3152.638807262995,-3044.6999999999953,0,0.0,0.0,0.0,11.5,29.0,0.5
BDL,COCHINSHIP,1e-12,6.5688583e-07,0.00051259739,6.3743849,50000.0,False,,,2,-3111.0656687989895,-3003.0999999999894,0.0,2,0.0,-3111.0656687989895,-3003.0999999999894,0,0.0,0.0,0.0,11.5,29.0,1.0
BDL,COCHINSHIP,1e-12,6.5688583e-07,0.00051259739,6.3743849,50000.0,False,,,2,-3540.9108334049906,-3432.8999999999905,0.0,2,0.0,-3540.9108334049906,-3432.8999999999905,0,0.0,0.0,0.0,11.5,29.5,0.0
BDL,COCHINSHIP,1e-12,6.5688583e-07,0.00051259739,6.3743849,50000.0,False,,,2,-3152.638807262995,-3044.6999999999953,0.0,2,0.0,-3152.638807262995,-3044.6999999999953,0,0.0,0.0,0.0,11.5,29.5,0.5
BDL,COCHINSHIP,1e-12,6.5688583e-07,0.00051259739,6.3743849,50000.0,False,,,2,-3111.0656687989895,-3003.0999999999894,0.0,2,0.0,-3111.0656687989895,-3003.0999999999894,0,0.0,0.0,0.0,11.5,29.5,1.0
BDL,COCHINSHIP,1e-12,6.5688583e-07,0.00051259739,6.3743849,50000.0,False,,,2,-3540.9108334049906,-3432.8999999999905,0.0,2,0.0,-3540.9108334049906,-3432.8999999999905,0,0.0,0.0,0.0,11.5,30.0,0.0
BDL,COCHINSHIP,1e-12,6.5688583e-07,0.00051259739,6.3743849,50000.0,False,,,2,-3152.638807262995,-3044.6999999999953,0.0,2,0.0,-3152.638807262995,-3044.6999999999953,0,0.0,0.0,0.0,11.5,30.0,0.5
BDL,COCHINSHIP,1e-12,6.5688583e-07,0.00051259739,6.3743849,50000.0,False,,,2,-3111.0656687989895,-3003.0999999999894,0.0,2,0.0,-3111.0656687989895,-3003.0999999999894,0,0.0,0.0,0.0,11.5,30.0,1.0
BDL,COCHINSHIP,1e-12,6.5688583e-07,0.00051259739,6.3743849,50000.0,False,,,2,-2939.69929254097,-2831.29999999997,0.0,2,0.0,-2939.69929254097,-2831.29999999997,0,0.0,0.0,0.0,12.0,12.5,0.0
BDL,COCHINSHIP,1e-12,6.5688583e-07,0.00051259739,6.3743849,50000.0,False,,,2,-2695.334284158982,-2587.099999999982,0.0,2,0.0,-2695.334284158982,-2587.099999999982,0,0.0,0.0,0.0,12.0,12.5,0.5
BDL,COCHINSHIP,1e-12,6.5688583e-07,0.00051259739,6.3743849,50000.0,False,,,2,-2695.334284158982,-2587.099999999982,0.0,2,0.0,-2695.334284158982,-2587.099999999982,0,0.0,0.0,0.0,12.0,12.5,1.0
BDL,COCHINSHIP,1e-12,6.5688583e-07,0.00051259739,6.3743849,50000.0,False,,,2,-2939.69929254097,-2831.29999999997,0.0,2,0.0,-2939.69929254097,-2831.29999999997,0,0.0,0.0,0.0,12.0,13.0,0.0
BDL,COCHINSHIP,1e-12,6.5688583e-07,0.00051259739,6.3743849,50000.0,False,,,2,-2695.334284158982,-2587.099999999982,0.0,2,0.0,-2695.334284158982,-2587.099999999982,0,0.0,0.0,0.0,12.0,13.0,0.5
BDL,COCHINSHIP,1e-12,6.5688583e-07,0.00051259739,6.3743849,50000.0,False,,,2,-2695.334284158982,-2587.099999999982,0.0,2,0.0,-2695.334284158982,-2587.099999999982,0,0.0,0.0,0.0,12.0,13.0,1.0
BDL,COCHINSHIP,1e-12,6.5688583e-07,0.00051259739,6.3743849,50000.0,False,,,2,-2939.69929254097,-2831.29999999997,0.0,2,0.0,-2939.69929254097,-2831.29999999997,0,0.0,0.0,0.0,12.0,13.5,0.0
BDL,COCHINSHIP,1e-12,6.5688583e-07,0.00051259739,6.3743849,50000.0,False,,,2,-2695.334284158982,-2587.099999999982,0.0,2,0.0,-2695.334284158982,-2587.099999999982,0,0.0,0.0,0.0,12.0,13.5,0.5
BDL,COCHINSHIP,1e-12,6.5688583e-07,0.00051259739,6.3743849,50000.0,False,,,2,-2695.334284158982,-2587.099999999982,0.0,2,0.0,-2695.334284158982,-2587.099999999982,0,0.0,0.0,0.0,12.0,13.5,1.0
BDL,COCHINSHIP,1e-12,6.5688583e-07,0.00051259739,6.3743849,50000.0,False,,,2,-2939.69929254097,-2831.29999999997,0.0,2,0.0,-2939.69929254097,-2831.29999999997,0,0.0,0.0,0.0,12.0,14.0,0.0
BDL,COCHINSHIP,1e-12,6.5688583e-07,0.00051259739,6.3743849,50000.0,False,,,2,-2695.334284158982,-2587.099999999982,0.0,2,0.0,-2695.334284158982,-2587.099999999982,0,0.0,0.0,0.0,12.0,14.0,0.5
BDL,COCHINSHIP,1e-12,6.5688583e-07,0.00051259739,6.3743849,50000.0,False,,,2,-2695.334284158982,-2587.099999999982,0.0,2,0.0,-2695.334284158982,-2587.099999999982,0,0.0,0.0,0.0,12.0,14.0,1.0
BDL,COCHINSHIP,1e-12,6.5688583e-07,0.00051259739,6.3743849,50000.0,False,,,2,-2939.69929254097,-2831.29999999997,0.0,2,0.0,-2939.69929254097,-2831.29999999997,0,0.0,0.0,0.0,12.0,14.5,0.0
BDL,COCHINSHIP,1e-12,6.5688583e-07,0.00051259739,6.3743849,50000.0,False,,,2,-2695.334284158982,-2587.099999999982,0.0,2,0.0,-2695.334284158982,-2587.099999999982,0,0.0,0.0,0.0,12.0,14.5,0.5
BDL,COCHINSHIP,1e-12,6.5688583e-07,0.00051259739,6.3743849,50000.0,False,,,2,-2695.334284158982,-2587.099999999982,0.0,2,0.0,-2695.334284158982,-2587.099999999982,0,0.0,0.0,0.0,12.0,14.5,1.0
BDL,COCHINSHIP,1e-12,6.5688583e-07,0.00051259739,6.3743849,50000.0,False,,,2,-2939.69929254097,-2831.29999999997,0.0,2,0.0,-2939.69929254097,-2831.29999999997,0,0.0,0.0,0.0,12.0,15.0,0.0
BDL,COCHINSHIP,1e-12,6.5688583e-07,0.00051259739,6.3743849,50000.0,False,,,2,-2695.334284158982,-2587.099999999982,0.0,2,0.0,-2695.334284158982,-2587.099999999982,0,0.0,0.0,0.0,12.0,15.0,0.5
BDL,COCHINSHIP,1e-12,6.5688583e-07,0.00051259739,6.3743849,50000.0,False,,,2,-2695.334284158982,-2587.099999999982,0.0,2,0.0,-2695.334284158982,-2587.099999999982,0,0.0,0.0,0.0,12.0,15.0,1.0
BDL,COCHINSHIP,1e-12,6.5688583e-07,0.00051259739,6.3743849,50000.0,False,,,2,-2939.69929254097,-2831.29999999997,0.0,2,0.0,-2939.69929254097,-2831.29999999997,0,0.0,0.0,0.0,12.0,15.5,0.0
BDL,COCHINSHIP,1e-12,6.5688583e-07,0.00051259739,6.3743849,50000.0,False,,,2,-2695.334284158982,-2587.099999999982,0.0,2,0.0,-2695.334284158982,-2587.099999999982,0,0.0,0.0,0.0,12.0,15.5,0.5
BDL,COCHINSHIP,1e-12,6.5688583e-07,0.00051259739,6.3743849,50000.0,False,,,2,-2695.334284158982,-2587.099999999982,0.0,2,0.0,-2695.334284158982,-2587.099999999982,0,0.0,0.0,0.0,12.0,15.5,1.0
BDL,COCHINSHIP,1e-12,6.5688583e-07,0.00051259739,6.3743849,50000.0,False,,,2,-2939.69929254097,-2831.29999999997,0.0,2,0.0,-2939.69929254097,-2831.29999999997,0,0.0,0.0,0.0,12.0,16.0,0.0
BDL,COCHINSHIP,1e-12,6.5688583e-07,0.00051259739,6.3743849,50000.0,False,,,2,-2695.334284158982,-2587.099999999982,0.0,2,0.0,-2695.334284158982,-2587.099999999982,0,0.0,0.0,0.0,12.0,16.0,0.5
BDL,COCHINSHIP,1e-12,6.5688583e-07,0.00051259739,6.3743849,50000.0,False,,,2,-2695.334284158982,-2587.099999999982,0.0,2,0.0,-2695.334284158982,-2587.099999999982,0,0.0,0.0,0.0,12.0,16.0,1.0
BDL,COCHINSHIP,1e-12,6.5688583e-07,0.00051259739,6.3743849,50000.0,False,,,2,-2939.69929254097,-2831.29999999997,0.0,2,0.0,-2939.69929254097,-2831.29999999997,0,0.0,0.0,0.0,12.0,16.5,0.0
BDL,COCHINSHIP,1e-12,6.5688583e-07,0.00051259739,6.3743849,50000.0,False,,,2,-2695.334284158982,-2587.099999999982,0.0,2,0.0,-2695.334284158982,-2587.099999999982,0,0.0,0.0,0.0,12.0,16.5,0.5
BDL,COCHINSHIP,1e-12,6.5688583e-07,0.00051259739,6.3743849,50000.0,False,,,2,-2695.334284158982,-2587.099999999982,0.0,2,0.0,-2695.334284158982,-2587.099999999982,0,0.0,0.0,0.0,12.0,16.5,1.0
BDL,COCHINSHIP,1e-12,6.5688583e-07,0.00051259739,6.3743849,50000.0,False,,,2,-2939.69929254097,-2831.29999999997,0.0,2,0.0,-2939.69929254097,-2831.29999999997,0,0.0,0.0,0.0,12.0,17.0,0.0
BDL,COCHINSHIP,1e-12,6.5688583e-07,0.00051259739,6.3743849,50000.0,False,,,2,-2695.334284158982,-2587.099999999982,0.0,2,0.0,-2695.334284158982,-2587.099999999982,0,0.0,0.0,0.0,12.0,17.0,0.5
BDL,COCHINSHIP,1e-12,6.5688583e-07,0.00051259739,6.3743849,50000.0,False,,,2,-2695.334284158982,-2587.099999999982,0.0,2,0.0,-2695.334284158982,-2587.099999999982,0,0.0,0.0,0.0,12.0,17.0,1.0
BDL,COCHINSHIP,1e-12,6.5688583e-07,0.00051259739,6.3743849,50000.0,False,,,2,-2939.69929254097,-2831.29999999997,0.0,2,0.0,-2939.69929254097,-2831.29999999997,0,0.0,0.0,0.0,12.0,17.5,0.0
BDL,COCHINSHIP,1e-12,6.5688583e-07,0.00051259739,6.3743849,50000.0,False,,,2,-2695.334284158982,-2587.099999999982,0.0,2,0.0,-2695.334284158982,-2587.099999999982,0,0.0,0.0,0.0,12.0,17.5,0.5
BDL,COCHINSHIP,1e-12,6.5688583e-07,0.00051259739,6.3743849,50000.0,False,,,2,-2695.334284158982,-2587.099999999982,0.0,2,0.0,-2695.334284158982,-2587.099999999982,0,0.0,0.0,0.0,12.0,17.5,1.0
BDL,COCHINSHIP,1e-12,6.5688583e-07,0.00051259739,6.3743849,50000.0,False,,,2,-2939.69929254097,-2831.29999999997,0.0,2,0.0,-2939.69929254097,-2831.29999999997,0,0.0,0.0,0.0,12.0,18.0,0.0
BDL,COCHINSHIP,1e-12,6.5688583e-07,0.00051259739,6.3743849,50000.0,False,,,2,-2695.334284158982,-2587.099999999982,0.0,2,0.0,-2695.334284158982,-2587.099999999982,0,0.0,0.0,0.0,12.0,18.0,0.5
BDL,COCHINSHIP,1e-12,6.5688583e-07,0.00051259739,6.3743849,50000.0,False,,,2,-2695.334284158982,-2587.099999999982,0.0,2,0.0,-2695.334284158982,-2587.099999999982,0,0.0,0.0,0.0,12.0,18.0,1.0
BDL,COCHINSHIP,1e-12,6.5688583e-07,0.00051259739,6.3743849,50000.0,False,,,2,-2939.69929254097,-2831.29999999997,0.0,2,0.0,-2939.69929254097,-2831.29999999997,0,0.0,0.0,0.0,12.0,18.5,0.0
BDL,COCHINSHIP,1e-12,6.5688583e-07,0.00051259739,6.3743849,50000.0,False,,,2,-2695.334284158982,-2587.099999999982,0.0,2,0.0,-2695.334284158982,-2587.099999999982,0,0.0,0.0,0.0,12.0,18.5,0.5
BDL,COCHINSHIP,1e-12,6.5688583e-07,0.00051259739,6.3743849,50000.0,False,,,2,-2695.334284158982,-2587.099999999982,0.0,2,0.0,-2695.334284158982,-2587.099999999982,0,0.0,0.0,0.0,12.0,18.5,1.0
BDL,COCHINSHIP,1e-12,6.5688583e-07,0.00051259739,6.3743849,50000.0,False,,,2,-2939.69929254097,-2831.29999999997,0.0,2,0.0,-2939.69929254097,-2831.29999999997,0,0.0,0.0,0.0,12.0,19.0,0.0
BDL,COCHINSHIP,1e-12,6.5688583e-07,0.00051259739,6.3743849,50000.0,False,,,2,-2695.334284158982,-2587.099999999982,0.0,2,0.0,-2695.334284158982,-2587.099999999982,0,0.0,0.0,0.0,12.0,19.0,0.5
BDL,COCHINSHIP,1e-12,6.5688583e-07,0.00051259739,6.3743849,50000.0,False,,,2,-2695.334284158982,-2587.099999999982,0.0,2,0.0,-2695.334284158982,-2587.099999999982,0,0.0,0.0,0.0,12.0,19.0,1.0
BDL,COCHINSHIP,1e-12,6.5688583e-07,0.00051259739,6.3743849,50000.0,False,,,2,-3540.9108334049906,-3432.8999999999905,0.0,2,0.0,-3540.9108334049906,-3432.8999999999905,0,0.0,0.0,0.0,12.0,19.5,0.0
BDL,COCHINSHIP,1e-12,6.5688583e-07,0.00051259739,6.3743849,50000.0,False,,,2,-3152.638807262995,-3044.6999999999953,0.0,2,0.0,-3152.638807262995,-3044.6999999999953,0,0.0,0.0,0.0,12.0,19.5,0.5
BDL,COCHINSHIP,1e-12,6.5688583e-07,0.00051259739,6.3743849,50000.0,False,,,2,-3111.0656687989895,-3003.0999999999894,0.0,2,0.0,-3111.0656687989895,-3003.0999999999894,0,0.0,0.0,0.0,12.0,19.5,1.0
BDL,COCHINSHIP,1e-12,6.5688583e-07,0.00051259739,6.3743849,50000.0,False,,,2,-3540.9108334049906,-3432.8999999999905,0.0,2,0.0,-3540.9108334049906,-3432.8999999999905,0,0.0,0.0,0.0,12.0,20.0,0.0
BDL,COCHINSHIP,1e-12,6.5688583e-07,0.00051259739,6.3743849,50000.0,False,,,2,-3152.638807262995,-3044.6999999999953,0.0,2,0.0,-3152.638807262995,-3044.6999999999953,0,0.0,0.0,0.0,12.0,20.0,0.5
BDL,COCHINSHIP,1e-12,6.5688583e-07,0.00051259739,6.3743849,50000.0,False,,,2,-3111.0656687989895,-3003.0999999999894,0.0,2,0.0,-3111.0656687989895,-3003.0999999999894,0,0.0,0.0,0.0,12.0,20.0,1.0
BDL,COCHINSHIP,1e-12,6.5688583e-07,0.00051259739,6.3743849,50000.0,False,,,2,-3540.9108334049906,-3432.8999999999905,0.0,2,0.0,-3540.9108334049906,-3432.8999999999905,0,0.0,0.0,0.0,12.0,20.5,0.0
BDL,COCHINSHIP,1e-12,6.5688583e-07,0.00051259739,6.3743849,50000.0,False,,,2,-3152.638807262995,-3044.6999999999953,0.0,2,0.0,-3152.638807262995,-3044.6999999999953,0,0.0,0.0,0.0,12.0,20.5,0.5
BDL,COCHINSHIP,1e-12,6.5688583e-07,0.00051259739,6.3743849,50000.0,False,,,2,-3111.0656687989895,-3003.0999999999894,0.0,2,0.0,-3111.0656687989895,-3003.0999999999894,0,0.0,0.0,0.0,12.0,20.5,1.0
BDL,COCHINSHIP,1e-12,6.5688583e-07,0.00051259739,6.3743849,50000.0,False,,,2,-3540.9108334049906,-3432.8999999999905,0.0,2,0.0,-3540.9108334049906,-3432.8999999999905,0,0.0,0.0,0.0,12.0,21.0,0.0
BDL,COCHINSHIP,1e-12,6.5688583e-07,0.00051259739,6.3743849,50000.0,False,,,2,-3152.638807262995,-3044.6999999999953,0.0,2,0.0,-3152.638807262995,-3044.6999999999953,0,0.0,0.0,0.0,12.0,21.0,0.5
BDL,COCHINSHIP,1e-12,6.5688583e-07,0.00051259739,6.3743849,50000.0,False,,,2,-3111.0656687989895,-3003.0999999999894,0.0,2,0.0,-3111.0656687989895,-3003.0999999999894,0,0.0,0.0,0.0,12.0,21.0,1.0
BDL,COCHINSHIP,1e-12,6.5688583e-07,0.00051259739,6.3743849,50000.0,False,,,2,-3540.9108334049906,-3432.8999999999905,0.0,2,0.0,-3540.9108334049906,-3432.8999999999905,0,0.0,0.0,0.0,12.0,21.5,0.0
BDL,COCHINSHIP,1e-12,6.5688583e-07,0.00051259739,6.3743849,50000.0,False,,,2,-3152.638807262995,-3044.6999999999953,0.0,2,0.0,-3152.638807262995,-3044.6999999999953,0,0.0,0.0,0.0,12.0,21.5,0.5
BDL,COCHINSHIP,1e-12,6.5688583e-07,0.00051259739,6.3743849,50000.0,False,,,2,-3111.0656687989895,-3003.0999999999894,0.0,2,0.0,-3111.0656687989895,-3003.0999999999894,0,0.0,0.0,0.0,12.0,21.5,1.0
BDL,COCHINSHIP,1e-12,6.5688583e-07,0.00051259739,6.3743849,50000.0,False,,,2,-3540.9108334049906,-3432.8999999999905,0.0,2,0.0,-3540.9108334049906,-3432.8999999999905,0,0.0,0.0,0.0,12.0,22.0,0.0
BDL,COCHINSHIP,1e-12,6.5688583e-07,0.00051259739,6.3743849,50000.0,False,,,2,-3152.638807262995,-3044.6999999999953,0.0,2,0.0,-3152.638807262995,-3044.6999999999953,0,0.0,0.0,0.0,12.0,22.0,0.5
BDL,COCHINSHIP,1e-12,6.5688583e-07,0.00051259739,6.3743849,50000.0,False,,,2,-3111.0656687989895,-3003.0999999999894,0.0,2,0.0,-3111.0656687989895,-3003.0999999999894,0,0.0,0.0,0.0,12.0,22.0,1.0
BDL,COCHINSHIP,1e-12,6.5688583e-07,0.00051259739,6.3743849,50000.0,False,,,2,-3540.9108334049906,-3432.8999999999905,0.0,2,0.0,-3540.9108334049906,-3432.8999999999905,0,0.0,0.0,0.0,12.0,22.5,0.0
BDL,COCHINSHIP,1e-12,6.5688583e-07,0.00051259739,6.3743849,50000.0,False,,,2,-3152.638807262995,-3044.6999999999953,0.0,2,0.0,-3152.638807262995,-3044.6999999999953,0,0.0,0.0,0.0,12.0,22.5,0.5
BDL,COCHINSHIP,1e-12,6.5688583e-07,0.00051259739,6.3743849,50000.0,False,,,2,-3111.0656687989895,-3003.0999999999894,0.0,2,0.0,-3111.0656687989895,-3003.0999999999894,0,0.0,0.0,0.0,12.0,22.5,1.0
BDL,COCHINSHIP,1e-12,6.5688583e-07,0.00051259739,6.3743849,50000.0,False,,,2,-3540.9108334049906,-3432.8999999999905,0.0,2,0.0,-3540.9108334049906,-3432.8999999999905,0,0.0,0.0,0.0,12.0,23.0,0.0
BDL,COCHINSHIP,1e-12,6.5688583e-07,0.00051259739,6.3743849,50000.0,False,,,2,-3152.638807262995,-3044.6999999999953,0.0,2,0.0,-3152.638807262995,-3044.6999999999953,0,0.0,0.0,0.0,12.0,23.0,0.5
BDL,COCHINSHIP,1e-12,6.5688583e-07,0.00051259739,6.3743849,50000.0,False,,,2,-3111.0656687989895,-3003.0999999999894,0.0,2,0.0,-3111.0656687989895,-3003.0999999999894,0,0.0,0.0,0.0,12.0,23.0,1.0
BDL,COCHINSHIP,1e-12,6.5688583e-07,0.00051259739,6.3743849,50000.0,False,,,2,-3540.9108334049906,-3432.8999999999905,0.0,2,0.0,-3540.9108334049906,-3432.8999999999905,0,0.0,0.0,0.0,12.0,23.5,0.0
BDL,COCHINSHIP,1e-12,6.5688583e-07,0.00051259739,6.3743849,50000.0,False,,,2,-3152.638807262995,-3044.6999999999953,0.0,2,0.0,-3152.638807262995,-3044.6999999999953,0,0.0,0.0,0.0,12.0,23.5,0.5
BDL,COCHINSHIP,1e-12,6.5688583e-07,0.00051259739,6.3743849,50000.0,False,,,2,-3111.0656687989895,-3003.0999999999894,0.0,2,0.0,-3111.0656687989895,-3003.0999999999894,0,0.0,0.0,0.0,12.0,23.5,1.0
BDL,COCHINSHIP,1e-12,6.5688583e-07,0.00051259739,6.3743849,50000.0,False,,,2,-3540.9108334049906,-3432.8999999999905,0.0,2,0.0,-3540.9108334049906,-3432.8999999999905,0,0.0,0.0,0.0,12.0,24.0,0.0
BDL,COCHINSHIP,1e-12,6.5688583e-07,0.00051259739,6.3743849,50000.0,False,,,2,-3152.638807262995,-3044.6999999999953,0.0,2,0.0,-3152.638807262995,-3044.6999999999953,0,0.0,0.0,0.0,12.0,24.0,0.5
BDL,COCHINSHIP,1e-12,6.5688583e-07,0.00051259739,6.3743849,50000.0,False,,,2,-3111.0656687989895,-3003.0999999999894,0.0,2,0.0,-3111.0656687989895,-3003.0999999999894,0,0.0,0.0,0.0,12.0,24.0,1.0
BDL,COCHINSHIP,1e-12,6.5688583e-07,0.00051259739,6.3743849,50000.0,False,,,2,-3540.9108334049906,-3432.8999999999905,0.0,2,0.0,-3540.9108334049906,-3432.8999999999905,0,0.0,0.0,0.0,12.0,24.5,0.0
BDL,COCHINSHIP,1e-12,6.5688583e-07,0.00051259739,6.3743849,50000.0,False,,,2,-3152.638807262995,-3044.6999999999953,0.0,2,0.0,-3152.638807262995,-3044.6999999999953,0,0.0,0.0,0.0,12.0,24.5,0.5
BDL,COCHINSHIP,1e-12,6.5688583e-07,0.00051259739,6.3743849,50000.0,False,,,2,-3111.0656687989895,-3003.0999999999894,0.0,2,0.0,-3111.0656687989895,-3003.0999999999894,0,0.0,0.0,0.0,12.0,24.5,1.0
BDL,COCHINSHIP,1e-12,6.5688583e-07,0.00051259739,6.3743849,50000.0,False,,,2,-3540.9108334049906,-3432.8999999999905,0.0,2,0.0,-3540.9108334049906,-3432.8999999999905,0,0.0,0.0,0.0,12.0,25.0,0.0
BDL,COCHINSHIP,1e-12,6.5688583e-07,0.00051259739,6.3743849,50000.0,False,,,2,-3152.638807262995,-3044.6999999999953,0.0,2,0.0,-3152.638807262995,-3044.6999999999953,0,0.0,0.0,0.0,12.0,25.0,0.5
BDL,COCHINSHIP,1e-12,6.5688583e-07,0.00051259739,6.3743849,50000.0,False,,,2,-3111.0656687989895,-3003.0999999999894,0.0,2,0.0,-3111.0656687989895,-3003.0999999999894,0,0.0,0.0,0.0,12.0,25.0,1.0
BDL,COCHINSHIP,1e-12,6.5688583e-07,0.00051259739,6.3743849,50000.0,False,,,2,-3540.9108334049906,-3432.8999999999905,0.0,2,0.0,-3540.9108334049906,-3432.8999999999905,0,0.0,0.0,0.0,12.0,25.5,0.0
BDL,COCHINSHIP,1e-12,6.5688583e-07,0.00051259739,6.3743849,50000.0,False,,,2,-3152.638807262995,-3044.6999999999953,0.0,2,0.0,-3152.638807262995,-3044.6999999999953,0,0.0,0.0,0.0,12.0,25.5,0.5
BDL,COCHINSHIP,1e-12,6.5688583e-07,0.00051259739,6.3743849,50000.0,False,,,2,-3111.0656687989895,-3003.0999999999894,0.0,2,0.0,-3111.0656687989895,-3003.0999999999894,0,0.0,0.0,0.0,12.0,25.5,1.0
BDL,COCHINSHIP,1e-12,6.5688583e-07,0.00051259739,6.3743849,50000.0,False,,,2,-3540.9108334049906,-3432.8999999999905,0.0,2,0.0,-3540.9108334049906,-3432.8999999999905,0,0.0,0.0,0.0,12.0,26.0,0.0
BDL,COCHINSHIP,1e-12,6.5688583e-07,0.00051259739,6.3743849,50000.0,False,,,2,-3152.638807262995,-3044.6999999999953,0.0,2,0.0,-3152.638807262995,-3044.6999999999953,0,0.0,0.0,0.0,12.0,26.0,0.5
BDL,COCHINSHIP,1e-12,6.5688583e-07,0.00051259739,6.3743849,50000.0,False,,,2,-3111.0656687989895,-3003.0999999999894,0.0,2,0.0,-3111.0656687989895,-3003.0999999999894,0,0.0,0.0,0.0,12.0,26.0,1.0
BDL,COCHINSHIP,1e-12,6.5688583e-07,0.00051259739,6.3743849,50000.0,False,,,2,-3540.9108334049906,-3432.8999999999905,0.0,2,0.0,-3540.9108334049906,-3432.8999999999905,0,0.0,0.0,0.0,12.0,26.5,0.0
BDL,COCHINSHIP,1e-12,6.5688583e-07,0.00051259739,6.3743849,50000.0,False,,,2,-3152.638807262995,-3044.6999999999953,0.0,2,0.0,-3152.638807262995,-3044.6999999999953,0,0.0,0.0,0.0,12.0,26.5,0.5
BDL,COCHINSHIP,1e-12,6.5688583e-07,0.00051259739,6.3743849,50000.0,False,,,2,-3111.0656687989895,-3003.0999999999894,0.0,2,0.0,-3111.0656687989895,-3003.0999999999894,0,0.0,0.0,0.0,12.0,26.5,1.0
BDL,COCHINSHIP,1e-12,6.5688583e-07,0.00051259739,6.3743849,50000.0,False,,,2,-3540.9108334049906,-3432.8999999999905,0.0,2,0.0,-3540.9108334049906,-3432.8999999999905,0,0.0,0.0,0.0,12.0,27.0,0.0
BDL,COCHINSHIP,1e-12,6.5688583e-07,0.00051259739,6.3743849,50000.0,False,,,2,-3152.638807262995,-3044.6999999999953,0.0,2,0.0,-3152.638807262995,-3044.6999999999953,0,0.0,0.0,0.0,12.0,27.0,0.5
BDL,COCHINSHIP,1e-12,6.5688583e-07,0.00051259739,6.3743849,50000.0,False,,,2,-3111.0656687989895,-3003.0999999999894,0.0,2,0.0,-3111.0656687989895,-3003.0999999999894,0,0.0,0.0,0.0,12.0,27.0,1.0
BDL,COCHINSHIP,1e-12,6.5688583e-07,0.00051259739,6.3743849,50000.0,False,,,2,-3540.9108334049906,-3432.8999999999905,0.0,2,0.0,-3540.9108334049906,-3432.8999999999905,0,0.0,0.0,0.0,12.0,27.5,0.0
BDL,COCHINSHIP,1e-12,6.5688583e-07,0.00051259739,6.3743849,50000.0,False,,,2,-3152.638807262995,-3044.6999999999953,0.0,2,0.0,-3152.638807262995,-3044.6999999999953,0,0.0,0.0,0.0,12.0,27.5,0.5
BDL,COCHINSHIP,1e-12,6.5688583e-07,0.00051259739,6.3743849,50000.0,False,,,2,-3111.0656687989895,-3003.0999999999894,0.0,2,0.0,-3111.0656687989895,-3003.0999999999894,0,0.0,0.0,0.0,12.0,27.5,1.0
BDL,COCHINSHIP,1e-12,6.5688583e-07,0.00051259739,6.3743849,50000.0,False,,,2,-3540.9108334049906,-3432.8999999999905,0.0,2,0.0,-3540.9108334049906,-3432.8999999999905,0,0.0,0.0,0.0,12.0,28.0,0.0
BDL,COCHINSHIP,1e-12,6.5688583e-07,0.00051259739,6.3743849,50000.0,False,,,2,-3152.638807262995,-3044.6999999999953,0.0,2,0.0,-3152.638807262995,-3044.6999999999953,0,0.0,0.0,0.0,12.0,28.0,0.5
BDL,COCHINSHIP,1e-12,6.5688583e-07,0.00051259739,6.3743849,50000.0,False,,,2,-3111.0656687989895,-3003.0999999999894,0.0,2,0.0,-3111.0656687989895,-3003.0999999999894,0,0.0,0.0,0.0,12.0,28.0,1.0
BDL,COCHINSHIP,1e-12,6.5688583e-07,0.00051259739,6.3743849,50000.0,False,,,2,-3540.9108334049906,-3432.8999999999905,0.0,2,0.0,-3540.9108334049906,-3432.8999999999905,0,0.0,0.0,0.0,12.0,28.5,0.0
BDL,COCHINSHIP,1e-12,6.5688583e-07,0.00051259739,6.3743849,50000.0,False,,,2,-3152.638807262995,-3044.6999999999953,0.0,2,0.0,-3152.638807262995,-3044.6999999999953,0,0.0,0.0,0.0,12.0,28.5,0.5
BDL,COCHINSHIP,1e-12,6.5688583e-07,0.00051259739,6.3743849,50000.0,False,,,2,-3111.0656687989895,-3003.0999999999894,0.0,2,0.0,-3111.0656687989895,-3003.0999999999894,0,0.0,0.0,0.0,12.0,28.5,1.0
BDL,COCHINSHIP,1e-12,6.5688583e-07,0.00051259739,6.3743849,50000.0,False,,,2,-3540.9108334049906,-3432.8999999999905,0.0,2,0.0,-3540.9108334049906,-3432.8999999999905,0,0.0,0.0,0.0,12.0,29.0,0.0
BDL,COCHINSHIP,1e-12,6.5688583e-07,0.00051259739,6.3743849,50000.0,False,,,2,-3152.638807262995,-3044.6999999999953,0.0,2,0.0,-3152.638807262995,-3044.6999999999953,0,0.0,0.0,0.0,12.0,29.0,0.5
BDL,COCHINSHIP,1e-12,6.5688583e-07,0.00051259739,6.3743849,50000.0,False,,,2,-3111.0656687989895,-3003.0999999999894,0.0,2,0.0,-3111.0656687989895,-3003.0999999999894,0,0.0,0.0,0.0,12.0,29.0,1.0
BDL,COCHINSHIP,1e-12,6.5688583e-07,0.00051259739,6.3743849,50000.0,False,,,2,-3540.9108334049906,-3432.8999999999905,0.0,2,0.0,-3540.9108334049906,-3432.8999999999905,0,0.0,0.0,0.0,12.0,29.5,0.0
BDL,COCHINSHIP,1e-12,6.5688583e-07,0.00051259739,6.3743849,50000.0,False,,,2,-3152.638807262995,-3044.6999999999953,0.0,2,0.0,-3152.638807262995,-3044.6999999999953,0,0.0,0.0,0.0,12.0,29.5,0.5
BDL,COCHINSHIP,1e-12,6.5688583e-07,0.00051259739,6.3743849,50000.0,False,,,2,-3111.0656687989895,-3003.0999999999894,0.0,2,0.0,-3111.0656687989895,-3003.0999999999894,0,0.0,0.0,0.0,12.0,29.5,1.0
BDL,COCHINSHIP,1e-12,6.5688583e-07,0.00051259739,6.3743849,50000.0,False,,,2,-3540.9108334049906,-3432.8999999999905,0.0,2,0.0,-3540.9108334049906,-3432.8999999999905,0,0.0,0.0,0.0,12.0,30.0,0.0
BDL,COCHINSHIP,1e-12,6.5688583e-07,0.00051259739,6.3743849,50000.0,False,,,2,-3152.638807262995,-3044.6999999999953,0.0,2,0.0,-3152.638807262995,-3044.6999999999953,0,0.0,0.0,0.0,12.0,30.0,0.5
BDL,COCHINSHIP,1e-12,6.5688583e-07,0.00051259739,6.3743849,50000.0,False,,,2,-3111.0656687989895,-3003.0999999999894,0.0,2,0.0,-3111.0656687989895,-3003.0999999999894,0,0.0,0.0,0.0,12.0,30.0,1.0
BDL,COCHINSHIP,1e-12,6.5688583e-07,0.00051259739,6.3743849,50000.0,False,,,1,-267.70227510399417,-214.39999999999418,0.0,1,0.0,-267.70227510399417,-214.39999999999418,0,0.0,0.0,0.0,12.5,13.0,0.0
BDL,COCHINSHIP,1e-12,6.5688583e-07,0.00051259739,6.3743849,50000.0,False,,,1,-267.70227510399417,-214.39999999999418,0.0,1,0.0,-267.70227510399417,-214.39999999999418,0,0.0,0.0,0.0,12.5,13.0,0.5
BDL,COCHINSHIP,1e-12,6.5688583e-07,0.00051259739,6.3743849,50000.0,False,,,1,-267.70227510399417,-214.39999999999418,0.0,1,0.0,-267.70227510399417,-214.39999999999418,0,0.0,0.0,0.0,12.5,13.0,1.0
BDL,COCHINSHIP,1e-12,6.5688583e-07,0.00051259739,6.3743849,50000.0,False,,,1,-267.70227510399417,-214.39999999999418,0.0,1,0.0,-267.70227510399417,-214.39999999999418,0,0.0,0.0,0.0,12.5,13.5,0.0
BDL,COCHINSHIP,1e-12,6.5688583e-07,0.00051259739,6.3743849,50000.0,False,,,1,-267.70227510399417,-214.39999999999418,0.0,1,0.0,-267.70227510399417,-214.39999999999418,0,0.0,0.0,0.0,12.5,13.5,0.5
BDL,COCHINSHIP,1e-12,6.5688583e-07,0.00051259739,6.3743849,50000.0,False,,,1,-267.70227510399417,-214.39999999999418,0.0,1,0.0,-267.70227510399417,-214.39999999999418,0,0.0,0.0,0.0,12.5,13.5,1.0
BDL,COCHINSHIP,1e-12,6.5688583e-07,0.00051259739,6.3743849,50000.0,False,,,1,-267.70227510399417,-214.39999999999418,0.0,1,0.0,-267.70227510399417,-214.39999999999418,0,0.0,0.0,0.0,12.5,14.0,0.0
BDL,COCHINSHIP,1e-12,6.5688583e-07,0.00051259739,6.3743849,50000.0,False,,,1,-267.70227510399417,-214.39999999999418,0.0,1,0.0,-267.70227510399417,-214.39999999999418,0,0.0,0.0,0.0,12.5,14.0,0.5
BDL,COCHINSHIP,1e-12,6.5688583e-07,0.00051259739,6.3743849,50000.0,False,,,1,-267.70227510399417,-214.39999999999418,0.0,1,0.0,-267.70227510399417,-214.39999999999418,0,0.0,0.0,0.0,12.5,14.0,1.0
BDL,COCHINSHIP,1e-12,6.5688583e-07,0.00051259739,6.3743849,50000.0,False,,,1,-267.70227510399417,-214.39999999999418,0.0,1,0.0,-267.70227510399417,-214.39999999999418,0,0.0,0.0,0.0,12.5,14.5,0.0
BDL,COCHINSHIP,1e-12,6.5688583e-07,0.00051259739,6.3743849,50000.0,False,,,1,-267.70227510399417,-214.39999999999418,0.0,1,0.0,-267.70227510399417,-214.39999999999418,0,0.0,0.0,0.0,12.5,14.5,0.5
BDL,COCHINSHIP,1e-12,6.5688583e-07,0.00051259739,6.3743849,50000.0,False,,,1,-267.70227510399417,-214.39999999999418,0.0,1,0.0,-267.70227510399417,-214.39999999999418,0,0.0,0.0,0.0,12.5,14.5,1.0
BDL,COCHINSHIP,1e-12,6.5688583e-07,0.00051259739,6.3743849,50000.0,False,,,1,-267.70227510399417,-214.39999999999418,0.0,1,0.0,-267.70227510399417,-214.39999999999418,0,0.0,0.0,0.0,12.5,15.0,0.0
BDL,COCHINSHIP,1e-12,6.5688583e-07,0.00051259739,6.3743849,50000.0,False,,,1,-267.70227510399417,-214.39999999999418,0.0,1,0.0,-267.70227510399417,-214.39999999999418,0,0.0,0.0,0.0,12.5,15.0,0.5
BDL,COCHINSHIP,1e-12,6.5688583e-07,0.00051259739,6.3743849,50000.0,False,,,1,-267.70227510399417,-214.39999999999418,0.0,1,0.0,-267.70227510399417,-214.39999999999418,0,0.0,0.0,0.0,12.5,15.0,1.0
BDL,COCHINSHIP,1e-12,6.5688583e-07,0.00051259739,6.3743849,50000.0,False,,,1,-267.70227510399417,-214.39999999999418,0.0,1,0.0,-267.70227510399417,-214.39999999999418,0,0.0,0.0,0.0,12.5,15.5,0.0
BDL,COCHINSHIP,1e-12,6.5688583e-07,0.00051259739,6.3743849,50000.0,False,,,1,-267.70227510399417,-214.39999999999418,0.0,1,0.0,-267.70227510399417,-214.39999999999418,0,0.0,0.0,0.0,12.5,15.5,0.5
BDL,COCHINSHIP,1e-12,6.5688583e-07,0.00051259739,6.3743849,50000.0,False,,,1,-267.70227510399417,-214.39999999999418,0.0,1,0.0,-267.70227510399417,-214.39999999999418,0,0.0,0.0,0.0,12.5,15.5,1.0
BDL,COCHINSHIP,1e-12,6.5688583e-07,0.00051259739,6.3743849,50000.0,False,,,1,-267.70227510399417,-214.39999999999418,0.0,1,0.0,-267.70227510399417,-214.39999999999418,0,0.0,0.0,0.0,12.5,16.0,0.0
BDL,COCHINSHIP,1e-12,6.5688583e-07,0.00051259739,6.3743849,50000.0,False,,,1,-267.70227510399417,-214.39999999999418,0.0,1,0.0,-267.70227510399417,-214.39999999999418,0,0.0,0.0,0.0,12.5,16.0,0.5
BDL,COCHINSHIP,1e-12,6.5688583e-07,0.00051259739,6.3743849,50000.0,False,,,1,-267.70227510399417,-214.39999999999418,0.0,1,0.0,-267.70227510399417,-214.39999999999418,0,0.0,0.0,0.0,12.5,16.0,1.0
BDL,COCHINSHIP,1e-12,6.5688583e-07,0.00051259739,6.3743849,50000.0,False,,,1,-267.70227510399417,-214.39999999999418,0.0,1,0.0,-267.70227510399417,-214.39999999999418,0,0.0,0.0,0.0,12.5,16.5,0.0
BDL,COCHINSHIP,1e-12,6.5688583e-07,0.00051259739,6.3743849,50000.0,False,,,1,-267.70227510399417,-214.39999999999418,0.0,1,0.0,-267.70227510399417,-214.39999999999418,0,0.0,0.0,0.0,12.5,16.5,0.5
BDL,COCHINSHIP,1e-12,6.5688583e-07,0.00051259739,6.3743849,50000.0,False,,,1,-267.70227510399417,-214.39999999999418,0.0,1,0.0,-267.70227510399417,-214.39999999999418,0,0.0,0.0,0.0,12.5,16.5,1.0
BDL,COCHINSHIP,1e-12,6.5688583e-07,0.00051259739,6.3743849,50000.0,False,,,1,-267.70227510399417,-214.39999999999418,0.0,1,0.0,-267.70227510399417,-214.39999999999418,0,0.0,0.0,0.0,12.5,17.0,0.0
BDL,COCHINSHIP,1e-12,6.5688583e-07,0.00051259739,6.3743849,50000.0,False,,,1,-267.70227510399417,-214.39999999999418,0.0,1,0.0,-267.70227510399417,-214.39999999999418,0,0.0,0.0,0.0,12.5,17.0,0.5
BDL,COCHINSHIP,1e-12,6.5688583e-07,0.00051259739,6.3743849,50000.0,False,,,1,-267.70227510399417,-214.39999999999418,0.0,1,0.0,-267.70227510399417,-214.39999999999418,0,0.0,0.0,0.0,12.5,17.0,1.0
BDL,COCHINSHIP,1e-12,6.5688583e-07,0.00051259739,6.3743849,50000.0,False,,,1,-267.70227510399417,-214.39999999999418,0.0,1,0.0,-267.70227510399417,-214.39999999999418,0,0.0,0.0,0.0,12.5,17.5,0.0
BDL,COCHINSHIP,1e-12,6.5688583e-07,0.00051259739,6.3743849,50000.0,False,,,1,-267.70227510399417,-214.39999999999418,0.0,1,0.0,-267.70227510399417,-214.39999999999418,0,0.0,0.0,0.0,12.5,17.5,0.5
BDL,COCHINSHIP,1e-12,6.5688583e-07,0.00051259739,6.3743849,50000.0,False,,,1,-267.70227510399417,-214.39999999999418,0.0,1,0.0,-267.70227510399417,-214.39999999999418,0,0.0,0.0,0.0,12.5,17.5,1.0
BDL,COCHINSHIP,1e-12,6.5688583e-07,0.00051259739,6.3743849,50000.0,False,,,1,-267.70227510399417,-214.39999999999418,0.0,1,0.0,-267.70227510399417,-214.39999999999418,0,0.0,0.0,0.0,12.5,18.0,0.0
BDL,COCHINSHIP,1e-12,6.5688583e-07,0.00051259739,6.3743849,50000.0,False,,,1,-267.70227510399417,-214.39999999999418,0.0,1,0.0,-267.70227510399417,-214.39999999999418,0,0.0,0.0,0.0,12.5,18.0,0.5
BDL,COCHINSHIP,1e-12,6.5688583e-07,0.00051259739,6.3743849,50000.0,False,,,1,-267.70227510399417,-214.39999999999418,0.0,1,0.0,-267.70227510399417,-214.39999999999418,0,0.0,0.0,0.0,12.5,18.0,1.0
BDL,COCHINSHIP,1e-12,6.5688583e-07,0.00051259739,6.3743849,50000.0,False,,,1,-267.70227510399417,-214.39999999999418,0.0,1,0.0,-267.70227510399417,-214.39999999999418,0,0.0,0.0,0.0,12.5,18.5,0.0
BDL,COCHINSHIP,1e-12,6.5688583e-07,0.00051259739,6.3743849,50000.0,False,,,1,-267.70227510399417,-214.39999999999418,0.0,1,0.0,-267.70227510399417,-214.39999999999418,0,0.0,0.0,0.0,12.5,18.5,0.5
BDL,COCHINSHIP,1e-12,6.5688583e-07,0.00051259739,6.3743849,50000.0,False,,,1,-267.70227510399417,-214.39999999999418,0.0,1,0.0,-267.70227510399417,-214.39999999999418,0,0.0,0.0,0.0,12.5,18.5,1.0
BDL,COCHINSHIP,1e-12,6.5688583e-07,0.00051259739,6.3743849,50000.0,False,,,1,-267.70227510399417,-214.39999999999418,0.0,1,0.0,-267.70227510399417,-214.39999999999418,0,0.0,0.0,0.0,12.5,19.0,0.0
BDL,COCHINSHIP,1e-12,6.5688583e-07,0.00051259739,6.3743849,50000.0,False,,,1,-267.70227510399417,-214.39999999999418,0.0,1,0.0,-267.70227510399417,-214.39999999999418,0,0.0,0.0,0.0,12.5,19.0,0.5
BDL,COCHINSHIP,1e-12,6.5688583e-07,0.00051259739,6.3743849,50000.0,False,,,1,-267.70227510399417,-214.39999999999418,0.0,1,0.0,-267.70227510399417,-214.39999999999418,0,0.0,0.0,0.0,12.5,19.0,1.0
BDL,COCHINSHIP,1e-12,6.5688583e-07,0.00051259739,6.3743849,50000.0,False,,,1,-868.9138159680145,-816.0000000000146,0.0,1,0.0,-868.9138159680145,-816.0000000000146,0,0.0,0.0,0.0,12.5,19.5,0.0
BDL,COCHINSHIP,1e-12,6.5688583e-07,0.00051259739,6.3743849,50000.0,False,,,1,-725.0067982080072,-672.0000000000073,0.0,1,0.0,-725.0067982080072,-672.0000000000073,0,0.0,0.0,0.0,12.5,19.5,0.5
BDL,COCHINSHIP,1e-12,6.5688583e-07,0.00051259739,6.3743849,50000.0,False,,,1,-683.4336597440015,-630.4000000000015,0.0,1,0.0,-683.4336597440015,-630.4000000000015,0,0.0,0.0,0.0,12.5,19.5,1.0
BDL,COCHINSHIP,1e-12,6.5688583e-07,0.00051259739,6.3743849,50000.0,False,,,1,-868.9138159680145,-816.0000000000146,0.0,1,0.0,-868.9138159680145,-816.0000000000146,0,0.0,0.0,0.0,12.5,20.0,0.0
BDL,COCHINSHIP,1e-12,6.5688583e-07,0.00051259739,6.3743849,50000.0,False,,,1,-725.0067982080072,-672.0000000000073,0.0,1,0.0,-725.0067982080072,-672.0000000000073,0,0.0,0.0,0.0,12.5,20.0,0.5
BDL,COCHINSHIP,1e-12,6.5688583e-07,0.00051259739,6.3743849,50000.0,False,,,1,-683.4336597440015,-630.4000000000015,0.0,1,0.0,-683.4336597440015,-630.4000000000015,0,0.0,0.0,0.0,12.5,20.0,1.0
BDL,COCHINSHIP,1e-12,6.5688583e-07,0.00051259739,6.3743849,50000.0,False,,,1,-868.9138159680145,-816.0000000000146,0.0,1,0.0,-868.9138159680145,-816.0000000000146,0,0.0,0.0,0.0,12.5,20.5,0.0
BDL,COCHINSHIP,1e-12,6.5688583e-07,0.00051259739,6.3743849,50000.0,False,,,1,-725.0067982080072,-672.0000000000073,0.0,1,0.0,-725.0067982080072,-672.0000000000073,0,0.0,0.0,0.0,12.5,20.5,0.5
BDL,COCHINSHIP,1e-12,6.5688583e-07,0.00051259739,6.3743849,50000.0,False,,,1,-683.4336597440015,-630.4000000000015,0.0,1,0.0,-683.4336597440015,-630.4000000000015,0,0.0,0.0,0.0,12.5,20.5,1.0
BDL,COCHINSHIP,1e-12,6.5688583e-07,0.00051259739,6.3743849,50000.0,False,,,1,-868.9138159680145,-816.0000000000146,0.0,1,0.0,-868.9138159680145,-816.0000000000146,0,0.0,0.0,0.0,12.5,21.0,0.0
BDL,COCHINSHIP,1e-12,6.5688583e-07,0.00051259739,6.3743849,50000.0,False,,,1,-725.0067982080072,-672.0000000000073,0.0,1,0.0,-725.0067982080072,-672.0000000000073,0,0.0,0.0,0.0,12.5,21.0,0.5
BDL,COCHINSHIP,1e-12,6.5688583e-07,0.00051259739,6.3743849,50000.0,False,,,1,-683.4336597440015,-630.4000000000015,0.0,1,0.0,-683.4336597440015,-630.4000000000015,0,0.0,0.0,0.0,12.5,21.0,1.0
BDL,COCHINSHIP,1e-12,6.5688583e-07,0.00051259739,6.3743849,50000.0,False,,,1,-868.9138159680145,-816.0000000000146,0.0,1,0.0,-868.9138159680145,-816.0000000000146,0,0.0,0.0,0.0,12.5,21.5,0.0
BDL,COCHINSHIP,1e-12,6.5688583e-07,0.00051259739,6.3743849,50000.0,False,,,1,-725.0067982080072,-672.0000000000073,0.0,1,0.0,-725.0067982080072,-672.0000000000073,0,0.0,0.0,0.0,12.5,21.5,0.5
BDL,COCHINSHIP,1e-12,6.5688583e-07,0.00051259739,6.3743849,50000.0,False,,,1,-683.4336597440015,-630.4000000000015,0.0,1,0.0,-683.4336597440015,-630.4000000000015,0,0.0,0.0,0.0,12.5,21.5,1.0
BDL,COCHINSHIP,1e-12,6.5688583e-07,0.00051259739,6.3743849,50000.0,False,,,1,-868.9138159680145,-816.0000000000146,0.0,1,0.0,-868.9138159680145,-816.0000000000146,0,0.0,0.0,0.0,12.5,22.0,0.0
BDL,COCHINSHIP,1e-12,6.5688583e-07,0.00051259739,6.3743849,50000.0,False,,,1,-725.0067982080072,-672.0000000000073,0.0,1,0.0,-725.0067982080072,-672.0000000000073,0,0.0,0.0,0.0,12.5,22.0,0.5
BDL,COCHINSHIP,1e-12,6.5688583e-07,0.00051259739,6.3743849,50000.0,False,,,1,-683.4336597440015,-630.4000000000015,0.0,1,0.0,-683.4336597440015,-630.4000000000015,0,0.0,0.0,0.0,12.5,22.0,1.0
BDL,COCHINSHIP,1e-12,6.5688583e-07,0.00051259739,6.3743849,50000.0,False,,,1,-868.9138159680145,-816.0000000000146,0.0,1,0.0,-868.9138159680145,-816.0000000000146,0,0.0,0.0,0.0,12.5,22.5,0.0
BDL,COCHINSHIP,1e-12,6.5688583e-07,0.00051259739,6.3743849,50000.0,False,,,1,-725.0067982080072,-672.0000000000073,0.0,1,0.0,-725.0067982080072,-672.0000000000073,0,0.0,0.0,0.0,12.5,22.5,0.5
BDL,COCHINSHIP,1e-12,6.5688583e-07,0.00051259739,6.3743849,50000.0,False,,,1,-683.4336597440015,-630.4000000000015,0.0,1,0.0,-683.4336597440015,-630.4000000000015,0,0.0,0.0,0.0,12.5,22.5,1.0
BDL,COCHINSHIP,1e-12,6.5688583e-07,0.00051259739,6.3743849,50000.0,False,,,1,-868.9138159680145,-816.0000000000146,0.0,1,0.0,-868.9138159680145,-816.0000000000146,0,0.0,0.0,0.0,12.5,23.0,0.0
BDL,COCHINSHIP,1e-12,6.5688583e-07,0.00051259739,6.3743849,50000.0,False,,,1,-725.0067982080072,-672.0000000000073,0.0,1,0.0,-725.0067982080072,-672.0000000000073,0,0.0,0.0,0.0,12.5,23.0,0.5
BDL,COCHINSHIP,1e-12,6.5688583e-07,0.00051259739,6.3743849,50000.0,False,,,1,-683.4336597440015,-630.4000000000015,0.0,1,0.0,-683.4336597440015,-630.4000000000015,0,0.0,0.0,0.0,12.5,23.0,1.0
BDL,COCHINSHIP,1e-12,6.5688583e-07,0.00051259739,6.3743849,50000.0,False,,,1,-868.9138159680145,-816.0000000000146,0.0,1,0.0,-868.9138159680145,-816.0000000000146,0,0.0,0.0,0.0,12.5,23.5,0.0
BDL,COCHINSHIP,1e-12,6.5688583e-07,0.00051259739,6.3743849,50000.0,False,,,1,-725.0067982080072,-672.0000000000073,0.0,1,0.0,-725.0067982080072,-672.0000000000073,0,0.0,0.0,0.0,12.5,23.5,0.5
BDL,COCHINSHIP,1e-12,6.5688583e-07,0.00051259739,6.3743849,50000.0,False,,,1,-683.4336597440015,-630.4000000000015,0.0,1,0.0,-683.4336597440015,-630.4000000000015,0,0.0,0.0,0.0,12.5,23.5,1.0
BDL,COCHINSHIP,1e-12,6.5688583e-07,0.00051259739,6.3743849,50000.0,False,,,1,-868.9138159680145,-816.0000000000146,0.0,1,0.0,-868.9138159680145,-816.0000000000146,0,0.0,0.0,0.0,12.5,24.0,0.0
BDL,COCHINSHIP,1e-12,6.5688583e-07,0.00051259739,6.3743849,50000.0,False,,,1,-725.0067982080072,-672.0000000000073,0.0,1,0.0,-725.0067982080072,-672.0000000000073,0,0.0,0.0,0.0,12.5,24.0,0.5
BDL,COCHINSHIP,1e-12,6.5688583e-07,0.00051259739,6.3743849,50000.0,False,,,1,-683.4336597440015,-630.4000000000015,0.0,1,0.0,-683.4336597440015,-630.4000000000015,0,0.0,0.0,0.0,12.5,24.0,1.0
BDL,COCHINSHIP,1e-12,6.5688583e-07,0.00051259739,6.3743849,50000.0,False,,,1,-868.9138159680145,-816.0000000000146,0.0,1,0.0,-868.9138159680145,-816.0000000000146,0,0.0,0.0,0.0,12.5,24.5,0.0
BDL,COCHINSHIP,1e-12,6.5688583e-07,0.00051259739,6.3743849,50000.0,False,,,1,-725.0067982080072,-672.0000000000073,0.0,1,0.0,-725.0067982080072,-672.0000000000073,0,0.0,0.0,0.0,12.5,24.5,0.5
BDL,COCHINSHIP,1e-12,6.5688583e-07,0.00051259739,6.3743849,50000.0,False,,,1,-683.4336597440015,-630.4000000000015,0.0,1,0.0,-683.4336597440015,-630.4000000000015,0,0.0,0.0,0.0,12.5,24.5,1.0
BDL,COCHINSHIP,1e-12,6.5688583e-07,0.00051259739,6.3743849,50000.0,False,,,1,-868.9138159680145,-816.0000000000146,0.0,1,0.0,-868.9138159680145,-816.0000000000146,0,0.0,0.0,0.0,12.5,25.0,0.0
BDL,COCHINSHIP,1e-12,6.5688583e-07,0.00051259739,6.3743849,50000.0,False,,,1,-725.0067982080072,-672.0000000000073,0.0,1,0.0,-725.0067982080072,-672.0000000000073,0,0.0,0.0,0.0,12.5,25.0,0.5
BDL,COCHINSHIP,1e-12,6.5688583e-07,0.00051259739,6.3743849,50000.0,False,,,1,-683.4336597440015,-630.4000000000015,0.0,1,0.0,-683.4336597440015,-630.4000000000015,0,0.0,0.0,0.0,12.5,25.0,1.0
BDL,COCHINSHIP,1e-12,6.5688583e-07,0.00051259739,6.3743849,50000.0,False,,,1,-868.9138159680145,-816.0000000000146,0.0,1,0.0,-868.9138159680145,-816.0000000000146,0,0.0,0.0,0.0,12.5,25.5,0.0
BDL,COCHINSHIP,1e-12,6.5688583e-07,0.00051259739,6.3743849,50000.0,False,,,1,-725.0067982080072,-672.0000000000073,0.0,1,0.0,-725.0067982080072,-672.0000000000073,0,0.0,0.0,0.0,12.5,25.5,0.5
BDL,COCHINSHIP,1e-12,6.5688583e-07,0.00051259739,6.3743849,50000.0,False,,,1,-683.4336597440015,-630.4000000000015,0.0,1,0.0,-683.4336597440015,-630.4000000000015,0,0.0,0.0,0.0,12.5,25.5,1.0
BDL,COCHINSHIP,1e-12,6.5688583e-07,0.00051259739,6.3743849,50000.0,False,,,1,-868.9138159680145,-816.0000000000146,0.0,1,0.0,-868.9138159680145,-816.0000000000146,0,0.0,0.0,0.0,12.5,26.0,0.0
BDL,COCHINSHIP,1e-12,6.5688583e-07,0.00051259739,6.3743849,50000.0,False,,,1,-725.0067982080072,-672.0000000000073,0.0,1,0.0,-725.0067982080072,-672.0000000000073,0,0.0,0.0,0.0,12.5,26.0,0.5
BDL,COCHINSHIP,1e-12,6.5688583e-07,0.00051259739,6.3743849,50000.0,False,,,1,-683.4336597440015,-630.4000000000015,0.0,1,0.0,-683.4336597440015,-630.4000000000015,0,0.0,0.0,0.0,12.5,26.0,1.0
BDL,COCHINSHIP,1e-12,6.5688583e-07,0.00051259739,6.3743849,50000.0,False,,,1,-868.9138159680145,-816.0000000000146,0.0,1,0.0,-868.9138159680145,-816.0000000000146,0,0.0,0.0,0.0,12.5,26.5,0.0
BDL,COCHINSHIP,1e-12,6.5688583e-07,0.00051259739,6.3743849,50000.0,False,,,1,-725.0067982080072,-672.0000000000073,0.0,1,0.0,-725.0067982080072,-672.0000000000073,0,0.0,0.0,0.0,12.5,26.5,0.5
BDL,COCHINSHIP,1e-12,6.5688583e-07,0.00051259739,6.3743849,50000.0,False,,,1,-683.4336597440015,-630.4000000000015,0.0,1,0.0,-683.4336597440015,-630.4000000000015,0,0.0,0.0,0.0,12.5,26.5,1.0
BDL,COCHINSHIP,1e-12,6.5688583e-07,0.00051259739,6.3743849,50000.0,False,,,1,-868.9138159680145,-816.0000000000146,0.0,1,0.0,-868.9138159680145,-816.0000000000146,0,0.0,0.0,0.0,12.5,27.0,0.0
BDL,COCHINSHIP,1e-12,6.5688583e-07,0.00051259739,6.3743849,50000.0,False,,,1,-725.0067982080072,-672.0000000000073,0.0,1,0.0,-725.0067982080072,-672.0000000000073,0,0.0,0.0,0.0,12.5,27.0,0.5
BDL,COCHINSHIP,1e-12,6.5688583e-07,0.00051259739,6.3743849,50000.0,False,,,1,-683.4336597440015,-630.4000000000015,0.0,1,0.0,-683.4336597440015,-630.4000000000015,0,0.0,0.0,0.0,12.5,27.0,1.0
BDL,COCHINSHIP,1e-12,6.5688583e-07,0.00051259739,6.3743849,50000.0,False,,,1,-868.9138159680145,-816.0000000000146,0.0,1,0.0,-868.9138159680145,-816.0000000000146,0,0.0,0.0,0.0,12.5,27.5,0.0
BDL,COCHINSHIP,1e-12,6.5688583e-07,0.00051259739,6.3743849,50000.0,False,,,1,-725.0067982080072,-672.0000000000073,0.0,1,0.0,-725.0067982080072,-672.0000000000073,0,0.0,0.0,0.0,12.5,27.5,0.5
BDL,COCHINSHIP,1e-12,6.5688583e-07,0.00051259739,6.3743849,50000.0,False,,,1,-683.4336597440015,-630.4000000000015,0.0,1,0.0,-683.4336597440015,-630.4000000000015,0,0.0,0.0,0.0,12.5,27.5,1.0
BDL,COCHINSHIP,1e-12,6.5688583e-07,0.00051259739,6.3743849,50000.0,False,,,1,-868.9138159680145,-816.0000000000146,0.0,1,0.0,-868.9138159680145,-816.0000000000146,0,0.0,0.0,0.0,12.5,28.0,0.0
BDL,COCHINSHIP,1e-12,6.5688583e-07,0.00051259739,6.3743849,50000.0,False,,,1,-725.0067982080072,-672.0000000000073,0.0,1,0.0,-725.0067982080072,-672.0000000000073,0,0.0,0.0,0.0,12.5,28.0,0.5
BDL,COCHINSHIP,1e-12,6.5688583e-07,0.00051259739,6.3743849,50000.0,False,,,1,-683.4336597440015,-630.4000000000015,0.0,1,0.0,-683.4336597440015,-630.4000000000015,0,0.0,0.0,0.0,12.5,28.0,1.0
BDL,COCHINSHIP,1e-12,6.5688583e-07,0.00051259739,6.3743849,50000.0,False,,,1,-868.9138159680145,-816.0000000000146,0.0,1,0.0,-868.9138159680145,-816.0000000000146,0,0.0,0.0,0.0,12.5,28.5,0.0
BDL,COCHINSHIP,1e-12,6.5688583e-07,0.00051259739,6.3743849,50000.0,False,,,1,-725.0067982080072,-672.0000000000073,0.0,1,0.0,-725.0067982080072,-672.0000000000073,0,0.0,0.0,0.0,12.5,28.5,0.5
BDL,COCHINSHIP,1e-12,6.5688583e-07,0.00051259739,6.3743849,50000.0,False,,,1,-683.4336597440015,-630.4000000000015,0.0,1,0.0,-683.4336597440015,-630.4000000000015,0,0.0,0.0,0.0,12.5,28.5,1.0
BDL,COCHINSHIP,1e-12,6.5688583e-07,0.00051259739,6.3743849,50000.0,False,,,1,-868.9138159680145,-816.0000000000146,0.0,1,0.0,-868.9138159680145,-816.0000000000146,0,0.0,0.0,0.0,12.5,29.0,0.0
BDL,COCHINSHIP,1e-12,6.5688583e-07,0.00051259739,6.3743849,50000.0,False,,,1,-725.0067982080072,-672.0000000000073,0.0,1,0.0,-725.0067982080072,-672.0000000000073,0,0.0,0.0,0.0,12.5,29.0,0.5
BDL,COCHINSHIP,1e-12,6.5688583e-07,0.00051259739,6.3743849,50000.0,False,,,1,-683.4336597440015,-630.4000000000015,0.0,1,0.0,-683.4336597440015,-630.4000000000015,0,0.0,0.0,0.0,12.5,29.0,1.0
BDL,COCHINSHIP,1e-12,6.5688583e-07,0.00051259739,6.3743849,50000.0,False,,,1,-868.9138159680145,-816.0000000000146,0.0,1,0.0,-868.9138159680145,-816.0000000000146,0,0.0,0.0,0.0,12.5,29.5,0.0
BDL,COCHINSHIP,1e-12,6.5688583e-07,0.00051259739,6.3743849,50000.0,False,,,1,-725.0067982080072,-672.0000000000073,0.0,1,0.0,-725.0067982080072,-672.0000000000073,0,0.0,0.0,0.0,12.5,29.5,0.5
BDL,COCHINSHIP,1e-12,6.5688583e-07,0.00051259739,6.3743849,50000.0,False,,,1,-683.4336597440015,-630.4000000000015,0.0,1,0.0,-683.4336597440015,-630.4000000000015,0,0.0,0.0,0.0,12.5,29.5,1.0
BDL,COCHINSHIP,1e-12,6.5688583e-07,0.00051259739,6.3743849,50000.0,False,,,1,-868.9138159680145,-816.0000000000146,0.0,1,0.0,-868.9138159680145,-816.0000000000146,0,0.0,0.0,0.0,12.5,30.0,0.0
BDL,COCHINSHIP,1e-12,6.5688583e-07,0.00051259739,6.3743849,50000.0,False,,,1,-725.0067982080072,-672.0000000000073,0.0,1,0.0,-725.0067982080072,-672.0000000000073,0,0.0,0.0,0.0,12.5,30.0,0.5
BDL,COCHINSHIP,1e-12,6.5688583e-07,0.00051259739,6.3743849,50000.0,False,,,1,-683.4336597440015,-630.4000000000015,0.0,1,0.0,-683.4336597440015,-630.4000000000015,0,0.0,0.0,0.0,12.5,30.0,1.0
BDL,COCHINSHIP,1e-12,6.5688583e-07,0.00051259739,6.3743849,50000.0,False,,,1,-267.70227510399417,-214.39999999999418,0.0,1,0.0,-267.70227510399417,-214.39999999999418,0,0.0,0.0,0.0,13.0,13.5,0.0
BDL,COCHINSHIP,1e-12,6.5688583e-07,0.00051259739,6.3743849,50000.0,False,,,1,-267.70227510399417,-214.39999999999418,0.0,1,0.0,-267.70227510399417,-214.39999999999418,0,0.0,0.0,0.0,13.0,13.5,0.5
BDL,COCHINSHIP,1e-12,6.5688583e-07,0.00051259739,6.3743849,50000.0,False,,,1,-267.70227510399417,-214.39999999999418,0.0,1,0.0,-267.70227510399417,-214.39999999999418,0,0.0,0.0,0.0,13.0,13.5,1.0
BDL,COCHINSHIP,1e-12,6.5688583e-07,0.00051259739,6.3743849,50000.0,False,,,1,-267.70227510399417,-214.39999999999418,0.0,1,0.0,-267.70227510399417,-214.39999999999418,0,0.0,0.0,0.0,13.0,14.0,0.0
BDL,COCHINSHIP,1e-12,6.5688583e-07,0.00051259739,6.3743849,50000.0,False,,,1,-267.70227510399417,-214.39999999999418,0.0,1,0.0,-267.70227510399417,-214.39999999999418,0,0.0,0.0,0.0,13.0,14.0,0.5
BDL,COCHINSHIP,1e-12,6.5688583e-07,0.00051259739,6.3743849,50000.0,False,,,1,-267.70227510399417,-214.39999999999418,0.0,1,0.0,-267.70227510399417,-214.39999999999418,0,0.0,0.0,0.0,13.0,14.0,1.0
BDL,COCHINSHIP,1e-12,6.5688583e-07,0.00051259739,6.3743849,50000.0,False,,,1,-267.70227510399417,-214.39999999999418,0.0,1,0.0,-267.70227510399417,-214.39999999999418,0,0.0,0.0,0.0,13.0,14.5,0.0
BDL,COCHINSHIP,1e-12,6.5688583e-07,0.00051259739,6.3743849,50000.0,False,,,1,-267.70227510399417,-214.39999999999418,0.0,1,0.0,-267.70227510399417,-214.39999999999418,0,0.0,0.0,0.0,13.0,14.5,0.5
BDL,COCHINSHIP,1e-12,6.5688583e-07,0.00051259739,6.3743849,50000.0,False,,,1,-267.70227510399417,-214.39999999999418,0.0,1,0.0,-267.70227510399417,-214.39999999999418,0,0.0,0.0,0.0,13.0,14.5,1.0
BDL,COCHINSHIP,1e-12,6.5688583e-07,0.00051259739,6.3743849,50000.0,False,,,1,-267.70227510399417,-214.39999999999418,0.0,1,0.0,-267.70227510399417,-214.39999999999418,0,0.0,0.0,0.0,13.0,15.0,0.0
BDL,COCHINSHIP,1e-12,6.5688583e-07,0.00051259739,6.3743849,50000.0,False,,,1,-267.70227510399417,-214.39999999999418,0.0,1,0.0,-267.70227510399417,-214.39999999999418,0,0.0,0.0,0.0,13.0,15.0,0.5
BDL,COCHINSHIP,1e-12,6.5688583e-07,0.00051259739,6.3743849,50000.0,False,,,1,-267.70227510399417,-214.39999999999418,0.0,1,0.0,-267.70227510399417,-214.39999999999418,0,0.0,0.0,0.0,13.0,15.0,1.0
BDL,COCHINSHIP,1e-12,6.5688583e-07,0.00051259739,6.3743849,50000.0,False,,,1,-267.70227510399417,-214.39999999999418,0.0,1,0.0,-267.70227510399417,-214.39999999999418,0,0.0,0.0,0.0,13.0,15.5,0.0
BDL,COCHINSHIP,1e-12,6.5688583e-07,0.00051259739,6.3743849,50000.0,False,,,1,-267.70227510399417,-214.39999999999418,0.0,1,0.0,-267.70227510399417,-214.39999999999418,0,0.0,0.0,0.0,13.0,15.5,0.5
BDL,COCHINSHIP,1e-12,6.5688583e-07,0.00051259739,6.3743849,50000.0,False,,,1,-267.70227510399417,-214.39999999999418,0.0,1,0.0,-267.70227510399417,-214.39999999999418,0,0.0,0.0,0.0,13.0,15.5,1.0
BDL,COCHINSHIP,1e-12,6.5688583e-07,0.00051259739,6.3743849,50000.0,False,,,1,-267.70227510399417,-214.39999999999418,0.0,1,0.0,-267.70227510399417,-214.39999999999418,0,0.0,0.0,0.0,13.0,16.0,0.0
BDL,COCHINSHIP,1e-12,6.5688583e-07,0.00051259739,6.3743849,50000.0,False,,,1,-267.70227510399417,-214.39999999999418,0.0,1,0.0,-267.70227510399417,-214.39999999999418,0,0.0,0.0,0.0,13.0,16.0,0.5
BDL,COCHINSHIP,1e-12,6.5688583e-07,0.00051259739,6.3743849,50000.0,False,,,1,-267.70227510399417,-214.39999999999418,0.0,1,0.0,-267.70227510399417,-214.39999999999418,0,0.0,0.0,0.0,13.0,16.0,1.0
BDL,COCHINSHIP,1e-12,6.5688583e-07,0.00051259739,6.3743849,50000.0,False,,,1,-267.70227510399417,-214.39999999999418,0.0,1,0.0,-267.70227510399417,-214.39999999999418,0,0.0,0.0,0.0,13.0,16.5,0.0
BDL,COCHINSHIP,1e-12,6.5688583e-07,0.00051259739,6.3743849,50000.0,False,,,1,-267.70227510399417,-214.39999999999418,0.0,1,0.0,-267.70227510399417,-214.39999999999418,0,0.0,0.0,0.0,13.0,16.5,0.5
BDL,COCHINSHIP,1e-12,6.5688583e-07,0.00051259739,6.3743849,50000.0,False,,,1,-267.70227510399417,-214.39999999999418,0.0,1,0.0,-267.70227510399417,-214.39999999999418,0,0.0,0.0,0.0,13.0,16.5,1.0
BDL,COCHINSHIP,1e-12,6.5688583e-07,0.00051259739,6.3743849,50000.0,False,,,1,-267.70227510399417,-214.39999999999418,0.0,1,0.0,-267.70227510399417,-214.39999999999418,0,0.0,0.0,0.0,13.0,17.0,0.0
BDL,COCHINSHIP,1e-12,6.5688583e-07,0.00051259739,6.3743849,50000.0,False,,,1,-267.70227510399417,-214.39999999999418,0.0,1,0.0,-267.70227510399417,-214.39999999999418,0,0.0,0.0,0.0,13.0,17.0,0.5
BDL,COCHINSHIP,1e-12,6.5688583e-07,0.00051259739,6.3743849,50000.0,False,,,1,-267.70227510399417,-214.39999999999418,0.0,1,0.0,-267.70227510399417,-214.39999999999418,0,0.0,0.0,0.0,13.0,17.0,1.0
BDL,COCHINSHIP,1e-12,6.5688583e-07,0.00051259739,6.3743849,50000.0,False,,,1,-267.70227510399417,-214.39999999999418,0.0,1,0.0,-267.70227510399417,-214.39999999999418,0,0.0,0.0,0.0,13.0,17.5,0.0
BDL,COCHINSHIP,1e-12,6.5688583e-07,0.00051259739,6.3743849,50000.0,False,,,1,-267.70227510399417,-214.39999999999418,0.0,1,0.0,-267.70227510399417,-214.39999999999418,0,0.0,0.0,0.0,13.0,17.5,0.5
BDL,COCHINSHIP,1e-12,6.5688583e-07,0.00051259739,6.3743849,50000.0,False,,,1,-267.70227510399417,-214.39999999999418,0.0,1,0.0,-267.70227510399417,-214.39999999999418,0,0.0,0.0,0.0,13.0,17.5,1.0
BDL,COCHINSHIP,1e-12,6.5688583e-07,0.00051259739,6.3743849,50000.0,False,,,1,-267.70227510399417,-214.39999999999418,0.0,1,0.0,-267.70227510399417,-214.39999999999418,0,0.0,0.0,0.0,13.0,18.0,0.0
BDL,COCHINSHIP,1e-12,6.5688583e-07,0.00051259739,6.3743849,50000.0,False,,,1,-267.70227510399417,-214.39999999999418,0.0,1,0.0,-267.70227510399417,-214.39999999999418,0,0.0,0.0,0.0,13.0,18.0,0.5
BDL,COCHINSHIP,1e-12,6.5688583e-07,0.00051259739,6.3743849,50000.0,False,,,1,-267.70227510399417,-214.39999999999418,0.0,1,0.0,-267.70227510399417,-214.39999999999418,0,0.0,0.0,0.0,13.0,18.0,1.0
BDL,COCHINSHIP,1e-12,6.5688583e-07,0.00051259739,6.3743849,50000.0,False,,,1,-267.70227510399417,-214.39999999999418,0.0,1,0.0,-267.70227510399417,-214.39999999999418,0,0.0,0.0,0.0,13.0,18.5,0.0
BDL,COCHINSHIP,1e-12,6.5688583e-07,0.00051259739,6.3743849,50000.0,False,,,1,-267.70227510399417,-214.39999999999418,0.0,1,0.0,-267.70227510399417,-214.39999999999418,0,0.0,0.0,0.0,13.0,18.5,0.5
BDL,COCHINSHIP,1e-12,6.5688583e-07,0.00051259739,6.3743849,50000.0,False,,,1,-267.70227510399417,-214.39999999999418,0.0,1,0.0,-267.70227510399417,-214.39999999999418,0,0.0,0.0,0.0,13.0,18.5,1.0
BDL,COCHINSHIP,1e-12,6.5688583e-07,0.00051259739,6.3743849,50000.0,False,,,1,-267.70227510399417,-214.39999999999418,0.0,1,0.0,-267.70227510399417,-214.39999999999418,0,0.0,0.0,0.0,13.0,19.0,0.0
BDL,COCHINSHIP,1e-12,6.5688583e-07,0.00051259739,6.3743849,50000.0,False,,,1,-267.70227510399417,-214.39999999999418,0.0,1,0.0,-267.70227510399417,-214.39999999999418,0,0.0,0.0,0.0,13.0,19.0,0.5
BDL,COCHINSHIP,1e-12,6.5688583e-07,0.00051259739,6.3743849,50000.0,False,,,1,-267.70227510399417,-214.39999999999418,0.0,1,0.0,-267.70227510399417,-214.39999999999418,0,0.0,0.0,0.0,13.0,19.0,1.0
BDL,COCHINSHIP,1e-12,6.5688583e-07,0.00051259739,6.3743849,50000.0,False,,,1,-868.9138159680145,-816.0000000000146,0.0,1,0.0,-868.9138159680145,-816.0000000000146,0,0.0,0.0,0.0,13.0,19.5,0.0
BDL,COCHINSHIP,1e-12,6.5688583e-07,0.00051259739,6.3743849,50000.0,False,,,1,-725.0067982080072,-672.0000000000073,0.0,1,0.0,-725.0067982080072,-672.0000000000073,0,0.0,0.0,0.0,13.0,19.5,0.5
BDL,COCHINSHIP,1e-12,6.5688583e-07,0.00051259739,6.3743849,50000.0,False,,,1,-683.4336597440015,-630.4000000000015,0.0,1,0.0,-683.4336597440015,-630.4000000000015,0,0.0,0.0,0.0,13.0,19.5,1.0
BDL,COCHINSHIP,1e-12,6.5688583e-07,0.00051259739,6.3743849,50000.0,False,,,1,-868.9138159680145,-816.0000000000146,0.0,1,0.0,-868.9138159680145,-816.0000000000146,0,0.0,0.0,0.0,13.0,20.0,0.0
BDL,COCHINSHIP,1e-12,6.5688583e-07,0.00051259739,6.3743849,50000.0,False,,,1,-725.0067982080072,-672.0000000000073,0.0,1,0.0,-725.0067982080072,-672.0000000000073,0,0.0,0.0,0.0,13.0,20.0,0.5
BDL,COCHINSHIP,1e-12,6.5688583e-07,0.00051259739,6.3743849,50000.0,False,,,1,-683.4336597440015,-630.4000000000015,0.0,1,0.0,-683.4336597440015,-630.4000000000015,0,0.0,0.0,0.0,13.0,20.0,1.0
BDL,COCHINSHIP,1e-12,6.5688583e-07,0.00051259739,6.3743849,50000.0,False,,,1,-868.9138159680145,-816.0000000000146,0.0,1,0.0,-868.9138159680145,-816.0000000000146,0,0.0,0.0,0.0,13.0,20.5,0.0
BDL,COCHINSHIP,1e-12,6.5688583e-07,0.00051259739,6.3743849,50000.0,False,,,1,-725.0067982080072,-672.0000000000073,0.0,1,0.0,-725.0067982080072,-672.0000000000073,0,0.0,0.0,0.0,13.0,20.5,0.5
BDL,COCHINSHIP,1e-12,6.5688583e-07,0.00051259739,6.3743849,50000.0,False,,,1,-683.4336597440015,-630.4000000000015,0.0,1,0.0,-683.4336597440015,-630.4000000000015,0,0.0,0.0,0.0,13.0,20.5,1.0
BDL,COCHINSHIP,1e-12,6.5688583e-07,0.00051259739,6.3743849,50000.0,False,,,1,-868.9138159680145,-816.0000000000146,0.0,1,0.0,-868.9138159680145,-816.0000000000146,0,0.0,0.0,0.0,13.0,21.0,0.0
BDL,COCHINSHIP,1e-12,6.5688583e-07,0.00051259739,6.3743849,50000.0,False,,,1,-725.0067982080072,-672.0000000000073,0.0,1,0.0,-725.0067982080072,-672.0000000000073,0,0.0,0.0,0.0,13.0,21.0,0.5
BDL,COCHINSHIP,1e-12,6.5688583e-07,0.00051259739,6.3743849,50000.0,False,,,1,-683.4336597440015,-630.4000000000015,0.0,1,0.0,-683.4336597440015,-630.4000000000015,0,0.0,0.0,0.0,13.0,21.0,1.0
BDL,COCHINSHIP,1e-12,6.5688583e-07,0.00051259739,6.3743849,50000.0,False,,,1,-868.9138159680145,-816.0000000000146,0.0,1,0.0,-868.9138159680145,-816.0000000000146,0,0.0,0.0,0.0,13.0,21.5,0.0
BDL,COCHINSHIP,1e-12,6.5688583e-07,0.00051259739,6.3743849,50000.0,False,,,1,-725.0067982080072,-672.0000000000073,0.0,1,0.0,-725.0067982080072,-672.0000000000073,0,0.0,0.0,0.0,13.0,21.5,0.5
BDL,COCHINSHIP,1e-12,6.5688583e-07,0.00051259739,6.3743849,50000.0,False,,,1,-683.4336597440015,-630.4000000000015,0.0,1,0.0,-683.4336597440015,-630.4000000000015,0,0.0,0.0,0.0,13.0,21.5,1.0
BDL,COCHINSHIP,1e-12,6.5688583e-07,0.00051259739,6.3743849,50000.0,False,,,1,-868.9138159680145,-816.0000000000146,0.0,1,0.0,-868.9138159680145,-816.0000000000146,0,0.0,0.0,0.0,13.0,22.0,0.0
BDL,COCHINSHIP,1e-12,6.5688583e-07,0.00051259739,6.3743849,50000.0,False,,,1,-725.0067982080072,-672.0000000000073,0.0,1,0.0,-725.0067982080072,-672.0000000000073,0,0.0,0.0,0.0,13.0,22.0,0.5
BDL,COCHINSHIP,1e-12,6.5688583e-07,0.00051259739,6.3743849,50000.0,False,,,1,-683.4336597440015,-630.4000000000015,0.0,1,0.0,-683.4336597440015,-630.4000000000015,0,0.0,0.0,0.0,13.0,22.0,1.0
BDL,COCHINSHIP,1e-12,6.5688583e-07,0.00051259739,6.3743849,50000.0,False,,,1,-868.9138159680145,-816.0000000000146,0.0,1,0.0,-868.9138159680145,-816.0000000000146,0,0.0,0.0,0.0,13.0,22.5,0.0
BDL,COCHINSHIP,1e-12,6.5688583e-07,0.00051259739,6.3743849,50000.0,False,,,1,-725.0067982080072,-672.0000000000073,0.0,1,0.0,-725.0067982080072,-672.0000000000073,0,0.0,0.0,0.0,13.0,22.5,0.5
BDL,COCHINSHIP,1e-12,6.5688583e-07,0.00051259739,6.3743849,50000.0,False,,,1,-683.4336597440015,-630.4000000000015,0.0,1,0.0,-683.4336597440015,-630.4000000000015,0,0.0,0.0,0.0,13.0,22.5,1.0
BDL,COCHINSHIP,1e-12,6.5688583e-07,0.00051259739,6.3743849,50000.0,False,,,1,-868.9138159680145,-816.0000000000146,0.0,1,0.0,-868.9138159680145,-816.0000000000146,0,0.0,0.0,0.0,13.0,23.0,0.0
BDL,COCHINSHIP,1e-12,6.5688583e-07,0.00051259739,6.3743849,50000.0,False,,,1,-725.0067982080072,-672.0000000000073,0.0,1,0.0,-725.0067982080072,-672.0000000000073,0,0.0,0.0,0.0,13.0,23.0,0.5
BDL,COCHINSHIP,1e-12,6.5688583e-07,0.00051259739,6.3743849,50000.0,False,,,1,-683.4336597440015,-630.4000000000015,0.0,1,0.0,-683.4336597440015,-630.4000000000015,0,0.0,0.0,0.0,13.0,23.0,1.0
BDL,COCHINSHIP,1e-12,6.5688583e-07,0.00051259739,6.3743849,50000.0,False,,,1,-868.9138159680145,-816.0000000000146,0.0,1,0.0,-868.9138159680145,-816.0000000000146,0,0.0,0.0,0.0,13.0,23.5,0.0
BDL,COCHINSHIP,1e-12,6.5688583e-07,0.00051259739,6.3743849,50000.0,False,,,1,-725.0067982080072,-672.0000000000073,0.0,1,0.0,-725.0067982080072,-672.0000000000073,0,0.0,0.0,0.0,13.0,23.5,0.5
BDL,COCHINSHIP,1e-12,6.5688583e-07,0.00051259739,6.3743849,50000.0,False,,,1,-683.4336597440015,-630.4000000000015,0.0,1,0.0,-683.4336597440015,-630.4000000000015,0,0.0,0.0,0.0,13.0,23.5,1.0
BDL,COCHINSHIP,1e-12,6.5688583e-07,0.00051259739,6.3743849,50000.0,False,,,1,-868.9138159680145,-816.0000000000146,0.0,1,0.0,-868.9138159680145,-816.0000000000146,0,0.0,0.0,0.0,13.0,24.0,0.0
BDL,COCHINSHIP,1e-12,6.5688583e-07,0.00051259739,6.3743849,50000.0,False,,,1,-725.0067982080072,-672.0000000000073,0.0,1,0.0,-725.0067982080072,-672.0000000000073,0,0.0,0.0,0.0,13.0,24.0,0.5
BDL,COCHINSHIP,1e-12,6.5688583e-07,0.00051259739,6.3743849,50000.0,False,,,1,-683.4336597440015,-630.4000000000015,0.0,1,0.0,-683.4336597440015,-630.4000000000015,0,0.0,0.0,0.0,13.0,24.0,1.0
BDL,COCHINSHIP,1e-12,6.5688583e-07,0.00051259739,6.3743849,50000.0,False,,,1,-868.9138159680145,-816.0000000000146,0.0,1,0.0,-868.9138159680145,-816.0000000000146,0,0.0,0.0,0.0,13.0,24.5,0.0
BDL,COCHINSHIP,1e-12,6.5688583e-07,0.00051259739,6.3743849,50000.0,False,,,1,-725.0067982080072,-672.0000000000073,0.0,1,0.0,-725.0067982080072,-672.0000000000073,0,0.0,0.0,0.0,13.0,24.5,0.5
BDL,COCHINSHIP,1e-12,6.5688583e-07,0.00051259739,6.3743849,50000.0,False,,,1,-683.4336597440015,-630.4000000000015,0.0,1,0.0,-683.4336597440015,-630.4000000000015,0,0.0,0.0,0.0,13.0,24.5,1.0
BDL,COCHINSHIP,1e-12,6.5688583e-07,0.00051259739,6.3743849,50000.0,False,,,1,-868.9138159680145,-816.0000000000146,0.0,1,0.0,-868.9138159680145,-816.0000000000146,0,0.0,0.0,0.0,13.0,25.0,0.0
BDL,COCHINSHIP,1e-12,6.5688583e-07,0.00051259739,6.3743849,50000.0,False,,,1,-725.0067982080072,-672.0000000000073,0.0,1,0.0,-725.0067982080072,-672.0000000000073,0,0.0,0.0,0.0,13.0,25.0,0.5
BDL,COCHINSHIP,1e-12,6.5688583e-07,0.00051259739,6.3743849,50000.0,False,,,1,-683.4336597440015,-630.4000000000015,0.0,1,0.0,-683.4336597440015,-630.4000000000015,0,0.0,0.0,0.0,13.0,25.0,1.0
BDL,COCHINSHIP,1e-12,6.5688583e-07,0.00051259739,6.3743849,50000.0,False,,,1,-868.9138159680145,-816.0000000000146,0.0,1,0.0,-868.9138159680145,-816.0000000000146,0,0.0,0.0,0.0,13.0,25.5,0.0
BDL,COCHINSHIP,1e-12,6.5688583e-07,0.00051259739,6.3743849,50000.0,False,,,1,-725.0067982080072,-672.0000000000073,0.0,1,0.0,-725.0067982080072,-672.0000000000073,0,0.0,0.0,0.0,13.0,25.5,0.5
BDL,COCHINSHIP,1e-12,6.5688583e-07,0.00051259739,6.3743849,50000.0,False,,,1,-683.4336597440015,-630.4000000000015,0.0,1,0.0,-683.4336597440015,-630.4000000000015,0,0.0,0.0,0.0,13.0,25.5,1.0
BDL,COCHINSHIP,1e-12,6.5688583e-07,0.00051259739,6.3743849,50000.0,False,,,1,-868.9138159680145,-816.0000000000146,0.0,1,0.0,-868.9138159680145,-816.0000000000146,0,0.0,0.0,0.0,13.0,26.0,0.0
BDL,COCHINSHIP,1e-12,6.5688583e-07,0.00051259739,6.3743849,50000.0,False,,,1,-725.0067982080072,-672.0000000000073,0.0,1,0.0,-725.0067982080072,-672.0000000000073,0,0.0,0.0,0.0,13.0,26.0,0.5
BDL,COCHINSHIP,1e-12,6.5688583e-07,0.00051259739,6.3743849,50000.0,False,,,1,-683.4336597440015,-630.4000000000015,0.0,1,0.0,-683.4336597440015,-630.4000000000015,0,0.0,0.0,0.0,13.0,26.0,1.0
BDL,COCHINSHIP,1e-12,6.5688583e-07,0.00051259739,6.3743849,50000.0,False,,,1,-868.9138159680145,-816.0000000000146,0.0,1,0.0,-868.9138159680145,-816.0000000000146,0,0.0,0.0,0.0,13.0,26.5,0.0
BDL,COCHINSHIP,1e-12,6.5688583e-07,0.00051259739,6.3743849,50000.0,False,,,1,-725.0067982080072,-672.0000000000073,0.0,1,0.0,-725.0067982080072,-672.0000000000073,0,0.0,0.0,0.0,13.0,26.5,0.5
BDL,COCHINSHIP,1e-12,6.5688583e-07,0.00051259739,6.3743849,50000.0,False,,,1,-683.4336597440015,-630.4000000000015,0.0,1,0.0,-683.4336597440015,-630.4000000000015,0,0.0,0.0,0.0,13.0,26.5,1.0
BDL,COCHINSHIP,1e-12,6.5688583e-07,0.00051259739,6.3743849,50000.0,False,,,1,-868.9138159680145,-816.0000000000146,0.0,1,0.0,-868.9138159680145,-816.0000000000146,0,0.0,0.0,0.0,13.0,27.0,0.0
BDL,COCHINSHIP,1e-12,6.5688583e-07,0.00051259739,6.3743849,50000.0,False,,,1,-725.0067982080072,-672.0000000000073,0.0,1,0.0,-725.0067982080072,-672.0000000000073,0,0.0,0.0,0.0,13.0,27.0,0.5
BDL,COCHINSHIP,1e-12,6.5688583e-07,0.00051259739,6.3743849,50000.0,False,,,1,-683.4336597440015,-630.4000000000015,0.0,1,0.0,-683.4336597440015,-630.4000000000015,0,0.0,0.0,0.0,13.0,27.0,1.0
BDL,COCHINSHIP,1e-12,6.5688583e-07,0.00051259739,6.3743849,50000.0,False,,,1,-868.9138159680145,-816.0000000000146,0.0,1,0.0,-868.9138159680145,-816.0000000000146,0,0.0,0.0,0.0,13.0,27.5,0.0
BDL,COCHINSHIP,1e-12,6.5688583e-07,0.00051259739,6.3743849,50000.0,False,,,1,-725.0067982080072,-672.0000000000073,0.0,1,0.0,-725.0067982080072,-672.0000000000073,0,0.0,0.0,0.0,13.0,27.5,0.5
BDL,COCHINSHIP,1e-12,6.5688583e-07,0.00051259739,6.3743849,50000.0,False,,,1,-683.4336597440015,-630.4000000000015,0.0,1,0.0,-683.4336597440015,-630.4000000000015,0,0.0,0.0,0.0,13.0,27.5,1.0
BDL,COCHINSHIP,1e-12,6.5688583e-07,0.00051259739,6.3743849,50000.0,False,,,1,-868.9138159680145,-816.0000000000146,0.0,1,0.0,-868.9138159680145,-816.0000000000146,0,0.0,0.0,0.0,13.0,28.0,0.0
BDL,COCHINSHIP,1e-12,6.5688583e-07,0.00051259739,6.3743849,50000.0,False,,,1,-725.0067982080072,-672.0000000000073,0.0,1,0.0,-725.0067982080072,-672.0000000000073,0,0.0,0.0,0.0,13.0,28.0,0.5
BDL,COCHINSHIP,1e-12,6.5688583e-07,0.00051259739,6.3743849,50000.0,False,,,1,-683.4336597440015,-630.4000000000015,0.0,1,0.0,-683.4336597440015,-630.4000000000015,0,0.0,0.0,0.0,13.0,28.0,1.0
BDL,COCHINSHIP,1e-12,6.5688583e-07,0.00051259739,6.3743849,50000.0,False,,,1,-868.9138159680145,-816.0000000000146,0.0,1,0.0,-868.9138159680145,-816.0000000000146,0,0.0,0.0,0.0,13.0,28.5,0.0
BDL,COCHINSHIP,1e-12,6.5688583e-07,0.00051259739,6.3743849,50000.0,False,,,1,-725.0067982080072,-672.0000000000073,0.0,1,0.0,-725.0067982080072,-672.0000000000073,0,0.0,0.0,0.0,13.0,28.5,0.5
BDL,COCHINSHIP,1e-12,6.5688583e-07,0.00051259739,6.3743849,50000.0,False,,,1,-683.4336597440015,-630.4000000000015,0.0,1,0.0,-683.4336597440015,-630.4000000000015,0,0.0,0.0,0.0,13.0,28.5,1.0
BDL,COCHINSHIP,1e-12,6.5688583e-07,0.00051259739,6.3743849,50000.0,False,,,1,-868.9138159680145,-816.0000000000146,0.0,1,0.0,-868.9138159680145,-816.0000000000146,0,0.0,0.0,0.0,13.0,29.0,0.0
BDL,COCHINSHIP,1e-12,6.5688583e-07,0.00051259739,6.3743849,50000.0,False,,,1,-725.0067982080072,-672.0000000000073,0.0,1,0.0,-725.0067982080072,-672.0000000000073,0,0.0,0.0,0.0,13.0,29.0,0.5
BDL,COCHINSHIP,1e-12,6.5688583e-07,0.00051259739,6.3743849,50000.0,False,,,1,-683.4336597440015,-630.4000000000015,0.0,1,0.0,-683.4336597440015,-630.4000000000015,0,0.0,0.0,0.0,13.0,29.0,1.0
BDL,COCHINSHIP,1e-12,6.5688583e-07,0.00051259739,6.3743849,50000.0,False,,,1,-868.9138159680145,-816.0000000000146,0.0,1,0.0,-868.9138159680145,-816.0000000000146,0,0.0,0.0,0.0,13.0,29.5,0.0
BDL,COCHINSHIP,1e-12,6.5688583e-07,0.00051259739,6.3743849,50000.0,False,,,1,-725.0067982080072,-672.0000000000073,0.0,1,0.0,-725.0067982080072,-672.0000000000073,0,0.0,0.0,0.0,13.0,29.5,0.5
BDL,COCHINSHIP,1e-12,6.5688583e-07,0.00051259739,6.3743849,50000.0,False,,,1,-683.4336597440015,-630.4000000000015,0.0,1,0.0,-683.4336597440015,-630.4000000000015,0,0.0,0.0,0.0,13.0,29.5,1.0
BDL,COCHINSHIP,1e-12,6.5688583e-07,0.00051259739,6.3743849,50000.0,False,,,1,-868.9138159680145,-816.0000000000146,0.0,1,0.0,-868.9138159680145,-816.0000000000146,0,0.0,0.0,0.0,13.0,30.0,0.0
BDL,COCHINSHIP,1e-12,6.5688583e-07,0.00051259739,6.3743849,50000.0,False,,,1,-725.0067982080072,-672.0000000000073,0.0,1,0.0,-725.0067982080072,-672.0000000000073,0,0.0,0.0,0.0,13.0,30.0,0.5
BDL,COCHINSHIP,1e-12,6.5688583e-07,0.00051259739,6.3743849,50000.0,False,,,1,-683.4336597440015,-630.4000000000015,0.0,1,0.0,-683.4336597440015,-630.4000000000015,0,0.0,0.0,0.0,13.0,30.0,1.0
BDL,COCHINSHIP,1e-12,6.5688583e-07,0.00051259739,6.3743849,50000.0,False,,,1,-267.70227510399417,-214.39999999999418,0.0,1,0.0,-267.70227510399417,-214.39999999999418,0,0.0,0.0,0.0,13.5,14.0,0.0
BDL,COCHINSHIP,1e-12,6.5688583e-07,0.00051259739,6.3743849,50000.0,False,,,1,-267.70227510399417,-214.39999999999418,0.0,1,0.0,-267.70227510399417,-214.39999999999418,0,0.0,0.0,0.0,13.5,14.0,0.5
BDL,COCHINSHIP,1e-12,6.5688583e-07,0.00051259739,6.3743849,50000.0,False,,,1,-267.70227510399417,-214.39999999999418,0.0,1,0.0,-267.70227510399417,-214.39999999999418,0,0.0,0.0,0.0,13.5,14.0,1.0
BDL,COCHINSHIP,1e-12,6.5688583e-07,0.00051259739,6.3743849,50000.0,False,,,1,-267.70227510399417,-214.39999999999418,0.0,1,0.0,-267.70227510399417,-214.39999999999418,0,0.0,0.0,0.0,13.5,14.5,0.0
BDL,COCHINSHIP,1e-12,6.5688583e-07,0.00051259739,6.3743849,50000.0,False,,,1,-267.70227510399417,-214.39999999999418,0.0,1,0.0,-267.70227510399417,-214.39999999999418,0,0.0,0.0,0.0,13.5,14.5,0.5
BDL,COCHINSHIP,1e-12,6.5688583e-07,0.00051259739,6.3743849,50000.0,False,,,1,-267.70227510399417,-214.39999999999418,0.0,1,0.0,-267.70227510399417,-214.39999999999418,0,0.0,0.0,0.0,13.5,14.5,1.0
BDL,COCHINSHIP,1e-12,6.5688583e-07,0.00051259739,6.3743849,50000.0,False,,,1,-267.70227510399417,-214.39999999999418,0.0,1,0.0,-267.70227510399417,-214.39999999999418,0,0.0,0.0,0.0,13.5,15.0,0.0
BDL,COCHINSHIP,1e-12,6.5688583e-07,0.00051259739,6.3743849,50000.0,False,,,1,-267.70227510399417,-214.39999999999418,0.0,1,0.0,-267.70227510399417,-214.39999999999418,0,0.0,0.0,0.0,13.5,15.0,0.5
BDL,COCHINSHIP,1e-12,6.5688583e-07,0.00051259739,6.3743849,50000.0,False,,,1,-267.70227510399417,-214.39999999999418,0.0,1,0.0,-267.70227510399417,-214.39999999999418,0,0.0,0.0,0.0,13.5,15.0,1.0
BDL,COCHINSHIP,1e-12,6.5688583e-07,0.00051259739,6.3743849,50000.0,False,,,1,-267.70227510399417,-214.39999999999418,0.0,1,0.0,-267.70227510399417,-214.39999999999418,0,0.0,0.0,0.0,13.5,15.5,0.0
BDL,COCHINSHIP,1e-12,6.5688583e-07,0.00051259739,6.3743849,50000.0,False,,,1,-267.70227510399417,-214.39999999999418,0.0,1,0.0,-267.70227510399417,-214.39999999999418,0,0.0,0.0,0.0,13.5,15.5,0.5
BDL,COCHINSHIP,1e-12,6.5688583e-07,0.00051259739,6.3743849,50000.0,False,,,1,-267.70227510399417,-214.39999999999418,0.0,1,0.0,-267.70227510399417,-214.39999999999418,0,0.0,0.0,0.0,13.5,15.5,1.0
BDL,COCHINSHIP,1e-12,6.5688583e-07,0.00051259739,6.3743849,50000.0,False,,,1,-267.70227510399417,-214.39999999999418,0.0,1,0.0,-267.70227510399417,-214.39999999999418,0,0.0,0.0,0.0,13.5,16.0,0.0
BDL,COCHINSHIP,1e-12,6.5688583e-07,0.00051259739,6.3743849,50000.0,False,,,1,-267.70227510399417,-214.39999999999418,0.0,1,0.0,-267.70227510399417,-214.39999999999418,0,0.0,0.0,0.0,13.5,16.0,0.5
BDL,COCHINSHIP,1e-12,6.5688583e-07,0.00051259739,6.3743849,50000.0,False,,,1,-267.70227510399417,-214.39999999999418,0.0,1,0.0,-267.70227510399417,-214.39999999999418,0,0.0,0.0,0.0,13.5,16.0,1.0
BDL,COCHINSHIP,1e-12,6.5688583e-07,0.00051259739,6.3743849,50000.0,False,,,1,-267.70227510399417,-214.39999999999418,0.0,1,0.0,-267.70227510399417,-214.39999999999418,0,0.0,0.0,0.0,13.5,16.5,0.0
BDL,COCHINSHIP,1e-12,6.5688583e-07,0.00051259739,6.3743849,50000.0,False,,,1,-267.70227510399417,-214.39999999999418,0.0,1,0.0,-267.70227510399417,-214.39999999999418,0,0.0,0.0,0.0,13.5,16.5,0.5
BDL,COCHINSHIP,1e-12,6.5688583e-07,0.00051259739,6.3743849,50000.0,False,,,1,-267.70227510399417,-214.39999999999418,0.0,1,0.0,-267.70227510399417,-214.39999999999418,0,0.0,0.0,0.0,13.5,16.5,1.0
BDL,COCHINSHIP,1e-12,6.5688583e-07,0.00051259739,6.3743849,50000.0,False,,,1,-267.70227510399417,-214.39999999999418,0.0,1,0.0,-267.70227510399417,-214.39999999999418,0,0.0,0.0,0.0,13.5,17.0,0.0
BDL,COCHINSHIP,1e-12,6.5688583e-07,0.00051259739,6.3743849,50000.0,False,,,1,-267.70227510399417,-214.39999999999418,0.0,1,0.0,-267.70227510399417,-214.39999999999418,0,0.0,0.0,0.0,13.5,17.0,0.5
BDL,COCHINSHIP,1e-12,6.5688583e-07,0.00051259739,6.3743849,50000.0,False,,,1,-267.70227510399417,-214.39999999999418,0.0,1,0.0,-267.70227510399417,-214.39999999999418,0,0.0,0.0,0.0,13.5,17.0,1.0
BDL,COCHINSHIP,1e-12,6.5688583e-07,0.00051259739,6.3743849,50000.0,False,,,1,-267.70227510399417,-214.39999999999418,0.0,1,0.0,-267.70227510399417,-214.39999999999418,0,0.0,0.0,0.0,13.5,17.5,0.0
BDL,COCHINSHIP,1e-12,6.5688583e-07,0.00051259739,6.3743849,50000.0,False,,,1,-267.70227510399417,-214.39999999999418,0.0,1,0.0,-267.70227510399417,-214.39999999999418,0,0.0,0.0,0.0,13.5,17.5,0.5
BDL,COCHINSHIP,1e-12,6.5688583e-07,0.00051259739,6.3743849,50000.0,False,,,1,-267.70227510399417,-214.39999999999418,0.0,1,0.0,-267.70227510399417,-214.39999999999418,0,0.0,0.0,0.0,13.5,17.5,1.0
BDL,COCHINSHIP,1e-12,6.5688583e-07,0.00051259739,6.3743849,50000.0,False,,,1,-267.70227510399417,-214.39999999999418,0.0,1,0.0,-267.70227510399417,-214.39999999999418,0,0.0,0.0,0.0,13.5,18.0,0.0
BDL,COCHINSHIP,1e-12,6.5688583e-07,0.00051259739,6.3743849,50000.0,False,,,1,-267.70227510399417,-214.39999999999418,0.0,1,0.0,-267.70227510399417,-214.39999999999418,0,0.0,0.0,0.0,13.5,18.0,0.5
BDL,COCHINSHIP,1e-12,6.5688583e-07,0.00051259739,6.3743849,50000.0,False,,,1,-267.70227510399417,-214.39999999999418,0.0,1,0.0,-267.70227510399417,-214.39999999999418,0,0.0,0.0,0.0,13.5,18.0,1.0
BDL,COCHINSHIP,1e-12,6.5688583e-07,0.00051259739,6.3743849,50000.0,False,,,1,-267.70227510399417,-214.39999999999418,0.0,1,0.0,-267.70227510399417,-214.39999999999418,0,0.0,0.0,0.0,13.5,18.5,0.0
BDL,COCHINSHIP,1e-12,6.5688583e-07,0.00051259739,6.3743849,50000.0,False,,,1,-267.70227510399417,-214.39999999999418,0.0,1,0.0,-267.70227510399417,-214.39999999999418,0,0.0,0.0,0.0,13.5,18.5,0.5
BDL,COCHINSHIP,1e-12,6.5688583e-07,0.00051259739,6.3743849,50000.0,False,,,1,-267.70227510399417,-214.39999999999418,0.0,1,0.0,-267.70227510399417,-214.39999999999418,0,0.0,0.0,0.0,13.5,18.5,1.0
BDL,COCHINSHIP,1e-12,6.5688583e-07,0.00051259739,6.3743849,50000.0,False,,,1,-267.70227510399417,-214.39999999999418,0.0,1,0.0,-267.70227510399417,-214.39999999999418,0,0.0,0.0,0.0,13.5,19.0,0.0
BDL,COCHINSHIP,1e-12,6.5688583e-07,0.00051259739,6.3743849,50000.0,False,,,1,-267.70227510399417,-214.39999999999418,0.0,1,0.0,-267.70227510399417,-214.39999999999418,0,0.0,0.0,0.0,13.5,19.0,0.5
BDL,COCHINSHIP,1e-12,6.5688583e-07,0.00051259739,6.3743849,50000.0,False,,,1,-267.70227510399417,-214.39999999999418,0.0,1,0.0,-267.70227510399417,-214.39999999999418,0,0.0,0.0,0.0,13.5,19.0,1.0
BDL,COCHINSHIP,1e-12,6.5688583e-07,0.00051259739,6.3743849,50000.0,False,,,1,-868.9138159680145,-816.0000000000146,0.0,1,0.0,-868.9138159680145,-816.0000000000146,0,0.0,0.0,0.0,13.5,19.5,0.0
BDL,COCHINSHIP,1e-12,6.5688583e-07,0.00051259739,6.3743849,50000.0,False,,,1,-725.0067982080072,-672.0000000000073,0.0,1,0.0,-725.0067982080072,-672.0000000000073,0,0.0,0.0,0.0,13.5,19.5,0.5
BDL,COCHINSHIP,1e-12,6.5688583e-07,0.00051259739,6.3743849,50000.0,False,,,1,-683.4336597440015,-630.4000000000015,0.0,1,0.0,-683.4336597440015,-630.4000000000015,0,0.0,0.0,0.0,13.5,19.5,1.0
BDL,COCHINSHIP,1e-12,6.5688583e-07,0.00051259739,6.3743849,50000.0,False,,,1,-868.9138159680145,-816.0000000000146,0.0,1,0.0,-868.9138159680145,-816.0000000000146,0,0.0,0.0,0.0,13.5,20.0,0.0
BDL,COCHINSHIP,1e-12,6.5688583e-07,0.00051259739,6.3743849,50000.0,False,,,1,-725.0067982080072,-672.0000000000073,0.0,1,0.0,-725.0067982080072,-672.0000000000073,0,0.0,0.0,0.0,13.5,20.0,0.5
BDL,COCHINSHIP,1e-12,6.5688583e-07,0.00051259739,6.3743849,50000.0,False,,,1,-683.4336597440015,-630.4000000000015,0.0,1,0.0,-683.4336597440015,-630.4000000000015,0,0.0,0.0,0.0,13.5,20.0,1.0
BDL,COCHINSHIP,1e-12,6.5688583e-07,0.00051259739,6.3743849,50000.0,False,,,1,-868.9138159680145,-816.0000000000146,0.0,1,0.0,-868.9138159680145,-816.0000000000146,0,0.0,0.0,0.0,13.5,20.5,0.0
BDL,COCHINSHIP,1e-12,6.5688583e-07,0.00051259739,6.3743849,50000.0,False,,,1,-725.0067982080072,-672.0000000000073,0.0,1,0.0,-725.0067982080072,-672.0000000000073,0,0.0,0.0,0.0,13.5,20.5,0.5
BDL,COCHINSHIP,1e-12,6.5688583e-07,0.00051259739,6.3743849,50000.0,False,,,1,-683.4336597440015,-630.4000000000015,0.0,1,0.0,-683.4336597440015,-630.4000000000015,0,0.0,0.0,0.0,13.5,20.5,1.0
BDL,COCHINSHIP,1e-12,6.5688583e-07,0.00051259739,6.3743849,50000.0,False,,,1,-868.9138159680145,-816.0000000000146,0.0,1,0.0,-868.9138159680145,-816.0000000000146,0,0.0,0.0,0.0,13.5,21.0,0.0
BDL,COCHINSHIP,1e-12,6.5688583e-07,0.00051259739,6.3743849,50000.0,False,,,1,-725.0067982080072,-672.0000000000073,0.0,1,0.0,-725.0067982080072,-672.0000000000073,0,0.0,0.0,0.0,13.5,21.0,0.5
BDL,COCHINSHIP,1e-12,6.5688583e-07,0.00051259739,6.3743849,50000.0,False,,,1,-683.4336597440015,-630.4000000000015,0.0,1,0.0,-683.4336597440015,-630.4000000000015,0,0.0,0.0,0.0,13.5,21.0,1.0
BDL,COCHINSHIP,1e-12,6.5688583e-07,0.00051259739,6.3743849,50000.0,False,,,1,-868.9138159680145,-816.0000000000146,0.0,1,0.0,-868.9138159680145,-816.0000000000146,0,0.0,0.0,0.0,13.5,21.5,0.0
BDL,COCHINSHIP,1e-12,6.5688583e-07,0.00051259739,6.3743849,50000.0,False,,,1,-725.0067982080072,-672.0000000000073,0.0,1,0.0,-725.0067982080072,-672.0000000000073,0,0.0,0.0,0.0,13.5,21.5,0.5
BDL,COCHINSHIP,1e-12,6.5688583e-07,0.00051259739,6.3743849,50000.0,False,,,1,-683.4336597440015,-630.4000000000015,0.0,1,0.0,-683.4336597440015,-630.4000000000015,0,0.0,0.0,0.0,13.5,21.5,1.0
BDL,COCHINSHIP,1e-12,6.5688583e-07,0.00051259739,6.3743849,50000.0,False,,,1,-868.9138159680145,-816.0000000000146,0.0,1,0.0,-868.9138159680145,-816.0000000000146,0,0.0,0.0,0.0,13.5,22.0,0.0
BDL,COCHINSHIP,1e-12,6.5688583e-07,0.00051259739,6.3743849,50000.0,False,,,1,-725.0067982080072,-672.0000000000073,0.0,1,0.0,-725.0067982080072,-672.0000000000073,0,0.0,0.0,0.0,13.5,22.0,0.5
BDL,COCHINSHIP,1e-12,6.5688583e-07,0.00051259739,6.3743849,50000.0,False,,,1,-683.4336597440015,-630.4000000000015,0.0,1,0.0,-683.4336597440015,-630.4000000000015,0,0.0,0.0,0.0,13.5,22.0,1.0
BDL,COCHINSHIP,1e-12,6.5688583e-07,0.00051259739,6.3743849,50000.0,False,,,1,-868.9138159680145,-816.0000000000146,0.0,1,0.0,-868.9138159680145,-816.0000000000146,0,0.0,0.0,0.0,13.5,22.5,0.0
BDL,COCHINSHIP,1e-12,6.5688583e-07,0.00051259739,6.3743849,50000.0,False,,,1,-725.0067982080072,-672.0000000000073,0.0,1,0.0,-725.0067982080072,-672.0000000000073,0,0.0,0.0,0.0,13.5,22.5,0.5
BDL,COCHINSHIP,1e-12,6.5688583e-07,0.00051259739,6.3743849,50000.0,False,,,1,-683.4336597440015,-630.4000000000015,0.0,1,0.0,-683.4336597440015,-630.4000000000015,0,0.0,0.0,0.0,13.5,22.5,1.0
BDL,COCHINSHIP,1e-12,6.5688583e-07,0.00051259739,6.3743849,50000.0,False,,,1,-868.9138159680145,-816.0000000000146,0.0,1,0.0,-868.9138159680145,-816.0000000000146,0,0.0,0.0,0.0,13.5,23.0,0.0
BDL,COCHINSHIP,1e-12,6.5688583e-07,0.00051259739,6.3743849,50000.0,False,,,1,-725.0067982080072,-672.0000000000073,0.0,1,0.0,-725.0067982080072,-672.0000000000073,0,0.0,0.0,0.0,13.5,23.0,0.5
BDL,COCHINSHIP,1e-12,6.5688583e-07,0.00051259739,6.3743849,50000.0,False,,,1,-683.4336597440015,-630.4000000000015,0.0,1,0.0,-683.4336597440015,-630.4000000000015,0,0.0,0.0,0.0,13.5,23.0,1.0
BDL,COCHINSHIP,1e-12,6.5688583e-07,0.00051259739,6.3743849,50000.0,False,,,1,-868.9138159680145,-816.0000000000146,0.0,1,0.0,-868.9138159680145,-816.0000000000146,0,0.0,0.0,0.0,13.5,23.5,0.0
BDL,COCHINSHIP,1e-12,6.5688583e-07,0.00051259739,6.3743849,50000.0,False,,,1,-725.0067982080072,-672.0000000000073,0.0,1,0.0,-725.0067982080072,-672.0000000000073,0,0.0,0.0,0.0,13.5,23.5,0.5
BDL,COCHINSHIP,1e-12,6.5688583e-07,0.00051259739,6.3743849,50000.0,False,,,1,-683.4336597440015,-630.4000000000015,0.0,1,0.0,-683.4336597440015,-630.4000000000015,0,0.0,0.0,0.0,13.5,23.5,1.0
BDL,COCHINSHIP,1e-12,6.5688583e-07,0.00051259739,6.3743849,50000.0,False,,,1,-868.9138159680145,-816.0000000000146,0.0,1,0.0,-868.9138159680145,-816.0000000000146,0,0.0,0.0,0.0,13.5,24.0,0.0
BDL,COCHINSHIP,1e-12,6.5688583e-07,0.00051259739,6.3743849,50000.0,False,,,1,-725.0067982080072,-672.0000000000073,0.0,1,0.0,-725.0067982080072,-672.0000000000073,0,0.0,0.0,0.0,13.5,24.0,0.5
BDL,COCHINSHIP,1e-12,6.5688583e-07,0.00051259739,6.3743849,50000.0,False,,,1,-683.4336597440015,-630.4000000000015,0.0,1,0.0,-683.4336597440015,-630.4000000000015,0,0.0,0.0,0.0,13.5,24.0,1.0
BDL,COCHINSHIP,1e-12,6.5688583e-07,0.00051259739,6.3743849,50000.0,False,,,1,-868.9138159680145,-816.0000000000146,0.0,1,0.0,-868.9138159680145,-816.0000000000146,0,0.0,0.0,0.0,13.5,24.5,0.0
BDL,COCHINSHIP,1e-12,6.5688583e-07,0.00051259739,6.3743849,50000.0,False,,,1,-725.0067982080072,-672.0000000000073,0.0,1,0.0,-725.0067982080072,-672.0000000000073,0,0.0,0.0,0.0,13.5,24.5,0.5
BDL,COCHINSHIP,1e-12,6.5688583e-07,0.00051259739,6.3743849,50000.0,False,,,1,-683.4336597440015,-630.4000000000015,0.0,1,0.0,-683.4336597440015,-630.4000000000015,0,0.0,0.0,0.0,13.5,24.5,1.0
BDL,COCHINSHIP,1e-12,6.5688583e-07,0.00051259739,6.3743849,50000.0,False,,,1,-868.9138159680145,-816.0000000000146,0.0,1,0.0,-868.9138159680145,-816.0000000000146,0,0.0,0.0,0.0,13.5,25.0,0.0
BDL,COCHINSHIP,1e-12,6.5688583e-07,0.00051259739,6.3743849,50000.0,False,,,1,-725.0067982080072,-672.0000000000073,0.0,1,0.0,-725.0067982080072,-672.0000000000073,0,0.0,0.0,0.0,13.5,25.0,0.5
BDL,COCHINSHIP,1e-12,6.5688583e-07,0.00051259739,6.3743849,50000.0,False,,,1,-683.4336597440015,-630.4000000000015,0.0,1,0.0,-683.4336597440015,-630.4000000000015,0,0.0,0.0,0.0,13.5,25.0,1.0
BDL,COCHINSHIP,1e-12,6.5688583e-07,0.00051259739,6.3743849,50000.0,False,,,1,-868.9138159680145,-816.0000000000146,0.0,1,0.0,-868.9138159680145,-816.0000000000146,0,0.0,0.0,0.0,13.5,25.5,0.0
BDL,COCHINSHIP,1e-12,6.5688583e-07,0.00051259739,6.3743849,50000.0,False,,,1,-725.0067982080072,-672.0000000000073,0.0,1,0.0,-725.0067982080072,-672.0000000000073,0,0.0,0.0,0.0,13.5,25.5,0.5
BDL,COCHINSHIP,1e-12,6.5688583e-07,0.00051259739,6.3743849,50000.0,False,,,1,-683.4336597440015,-630.4000000000015,0.0,1,0.0,-683.4336597440015,-630.4000000000015,0,0.0,0.0,0.0,13.5,25.5,1.0
BDL,COCHINSHIP,1e-12,6.5688583e-07,0.00051259739,6.3743849,50000.0,False,,,1,-868.9138159680145,-816.0000000000146,0.0,1,0.0,-868.9138159680145,-816.0000000000146,0,0.0,0.0,0.0,13.5,26.0,0.0
BDL,COCHINSHIP,1e-12,6.5688583e-07,0.00051259739,6.3743849,50000.0,False,,,1,-725.0067982080072,-672.0000000000073,0.0,1,0.0,-725.0067982080072,-672.0000000000073,0,0.0,0.0,0.0,13.5,26.0,0.5
BDL,COCHINSHIP,1e-12,6.5688583e-07,0.00051259739,6.3743849,50000.0,False,,,1,-683.4336597440015,-630.4000000000015,0.0,1,0.0,-683.4336597440015,-630.4000000000015,0,0.0,0.0,0.0,13.5,26.0,1.0
BDL,COCHINSHIP,1e-12,6.5688583e-07,0.00051259739,6.3743849,50000.0,False,,,1,-868.9138159680145,-816.0000000000146,0.0,1,0.0,-868.9138159680145,-816.0000000000146,0,0.0,0.0,0.0,13.5,26.5,0.0
BDL,COCHINSHIP,1e-12,6.5688583e-07,0.00051259739,6.3743849,50000.0,False,,,1,-725.0067982080072,-672.0000000000073,0.0,1,0.0,-725.0067982080072,-672.0000000000073,0,0.0,0.0,0.0,13.5,26.5,0.5
BDL,COCHINSHIP,1e-12,6.5688583e-07,0.00051259739,6.3743849,50000.0,False,,,1,-683.4336597440015,-630.4000000000015,0.0,1,0.0,-683.4336597440015,-630.4000000000015,0,0.0,0.0,0.0,13.5,26.5,1.0
BDL,COCHINSHIP,1e-12,6.5688583e-07,0.00051259739,6.3743849,50000.0,False,,,1,-868.9138159680145,-816.0000000000146,0.0,1,0.0,-868.9138159680145,-816.0000000000146,0,0.0,0.0,0.0,13.5,27.0,0.0
BDL,COCHINSHIP,1e-12,6.5688583e-07,0.00051259739,6.3743849,50000.0,False,,,1,-725.0067982080072,-672.0000000000073,0.0,1,0.0,-725.0067982080072,-672.0000000000073,0,0.0,0.0,0.0,13.5,27.0,0.5
BDL,COCHINSHIP,1e-12,6.5688583e-07,0.00051259739,6.3743849,50000.0,False,,,1,-683.4336597440015,-630.4000000000015,0.0,1,0.0,-683.4336597440015,-630.4000000000015,0,0.0,0.0,0.0,13.5,27.0,1.0
BDL,COCHINSHIP,1e-12,6.5688583e-07,0.00051259739,6.3743849,50000.0,False,,,1,-868.9138159680145,-816.0000000000146,0.0,1,0.0,-868.9138159680145,-816.0000000000146,0,0.0,0.0,0.0,13.5,27.5,0.0
BDL,COCHINSHIP,1e-12,6.5688583e-07,0.00051259739,6.3743849,50000.0,False,,,1,-725.0067982080072,-672.0000000000073,0.0,1,0.0,-725.0067982080072,-672.0000000000073,0,0.0,0.0,0.0,13.5,27.5,0.5
BDL,COCHINSHIP,1e-12,6.5688583e-07,0.00051259739,6.3743849,50000.0,False,,,1,-683.4336597440015,-630.4000000000015,0.0,1,0.0,-683.4336597440015,-630.4000000000015,0,0.0,0.0,0.0,13.5,27.5,1.0
BDL,COCHINSHIP,1e-12,6.5688583e-07,0.00051259739,6.3743849,50000.0,False,,,1,-868.9138159680145,-816.0000000000146,0.0,1,0.0,-868.9138159680145,-816.0000000000146,0,0.0,0.0,0.0,13.5,28.0,0.0
BDL,COCHINSHIP,1e-12,6.5688583e-07,0.00051259739,6.3743849,50000.0,False,,,1,-725.0067982080072,-672.0000000000073,0.0,1,0.0,-725.0067982080072,-672.0000000000073,0,0.0,0.0,0.0,13.5,28.0,0.5
BDL,COCHINSHIP,1e-12,6.5688583e-07,0.00051259739,6.3743849,50000.0,False,,,1,-683.4336597440015,-630.4000000000015,0.0,1,0.0,-683.4336597440015,-630.4000000000015,0,0.0,0.0,0.0,13.5,28.0,1.0
BDL,COCHINSHIP,1e-12,6.5688583e-07,0.00051259739,6.3743849,50000.0,False,,,1,-868.9138159680145,-816.0000000000146,0.0,1,0.0,-868.9138159680145,-816.0000000000146,0,0.0,0.0,0.0,13.5,28.5,0.0
BDL,COCHINSHIP,1e-12,6.5688583e-07,0.00051259739,6.3743849,50000.0,False,,,1,-725.0067982080072,-672.0000000000073,0.0,1,0.0,-725.0067982080072,-672.0000000000073,0,0.0,0.0,0.0,13.5,28.5,0.5
BDL,COCHINSHIP,1e-12,6.5688583e-07,0.00051259739,6.3743849,50000.0,False,,,1,-683.4336597440015,-630.4000000000015,0.0,1,0.0,-683.4336597440015,-630.4000000000015,0,0.0,0.0,0.0,13.5,28.5,1.0
BDL,COCHINSHIP,1e-12,6.5688583e-07,0.00051259739,6.3743849,50000.0,False,,,1,-868.9138159680145,-816.0000000000146,0.0,1,0.0,-868.9138159680145,-816.0000000000146,0,0.0,0.0,0.0,13.5,29.0,0.0
BDL,COCHINSHIP,1e-12,6.5688583e-07,0.00051259739,6.3743849,50000.0,False,,,1,-725.0067982080072,-672.0000000000073,0.0,1,0.0,-725.0067982080072,-672.0000000000073,0,0.0,0.0,0.0,13.5,29.0,0.5
BDL,COCHINSHIP,1e-12,6.5688583e-07,0.00051259739,6.3743849,50000.0,False,,,1,-683.4336597440015,-630.4000000000015,0.0,1,0.0,-683.4336597440015,-630.4000000000015,0,0.0,0.0,0.0,13.5,29.0,1.0
BDL,COCHINSHIP,1e-12,6.5688583e-07,0.00051259739,6.3743849,50000.0,False,,,1,-868.9138159680145,-816.0000000000146,0.0,1,0.0,-868.9138159680145,-816.0000000000146,0,0.0,0.0,0.0,13.5,29.5,0.0
BDL,COCHINSHIP,1e-12,6.5688583e-07,0.00051259739,6.3743849,50000.0,False,,,1,-725.0067982080072,-672.0000000000073,0.0,1,0.0,-725.0067982080072,-672.0000000000073,0,0.0,0.0,0.0,13.5,29.5,0.5
BDL,COCHINSHIP,1e-12,6.5688583e-07,0.00051259739,6.3743849,50000.0,False,,,1,-683.4336597440015,-630.4000000000015,0.0,1,0.0,-683.4336597440015,-630.4000000000015,0,0.0,0.0,0.0,13.5,29.5,1.0
BDL,COCHINSHIP,1e-12,6.5688583e-07,0.00051259739,6.3743849,50000.0,False,,,1,-868.9138159680145,-816.0000000000146,0.0,1,0.0,-868.9138159680145,-816.0000000000146,0,0.0,0.0,0.0,13.5,30.0,0.0
BDL,COCHINSHIP,1e-12,6.5688583e-07,0.00051259739,6.3743849,50000.0,False,,,1,-725.0067982080072,-672.0000000000073,0.0,1,0.0,-725.0067982080072,-672.0000000000073,0,0.0,0.0,0.0,13.5,30.0,0.5
BDL,COCHINSHIP,1e-12,6.5688583e-07,0.00051259739,6.3743849,50000.0,False,,,1,-683.4336597440015,-630.4000000000015,0.0,1,0.0,-683.4336597440015,-630.4000000000015,0,0.0,0.0,0.0,13.5,30.0,1.0
BDL,COCHINSHIP,1e-12,6.5688583e-07,0.00051259739,6.3743849,50000.0,False,,,1,-267.70227510399417,-214.39999999999418,0.0,1,0.0,-267.70227510399417,-214.39999999999418,0,0.0,0.0,0.0,14.0,14.5,0.0
BDL,COCHINSHIP,1e-12,6.5688583e-07,0.00051259739,6.3743849,50000.0,False,,,1,-267.70227510399417,-214.39999999999418,0.0,1,0.0,-267.70227510399417,-214.39999999999418,0,0.0,0.0,0.0,14.0,14.5,0.5
BDL,COCHINSHIP,1e-12,6.5688583e-07,0.00051259739,6.3743849,50000.0,False,,,1,-267.70227510399417,-214.39999999999418,0.0,1,0.0,-267.70227510399417,-214.39999999999418,0,0.0,0.0,0.0,14.0,14.5,1.0
BDL,COCHINSHIP,1e-12,6.5688583e-07,0.00051259739,6.3743849,50000.0,False,,,1,-267.70227510399417,-214.39999999999418,0.0,1,0.0,-267.70227510399417,-214.39999999999418,0,0.0,0.0,0.0,14.0,15.0,0.0
BDL,COCHINSHIP,1e-12,6.5688583e-07,0.00051259739,6.3743849,50000.0,False,,,1,-267.70227510399417,-214.39999999999418,0.0,1,0.0,-267.70227510399417,-214.39999999999418,0,0.0,0.0,0.0,14.0,15.0,0.5
BDL,COCHINSHIP,1e-12,6.5688583e-07,0.00051259739,6.3743849,50000.0,False,,,1,-267.70227510399417,-214.39999999999418,0.0,1,0.0,-267.70227510399417,-214.39999999999418,0,0.0,0.0,0.0,14.0,15.0,1.0
BDL,COCHINSHIP,1e-12,6.5688583e-07,0.00051259739,6.3743849,50000.0,False,,,1,-267.70227510399417,-214.39999999999418,0.0,1,0.0,-267.70227510399417,-214.39999999999418,0,0.0,0.0,0.0,14.0,15.5,0.0
BDL,COCHINSHIP,1e-12,6.5688583e-07,0.00051259739,6.3743849,50000.0,False,,,1,-267.70227510399417,-214.39999999999418,0.0,1,0.0,-267.70227510399417,-214.39999999999418,0,0.0,0.0,0.0,14.0,15.5,0.5
BDL,COCHINSHIP,1e-12,6.5688583e-07,0.00051259739,6.3743849,50000.0,False,,,1,-267.70227510399417,-214.39999999999418,0.0,1,0.0,-267.70227510399417,-214.39999999999418,0,0.0,0.0,0.0,14.0,15.5,1.0
BDL,COCHINSHIP,1e-12,6.5688583e-07,0.00051259739,6.3743849,50000.0,False,,,1,-267.70227510399417,-214.39999999999418,0.0,1,0.0,-267.70227510399417,-214.39999999999418,0,0.0,0.0,0.0,14.0,16.0,0.0
BDL,COCHINSHIP,1e-12,6.5688583e-07,0.00051259739,6.3743849,50000.0,False,,,1,-267.70227510399417,-214.39999999999418,0.0,1,0.0,-267.70227510399417,-214.39999999999418,0,0.0,0.0,0.0,14.0,16.0,0.5
BDL,COCHINSHIP,1e-12,6.5688583e-07,0.00051259739,6.3743849,50000.0,False,,,1,-267.70227510399417,-214.39999999999418,0.0,1,0.0,-267.70227510399417,-214.39999999999418,0,0.0,0.0,0.0,14.0,16.0,1.0
BDL,COCHINSHIP,1e-12,6.5688583e-07,0.00051259739,6.3743849,50000.0,False,,,1,-267.70227510399417,-214.39999999999418,0.0,1,0.0,-267.70227510399417,-214.39999999999418,0,0.0,0.0,0.0,14.0,16.5,0.0
BDL,COCHINSHIP,1e-12,6.5688583e-07,0.00051259739,6.3743849,50000.0,False,,,1,-267.70227510399417,-214.39999999999418,0.0,1,0.0,-267.70227510399417,-214.39999999999418,0,0.0,0.0,0.0,14.0,16.5,0.5
BDL,COCHINSHIP,1e-12,6.5688583e-07,0.00051259739,6.3743849,50000.0,False,,,1,-267.70227510399417,-214.39999999999418,0.0,1,0.0,-267.70227510399417,-214.39999999999418,0,0.0,0.0,0.0,14.0,16.5,1.0
BDL,COCHINSHIP,1e-12,6.5688583e-07,0.00051259739,6.3743849,50000.0,False,,,1,-267.70227510399417,-214.39999999999418,0.0,1,0.0,-267.70227510399417,-214.39999999999418,0,0.0,0.0,0.0,14.0,17.0,0.0
BDL,COCHINSHIP,1e-12,6.5688583e-07,0.00051259739,6.3743849,50000.0,False,,,1,-267.70227510399417,-214.39999999999418,0.0,1,0.0,-267.70227510399417,-214.39999999999418,0,0.0,0.0,0.0,14.0,17.0,0.5
BDL,COCHINSHIP,1e-12,6.5688583e-07,0.00051259739,6.3743849,50000.0,False,,,1,-267.70227510399417,-214.39999999999418,0.0,1,0.0,-267.70227510399417,-214.39999999999418,0,0.0,0.0,0.0,14.0,17.0,1.0
BDL,COCHINSHIP,1e-12,6.5688583e-07,0.00051259739,6.3743849,50000.0,False,,,1,-267.70227510399417,-214.39999999999418,0.0,1,0.0,-267.70227510399417,-214.39999999999418,0,0.0,0.0,0.0,14.0,17.5,0.0
BDL,COCHINSHIP,1e-12,6.5688583e-07,0.00051259739,6.3743849,50000.0,False,,,1,-267.70227510399417,-214.39999999999418,0.0,1,0.0,-267.70227510399417,-214.39999999999418,0,0.0,0.0,0.0,14.0,17.5,0.5
BDL,COCHINSHIP,1e-12,6.5688583e-07,0.00051259739,6.3743849,50000.0,False,,,1,-267.70227510399417,-214.39999999999418,0.0,1,0.0,-267.70227510399417,-214.39999999999418,0,0.0,0.0,0.0,14.0,17.5,1.0
BDL,COCHINSHIP,1e-12,6.5688583e-07,0.00051259739,6.3743849,50000.0,False,,,1,-267.70227510399417,-214.39999999999418,0.0,1,0.0,-267.70227510399417,-214.39999999999418,0,0.0,0.0,0.0,14.0,18.0,0.0
BDL,COCHINSHIP,1e-12,6.5688583e-07,0.00051259739,6.3743849,50000.0,False,,,1,-267.70227510399417,-214.39999999999418,0.0,1,0.0,-267.70227510399417,-214.39999999999418,0,0.0,0.0,0.0,14.0,18.0,0.5
BDL,COCHINSHIP,1e-12,6.5688583e-07,0.00051259739,6.3743849,50000.0,False,,,1,-267.70227510399417,-214.39999999999418,0.0,1,0.0,-267.70227510399417,-214.39999999999418,0,0.0,0.0,0.0,14.0,18.0,1.0
BDL,COCHINSHIP,1e-12,6.5688583e-07,0.00051259739,6.3743849,50000.0,False,,,1,-267.70227510399417,-214.39999999999418,0.0,1,0.0,-267.70227510399417,-214.39999999999418,0,0.0,0.0,0.0,14.0,18.5,0.0
BDL,COCHINSHIP,1e-12,6.5688583e-07,0.00051259739,6.3743849,50000.0,False,,,1,-267.70227510399417,-214.39999999999418,0.0,1,0.0,-267.70227510399417,-214.39999999999418,0,0.0,0.0,0.0,14.0,18.5,0.5
BDL,COCHINSHIP,1e-12,6.5688583e-07,0.00051259739,6.3743849,50000.0,False,,,1,-267.70227510399417,-214.39999999999418,0.0,1,0.0,-267.70227510399417,-214.39999999999418,0,0.0,0.0,0.0,14.0,18.5,1.0
BDL,COCHINSHIP,1e-12,6.5688583e-07,0.00051259739,6.3743849,50000.0,False,,,1,-267.70227510399417,-214.39999999999418,0.0,1,0.0,-267.70227510399417,-214.39999999999418,0,0.0,0.0,0.0,14.0,19.0,0.0
BDL,COCHINSHIP,1e-12,6.5688583e-07,0.00051259739,6.3743849,50000.0,False,,,1,-267.70227510399417,-214.39999999999418,0.0,1,0.0,-267.70227510399417,-214.39999999999418,0,0.0,0.0,0.0,14.0,19.0,0.5
BDL,COCHINSHIP,1e-12,6.5688583e-07,0.00051259739,6.3743849,50000.0,False,,,1,-267.70227510399417,-214.39999999999418,0.0,1,0.0,-267.70227510399417,-214.39999999999418,0,0.0,0.0,0.0,14.0,19.0,1.0
BDL,COCHINSHIP,1e-12,6.5688583e-07,0.00051259739,6.3743849,50000.0,False,,,1,-868.9138159680145,-816.0000000000146,0.0,1,0.0,-868.9138159680145,-816.0000000000146,0,0.0,0.0,0.0,14.0,19.5,0.0
BDL,COCHINSHIP,1e-12,6.5688583e-07,0.00051259739,6.3743849,50000.0,False,,,1,-725.0067982080072,-672.0000000000073,0.0,1,0.0,-725.0067982080072,-672.0000000000073,0,0.0,0.0,0.0,14.0,19.5,0.5
BDL,COCHINSHIP,1e-12,6.5688583e-07,0.00051259739,6.3743849,50000.0,False,,,1,-683.4336597440015,-630.4000000000015,0.0,1,0.0,-683.4336597440015,-630.4000000000015,0,0.0,0.0,0.0,14.0,19.5,1.0
BDL,COCHINSHIP,1e-12,6.5688583e-07,0.00051259739,6.3743849,50000.0,False,,,1,-868.9138159680145,-816.0000000000146,0.0,1,0.0,-868.9138159680145,-816.0000000000146,0,0.0,0.0,0.0,14.0,20.0,0.0
BDL,COCHINSHIP,1e-12,6.5688583e-07,0.00051259739,6.3743849,50000.0,False,,,1,-725.0067982080072,-672.0000000000073,0.0,1,0.0,-725.0067982080072,-672.0000000000073,0,0.0,0.0,0.0,14.0,20.0,0.5
BDL,COCHINSHIP,1e-12,6.5688583e-07,0.00051259739,6.3743849,50000.0,False,,,1,-683.4336597440015,-630.4000000000015,0.0,1,0.0,-683.4336597440015,-630.4000000000015,0,0.0,0.0,0.0,14.0,20.0,1.0
BDL,COCHINSHIP,1e-12,6.5688583e-07,0.00051259739,6.3743849,50000.0,False,,,1,-868.9138159680145,-816.0000000000146,0.0,1,0.0,-868.9138159680145,-816.0000000000146,0,0.0,0.0,0.0,14.0,20.5,0.0
BDL,COCHINSHIP,1e-12,6.5688583e-07,0.00051259739,6.3743849,50000.0,False,,,1,-725.0067982080072,-672.0000000000073,0.0,1,0.0,-725.0067982080072,-672.0000000000073,0,0.0,0.0,0.0,14.0,20.5,0.5
BDL,COCHINSHIP,1e-12,6.5688583e-07,0.00051259739,6.3743849,50000.0,False,,,1,-683.4336597440015,-630.4000000000015,0.0,1,0.0,-683.4336597440015,-630.4000000000015,0,0.0,0.0,0.0,14.0,20.5,1.0
BDL,COCHINSHIP,1e-12,6.5688583e-07,0.00051259739,6.3743849,50000.0,False,,,1,-868.9138159680145,-816.0000000000146,0.0,1,0.0,-868.9138159680145,-816.0000000000146,0,0.0,0.0,0.0,14.0,21.0,0.0
BDL,COCHINSHIP,1e-12,6.5688583e-07,0.00051259739,6.3743849,50000.0,False,,,1,-725.0067982080072,-672.0000000000073,0.0,1,0.0,-725.0067982080072,-672.0000000000073,0,0.0,0.0,0.0,14.0,21.0,0.5
BDL,COCHINSHIP,1e-12,6.5688583e-07,0.00051259739,6.3743849,50000.0,False,,,1,-683.4336597440015,-630.4000000000015,0.0,1,0.0,-683.4336597440015,-630.4000000000015,0,0.0,0.0,0.0,14.0,21.0,1.0
BDL,COCHINSHIP,1e-12,6.5688583e-07,0.00051259739,6.3743849,50000.0,False,,,1,-868.9138159680145,-816.0000000000146,0.0,1,0.0,-868.9138159680145,-816.0000000000146,0,0.0,0.0,0.0,14.0,21.5,0.0
BDL,COCHINSHIP,1e-12,6.5688583e-07,0.00051259739,6.3743849,50000.0,False,,,1,-725.0067982080072,-672.0000000000073,0.0,1,0.0,-725.0067982080072,-672.0000000000073,0,0.0,0.0,0.0,14.0,21.5,0.5
BDL,COCHINSHIP,1e-12,6.5688583e-07,0.00051259739,6.3743849,50000.0,False,,,1,-683.4336597440015,-630.4000000000015,0.0,1,0.0,-683.4336597440015,-630.4000000000015,0,0.0,0.0,0.0,14.0,21.5,1.0
BDL,COCHINSHIP,1e-12,6.5688583e-07,0.00051259739,6.3743849,50000.0,False,,,1,-868.9138159680145,-816.0000000000146,0.0,1,0.0,-868.9138159680145,-816.0000000000146,0,0.0,0.0,0.0,14.0,22.0,0.0
BDL,COCHINSHIP,1e-12,6.5688583e-07,0.00051259739,6.3743849,50000.0,False,,,1,-725.0067982080072,-672.0000000000073,0.0,1,0.0,-725.0067982080072,-672.0000000000073,0,0.0,0.0,0.0,14.0,22.0,0.5
BDL,COCHINSHIP,1e-12,6.5688583e-07,0.00051259739,6.3743849,50000.0,False,,,1,-683.4336597440015,-630.4000000000015,0.0,1,0.0,-683.4336597440015,-630.4000000000015,0,0.0,0.0,0.0,14.0,22.0,1.0
BDL,COCHINSHIP,1e-12,6.5688583e-07,0.00051259739,6.3743849,50000.0,False,,,1,-868.9138159680145,-816.0000000000146,0.0,1,0.0,-868.9138159680145,-816.0000000000146,0,0.0,0.0,0.0,14.0,22.5,0.0
BDL,COCHINSHIP,1e-12,6.5688583e-07,0.00051259739,6.3743849,50000.0,False,,,1,-725.0067982080072,-672.0000000000073,0.0,1,0.0,-725.0067982080072,-672.0000000000073,0,0.0,0.0,0.0,14.0,22.5,0.5
BDL,COCHINSHIP,1e-12,6.5688583e-07,0.00051259739,6.3743849,50000.0,False,,,1,-683.4336597440015,-630.4000000000015,0.0,1,0.0,-683.4336597440015,-630.4000000000015,0,0.0,0.0,0.0,14.0,22.5,1.0
BDL,COCHINSHIP,1e-12,6.5688583e-07,0.00051259739,6.3743849,50000.0,False,,,1,-868.9138159680145,-816.0000000000146,0.0,1,0.0,-868.9138159680145,-816.0000000000146,0,0.0,0.0,0.0,14.0,23.0,0.0
BDL,COCHINSHIP,1e-12,6.5688583e-07,0.00051259739,6.3743849,50000.0,False,,,1,-725.0067982080072,-672.0000000000073,0.0,1,0.0,-725.0067982080072,-672.0000000000073,0,0.0,0.0,0.0,14.0,23.0,0.5
BDL,COCHINSHIP,1e-12,6.5688583e-07,0.00051259739,6.3743849,50000.0,False,,,1,-683.4336597440015,-630.4000000000015,0.0,1,0.0,-683.4336597440015,-630.4000000000015,0,0.0,0.0,0.0,14.0,23.0,1.0
BDL,COCHINSHIP,1e-12,6.5688583e-07,0.00051259739,6.3743849,50000.0,False,,,1,-868.9138159680145,-816.0000000000146,0.0,1,0.0,-868.9138159680145,-816.0000000000146,0,0.0,0.0,0.0,14.0,23.5,0.0
BDL,COCHINSHIP,1e-12,6.5688583e-07,0.00051259739,6.3743849,50000.0,False,,,1,-725.0067982080072,-672.0000000000073,0.0,1,0.0,-725.0067982080072,-672.0000000000073,0,0.0,0.0,0.0,14.0,23.5,0.5
BDL,COCHINSHIP,1e-12,6.5688583e-07,0.00051259739,6.3743849,50000.0,False,,,1,-683.4336597440015,-630.4000000000015,0.0,1,0.0,-683.4336597440015,-630.4000000000015,0,0.0,0.0,0.0,14.0,23.5,1.0
BDL,COCHINSHIP,1e-12,6.5688583e-07,0.00051259739,6.3743849,50000.0,False,,,1,-868.9138159680145,-816.0000000000146,0.0,1,0.0,-868.9138159680145,-816.0000000000146,0,0.0,0.0,0.0,14.0,24.0,0.0
BDL,COCHINSHIP,1e-12,6.5688583e-07,0.00051259739,6.3743849,50000.0,False,,,1,-725.0067982080072,-672.0000000000073,0.0,1,0.0,-725.0067982080072,-672.0000000000073,0,0.0,0.0,0.0,14.0,24.0,0.5
BDL,COCHINSHIP,1e-12,6.5688583e-07,0.00051259739,6.3743849,50000.0,False,,,1,-683.4336597440015,-630.4000000000015,0.0,1,0.0,-683.4336597440015,-630.4000000000015,0,0.0,0.0,0.0,14.0,24.0,1.0
BDL,COCHINSHIP,1e-12,6.5688583e-07,0.00051259739,6.3743849,50000.0,False,,,1,-868.9138159680145,-816.0000000000146,0.0,1,0.0,-868.9138159680145,-816.0000000000146,0,0.0,0.0,0.0,14.0,24.5,0.0
BDL,COCHINSHIP,1e-12,6.5688583e-07,0.00051259739,6.3743849,50000.0,False,,,1,-725.0067982080072,-672.0000000000073,0.0,1,0.0,-725.0067982080072,-672.0000000000073,0,0.0,0.0,0.0,14.0,24.5,0.5
BDL,COCHINSHIP,1e-12,6.5688583e-07,0.00051259739,6.3743849,50000.0,False,,,1,-683.4336597440015,-630.4000000000015,0.0,1,0.0,-683.4336597440015,-630.4000000000015,0,0.0,0.0,0.0,14.0,24.5,1.0
BDL,COCHINSHIP,1e-12,6.5688583e-07,0.00051259739,6.3743849,50000.0,False,,,1,-868.9138159680145,-816.0000000000146,0.0,1,0.0,-868.9138159680145,-816.0000000000146,0,0.0,0.0,0.0,14.0,25.0,0.0
BDL,COCHINSHIP,1e-12,6.5688583e-07,0.00051259739,6.3743849,50000.0,False,,,1,-725.0067982080072,-672.0000000000073,0.0,1,0.0,-725.0067982080072,-672.0000000000073,0,0.0,0.0,0.0,14.0,25.0,0.5
BDL,COCHINSHIP,1e-12,6.5688583e-07,0.00051259739,6.3743849,50000.0,False,,,1,-683.4336597440015,-630.4000000000015,0.0,1,0.0,-683.4336597440015,-630.4000000000015,0,0.0,0.0,0.0,14.0,25.0,1.0
BDL,COCHINSHIP,1e-12,6.5688583e-07,0.00051259739,6.3743849,50000.0,False,,,1,-868.9138159680145,-816.0000000000146,0.0,1,0.0,-868.9138159680145,-816.0000000000146,0,0.0,0.0,0.0,14.0,25.5,0.0
BDL,COCHINSHIP,1e-12,6.5688583e-07,0.00051259739,6.3743849,50000.0,False,,,1,-725.0067982080072,-672.0000000000073,0.0,1,0.0,-725.0067982080072,-672.0000000000073,0,0.0,0.0,0.0,14.0,25.5,0.5
BDL,COCHINSHIP,1e-12,6.5688583e-07,0.00051259739,6.3743849,50000.0,False,,,1,-683.4336597440015,-630.4000000000015,0.0,1,0.0,-683.4336597440015,-630.4000000000015,0,0.0,0.0,0.0,14.0,25.5,1.0
BDL,COCHINSHIP,1e-12,6.5688583e-07,0.00051259739,6.3743849,50000.0,False,,,1,-868.9138159680145,-816.0000000000146,0.0,1,0.0,-868.9138159680145,-816.0000000000146,0,0.0,0.0,0.0,14.0,26.0,0.0
BDL,COCHINSHIP,1e-12,6.5688583e-07,0.00051259739,6.3743849,50000.0,False,,,1,-725.0067982080072,-672.0000000000073,0.0,1,0.0,-725.0067982080072,-672.0000000000073,0,0.0,0.0,0.0,14.0,26.0,0.5
BDL,COCHINSHIP,1e-12,6.5688583e-07,0.00051259739,6.3743849,50000.0,False,,,1,-683.4336597440015,-630.4000000000015,0.0,1,0.0,-683.4336597440015,-630.4000000000015,0,0.0,0.0,0.0,14.0,26.0,1.0
BDL,COCHINSHIP,1e-12,6.5688583e-07,0.00051259739,6.3743849,50000.0,False,,,1,-868.9138159680145,-816.0000000000146,0.0,1,0.0,-868.9138159680145,-816.0000000000146,0,0.0,0.0,0.0,14.0,26.5,0.0
BDL,COCHINSHIP,1e-12,6.5688583e-07,0.00051259739,6.3743849,50000.0,False,,,1,-725.0067982080072,-672.0000000000073,0.0,1,0.0,-725.0067982080072,-672.0000000000073,0,0.0,0.0,0.0,14.0,26.5,0.5
BDL,COCHINSHIP,1e-12,6.5688583e-07,0.00051259739,6.3743849,50000.0,False,,,1,-683.4336597440015,-630.4000000000015,0.0,1,0.0,-683.4336597440015,-630.4000000000015,0,0.0,0.0,0.0,14.0,26.5,1.0
BDL,COCHINSHIP,1e-12,6.5688583e-07,0.00051259739,6.3743849,50000.0,False,,,1,-868.9138159680145,-816.0000000000146,0.0,1,0.0,-868.9138159680145,-816.0000000000146,0,0.0,0.0,0.0,14.0,27.0,0.0
BDL,COCHINSHIP,1e-12,6.5688583e-07,0.00051259739,6.3743849,50000.0,False,,,1,-725.0067982080072,-672.0000000000073,0.0,1,0.0,-725.0067982080072,-672.0000000000073,0,0.0,0.0,0.0,14.0,27.0,0.5
BDL,COCHINSHIP,1e-12,6.5688583e-07,0.00051259739,6.3743849,50000.0,False,,,1,-683.4336597440015,-630.4000000000015,0.0,1,0.0,-683.4336597440015,-630.4000000000015,0,0.0,0.0,0.0,14.0,27.0,1.0
BDL,COCHINSHIP,1e-12,6.5688583e-07,0.00051259739,6.3743849,50000.0,False,,,1,-868.9138159680145,-816.0000000000146,0.0,1,0.0,-868.9138159680145,-816.0000000000146,0,0.0,0.0,0.0,14.0,27.5,0.0
BDL,COCHINSHIP,1e-12,6.5688583e-07,0.00051259739,6.3743849,50000.0,False,,,1,-725.0067982080072,-672.0000000000073,0.0,1,0.0,-725.0067982080072,-672.0000000000073,0,0.0,0.0,0.0,14.0,27.5,0.5
BDL,COCHINSHIP,1e-12,6.5688583e-07,0.00051259739,6.3743849,50000.0,False,,,1,-683.4336597440015,-630.4000000000015,0.0,1,0.0,-683.4336597440015,-630.4000000000015,0,0.0,0.0,0.0,14.0,27.5,1.0
BDL,COCHINSHIP,1e-12,6.5688583e-07,0.00051259739,6.3743849,50000.0,False,,,1,-868.9138159680145,-816.0000000000146,0.0,1,0.0,-868.9138159680145,-816.0000000000146,0,0.0,0.0,0.0,14.0,28.0,0.0
BDL,COCHINSHIP,1e-12,6.5688583e-07,0.00051259739,6.3743849,50000.0,False,,,1,-725.0067982080072,-672.0000000000073,0.0,1,0.0,-725.0067982080072,-672.0000000000073,0,0.0,0.0,0.0,14.0,28.0,0.5
BDL,COCHINSHIP,1e-12,6.5688583e-07,0.00051259739,6.3743849,50000.0,False,,,1,-683.4336597440015,-630.4000000000015,0.0,1,0.0,-683.4336597440015,-630.4000000000015,0,0.0,0.0,0.0,14.0,28.0,1.0
BDL,COCHINSHIP,1e-12,6.5688583e-07,0.00051259739,6.3743849,50000.0,False,,,1,-868.9138159680145,-816.0000000000146,0.0,1,0.0,-868.9138159680145,-816.0000000000146,0,0.0,0.0,0.0,14.0,28.5,0.0
BDL,COCHINSHIP,1e-12,6.5688583e-07,0.00051259739,6.3743849,50000.0,False,,,1,-725.0067982080072,-672.0000000000073,0.0,1,0.0,-725.0067982080072,-672.0000000000073,0,0.0,0.0,0.0,14.0,28.5,0.5
BDL,COCHINSHIP,1e-12,6.5688583e-07,0.00051259739,6.3743849,50000.0,False,,,1,-683.4336597440015,-630.4000000000015,0.0,1,0.0,-683.4336597440015,-630.4000000000015,0,0.0,0.0,0.0,14.0,28.5,1.0
BDL,COCHINSHIP,1e-12,6.5688583e-07,0.00051259739,6.3743849,50000.0,False,,,1,-868.9138159680145,-816.0000000000146,0.0,1,0.0,-868.9138159680145,-816.0000000000146,0,0.0,0.0,0.0,14.0,29.0,0.0
BDL,COCHINSHIP,1e-12,6.5688583e-07,0.00051259739,6.3743849,50000.0,False,,,1,-725.0067982080072,-672.0000000000073,0.0,1,0.0,-725.0067982080072,-672.0000000000073,0,0.0,0.0,0.0,14.0,29.0,0.5
BDL,COCHINSHIP,1e-12,6.5688583e-07,0.00051259739,6.3743849,50000.0,False,,,1,-683.4336597440015,-630.4000000000015,0.0,1,0.0,-683.4336597440015,-630.4000000000015,0,0.0,0.0,0.0,14.0,29.0,1.0
BDL,COCHINSHIP,1e-12,6.5688583e-07,0.00051259739,6.3743849,50000.0,False,,,1,-868.9138159680145,-816.0000000000146,0.0,1,0.0,-868.9138159680145,-816.0000000000146,0,0.0,0.0,0.0,14.0,29.5,0.0
BDL,COCHINSHIP,1e-12,6.5688583e-07,0.00051259739,6.3743849,50000.0,False,,,1,-725.0067982080072,-672.0000000000073,0.0,1,0.0,-725.0067982080072,-672.0000000000073,0,0.0,0.0,0.0,14.0,29.5,0.5
BDL,COCHINSHIP,1e-12,6.5688583e-07,0.00051259739,6.3743849,50000.0,False,,,1,-683.4336597440015,-630.4000000000015,0.0,1,0.0,-683.4336597440015,-630.4000000000015,0,0.0,0.0,0.0,14.0,29.5,1.0
BDL,COCHINSHIP,1e-12,6.5688583e-07,0.00051259739,6.3743849,50000.0,False,,,1,-868.9138159680145,-816.0000000000146,0.0,1,0.0,-868.9138159680145,-816.0000000000146,0,0.0,0.0,0.0,14.0,30.0,0.0
BDL,COCHINSHIP,1e-12,6.5688583e-07,0.00051259739,6.3743849,50000.0,False,,,1,-725.0067982080072,-672.0000000000073,0.0,1,0.0,-725.0067982080072,-672.0000000000073,0,0.0,0.0,0.0,14.0,30.0,0.5
BDL,COCHINSHIP,1e-12,6.5688583e-07,0.00051259739,6.3743849,50000.0,False,,,1,-683.4336597440015,-630.4000000000015,0.0,1,0.0,-683.4336597440015,-630.4000000000015,0,0.0,0.0,0.0,14.0,30.0,1.0
BDL,COCHINSHIP,1e-12,6.5688583e-07,0.00051259739,6.3743849,50000.0,False,,,1,-267.70227510399417,-214.39999999999418,0.0,1,0.0,-267.70227510399417,-214.39999999999418,0,0.0,0.0,0.0,14.5,15.0,0.0
BDL,COCHINSHIP,1e-12,6.5688583e-07,0.00051259739,6.3743849,50000.0,False,,,1,-267.70227510399417,-214.39999999999418,0.0,1,0.0,-267.70227510399417,-214.39999999999418,0,0.0,0.0,0.0,14.5,15.0,0.5
BDL,COCHINSHIP,1e-12,6.5688583e-07,0.00051259739,6.3743849,50000.0,False,,,1,-267.70227510399417,-214.39999999999418,0.0,1,0.0,-267.70227510399417,-214.39999999999418,0,0.0,0.0,0.0,14.5,15.0,1.0
BDL,COCHINSHIP,1e-12,6.5688583e-07,0.00051259739,6.3743849,50000.0,False,,,1,-267.70227510399417,-214.39999999999418,0.0,1,0.0,-267.70227510399417,-214.39999999999418,0,0.0,0.0,0.0,14.5,15.5,0.0
BDL,COCHINSHIP,1e-12,6.5688583e-07,0.00051259739,6.3743849,50000.0,False,,,1,-267.70227510399417,-214.39999999999418,0.0,1,0.0,-267.70227510399417,-214.39999999999418,0,0.0,0.0,0.0,14.5,15.5,0.5
BDL,COCHINSHIP,1e-12,6.5688583e-07,0.00051259739,6.3743849,50000.0,False,,,1,-267.70227510399417,-214.39999999999418,0.0,1,0.0,-267.70227510399417,-214.39999999999418,0,0.0,0.0,0.0,14.5,15.5,1.0
BDL,COCHINSHIP,1e-12,6.5688583e-07,0.00051259739,6.3743849,50000.0,False,,,1,-267.70227510399417,-214.39999999999418,0.0,1,0.0,-267.70227510399417,-214.39999999999418,0,0.0,0.0,0.0,14.5,16.0,0.0
BDL,COCHINSHIP,1e-12,6.5688583e-07,0.00051259739,6.3743849,50000.0,False,,,1,-267.70227510399417,-214.39999999999418,0.0,1,0.0,-267.70227510399417,-214.39999999999418,0,0.0,0.0,0.0,14.5,16.0,0.5
BDL,COCHINSHIP,1e-12,6.5688583e-07,0.00051259739,6.3743849,50000.0,False,,,1,-267.70227510399417,-214.39999999999418,0.0,1,0.0,-267.70227510399417,-214.39999999999418,0,0.0,0.0,0.0,14.5,16.0,1.0
BDL,COCHINSHIP,1e-12,6.5688583e-07,0.00051259739,6.3743849,50000.0,False,,,1,-267.70227510399417,-214.39999999999418,0.0,1,0.0,-267.70227510399417,-214.39999999999418,0,0.0,0.0,0.0,14.5,16.5,0.0
BDL,COCHINSHIP,1e-12,6.5688583e-07,0.00051259739,6.3743849,50000.0,False,,,1,-267.70227510399417,-214.39999999999418,0.0,1,0.0,-267.70227510399417,-214.39999999999418,0,0.0,0.0,0.0,14.5,16.5,0.5
BDL,COCHINSHIP,1e-12,6.5688583e-07,0.00051259739,6.3743849,50000.0,False,,,1,-267.70227510399417,-214.39999999999418,0.0,1,0.0,-267.70227510399417,-214.39999999999418,0,0.0,0.0,0.0,14.5,16.5,1.0
BDL,COCHINSHIP,1e-12,6.5688583e-07,0.00051259739,6.3743849,50000.0,False,,,1,-267.70227510399417,-214.39999999999418,0.0,1,0.0,-267.70227510399417,-214.39999999999418,0,0.0,0.0,0.0,14.5,17.0,0.0
BDL,COCHINSHIP,1e-12,6.5688583e-07,0.00051259739,6.3743849,50000.0,False,,,1,-267.70227510399417,-214.39999999999418,0.0,1,0.0,-267.70227510399417,-214.39999999999418,0,0.0,0.0,0.0,14.5,17.0,0.5
BDL,COCHINSHIP,1e-12,6.5688583e-07,0.00051259739,6.3743849,50000.0,False,,,1,-267.70227510399417,-214.39999999999418,0.0,1,0.0,-267.70227510399417,-214.39999999999418,0,0.0,0.0,0.0,14.5,17.0,1.0
BDL,COCHINSHIP,1e-12,6.5688583e-07,0.00051259739,6.3743849,50000.0,False,,,1,-267.70227510399417,-214.39999999999418,0.0,1,0.0,-267.70227510399417,-214.39999999999418,0,0.0,0.0,0.0,14.5,17.5,0.0
BDL,COCHINSHIP,1e-12,6.5688583e-07,0.00051259739,6.3743849,50000.0,False,,,1,-267.70227510399417,-214.39999999999418,0.0,1,0.0,-267.70227510399417,-214.39999999999418,0,0.0,0.0,0.0,14.5,17.5,0.5
BDL,COCHINSHIP,1e-12,6.5688583e-07,0.00051259739,6.3743849,50000.0,False,,,1,-267.70227510399417,-214.39999999999418,0.0,1,0.0,-267.70227510399417,-214.39999999999418,0,0.0,0.0,0.0,14.5,17.5,1.0
BDL,COCHINSHIP,1e-12,6.5688583e-07,0.00051259739,6.3743849,50000.0,False,,,1,-267.70227510399417,-214.39999999999418,0.0,1,0.0,-267.70227510399417,-214.39999999999418,0,0.0,0.0,0.0,14.5,18.0,0.0
BDL,COCHINSHIP,1e-12,6.5688583e-07,0.00051259739,6.3743849,50000.0,False,,,1,-267.70227510399417,-214.39999999999418,0.0,1,0.0,-267.70227510399417,-214.39999999999418,0,0.0,0.0,0.0,14.5,18.0,0.5
BDL,COCHINSHIP,1e-12,6.5688583e-07,0.00051259739,6.3743849,50000.0,False,,,1,-267.70227510399417,-214.39999999999418,0.0,1,0.0,-267.70227510399417,-214.39999999999418,0,0.0,0.0,0.0,14.5,18.0,1.0
BDL,COCHINSHIP,1e-12,6.5688583e-07,0.00051259739,6.3743849,50000.0,False,,,1,-267.70227510399417,-214.39999999999418,0.0,1,0.0,-267.70227510399417,-214.39999999999418,0,0.0,0.0,0.0,14.5,18.5,0.0
BDL,COCHINSHIP,1e-12,6.5688583e-07,0.00051259739,6.3743849,50000.0,False,,,1,-267.70227510399417,-214.39999999999418,0.0,1,0.0,-267.70227510399417,-214.39999999999418,0,0.0,0.0,0.0,14.5,18.5,0.5
BDL,COCHINSHIP,1e-12,6.5688583e-07,0.00051259739,6.3743849,50000.0,False,,,1,-267.70227510399417,-214.39999999999418,0.0,1,0.0,-267.70227510399417,-214.39999999999418,0,0.0,0.0,0.0,14.5,18.5,1.0
BDL,COCHINSHIP,1e-12,6.5688583e-07,0.00051259739,6.3743849,50000.0,False,,,1,-267.70227510399417,-214.39999999999418,0.0,1,0.0,-267.70227510399417,-214.39999999999418,0,0.0,0.0,0.0,14.5,19.0,0.0
BDL,COCHINSHIP,1e-12,6.5688583e-07,0.00051259739,6.3743849,50000.0,False,,,1,-267.70227510399417,-214.39999999999418,0.0,1,0.0,-267.70227510399417,-214.39999999999418,0,0.0,0.0,0.0,14.5,19.0,0.5
BDL,COCHINSHIP,1e-12,6.5688583e-07,0.00051259739,6.3743849,50000.0,False,,,1,-267.70227510399417,-214.39999999999418,0.0,1,0.0,-267.70227510399417,-214.39999999999418,0,0.0,0.0,0.0,14.5,19.0,1.0
BDL,COCHINSHIP,1e-12,6.5688583e-07,0.00051259739,6.3743849,50000.0,False,,,1,-868.9138159680145,-816.0000000000146,0.0,1,0.0,-868.9138159680145,-816.0000000000146,0,0.0,0.0,0.0,14.5,19.5,0.0
BDL,COCHINSHIP,1e-12,6.5688583e-07,0.00051259739,6.3743849,50000.0,False,,,1,-725.0067982080072,-672.0000000000073,0.0,1,0.0,-725.0067982080072,-672.0000000000073,0,0.0,0.0,0.0,14.5,19.5,0.5
BDL,COCHINSHIP,1e-12,6.5688583e-07,0.00051259739,6.3743849,50000.0,False,,,1,-683.4336597440015,-630.4000000000015,0.0,1,0.0,-683.4336597440015,-630.4000000000015,0,0.0,0.0,0.0,14.5,19.5,1.0
BDL,COCHINSHIP,1e-12,6.5688583e-07,0.00051259739,6.3743849,50000.0,False,,,1,-868.9138159680145,-816.0000000000146,0.0,1,0.0,-868.9138159680145,-816.0000000000146,0,0.0,0.0,0.0,14.5,20.0,0.0
BDL,COCHINSHIP,1e-12,6.5688583e-07,0.00051259739,6.3743849,50000.0,False,,,1,-725.0067982080072,-672.0000000000073,0.0,1,0.0,-725.0067982080072,-672.0000000000073,0,0.0,0.0,0.0,14.5,20.0,0.5
BDL,COCHINSHIP,1e-12,6.5688583e-07,0.00051259739,6.3743849,50000.0,False,,,1,-683.4336597440015,-630.4000000000015,0.0,1,0.0,-683.4336597440015,-630.4000000000015,0,0.0,0.0,0.0,14.5,20.0,1.0
BDL,COCHINSHIP,1e-12,6.5688583e-07,0.00051259739,6.3743849,50000.0,False,,,1,-868.9138159680145,-816.0000000000146,0.0,1,0.0,-868.9138159680145,-816.0000000000146,0,0.0,0.0,0.0,14.5,20.5,0.0
BDL,COCHINSHIP,1e-12,6.5688583e-07,0.00051259739,6.3743849,50000.0,False,,,1,-725.0067982080072,-672.0000000000073,0.0,1,0.0,-725.0067982080072,-672.0000000000073,0,0.0,0.0,0.0,14.5,20.5,0.5
BDL,COCHINSHIP,1e-12,6.5688583e-07,0.00051259739,6.3743849,50000.0,False,,,1,-683.4336597440015,-630.4000000000015,0.0,1,0.0,-683.4336597440015,-630.4000000000015,0,0.0,0.0,0.0,14.5,20.5,1.0
BDL,COCHINSHIP,1e-12,6.5688583e-07,0.00051259739,6.3743849,50000.0,False,,,1,-868.9138159680145,-816.0000000000146,0.0,1,0.0,-868.9138159680145,-816.0000000000146,0,0.0,0.0,0.0,14.5,21.0,0.0
BDL,COCHINSHIP,1e-12,6.5688583e-07,0.00051259739,6.3743849,50000.0,False,,,1,-725.0067982080072,-672.0000000000073,0.0,1,0.0,-725.0067982080072,-672.0000000000073,0,0.0,0.0,0.0,14.5,21.0,0.5
BDL,COCHINSHIP,1e-12,6.5688583e-07,0.00051259739,6.3743849,50000.0,False,,,1,-683.4336597440015,-630.4000000000015,0.0,1,0.0,-683.4336597440015,-630.4000000000015,0,0.0,0.0,0.0,14.5,21.0,1.0
BDL,COCHINSHIP,1e-12,6.5688583e-07,0.00051259739,6.3743849,50000.0,False,,,1,-868.9138159680145,-816.0000000000146,0.0,1,0.0,-868.9138159680145,-816.0000000000146,0,0.0,0.0,0.0,14.5,21.5,0.0
BDL,COCHINSHIP,1e-12,6.5688583e-07,0.00051259739,6.3743849,50000.0,False,,,1,-725.0067982080072,-672.0000000000073,0.0,1,0.0,-725.0067982080072,-672.0000000000073,0,0.0,0.0,0.0,14.5,21.5,0.5
BDL,COCHINSHIP,1e-12,6.5688583e-07,0.00051259739,6.3743849,50000.0,False,,,1,-683.4336597440015,-630.4000000000015,0.0,1,0.0,-683.4336597440015,-630.4000000000015,0,0.0,0.0,0.0,14.5,21.5,1.0
BDL,COCHINSHIP,1e-12,6.5688583e-07,0.00051259739,6.3743849,50000.0,False,,,1,-868.9138159680145,-816.0000000000146,0.0,1,0.0,-868.9138159680145,-816.0000000000146,0,0.0,0.0,0.0,14.5,22.0,0.0
BDL,COCHINSHIP,1e-12,6.5688583e-07,0.00051259739,6.3743849,50000.0,False,,,1,-725.0067982080072,-672.0000000000073,0.0,1,0.0,-725.0067982080072,-672.0000000000073,0,0.0,0.0,0.0,14.5,22.0,0.5
BDL,COCHINSHIP,1e-12,6.5688583e-07,0.00051259739,6.3743849,50000.0,False,,,1,-683.4336597440015,-630.4000000000015,0.0,1,0.0,-683.4336597440015,-630.4000000000015,0,0.0,0.0,0.0,14.5,22.0,1.0
BDL,COCHINSHIP,1e-12,6.5688583e-07,0.00051259739,6.3743849,50000.0,False,,,1,-868.9138159680145,-816.0000000000146,0.0,1,0.0,-868.9138159680145,-816.0000000000146,0,0.0,0.0,0.0,14.5,22.5,0.0
BDL,COCHINSHIP,1e-12,6.5688583e-07,0.00051259739,6.3743849,50000.0,False,,,1,-725.0067982080072,-672.0000000000073,0.0,1,0.0,-725.0067982080072,-672.0000000000073,0,0.0,0.0,0.0,14.5,22.5,0.5
BDL,COCHINSHIP,1e-12,6.5688583e-07,0.00051259739,6.3743849,50000.0,False,,,1,-683.4336597440015,-630.4000000000015,0.0,1,0.0,-683.4336597440015,-630.4000000000015,0,0.0,0.0,0.0,14.5,22.5,1.0
BDL,COCHINSHIP,1e-12,6.5688583e-07,0.00051259739,6.3743849,50000.0,False,,,1,-868.9138159680145,-816.0000000000146,0.0,1,0.0,-868.9138159680145,-816.0000000000146,0,0.0,0.0,0.0,14.5,23.0,0.0
BDL,COCHINSHIP,1e-12,6.5688583e-07,0.00051259739,6.3743849,50000.0,False,,,1,-725.0067982080072,-672.0000000000073,0.0,1,0.0,-725.0067982080072,-672.0000000000073,0,0.0,0.0,0.0,14.5,23.0,0.5
BDL,COCHINSHIP,1e-12,6.5688583e-07,0.00051259739,6.3743849,50000.0,False,,,1,-683.4336597440015,-630.4000000000015,0.0,1,0.0,-683.4336597440015,-630.4000000000015,0,0.0,0.0,0.0,14.5,23.0,1.0
BDL,COCHINSHIP,1e-12,6.5688583e-07,0.00051259739,6.3743849,50000.0,False,,,1,-868.9138159680145,-816.0000000000146,0.0,1,0.0,-868.9138159680145,-816.0000000000146,0,0.0,0.0,0.0,14.5,23.5,0.0
BDL,COCHINSHIP,1e-12,6.5688583e-07,0.00051259739,6.3743849,50000.0,False,,,1,-725.0067982080072,-672.0000000000073,0.0,1,0.0,-725.0067982080072,-672.0000000000073,0,0.0,0.0,0.0,14.5,23.5,0.5
BDL,COCHINSHIP,1e-12,6.5688583e-07,0.00051259739,6.3743849,50000.0,False,,,1,-683.4336597440015,-630.4000000000015,0.0,1,0.0,-683.4336597440015,-630.4000000000015,0,0.0,0.0,0.0,14.5,23.5,1.0
BDL,COCHINSHIP,1e-12,6.5688583e-07,0.00051259739,6.3743849,50000.0,False,,,1,-868.9138159680145,-816.0000000000146,0.0,1,0.0,-868.9138159680145,-816.0000000000146,0,0.0,0.0,0.0,14.5,24.0,0.0
BDL,COCHINSHIP,1e-12,6.5688583e-07,0.00051259739,6.3743849,50000.0,False,,,1,-725.0067982080072,-672.0000000000073,0.0,1,0.0,-725.0067982080072,-672.0000000000073,0,0.0,0.0,0.0,14.5,24.0,0.5
BDL,COCHINSHIP,1e-12,6.5688583e-07,0.00051259739,6.3743849,50000.0,False,,,1,-683.4336597440015,-630.4000000000015,0.0,1,0.0,-683.4336597440015,-630.4000000000015,0,0.0,0.0,0.0,14.5,24.0,1.0
BDL,COCHINSHIP,1e-12,6.5688583e-07,0.00051259739,6.3743849,50000.0,False,,,1,-868.9138159680145,-816.0000000000146,0.0,1,0.0,-868.9138159680145,-816.0000000000146,0,0.0,0.0,0.0,14.5,24.5,0.0
BDL,COCHINSHIP,1e-12,6.5688583e-07,0.00051259739,6.3743849,50000.0,False,,,1,-725.0067982080072,-672.0000000000073,0.0,1,0.0,-725.0067982080072,-672.0000000000073,0,0.0,0.0,0.0,14.5,24.5,0.5
BDL,COCHINSHIP,1e-12,6.5688583e-07,0.00051259739,6.3743849,50000.0,False,,,1,-683.4336597440015,-630.4000000000015,0.0,1,0.0,-683.4336597440015,-630.4000000000015,0,0.0,0.0,0.0,14.5,24.5,1.0
BDL,COCHINSHIP,1e-12,6.5688583e-07,0.00051259739,6.3743849,50000.0,False,,,1,-868.9138159680145,-816.0000000000146,0.0,1,0.0,-868.9138159680145,-816.0000000000146,0,0.0,0.0,0.0,14.5,25.0,0.0
BDL,COCHINSHIP,1e-12,6.5688583e-07,0.00051259739,6.3743849,50000.0,False,,,1,-725.0067982080072,-672.0000000000073,0.0,1,0.0,-725.0067982080072,-672.0000000000073,0,0.0,0.0,0.0,14.5,25.0,0.5
BDL,COCHINSHIP,1e-12,6.5688583e-07,0.00051259739,6.3743849,50000.0,False,,,1,-683.4336597440015,-630.4000000000015,0.0,1,0.0,-683.4336597440015,-630.4000000000015,0,0.0,0.0,0.0,14.5,25.0,1.0
BDL,COCHINSHIP,1e-12,6.5688583e-07,0.00051259739,6.3743849,50000.0,False,,,1,-868.9138159680145,-816.0000000000146,0.0,1,0.0,-868.9138159680145,-816.0000000000146,0,0.0,0.0,0.0,14.5,25.5,0.0
BDL,COCHINSHIP,1e-12,6.5688583e-07,0.00051259739,6.3743849,50000.0,False,,,1,-725.0067982080072,-672.0000000000073,0.0,1,0.0,-725.0067982080072,-672.0000000000073,0,0.0,0.0,0.0,14.5,25.5,0.5
BDL,COCHINSHIP,1e-12,6.5688583e-07,0.00051259739,6.3743849,50000.0,False,,,1,-683.4336597440015,-630.4000000000015,0.0,1,0.0,-683.4336597440015,-630.4000000000015,0,0.0,0.0,0.0,14.5,25.5,1.0
BDL,COCHINSHIP,1e-12,6.5688583e-07,0.00051259739,6.3743849,50000.0,False,,,1,-868.9138159680145,-816.0000000000146,0.0,1,0.0,-868.9138159680145,-816.0000000000146,0,0.0,0.0,0.0,14.5,26.0,0.0
BDL,COCHINSHIP,1e-12,6.5688583e-07,0.00051259739,6.3743849,50000.0,False,,,1,-725.0067982080072,-672.0000000000073,0.0,1,0.0,-725.0067982080072,-672.0000000000073,0,0.0,0.0,0.0,14.5,26.0,0.5
BDL,COCHINSHIP,1e-12,6.5688583e-07,0.00051259739,6.3743849,50000.0,False,,,1,-683.4336597440015,-630.4000000000015,0.0,1,0.0,-683.4336597440015,-630.4000000000015,0,0.0,0.0,0.0,14.5,26.0,1.0
BDL,COCHINSHIP,1e-12,6.5688583e-07,0.00051259739,6.3743849,50000.0,False,,,1,-868.9138159680145,-816.0000000000146,0.0,1,0.0,-868.9138159680145,-816.0000000000146,0,0.0,0.0,0.0,14.5,26.5,0.0
BDL,COCHINSHIP,1e-12,6.5688583e-07,0.00051259739,6.3743849,50000.0,False,,,1,-725.0067982080072,-672.0000000000073,0.0,1,0.0,-725.0067982080072,-672.0000000000073,0,0.0,0.0,0.0,14.5,26.5,0.5
BDL,COCHINSHIP,1e-12,6.5688583e-07,0.00051259739,6.3743849,50000.0,False,,,1,-683.4336597440015,-630.4000000000015,0.0,1,0.0,-683.4336597440015,-630.4000000000015,0,0.0,0.0,0.0,14.5,26.5,1.0
BDL,COCHINSHIP,1e-12,6.5688583e-07,0.00051259739,6.3743849,50000.0,False,,,1,-868.9138159680145,-816.0000000000146,0.0,1,0.0,-868.9138159680145,-816.0000000000146,0,0.0,0.0,0.0,14.5,27.0,0.0
BDL,COCHINSHIP,1e-12,6.5688583e-07,0.00051259739,6.3743849,50000.0,False,,,1,-725.0067982080072,-672.0000000000073,0.0,1,0.0,-725.0067982080072,-672.0000000000073,0,0.0,0.0,0.0,14.5,27.0,0.5
BDL,COCHINSHIP,1e-12,6.5688583e-07,0.00051259739,6.3743849,50000.0,False,,,1,-683.4336597440015,-630.4000000000015,0.0,1,0.0,-683.4336597440015,-630.4000000000015,0,0.0,0.0,0.0,14.5,27.0,1.0
BDL,COCHINSHIP,1e-12,6.5688583e-07,0.00051259739,6.3743849,50000.0,False,,,1,-868.9138159680145,-816.0000000000146,0.0,1,0.0,-868.9138159680145,-816.0000000000146,0,0.0,0.0,0.0,14.5,27.5,0.0
BDL,COCHINSHIP,1e-12,6.5688583e-07,0.00051259739,6.3743849,50000.0,False,,,1,-725.0067982080072,-672.0000000000073,0.0,1,0.0,-725.0067982080072,-672.0000000000073,0,0.0,0.0,0.0,14.5,27.5,0.5
BDL,COCHINSHIP,1e-12,6.5688583e-07,0.00051259739,6.3743849,50000.0,False,,,1,-683.4336597440015,-630.4000000000015,0.0,1,0.0,-683.4336597440015,-630.4000000000015,0,0.0,0.0,0.0,14.5,27.5,1.0
BDL,COCHINSHIP,1e-12,6.5688583e-07,0.00051259739,6.3743849,50000.0,False,,,1,-868.9138159680145,-816.0000000000146,0.0,1,0.0,-868.9138159680145,-816.0000000000146,0,0.0,0.0,0.0,14.5,28.0,0.0
BDL,COCHINSHIP,1e-12,6.5688583e-07,0.00051259739,6.3743849,50000.0,False,,,1,-725.0067982080072,-672.0000000000073,0.0,1,0.0,-725.0067982080072,-672.0000000000073,0,0.0,0.0,0.0,14.5,28.0,0.5
BDL,COCHINSHIP,1e-12,6.5688583e-07,0.00051259739,6.3743849,50000.0,False,,,1,-683.4336597440015,-630.4000000000015,0.0,1,0.0,-683.4336597440015,-630.4000000000015,0,0.0,0.0,0.0,14.5,28.0,1.0
BDL,COCHINSHIP,1e-12,6.5688583e-07,0.00051259739,6.3743849,50000.0,False,,,1,-868.9138159680145,-816.0000000000146,0.0,1,0.0,-868.9138159680145,-816.0000000000146,0,0.0,0.0,0.0,14.5,28.5,0.0
BDL,COCHINSHIP,1e-12,6.5688583e-07,0.00051259739,6.3743849,50000.0,False,,,1,-725.0067982080072,-672.0000000000073,0.0,1,0.0,-725.0067982080072,-672.0000000000073,0,0.0,0.0,0.0,14.5,28.5,0.5
BDL,COCHINSHIP,1e-12,6.5688583e-07,0.00051259739,6.3743849,50000.0,False,,,1,-683.4336597440015,-630.4000000000015,0.0,1,0.0,-683.4336597440015,-630.4000000000015,0,0.0,0.0,0.0,14.5,28.5,1.0
BDL,COCHINSHIP,1e-12,6.5688583e-07,0.00051259739,6.3743849,50000.0,False,,,1,-868.9138159680145,-816.0000000000146,0.0,1,0.0,-868.9138159680145,-816.0000000000146,0,0.0,0.0,0.0,14.5,29.0,0.0
BDL,COCHINSHIP,1e-12,6.5688583e-07,0.00051259739,6.3743849,50000.0,False,,,1,-725.0067982080072,-672.0000000000073,0.0,1,0.0,-725.0067982080072,-672.0000000000073,0,0.0,0.0,0.0,14.5,29.0,0.5
BDL,COCHINSHIP,1e-12,6.5688583e-07,0.00051259739,6.3743849,50000.0,False,,,1,-683.4336597440015,-630.4000000000015,0.0,1,0.0,-683.4336597440015,-630.4000000000015,0,0.0,0.0,0.0,14.5,29.0,1.0
BDL,COCHINSHIP,1e-12,6.5688583e-07,0.00051259739,6.3743849,50000.0,False,,,1,-868.9138159680145,-816.0000000000146,0.0,1,0.0,-868.9138159680145,-816.0000000000146,0,0.0,0.0,0.0,14.5,29.5,0.0
BDL,COCHINSHIP,1e-12,6.5688583e-07,0.00051259739,6.3743849,50000.0,False,,,1,-725.0067982080072,-672.0000000000073,0.0,1,0.0,-725.0067982080072,-672.0000000000073,0,0.0,0.0,0.0,14.5,29.5,0.5
BDL,COCHINSHIP,1e-12,6.5688583e-07,0.00051259739,6.3743849,50000.0,False,,,1,-683.4336597440015,-630.4000000000015,0.0,1,0.0,-683.4336597440015,-630.4000000000015,0,0.0,0.0,0.0,14.5,29.5,1.0
BDL,COCHINSHIP,1e-12,6.5688583e-07,0.00051259739,6.3743849,50000.0,False,,,1,-868.9138159680145,-816.0000000000146,0.0,1,0.0,-868.9138159680145,-816.0000000000146,0,0.0,0.0,0.0,14.5,30.0,0.0
BDL,COCHINSHIP,1e-12,6.5688583e-07,0.00051259739,6.3743849,50000.0,False,,,1,-725.0067982080072,-672.0000000000073,0.0,1,0.0,-725.0067982080072,-672.0000000000073,0,0.0,0.0,0.0,14.5,30.0,0.5
BDL,COCHINSHIP,1e-12,6.5688583e-07,0.00051259739,6.3743849,50000.0,False,,,1,-683.4336597440015,-630.4000000000015,0.0,1,0.0,-683.4336597440015,-630.4000000000015,0,0.0,0.0,0.0,14.5,30.0,1.0
BDL,COCHINSHIP,1e-12,6.5688583e-07,0.00051259739,6.3743849,50000.0,False,,,1,-267.70227510399417,-214.39999999999418,0.0,1,0.0,-267.70227510399417,-214.39999999999418,0,0.0,0.0,0.0,15.0,15.5,0.0
BDL,COCHINSHIP,1e-12,6.5688583e-07,0.00051259739,6.3743849,50000.0,False,,,1,-267.70227510399417,-214.39999999999418,0.0,1,0.0,-267.70227510399417,-214.39999999999418,0,0.0,0.0,0.0,15.0,15.5,0.5
BDL,COCHINSHIP,1e-12,6.5688583e-07,0.00051259739,6.3743849,50000.0,False,,,1,-267.70227510399417,-214.39999999999418,0.0,1,0.0,-267.70227510399417,-214.39999999999418,0,0.0,0.0,0.0,15.0,15.5,1.0
BDL,COCHINSHIP,1e-12,6.5688583e-07,0.00051259739,6.3743849,50000.0,False,,,1,-267.70227510399417,-214.39999999999418,0.0,1,0.0,-267.70227510399417,-214.39999999999418,0,0.0,0.0,0.0,15.0,16.0,0.0
BDL,COCHINSHIP,1e-12,6.5688583e-07,0.00051259739,6.3743849,50000.0,False,,,1,-267.70227510399417,-214.39999999999418,0.0,1,0.0,-267.70227510399417,-214.39999999999418,0,0.0,0.0,0.0,15.0,16.0,0.5
BDL,COCHINSHIP,1e-12,6.5688583e-07,0.00051259739,6.3743849,50000.0,False,,,1,-267.70227510399417,-214.39999999999418,0.0,1,0.0,-267.70227510399417,-214.39999999999418,0,0.0,0.0,0.0,15.0,16.0,1.0
BDL,COCHINSHIP,1e-12,6.5688583e-07,0.00051259739,6.3743849,50000.0,False,,,1,-267.70227510399417,-214.39999999999418,0.0,1,0.0,-267.70227510399417,-214.39999999999418,0,0.0,0.0,0.0,15.0,16.5,0.0
BDL,COCHINSHIP,1e-12,6.5688583e-07,0.00051259739,6.3743849,50000.0,False,,,1,-267.70227510399417,-214.39999999999418,0.0,1,0.0,-267.70227510399417,-214.39999999999418,0,0.0,0.0,0.0,15.0,16.5,0.5
BDL,COCHINSHIP,1e-12,6.5688583e-07,0.00051259739,6.3743849,50000.0,False,,,1,-267.70227510399417,-214.39999999999418,0.0,1,0.0,-267.70227510399417,-214.39999999999418,0,0.0,0.0,0.0,15.0,16.5,1.0
BDL,COCHINSHIP,1e-12,6.5688583e-07,0.00051259739,6.3743849,50000.0,False,,,1,-267.70227510399417,-214.39999999999418,0.0,1,0.0,-267.70227510399417,-214.39999999999418,0,0.0,0.0,0.0,15.0,17.0,0.0
BDL,COCHINSHIP,1e-12,6.5688583e-07,0.00051259739,6.3743849,50000.0,False,,,1,-267.70227510399417,-214.39999999999418,0.0,1,0.0,-267.70227510399417,-214.39999999999418,0,0.0,0.0,0.0,15.0,17.0,0.5
BDL,COCHINSHIP,1e-12,6.5688583e-07,0.00051259739,6.3743849,50000.0,False,,,1,-267.70227510399417,-214.39999999999418,0.0,1,0.0,-267.70227510399417,-214.39999999999418,0,0.0,0.0,0.0,15.0,17.0,1.0
BDL,COCHINSHIP,1e-12,6.5688583e-07,0.00051259739,6.3743849,50000.0,False,,,1,-267.70227510399417,-214.39999999999418,0.0,1,0.0,-267.70227510399417,-214.39999999999418,0,0.0,0.0,0.0,15.0,17.5,0.0
BDL,COCHINSHIP,1e-12,6.5688583e-07,0.00051259739,6.3743849,50000.0,False,,,1,-267.70227510399417,-214.39999999999418,0.0,1,0.0,-267.70227510399417,-214.39999999999418,0,0.0,0.0,0.0,15.0,17.5,0.5
BDL,COCHINSHIP,1e-12,6.5688583e-07,0.00051259739,6.3743849,50000.0,False,,,1,-267.70227510399417,-214.39999999999418,0.0,1,0.0,-267.70227510399417,-214.39999999999418,0,0.0,0.0,0.0,15.0,17.5,1.0
BDL,COCHINSHIP,1e-12,6.5688583e-07,0.00051259739,6.3743849,50000.0,False,,,1,-267.70227510399417,-214.39999999999418,0.0,1,0.0,-267.70227510399417,-214.39999999999418,0,0.0,0.0,0.0,15.0,18.0,0.0
BDL,COCHINSHIP,1e-12,6.5688583e-07,0.00051259739,6.3743849,50000.0,False,,,1,-267.70227510399417,-214.39999999999418,0.0,1,0.0,-267.70227510399417,-214.39999999999418,0,0.0,0.0,0.0,15.0,18.0,0.5
BDL,COCHINSHIP,1e-12,6.5688583e-07,0.00051259739,6.3743849,50000.0,False,,,1,-267.70227510399417,-214.39999999999418,0.0,1,0.0,-267.70227510399417,-214.39999999999418,0,0.0,0.0,0.0,15.0,18.0,1.0
BDL,COCHINSHIP,1e-12,6.5688583e-07,0.00051259739,6.3743849,50000.0,False,,,1,-267.70227510399417,-214.39999999999418,0.0,1,0.0,-267.70227510399417,-214.39999999999418,0,0.0,0.0,0.0,15.0,18.5,0.0
BDL,COCHINSHIP,1e-12,6.5688583e-07,0.00051259739,6.3743849,50000.0,False,,,1,-267.70227510399417,-214.39999999999418,0.0,1,0.0,-267.70227510399417,-214.39999999999418,0,0.0,0.0,0.0,15.0,18.5,0.5
BDL,COCHINSHIP,1e-12,6.5688583e-07,0.00051259739,6.3743849,50000.0,False,,,1,-267.70227510399417,-214.39999999999418,0.0,1,0.0,-267.70227510399417,-214.39999999999418,0,0.0,0.0,0.0,15.0,18.5,1.0
BDL,COCHINSHIP,1e-12,6.5688583e-07,0.00051259739,6.3743849,50000.0,False,,,1,-267.70227510399417,-214.39999999999418,0.0,1,0.0,-267.70227510399417,-214.39999999999418,0,0.0,0.0,0.0,15.0,19.0,0.0
BDL,COCHINSHIP,1e-12,6.5688583e-07,0.00051259739,6.3743849,50000.0,False,,,1,-267.70227510399417,-214.39999999999418,0.0,1,0.0,-267.70227510399417,-214.39999999999418,0,0.0,0.0,0.0,15.0,19.0,0.5
BDL,COCHINSHIP,1e-12,6.5688583e-07,0.00051259739,6.3743849,50000.0,False,,,1,-267.70227510399417,-214.39999999999418,0.0,1,0.0,-267.70227510399417,-214.39999999999418,0,0.0,0.0,0.0,15.0,19.0,1.0
BDL,COCHINSHIP,1e-12,6.5688583e-07,0.00051259739,6.3743849,50000.0,False,,,1,-868.9138159680145,-816.0000000000146,0.0,1,0.0,-868.9138159680145,-816.0000000000146,0,0.0,0.0,0.0,15.0,19.5,0.0
BDL,COCHINSHIP,1e-12,6.5688583e-07,0.00051259739,6.3743849,50000.0,False,,,1,-725.0067982080072,-672.0000000000073,0.0,1,0.0,-725.0067982080072,-672.0000000000073,0,0.0,0.0,0.0,15.0,19.5,0.5
BDL,COCHINSHIP,1e-12,6.5688583e-07,0.00051259739,6.3743849,50000.0,False,,,1,-683.4336597440015,-630.4000000000015,0.0,1,0.0,-683.4336597440015,-630.4000000000015,0,0.0,0.0,0.0,15.0,19.5,1.0
BDL,COCHINSHIP,1e-12,6.5688583e-07,0.00051259739,6.3743849,50000.0,False,,,1,-868.9138159680145,-816.0000000000146,0.0,1,0.0,-868.9138159680145,-816.0000000000146,0,0.0,0.0,0.0,15.0,20.0,0.0
BDL,COCHINSHIP,1e-12,6.5688583e-07,0.00051259739,6.3743849,50000.0,False,,,1,-725.0067982080072,-672.0000000000073,0.0,1,0.0,-725.0067982080072,-672.0000000000073,0,0.0,0.0,0.0,15.0,20.0,0.5
BDL,COCHINSHIP,1e-12,6.5688583e-07,0.00051259739,6.3743849,50000.0,False,,,1,-683.4336597440015,-630.4000000000015,0.0,1,0.0,-683.4336597440015,-630.4000000000015,0,0.0,0.0,0.0,15.0,20.0,1.0
BDL,COCHINSHIP,1e-12,6.5688583e-07,0.00051259739,6.3743849,50000.0,False,,,1,-868.9138159680145,-816.0000000000146,0.0,1,0.0,-868.9138159680145,-816.0000000000146,0,0.0,0.0,0.0,15.0,20.5,0.0
BDL,COCHINSHIP,1e-12,6.5688583e-07,0.00051259739,6.3743849,50000.0,False,,,1,-725.0067982080072,-672.0000000000073,0.0,1,0.0,-725.0067982080072,-672.0000000000073,0,0.0,0.0,0.0,15.0,20.5,0.5
BDL,COCHINSHIP,1e-12,6.5688583e-07,0.00051259739,6.3743849,50000.0,False,,,1,-683.4336597440015,-630.4000000000015,0.0,1,0.0,-683.4336597440015,-630.4000000000015,0,0.0,0.0,0.0,15.0,20.5,1.0
BDL,COCHINSHIP,1e-12,6.5688583e-07,0.00051259739,6.3743849,50000.0,False,,,1,-868.9138159680145,-816.0000000000146,0.0,1,0.0,-868.9138159680145,-816.0000000000146,0,0.0,0.0,0.0,15.0,21.0,0.0
BDL,COCHINSHIP,1e-12,6.5688583e-07,0.00051259739,6.3743849,50000.0,False,,,1,-725.0067982080072,-672.0000000000073,0.0,1,0.0,-725.0067982080072,-672.0000000000073,0,0.0,0.0,0.0,15.0,21.0,0.5
BDL,COCHINSHIP,1e-12,6.5688583e-07,0.00051259739,6.3743849,50000.0,False,,,1,-683.4336597440015,-630.4000000000015,0.0,1,0.0,-683.4336597440015,-630.4000000000015,0,0.0,0.0,0.0,15.0,21.0,1.0
BDL,COCHINSHIP,1e-12,6.5688583e-07,0.00051259739,6.3743849,50000.0,False,,,1,-868.9138159680145,-816.0000000000146,0.0,1,0.0,-868.9138159680145,-816.0000000000146,0,0.0,0.0,0.0,15.0,21.5,0.0
BDL,COCHINSHIP,1e-12,6.5688583e-07,0.00051259739,6.3743849,50000.0,False,,,1,-725.0067982080072,-672.0000000000073,0.0,1,0.0,-725.0067982080072,-672.0000000000073,0,0.0,0.0,0.0,15.0,21.5,0.5
BDL,COCHINSHIP,1e-12,6.5688583e-07,0.00051259739,6.3743849,50000.0,False,,,1,-683.4336597440015,-630.4000000000015,0.0,1,0.0,-683.4336597440015,-630.4000000000015,0,0.0,0.0,0.0,15.0,21.5,1.0
BDL,COCHINSHIP,1e-12,6.5688583e-07,0.00051259739,6.3743849,50000.0,False,,,1,-868.9138159680145,-816.0000000000146,0.0,1,0.0,-868.9138159680145,-816.0000000000146,0,0.0,0.0,0.0,15.0,22.0,0.0
BDL,COCHINSHIP,1e-12,6.5688583e-07,0.00051259739,6.3743849,50000.0,False,,,1,-725.0067982080072,-672.0000000000073,0.0,1,0.0,-725.0067982080072,-672.0000000000073,0,0.0,0.0,0.0,15.0,22.0,0.5
BDL,COCHINSHIP,1e-12,6.5688583e-07,0.00051259739,6.3743849,50000.0,False,,,1,-683.4336597440015,-630.4000000000015,0.0,1,0.0,-683.4336597440015,-630.4000000000015,0,0.0,0.0,0.0,15.0,22.0,1.0
BDL,COCHINSHIP,1e-12,6.5688583e-07,0.00051259739,6.3743849,50000.0,False,,,1,-868.9138159680145,-816.0000000000146,0.0,1,0.0,-868.9138159680145,-816.0000000000146,0,0.0,0.0,0.0,15.0,22.5,0.0
BDL,COCHINSHIP,1e-12,6.5688583e-07,0.00051259739,6.3743849,50000.0,False,,,1,-725.0067982080072,-672.0000000000073,0.0,1,0.0,-725.0067982080072,-672.0000000000073,0,0.0,0.0,0.0,15.0,22.5,0.5
BDL,COCHINSHIP,1e-12,6.5688583e-07,0.00051259739,6.3743849,50000.0,False,,,1,-683.4336597440015,-630.4000000000015,0.0,1,0.0,-683.4336597440015,-630.4000000000015,0,0.0,0.0,0.0,15.0,22.5,1.0
BDL,COCHINSHIP,1e-12,6.5688583e-07,0.00051259739,6.3743849,50000.0,False,,,1,-868.9138159680145,-816.0000000000146,0.0,1,0.0,-868.9138159680145,-816.0000000000146,0,0.0,0.0,0.0,15.0,23.0,0.0
BDL,COCHINSHIP,1e-12,6.5688583e-07,0.00051259739,6.3743849,50000.0,False,,,1,-725.0067982080072,-672.0000000000073,0.0,1,0.0,-725.0067982080072,-672.0000000000073,0,0.0,0.0,0.0,15.0,23.0,0.5
BDL,COCHINSHIP,1e-12,6.5688583e-07,0.00051259739,6.3743849,50000.0,False,,,1,-683.4336597440015,-630.4000000000015,0.0,1,0.0,-683.4336597440015,-630.4000000000015,0,0.0,0.0,0.0,15.0,23.0,1.0
BDL,COCHINSHIP,1e-12,6.5688583e-07,0.00051259739,6.3743849,50000.0,False,,,1,-868.9138159680145,-816.0000000000146,0.0,1,0.0,-868.9138159680145,-816.0000000000146,0,0.0,0.0,0.0,15.0,23.5,0.0
BDL,COCHINSHIP,1e-12,6.5688583e-07,0.00051259739,6.3743849,50000.0,False,,,1,-725.0067982080072,-672.0000000000073,0.0,1,0.0,-725.0067982080072,-672.0000000000073,0,0.0,0.0,0.0,15.0,23.5,0.5
BDL,COCHINSHIP,1e-12,6.5688583e-07,0.00051259739,6.3743849,50000.0,False,,,1,-683.4336597440015,-630.4000000000015,0.0,1,0.0,-683.4336597440015,-630.4000000000015,0,0.0,0.0,0.0,15.0,23.5,1.0
BDL,COCHINSHIP,1e-12,6.5688583e-07,0.00051259739,6.3743849,50000.0,False,,,1,-868.9138159680145,-816.0000000000146,0.0,1,0.0,-868.9138159680145,-816.0000000000146,0,0.0,0.0,0.0,15.0,24.0,0.0
BDL,COCHINSHIP,1e-12,6.5688583e-07,0.00051259739,6.3743849,50000.0,False,,,1,-725.0067982080072,-672.0000000000073,0.0,1,0.0,-725.0067982080072,-672.0000000000073,0,0.0,0.0,0.0,15.0,24.0,0.5
BDL,COCHINSHIP,1e-12,6.5688583e-07,0.00051259739,6.3743849,50000.0,False,,,1,-683.4336597440015,-630.4000000000015,0.0,1,0.0,-683.4336597440015,-630.4000000000015,0,0.0,0.0,0.0,15.0,24.0,1.0
BDL,COCHINSHIP,1e-12,6.5688583e-07,0.00051259739,6.3743849,50000.0,False,,,1,-868.9138159680145,-816.0000000000146,0.0,1,0.0,-868.9138159680145,-816.0000000000146,0,0.0,0.0,0.0,15.0,24.5,0.0
BDL,COCHINSHIP,1e-12,6.5688583e-07,0.00051259739,6.3743849,50000.0,False,,,1,-725.0067982080072,-672.0000000000073,0.0,1,0.0,-725.0067982080072,-672.0000000000073,0,0.0,0.0,0.0,15.0,24.5,0.5
BDL,COCHINSHIP,1e-12,6.5688583e-07,0.00051259739,6.3743849,50000.0,False,,,1,-683.4336597440015,-630.4000000000015,0.0,1,0.0,-683.4336597440015,-630.4000000000015,0,0.0,0.0,0.0,15.0,24.5,1.0
BDL,COCHINSHIP,1e-12,6.5688583e-07,0.00051259739,6.3743849,50000.0,False,,,1,-868.9138159680145,-816.0000000000146,0.0,1,0.0,-868.9138159680145,-816.0000000000146,0,0.0,0.0,0.0,15.0,25.0,0.0
BDL,COCHINSHIP,1e-12,6.5688583e-07,0.00051259739,6.3743849,50000.0,False,,,1,-725.0067982080072,-672.0000000000073,0.0,1,0.0,-725.0067982080072,-672.0000000000073,0,0.0,0.0,0.0,15.0,25.0,0.5
BDL,COCHINSHIP,1e-12,6.5688583e-07,0.00051259739,6.3743849,50000.0,False,,,1,-683.4336597440015,-630.4000000000015,0.0,1,0.0,-683.4336597440015,-630.4000000000015,0,0.0,0.0,0.0,15.0,25.0,1.0
BDL,COCHINSHIP,1e-12,6.5688583e-07,0.00051259739,6.3743849,50000.0,False,,,1,-868.9138159680145,-816.0000000000146,0.0,1,0.0,-868.9138159680145,-816.0000000000146,0,0.0,0.0,0.0,15.0,25.5,0.0
BDL,COCHINSHIP,1e-12,6.5688583e-07,0.00051259739,6.3743849,50000.0,False,,,1,-725.0067982080072,-672.0000000000073,0.0,1,0.0,-725.0067982080072,-672.0000000000073,0,0.0,0.0,0.0,15.0,25.5,0.5
BDL,COCHINSHIP,1e-12,6.5688583e-07,0.00051259739,6.3743849,50000.0,False,,,1,-683.4336597440015,-630.4000000000015,0.0,1,0.0,-683.4336597440015,-630.4000000000015,0,0.0,0.0,0.0,15.0,25.5,1.0
BDL,COCHINSHIP,1e-12,6.5688583e-07,0.00051259739,6.3743849,50000.0,False,,,1,-868.9138159680145,-816.0000000000146,0.0,1,0.0,-868.9138159680145,-816.0000000000146,0,0.0,0.0,0.0,15.0,26.0,0.0
BDL,COCHINSHIP,1e-12,6.5688583e-07,0.00051259739,6.3743849,50000.0,False,,,1,-725.0067982080072,-672.0000000000073,0.0,1,0.0,-725.0067982080072,-672.0000000000073,0,0.0,0.0,0.0,15.0,26.0,0.5
BDL,COCHINSHIP,1e-12,6.5688583e-07,0.00051259739,6.3743849,50000.0,False,,,1,-683.4336597440015,-630.4000000000015,0.0,1,0.0,-683.4336597440015,-630.4000000000015,0,0.0,0.0,0.0,15.0,26.0,1.0
BDL,COCHINSHIP,1e-12,6.5688583e-07,0.00051259739,6.3743849,50000.0,False,,,1,-868.9138159680145,-816.0000000000146,0.0,1,0.0,-868.9138159680145,-816.0000000000146,0,0.0,0.0,0.0,15.0,26.5,0.0
BDL,COCHINSHIP,1e-12,6.5688583e-07,0.00051259739,6.3743849,50000.0,False,,,1,-725.0067982080072,-672.0000000000073,0.0,1,0.0,-725.0067982080072,-672.0000000000073,0,0.0,0.0,0.0,15.0,26.5,0.5
BDL,COCHINSHIP,1e-12,6.5688583e-07,0.00051259739,6.3743849,50000.0,False,,,1,-683.4336597440015,-630.4000000000015,0.0,1,0.0,-683.4336597440015,-630.4000000000015,0,0.0,0.0,0.0,15.0,26.5,1.0
BDL,COCHINSHIP,1e-12,6.5688583e-07,0.00051259739,6.3743849,50000.0,False,,,1,-868.9138159680145,-816.0000000000146,0.0,1,0.0,-868.9138159680145,-816.0000000000146,0,0.0,0.0,0.0,15.0,27.0,0.0
BDL,COCHINSHIP,1e-12,6.5688583e-07,0.00051259739,6.3743849,50000.0,False,,,1,-725.0067982080072,-672.0000000000073,0.0,1,0.0,-725.0067982080072,-672.0000000000073,0,0.0,0.0,0.0,15.0,27.0,0.5
BDL,COCHINSHIP,1e-12,6.5688583e-07,0.00051259739,6.3743849,50000.0,False,,,1,-683.4336597440015,-630.4000000000015,0.0,1,0.0,-683.4336597440015,-630.4000000000015,0,0.0,0.0,0.0,15.0,27.0,1.0
BDL,COCHINSHIP,1e-12,6.5688583e-07,0.00051259739,6.3743849,50000.0,False,,,1,-868.9138159680145,-816.0000000000146,0.0,1,0.0,-868.9138159680145,-816.0000000000146,0,0.0,0.0,0.0,15.0,27.5,0.0
BDL,COCHINSHIP,1e-12,6.5688583e-07,0.00051259739,6.3743849,50000.0,False,,,1,-725.0067982080072,-672.0000000000073,0.0,1,0.0,-725.0067982080072,-672.0000000000073,0,0.0,0.0,0.0,15.0,27.5,0.5
BDL,COCHINSHIP,1e-12,6.5688583e-07,0.00051259739,6.3743849,50000.0,False,,,1,-683.4336597440015,-630.4000000000015,0.0,1,0.0,-683.4336597440015,-630.4000000000015,0,0.0,0.0,0.0,15.0,27.5,1.0
BDL,COCHINSHIP,1e-12,6.5688583e-07,0.00051259739,6.3743849,50000.0,False,,,1,-868.9138159680145,-816.0000000000146,0.0,1,0.0,-868.9138159680145,-816.0000000000146,0,0.0,0.0,0.0,15.0,28.0,0.0
BDL,COCHINSHIP,1e-12,6.5688583e-07,0.00051259739,6.3743849,50000.0,False,,,1,-725.0067982080072,-672.0000000000073,0.0,1,0.0,-725.0067982080072,-672.0000000000073,0,0.0,0.0,0.0,15.0,28.0,0.5
BDL,COCHINSHIP,1e-12,6.5688583e-07,0.00051259739,6.3743849,50000.0,False,,,1,-683.4336597440015,-630.4000000000015,0.0,1,0.0,-683.4336597440015,-630.4000000000015,0,0.0,0.0,0.0,15.0,28.0,1.0
BDL,COCHINSHIP,1e-12,6.5688583e-07,0.00051259739,6.3743849,50000.0,False,,,1,-868.9138159680145,-816.0000000000146,0.0,1,0.0,-868.9138159680145,-816.0000000000146,0,0.0,0.0,0.0,15.0,28.5,0.0
BDL,COCHINSHIP,1e-12,6.5688583e-07,0.00051259739,6.3743849,50000.0,False,,,1,-725.0067982080072,-672.0000000000073,0.0,1,0.0,-725.0067982080072,-672.0000000000073,0,0.0,0.0,0.0,15.0,28.5,0.5
BDL,COCHINSHIP,1e-12,6.5688583e-07,0.00051259739,6.3743849,50000.0,False,,,1,-683.4336597440015,-630.4000000000015,0.0,1,0.0,-683.4336597440015,-630.4000000000015,0,0.0,0.0,0.0,15.0,28.5,1.0
BDL,COCHINSHIP,1e-12,6.5688583e-07,0.00051259739,6.3743849,50000.0,False,,,1,-868.9138159680145,-816.0000000000146,0.0,1,0.0,-868.9138159680145,-816.0000000000146,0,0.0,0.0,0.0,15.0,29.0,0.0
BDL,COCHINSHIP,1e-12,6.5688583e-07,0.00051259739,6.3743849,50000.0,False,,,1,-725.0067982080072,-672.0000000000073,0.0,1,0.0,-725.0067982080072,-672.0000000000073,0,0.0,0.0,0.0,15.0,29.0,0.5
BDL,COCHINSHIP,1e-12,6.5688583e-07,0.00051259739,6.3743849,50000.0,False,,,1,-683.4336597440015,-630.4000000000015,0.0,1,0.0,-683.4336597440015,-630.4000000000015,0,0.0,0.0,0.0,15.0,29.0,1.0
BDL,COCHINSHIP,1e-12,6.5688583e-07,0.00051259739,6.3743849,50000.0,False,,,1,-868.9138159680145,-816.0000000000146,0.0,1,0.0,-868.9138159680145,-816.0000000000146,0,0.0,0.0,0.0,15.0,29.5,0.0
BDL,COCHINSHIP,1e-12,6.5688583e-07,0.00051259739,6.3743849,50000.0,False,,,1,-725.0067982080072,-672.0000000000073,0.0,1,0.0,-725.0067982080072,-672.0000000000073,0,0.0,0.0,0.0,15.0,29.5,0.5
BDL,COCHINSHIP,1e-12,6.5688583e-07,0.00051259739,6.3743849,50000.0,False,,,1,-683.4336597440015,-630.4000000000015,0.0,1,0.0,-683.4336597440015,-630.4000000000015,0,0.0,0.0,0.0,15.0,29.5,1.0
BDL,COCHINSHIP,1e-12,6.5688583e-07,0.00051259739,6.3743849,50000.0,False,,,1,-868.9138159680145,-816.0000000000146,0.0,1,0.0,-868.9138159680145,-816.0000000000146,0,0.0,0.0,0.0,15.0,30.0,0.0
BDL,COCHINSHIP,1e-12,6.5688583e-07,0.00051259739,6.3743849,50000.0,False,,,1,-725.0067982080072,-672.0000000000073,0.0,1,0.0,-725.0067982080072,-672.0000000000073,0,0.0,0.0,0.0,15.0,30.0,0.5
BDL,COCHINSHIP,1e-12,6.5688583e-07,0.00051259739,6.3743849,50000.0,False,,,1,-683.4336597440015,-630.4000000000015,0.0,1,0.0,-683.4336597440015,-630.4000000000015,0,0.0,0.0,0.0,15.0,30.0,1.0
BDL,COCHINSHIP,1e-12,6.5688583e-07,0.00051259739,6.3743849,50000.0,False,,,1,-267.70227510399417,-214.39999999999418,0.0,1,0.0,-267.70227510399417,-214.39999999999418,0,0.0,0.0,0.0,15.5,16.0,0.0
BDL,COCHINSHIP,1e-12,6.5688583e-07,0.00051259739,6.3743849,50000.0,False,,,1,-267.70227510399417,-214.39999999999418,0.0,1,0.0,-267.70227510399417,-214.39999999999418,0,0.0,0.0,0.0,15.5,16.0,0.5
BDL,COCHINSHIP,1e-12,6.5688583e-07,0.00051259739,6.3743849,50000.0,False,,,1,-267.70227510399417,-214.39999999999418,0.0,1,0.0,-267.70227510399417,-214.39999999999418,0,0.0,0.0,0.0,15.5,16.0,1.0
BDL,COCHINSHIP,1e-12,6.5688583e-07,0.00051259739,6.3743849,50000.0,False,,,1,-267.70227510399417,-214.39999999999418,0.0,1,0.0,-267.70227510399417,-214.39999999999418,0,0.0,0.0,0.0,15.5,16.5,0.0
BDL,COCHINSHIP,1e-12,6.5688583e-07,0.00051259739,6.3743849,50000.0,False,,,1,-267.70227510399417,-214.39999999999418,0.0,1,0.0,-267.70227510399417,-214.39999999999418,0,0.0,0.0,0.0,15.5,16.5,0.5
BDL,COCHINSHIP,1e-12,6.5688583e-07,0.00051259739,6.3743849,50000.0,False,,,1,-267.70227510399417,-214.39999999999418,0.0,1,0.0,-267.70227510399417,-214.39999999999418,0,0.0,0.0,0.0,15.5,16.5,1.0
BDL,COCHINSHIP,1e-12,6.5688583e-07,0.00051259739,6.3743849,50000.0,False,,,1,-267.70227510399417,-214.39999999999418,0.0,1,0.0,-267.70227510399417,-214.39999999999418,0,0.0,0.0,0.0,15.5,17.0,0.0
BDL,COCHINSHIP,1e-12,6.5688583e-07,0.00051259739,6.3743849,50000.0,False,,,1,-267.70227510399417,-214.39999999999418,0.0,1,0.0,-267.70227510399417,-214.39999999999418,0,0.0,0.0,0.0,15.5,17.0,0.5
BDL,COCHINSHIP,1e-12,6.5688583e-07,0.00051259739,6.3743849,50000.0,False,,,1,-267.70227510399417,-214.39999999999418,0.0,1,0.0,-267.70227510399417,-214.39999999999418,0,0.0,0.0,0.0,15.5,17.0,1.0
BDL,COCHINSHIP,1e-12,6.5688583e-07,0.00051259739,6.3743849,50000.0,False,,,1,-267.70227510399417,-214.39999999999418,0.0,1,0.0,-267.70227510399417,-214.39999999999418,0,0.0,0.0,0.0,15.5,17.5,0.0
BDL,COCHINSHIP,1e-12,6.5688583e-07,0.00051259739,6.3743849,50000.0,False,,,1,-267.70227510399417,-214.39999999999418,0.0,1,0.0,-267.70227510399417,-214.39999999999418,0,0.0,0.0,0.0,15.5,17.5,0.5
BDL,COCHINSHIP,1e-12,6.5688583e-07,0.00051259739,6.3743849,50000.0,False,,,1,-267.70227510399417,-214.39999999999418,0.0,1,0.0,-267.70227510399417,-214.39999999999418,0,0.0,0.0,0.0,15.5,17.5,1.0
BDL,COCHINSHIP,1e-12,6.5688583e-07,0.00051259739,6.3743849,50000.0,False,,,1,-267.70227510399417,-214.39999999999418,0.0,1,0.0,-267.70227510399417,-214.39999999999418,0,0.0,0.0,0.0,15.5,18.0,0.0
BDL,COCHINSHIP,1e-12,6.5688583e-07,0.00051259739,6.3743849,50000.0,False,,,1,-267.70227510399417,-214.39999999999418,0.0,1,0.0,-267.70227510399417,-214.39999999999418,0,0.0,0.0,0.0,15.5,18.0,0.5
BDL,COCHINSHIP,1e-12,6.5688583e-07,0.00051259739,6.3743849,50000.0,False,,,1,-267.70227510399417,-214.39999999999418,0.0,1,0.0,-267.70227510399417,-214.39999999999418,0,0.0,0.0,0.0,15.5,18.0,1.0
BDL,COCHINSHIP,1e-12,6.5688583e-07,0.00051259739,6.3743849,50000.0,False,,,1,-267.70227510399417,-214.39999999999418,0.0,1,0.0,-267.70227510399417,-214.39999999999418,0,0.0,0.0,0.0,15.5,18.5,0.0
BDL,COCHINSHIP,1e-12,6.5688583e-07,0.00051259739,6.3743849,50000.0,False,,,1,-267.70227510399417,-214.39999999999418,0.0,1,0.0,-267.70227510399417,-214.39999999999418,0,0.0,0.0,0.0,15.5,18.5,0.5
BDL,COCHINSHIP,1e-12,6.5688583e-07,0.00051259739,6.3743849,50000.0,False,,,1,-267.70227510399417,-214.39999999999418,0.0,1,0.0,-267.70227510399417,-214.39999999999418,0,0.0,0.0,0.0,15.5,18.5,1.0
BDL,COCHINSHIP,1e-12,6.5688583e-07,0.00051259739,6.3743849,50000.0,False,,,1,-267.70227510399417,-214.39999999999418,0.0,1,0.0,-267.70227510399417,-214.39999999999418,0,0.0,0.0,0.0,15.5,19.0,0.0
BDL,COCHINSHIP,1e-12,6.5688583e-07,0.00051259739,6.3743849,50000.0,False,,,1,-267.70227510399417,-214.39999999999418,0.0,1,0.0,-267.70227510399417,-214.39999999999418,0,0.0,0.0,0.0,15.5,19.0,0.5
BDL,COCHINSHIP,1e-12,6.5688583e-07,0.00051259739,6.3743849,50000.0,False,,,1,-267.70227510399417,-214.39999999999418,0.0,1,0.0,-267.70227510399417,-214.39999999999418,0,0.0,0.0,0.0,15.5,19.0,1.0
BDL,COCHINSHIP,1e-12,6.5688583e-07,0.00051259739,6.3743849,50000.0,False,,,1,-868.9138159680145,-816.0000000000146,0.0,1,0.0,-868.9138159680145,-816.0000000000146,0,0.0,0.0,0.0,15.5,19.5,0.0
BDL,COCHINSHIP,1e-12,6.5688583e-07,0.00051259739,6.3743849,50000.0,False,,,1,-725.0067982080072,-672.0000000000073,0.0,1,0.0,-725.0067982080072,-672.0000000000073,0,0.0,0.0,0.0,15.5,19.5,0.5
BDL,COCHINSHIP,1e-12,6.5688583e-07,0.00051259739,6.3743849,50000.0,False,,,1,-683.4336597440015,-630.4000000000015,0.0,1,0.0,-683.4336597440015,-630.4000000000015,0,0.0,0.0,0.0,15.5,19.5,1.0
BDL,COCHINSHIP,1e-12,6.5688583e-07,0.00051259739,6.3743849,50000.0,False,,,1,-868.9138159680145,-816.0000000000146,0.0,1,0.0,-868.9138159680145,-816.0000000000146,0,0.0,0.0,0.0,15.5,20.0,0.0
BDL,COCHINSHIP,1e-12,6.5688583e-07,0.00051259739,6.3743849,50000.0,False,,,1,-725.0067982080072,-672.0000000000073,0.0,1,0.0,-725.0067982080072,-672.0000000000073,0,0.0,0.0,0.0,15.5,20.0,0.5
BDL,COCHINSHIP,1e-12,6.5688583e-07,0.00051259739,6.3743849,50000.0,False,,,1,-683.4336597440015,-630.4000000000015,0.0,1,0.0,-683.4336597440015,-630.4000000000015,0,0.0,0.0,0.0,15.5,20.0,1.0
BDL,COCHINSHIP,1e-12,6.5688583e-07,0.00051259739,6.3743849,50000.0,False,,,1,-868.9138159680145,-816.0000000000146,0.0,1,0.0,-868.9138159680145,-816.0000000000146,0,0.0,0.0,0.0,15.5,20.5,0.0
BDL,COCHINSHIP,1e-12,6.5688583e-07,0.00051259739,6.3743849,50000.0,False,,,1,-725.0067982080072,-672.0000000000073,0.0,1,0.0,-725.0067982080072,-672.0000000000073,0,0.0,0.0,0.0,15.5,20.5,0.5
BDL,COCHINSHIP,1e-12,6.5688583e-07,0.00051259739,6.3743849,50000.0,False,,,1,-683.4336597440015,-630.4000000000015,0.0,1,0.0,-683.4336597440015,-630.4000000000015,0,0.0,0.0,0.0,15.5,20.5,1.0
BDL,COCHINSHIP,1e-12,6.5688583e-07,0.00051259739,6.3743849,50000.0,False,,,1,-868.9138159680145,-816.0000000000146,0.0,1,0.0,-868.9138159680145,-816.0000000000146,0,0.0,0.0,0.0,15.5,21.0,0.0
BDL,COCHINSHIP,1e-12,6.5688583e-07,0.00051259739,6.3743849,50000.0,False,,,1,-725.0067982080072,-672.0000000000073,0.0,1,0.0,-725.0067982080072,-672.0000000000073,0,0.0,0.0,0.0,15.5,21.0,0.5
BDL,COCHINSHIP,1e-12,6.5688583e-07,0.00051259739,6.3743849,50000.0,False,,,1,-683.4336597440015,-630.4000000000015,0.0,1,0.0,-683.4336597440015,-630.4000000000015,0,0.0,0.0,0.0,15.5,21.0,1.0
BDL,COCHINSHIP,1e-12,6.5688583e-07,0.00051259739,6.3743849,50000.0,False,,,1,-868.9138159680145,-816.0000000000146,0.0,1,0.0,-868.9138159680145,-816.0000000000146,0,0.0,0.0,0.0,15.5,21.5,0.0
BDL,COCHINSHIP,1e-12,6.5688583e-07,0.00051259739,6.3743849,50000.0,False,,,1,-725.0067982080072,-672.0000000000073,0.0,1,0.0,-725.0067982080072,-672.0000000000073,0,0.0,0.0,0.0,15.5,21.5,0.5
BDL,COCHINSHIP,1e-12,6.5688583e-07,0.00051259739,6.3743849,50000.0,False,,,1,-683.4336597440015,-630.4000000000015,0.0,1,0.0,-683.4336597440015,-630.4000000000015,0,0.0,0.0,0.0,15.5,21.5,1.0
BDL,COCHINSHIP,1e-12,6.5688583e-07,0.00051259739,6.3743849,50000.0,False,,,1,-868.9138159680145,-816.0000000000146,0.0,1,0.0,-868.9138159680145,-816.0000000000146,0,0.0,0.0,0.0,15.5,22.0,0.0
BDL,COCHINSHIP,1e-12,6.5688583e-07,0.00051259739,6.3743849,50000.0,False,,,1,-725.0067982080072,-672.0000000000073,0.0,1,0.0,-725.0067982080072,-672.0000000000073,0,0.0,0.0,0.0,15.5,22.0,0.5
BDL,COCHINSHIP,1e-12,6.5688583e-07,0.00051259739,6.3743849,50000.0,False,,,1,-683.4336597440015,-630.4000000000015,0.0,1,0.0,-683.4336597440015,-630.4000000000015,0,0.0,0.0,0.0,15.5,22.0,1.0
BDL,COCHINSHIP,1e-12,6.5688583e-07,0.00051259739,6.3743849,50000.0,False,,,1,-868.9138159680145,-816.0000000000146,0.0,1,0.0,-868.9138159680145,-816.0000000000146,0,0.0,0.0,0.0,15.5,22.5,0.0
BDL,COCHINSHIP,1e-12,6.5688583e-07,0.00051259739,6.3743849,50000.0,False,,,1,-725.0067982080072,-672.0000000000073,0.0,1,0.0,-725.0067982080072,-672.0000000000073,0,0.0,0.0,0.0,15.5,22.5,0.5
BDL,COCHINSHIP,1e-12,6.5688583e-07,0.00051259739,6.3743849,50000.0,False,,,1,-683.4336597440015,-630.4000000000015,0.0,1,0.0,-683.4336597440015,-630.4000000000015,0,0.0,0.0,0.0,15.5,22.5,1.0
BDL,COCHINSHIP,1e-12,6.5688583e-07,0.00051259739,6.3743849,50000.0,False,,,1,-868.9138159680145,-816.0000000000146,0.0,1,0.0,-868.9138159680145,-816.0000000000146,0,0.0,0.0,0.0,15.5,23.0,0.0
BDL,COCHINSHIP,1e-12,6.5688583e-07,0.00051259739,6.3743849,50000.0,False,,,1,-725.0067982080072,-672.0000000000073,0.0,1,0.0,-725.0067982080072,-672.0000000000073,0,0.0,0.0,0.0,15.5,23.0,0.5
BDL,COCHINSHIP,1e-12,6.5688583e-07,0.00051259739,6.3743849,50000.0,False,,,1,-683.4336597440015,-630.4000000000015,0.0,1,0.0,-683.4336597440015,-630.4000000000015,0,0.0,0.0,0.0,15.5,23.0,1.0
BDL,COCHINSHIP,1e-12,6.5688583e-07,0.00051259739,6.3743849,50000.0,False,,,1,-868.9138159680145,-816.0000000000146,0.0,1,0.0,-868.9138159680145,-816.0000000000146,0,0.0,0.0,0.0,15.5,23.5,0.0
BDL,COCHINSHIP,1e-12,6.5688583e-07,0.00051259739,6.3743849,50000.0,False,,,1,-725.0067982080072,-672.0000000000073,0.0,1,0.0,-725.0067982080072,-672.0000000000073,0,0.0,0.0,0.0,15.5,23.5,0.5
BDL,COCHINSHIP,1e-12,6.5688583e-07,0.00051259739,6.3743849,50000.0,False,,,1,-683.4336597440015,-630.4000000000015,0.0,1,0.0,-683.4336597440015,-630.4000000000015,0,0.0,0.0,0.0,15.5,23.5,1.0
BDL,COCHINSHIP,1e-12,6.5688583e-07,0.00051259739,6.3743849,50000.0,False,,,1,-868.9138159680145,-816.0000000000146,0.0,1,0.0,-868.9138159680145,-816.0000000000146,0,0.0,0.0,0.0,15.5,24.0,0.0
BDL,COCHINSHIP,1e-12,6.5688583e-07,0.00051259739,6.3743849,50000.0,False,,,1,-725.0067982080072,-672.0000000000073,0.0,1,0.0,-725.0067982080072,-672.0000000000073,0,0.0,0.0,0.0,15.5,24.0,0.5
BDL,COCHINSHIP,1e-12,6.5688583e-07,0.00051259739,6.3743849,50000.0,False,,,1,-683.4336597440015,-630.4000000000015,0.0,1,0.0,-683.4336597440015,-630.4000000000015,0,0.0,0.0,0.0,15.5,24.0,1.0
BDL,COCHINSHIP,1e-12,6.5688583e-07,0.00051259739,6.3743849,50000.0,False,,,1,-868.9138159680145,-816.0000000000146,0.0,1,0.0,-868.9138159680145,-816.0000000000146,0,0.0,0.0,0.0,15.5,24.5,0.0
BDL,COCHINSHIP,1e-12,6.5688583e-07,0.00051259739,6.3743849,50000.0,False,,,1,-725.0067982080072,-672.0000000000073,0.0,1,0.0,-725.0067982080072,-672.0000000000073,0,0.0,0.0,0.0,15.5,24.5,0.5
BDL,COCHINSHIP,1e-12,6.5688583e-07,0.00051259739,6.3743849,50000.0,False,,,1,-683.4336597440015,-630.4000000000015,0.0,1,0.0,-683.4336597440015,-630.4000000000015,0,0.0,0.0,0.0,15.5,24.5,1.0
BDL,COCHINSHIP,1e-12,6.5688583e-07,0.00051259739,6.3743849,50000.0,False,,,1,-868.9138159680145,-816.0000000000146,0.0,1,0.0,-868.9138159680145,-816.0000000000146,0,0.0,0.0,0.0,15.5,25.0,0.0
BDL,COCHINSHIP,1e-12,6.5688583e-07,0.00051259739,6.3743849,50000.0,False,,,1,-725.0067982080072,-672.0000000000073,0.0,1,0.0,-725.0067982080072,-672.0000000000073,0,0.0,0.0,0.0,15.5,25.0,0.5
BDL,COCHINSHIP,1e-12,6.5688583e-07,0.00051259739,6.3743849,50000.0,False,,,1,-683.4336597440015,-630.4000000000015,0.0,1,0.0,-683.4336597440015,-630.4000000000015,0,0.0,0.0,0.0,15.5,25.0,1.0
BDL,COCHINSHIP,1e-12,6.5688583e-07,0.00051259739,6.3743849,50000.0,False,,,1,-868.9138159680145,-816.0000000000146,0.0,1,0.0,-868.9138159680145,-816.0000000000146,0,0.0,0.0,0.0,15.5,25.5,0.0
BDL,COCHINSHIP,1e-12,6.5688583e-07,0.00051259739,6.3743849,50000.0,False,,,1,-725.0067982080072,-672.0000000000073,0.0,1,0.0,-725.0067982080072,-672.0000000000073,0,0.0,0.0,0.0,15.5,25.5,0.5
BDL,COCHINSHIP,1e-12,6.5688583e-07,0.00051259739,6.3743849,50000.0,False,,,1,-683.4336597440015,-630.4000000000015,0.0,1,0.0,-683.4336597440015,-630.4000000000015,0,0.0,0.0,0.0,15.5,25.5,1.0
BDL,COCHINSHIP,1e-12,6.5688583e-07,0.00051259739,6.3743849,50000.0,False,,,1,-868.9138159680145,-816.0000000000146,0.0,1,0.0,-868.9138159680145,-816.0000000000146,0,0.0,0.0,0.0,15.5,26.0,0.0
BDL,COCHINSHIP,1e-12,6.5688583e-07,0.00051259739,6.3743849,50000.0,False,,,1,-725.0067982080072,-672.0000000000073,0.0,1,0.0,-725.0067982080072,-672.0000000000073,0,0.0,0.0,0.0,15.5,26.0,0.5
BDL,COCHINSHIP,1e-12,6.5688583e-07,0.00051259739,6.3743849,50000.0,False,,,1,-683.4336597440015,-630.4000000000015,0.0,1,0.0,-683.4336597440015,-630.4000000000015,0,0.0,0.0,0.0,15.5,26.0,1.0
BDL,COCHINSHIP,1e-12,6.5688583e-07,0.00051259739,6.3743849,50000.0,False,,,1,-868.9138159680145,-816.0000000000146,0.0,1,0.0,-868.9138159680145,-816.0000000000146,0,0.0,0.0,0.0,15.5,26.5,0.0
BDL,COCHINSHIP,1e-12,6.5688583e-07,0.00051259739,6.3743849,50000.0,False,,,1,-725.0067982080072,-672.0000000000073,0.0,1,0.0,-725.0067982080072,-672.0000000000073,0,0.0,0.0,0.0,15.5,26.5,0.5
BDL,COCHINSHIP,1e-12,6.5688583e-07,0.00051259739,6.3743849,50000.0,False,,,1,-683.4336597440015,-630.4000000000015,0.0,1,0.0,-683.4336597440015,-630.4000000000015,0,0.0,0.0,0.0,15.5,26.5,1.0
BDL,COCHINSHIP,1e-12,6.5688583e-07,0.00051259739,6.3743849,50000.0,False,,,1,-868.9138159680145,-816.0000000000146,0.0,1,0.0,-868.9138159680145,-816.0000000000146,0,0.0,0.0,0.0,15.5,27.0,0.0
BDL,COCHINSHIP,1e-12,6.5688583e-07,0.00051259739,6.3743849,50000.0,False,,,1,-725.0067982080072,-672.0000000000073,0.0,1,0.0,-725.0067982080072,-672.0000000000073,0,0.0,0.0,0.0,15.5,27.0,0.5
BDL,COCHINSHIP,1e-12,6.5688583e-07,0.00051259739,6.3743849,50000.0,False,,,1,-683.4336597440015,-630.4000000000015,0.0,1,0.0,-683.4336597440015,-630.4000000000015,0,0.0,0.0,0.0,15.5,27.0,1.0
BDL,COCHINSHIP,1e-12,6.5688583e-07,0.00051259739,6.3743849,50000.0,False,,,1,-868.9138159680145,-816.0000000000146,0.0,1,0.0,-868.9138159680145,-816.0000000000146,0,0.0,0.0,0.0,15.5,27.5,0.0
BDL,COCHINSHIP,1e-12,6.5688583e-07,0.00051259739,6.3743849,50000.0,False,,,1,-725.0067982080072,-672.0000000000073,0.0,1,0.0,-725.0067982080072,-672.0000000000073,0,0.0,0.0,0.0,15.5,27.5,0.5
BDL,COCHINSHIP,1e-12,6.5688583e-07,0.00051259739,6.3743849,50000.0,False,,,1,-683.4336597440015,-630.4000000000015,0.0,1,0.0,-683.4336597440015,-630.4000000000015,0,0.0,0.0,0.0,15.5,27.5,1.0
BDL,COCHINSHIP,1e-12,6.5688583e-07,0.00051259739,6.3743849,50000.0,False,,,1,-868.9138159680145,-816.0000000000146,0.0,1,0.0,-868.9138159680145,-816.0000000000146,0,0.0,0.0,0.0,15.5,28.0,0.0
BDL,COCHINSHIP,1e-12,6.5688583e-07,0.00051259739,6.3743849,50000.0,False,,,1,-725.0067982080072,-672.0000000000073,0.0,1,0.0,-725.0067982080072,-672.0000000000073,0,0.0,0.0,0.0,15.5,28.0,0.5
BDL,COCHINSHIP,1e-12,6.5688583e-07,0.00051259739,6.3743849,50000.0,False,,,1,-683.4336597440015,-630.4000000000015,0.0,1,0.0,-683.4336597440015,-630.4000000000015,0,0.0,0.0,0.0,15.5,28.0,1.0
BDL,COCHINSHIP,1e-12,6.5688583e-07,0.00051259739,6.3743849,50000.0,False,,,1,-868.9138159680145,-816.0000000000146,0.0,1,0.0,-868.9138159680145,-816.0000000000146,0,0.0,0.0,0.0,15.5,28.5,0.0
BDL,COCHINSHIP,1e-12,6.5688583e-07,0.00051259739,6.3743849,50000.0,False,,,1,-725.0067982080072,-672.0000000000073,0.0,1,0.0,-725.0067982080072,-672.0000000000073,0,0.0,0.0,0.0,15.5,28.5,0.5
BDL,COCHINSHIP,1e-12,6.5688583e-07,0.00051259739,6.3743849,50000.0,False,,,1,-683.4336597440015,-630.4000000000015,0.0,1,0.0,-683.4336597440015,-630.4000000000015,0,0.0,0.0,0.0,15.5,28.5,1.0
BDL,COCHINSHIP,1e-12,6.5688583e-07,0.00051259739,6.3743849,50000.0,False,,,1,-868.9138159680145,-816.0000000000146,0.0,1,0.0,-868.9138159680145,-816.0000000000146,0,0.0,0.0,0.0,15.5,29.0,0.0
BDL,COCHINSHIP,1e-12,6.5688583e-07,0.00051259739,6.3743849,50000.0,False,,,1,-725.0067982080072,-672.0000000000073,0.0,1,0.0,-725.0067982080072,-672.0000000000073,0,0.0,0.0,0.0,15.5,29.0,0.5
BDL,COCHINSHIP,1e-12,6.5688583e-07,0.00051259739,6.3743849,50000.0,False,,,1,-683.4336597440015,-630.4000000000015,0.0,1,0.0,-683.4336597440015,-630.4000000000015,0,0.0,0.0,0.0,15.5,29.0,1.0
BDL,COCHINSHIP,1e-12,6.5688583e-07,0.00051259739,6.3743849,50000.0,False,,,1,-868.9138159680145,-816.0000000000146,0.0,1,0.0,-868.9138159680145,-816.0000000000146,0,0.0,0.0,0.0,15.5,29.5,0.0
BDL,COCHINSHIP,1e-12,6.5688583e-07,0.00051259739,6.3743849,50000.0,False,,,1,-725.0067982080072,-672.0000000000073,0.0,1,0.0,-725.0067982080072,-672.0000000000073,0,0.0,0.0,0.0,15.5,29.5,0.5
BDL,COCHINSHIP,1e-12,6.5688583e-07,0.00051259739,6.3743849,50000.0,False,,,1,-683.4336597440015,-630.4000000000015,0.0,1,0.0,-683.4336597440015,-630.4000000000015,0,0.0,0.0,0.0,15.5,29.5,1.0
BDL,COCHINSHIP,1e-12,6.5688583e-07,0.00051259739,6.3743849,50000.0,False,,,1,-868.9138159680145,-816.0000000000146,0.0,1,0.0,-868.9138159680145,-816.0000000000146,0,0.0,0.0,0.0,15.5,30.0,0.0
BDL,COCHINSHIP,1e-12,6.5688583e-07,0.00051259739,6.3743849,50000.0,False,,,1,-725.0067982080072,-672.0000000000073,0.0,1,0.0,-725.0067982080072,-672.0000000000073,0,0.0,0.0,0.0,15.5,30.0,0.5
BDL,COCHINSHIP,1e-12,6.5688583e-07,0.00051259739,6.3743849,50000.0,False,,,1,-683.4336597440015,-630.4000000000015,0.0,1,0.0,-683.4336597440015,-630.4000000000015,0,0.0,0.0,0.0,15.5,30.0,1.0
BDL,COCHINSHIP,1e-12,6.5688583e-07,0.00051259739,6.3743849,50000.0,False,,,1,-267.70227510399417,-214.39999999999418,0.0,1,0.0,-267.70227510399417,-214.39999999999418,0,0.0,0.0,0.0,16.0,16.5,0.0
BDL,COCHINSHIP,1e-12,6.5688583e-07,0.00051259739,6.3743849,50000.0,False,,,1,-267.70227510399417,-214.39999999999418,0.0,1,0.0,-267.70227510399417,-214.39999999999418,0,0.0,0.0,0.0,16.0,16.5,0.5
BDL,COCHINSHIP,1e-12,6.5688583e-07,0.00051259739,6.3743849,50000.0,False,,,1,-267.70227510399417,-214.39999999999418,0.0,1,0.0,-267.70227510399417,-214.39999999999418,0,0.0,0.0,0.0,16.0,16.5,1.0
BDL,COCHINSHIP,1e-12,6.5688583e-07,0.00051259739,6.3743849,50000.0,False,,,1,-267.70227510399417,-214.39999999999418,0.0,1,0.0,-267.70227510399417,-214.39999999999418,0,0.0,0.0,0.0,16.0,17.0,0.0
BDL,COCHINSHIP,1e-12,6.5688583e-07,0.00051259739,6.3743849,50000.0,False,,,1,-267.70227510399417,-214.39999999999418,0.0,1,0.0,-267.70227510399417,-214.39999999999418,0,0.0,0.0,0.0,16.0,17.0,0.5
BDL,COCHINSHIP,1e-12,6.5688583e-07,0.00051259739,6.3743849,50000.0,False,,,1,-267.70227510399417,-214.39999999999418,0.0,1,0.0,-267.70227510399417,-214.39999999999418,0,0.0,0.0,0.0,16.0,17.0,1.0
BDL,COCHINSHIP,1e-12,6.5688583e-07,0.00051259739,6.3743849,50000.0,False,,,1,-267.70227510399417,-214.39999999999418,0.0,1,0.0,-267.70227510399417,-214.39999999999418,0,0.0,0.0,0.0,16.0,17.5,0.0
BDL,COCHINSHIP,1e-12,6.5688583e-07,0.00051259739,6.3743849,50000.0,False,,,1,-267.70227510399417,-214.39999999999418,0.0,1,0.0,-267.70227510399417,-214.39999999999418,0,0.0,0.0,0.0,16.0,17.5,0.5
BDL,COCHINSHIP,1e-12,6.5688583e-07,0.00051259739,6.3743849,50000.0,False,,,1,-267.70227510399417,-214.39999999999418,0.0,1,0.0,-267.70227510399417,-214.39999999999418,0,0.0,0.0,0.0,16.0,17.5,1.0
BDL,COCHINSHIP,1e-12,6.5688583e-07,0.00051259739,6.3743849,50000.0,False,,,1,-267.70227510399417,-214.39999999999418,0.0,1,0.0,-267.70227510399417,-214.39999999999418,0,0.0,0.0,0.0,16.0,18.0,0.0
BDL,COCHINSHIP,1e-12,6.5688583e-07,0.00051259739,6.3743849,50000.0,False,,,1,-267.70227510399417,-214.39999999999418,0.0,1,0.0,-267.70227510399417,-214.39999999999418,0,0.0,0.0,0.0,16.0,18.0,0.5
BDL,COCHINSHIP,1e-12,6.5688583e-07,0.00051259739,6.3743849,50000.0,False,,,1,-267.70227510399417,-214.39999999999418,0.0,1,0.0,-267.70227510399417,-214.39999999999418,0,0.0,0.0,0.0,16.0,18.0,1.0
BDL,COCHINSHIP,1e-12,6.5688583e-07,0.00051259739,6.3743849,50000.0,False,,,1,-267.70227510399417,-214.39999999999418,0.0,1,0.0,-267.70227510399417,-214.39999999999418,0,0.0,0.0,0.0,16.0,18.5,0.0
BDL,COCHINSHIP,1e-12,6.5688583e-07,0.00051259739,6.3743849,50000.0,False,,,1,-267.70227510399417,-214.39999999999418,0.0,1,0.0,-267.70227510399417,-214.39999999999418,0,0.0,0.0,0.0,16.0,18.5,0.5
BDL,COCHINSHIP,1e-12,6.5688583e-07,0.00051259739,6.3743849,50000.0,False,,,1,-267.70227510399417,-214.39999999999418,0.0,1,0.0,-267.70227510399417,-214.39999999999418,0,0.0,0.0,0.0,16.0,18.5,1.0
BDL,COCHINSHIP,1e-12,6.5688583e-07,0.00051259739,6.3743849,50000.0,False,,,1,-267.70227510399417,-214.39999999999418,0.0,1,0.0,-267.70227510399417,-214.39999999999418,0,0.0,0.0,0.0,16.0,19.0,0.0
BDL,COCHINSHIP,1e-12,6.5688583e-07,0.00051259739,6.3743849,50000.0,False,,,1,-267.70227510399417,-214.39999999999418,0.0,1,0.0,-267.70227510399417,-214.39999999999418,0,0.0,0.0,0.0,16.0,19.0,0.5
BDL,COCHINSHIP,1e-12,6.5688583e-07,0.00051259739,6.3743849,50000.0,False,,,1,-267.70227510399417,-214.39999999999418,0.0,1,0.0,-267.70227510399417,-214.39999999999418,0,0.0,0.0,0.0,16.0,19.0,1.0
BDL,COCHINSHIP,1e-12,6.5688583e-07,0.00051259739,6.3743849,50000.0,False,,,1,-868.9138159680145,-816.0000000000146,0.0,1,0.0,-868.9138159680145,-816.0000000000146,0,0.0,0.0,0.0,16.0,19.5,0.0
BDL,COCHINSHIP,1e-12,6.5688583e-07,0.00051259739,6.3743849,50000.0,False,,,1,-725.0067982080072,-672.0000000000073,0.0,1,0.0,-725.0067982080072,-672.0000000000073,0,0.0,0.0,0.0,16.0,19.5,0.5
BDL,COCHINSHIP,1e-12,6.5688583e-07,0.00051259739,6.3743849,50000.0,False,,,1,-683.4336597440015,-630.4000000000015,0.0,1,0.0,-683.4336597440015,-630.4000000000015,0,0.0,0.0,0.0,16.0,19.5,1.0
BDL,COCHINSHIP,1e-12,6.5688583e-07,0.00051259739,6.3743849,50000.0,False,,,1,-868.9138159680145,-816.0000000000146,0.0,1,0.0,-868.9138159680145,-816.0000000000146,0,0.0,0.0,0.0,16.0,20.0,0.0
BDL,COCHINSHIP,1e-12,6.5688583e-07,0.00051259739,6.3743849,50000.0,False,,,1,-725.0067982080072,-672.0000000000073,0.0,1,0.0,-725.0067982080072,-672.0000000000073,0,0.0,0.0,0.0,16.0,20.0,0.5
BDL,COCHINSHIP,1e-12,6.5688583e-07,0.00051259739,6.3743849,50000.0,False,,,1,-683.4336597440015,-630.4000000000015,0.0,1,0.0,-683.4336597440015,-630.4000000000015,0,0.0,0.0,0.0,16.0,20.0,1.0
BDL,COCHINSHIP,1e-12,6.5688583e-07,0.00051259739,6.3743849,50000.0,False,,,1,-868.9138159680145,-816.0000000000146,0.0,1,0.0,-868.9138159680145,-816.0000000000146,0,0.0,0.0,0.0,16.0,20.5,0.0
BDL,COCHINSHIP,1e-12,6.5688583e-07,0.00051259739,6.3743849,50000.0,False,,,1,-725.0067982080072,-672.0000000000073,0.0,1,0.0,-725.0067982080072,-672.0000000000073,0,0.0,0.0,0.0,16.0,20.5,0.5
BDL,COCHINSHIP,1e-12,6.5688583e-07,0.00051259739,6.3743849,50000.0,False,,,1,-683.4336597440015,-630.4000000000015,0.0,1,0.0,-683.4336597440015,-630.4000000000015,0,0.0,0.0,0.0,16.0,20.5,1.0
BDL,COCHINSHIP,1e-12,6.5688583e-07,0.00051259739,6.3743849,50000.0,False,,,1,-868.9138159680145,-816.0000000000146,0.0,1,0.0,-868.9138159680145,-816.0000000000146,0,0.0,0.0,0.0,16.0,21.0,0.0
BDL,COCHINSHIP,1e-12,6.5688583e-07,0.00051259739,6.3743849,50000.0,False,,,1,-725.0067982080072,-672.0000000000073,0.0,1,0.0,-725.0067982080072,-672.0000000000073,0,0.0,0.0,0.0,16.0,21.0,0.5
BDL,COCHINSHIP,1e-12,6.5688583e-07,0.00051259739,6.3743849,50000.0,False,,,1,-683.4336597440015,-630.4000000000015,0.0,1,0.0,-683.4336597440015,-630.4000000000015,0,0.0,0.0,0.0,16.0,21.0,1.0
BDL,COCHINSHIP,1e-12,6.5688583e-07,0.00051259739,6.3743849,50000.0,False,,,1,-868.9138159680145,-816.0000000000146,0.0,1,0.0,-868.9138159680145,-816.0000000000146,0,0.0,0.0,0.0,16.0,21.5,0.0
BDL,COCHINSHIP,1e-12,6.5688583e-07,0.00051259739,6.3743849,50000.0,False,,,1,-725.0067982080072,-672.0000000000073,0.0,1,0.0,-725.0067982080072,-672.0000000000073,0,0.0,0.0,0.0,16.0,21.5,0.5
BDL,COCHINSHIP,1e-12,6.5688583e-07,0.00051259739,6.3743849,50000.0,False,,,1,-683.4336597440015,-630.4000000000015,0.0,1,0.0,-683.4336597440015,-630.4000000000015,0,0.0,0.0,0.0,16.0,21.5,1.0
BDL,COCHINSHIP,1e-12,6.5688583e-07,0.00051259739,6.3743849,50000.0,False,,,1,-868.9138159680145,-816.0000000000146,0.0,1,0.0,-868.9138159680145,-816.0000000000146,0,0.0,0.0,0.0,16.0,22.0,0.0
BDL,COCHINSHIP,1e-12,6.5688583e-07,0.00051259739,6.3743849,50000.0,False,,,1,-725.0067982080072,-672.0000000000073,0.0,1,0.0,-725.0067982080072,-672.0000000000073,0,0.0,0.0,0.0,16.0,22.0,0.5
BDL,COCHINSHIP,1e-12,6.5688583e-07,0.00051259739,6.3743849,50000.0,False,,,1,-683.4336597440015,-630.4000000000015,0.0,1,0.0,-683.4336597440015,-630.4000000000015,0,0.0,0.0,0.0,16.0,22.0,1.0
BDL,COCHINSHIP,1e-12,6.5688583e-07,0.00051259739,6.3743849,50000.0,False,,,1,-868.9138159680145,-816.0000000000146,0.0,1,0.0,-868.9138159680145,-816.0000000000146,0,0.0,0.0,0.0,16.0,22.5,0.0
BDL,COCHINSHIP,1e-12,6.5688583e-07,0.00051259739,6.3743849,50000.0,False,,,1,-725.0067982080072,-672.0000000000073,0.0,1,0.0,-725.0067982080072,-672.0000000000073,0,0.0,0.0,0.0,16.0,22.5,0.5
BDL,COCHINSHIP,1e-12,6.5688583e-07,0.00051259739,6.3743849,50000.0,False,,,1,-683.4336597440015,-630.4000000000015,0.0,1,0.0,-683.4336597440015,-630.4000000000015,0,0.0,0.0,0.0,16.0,22.5,1.0
BDL,COCHINSHIP,1e-12,6.5688583e-07,0.00051259739,6.3743849,50000.0,False,,,1,-868.9138159680145,-816.0000000000146,0.0,1,0.0,-868.9138159680145,-816.0000000000146,0,0.0,0.0,0.0,16.0,23.0,0.0
BDL,COCHINSHIP,1e-12,6.5688583e-07,0.00051259739,6.3743849,50000.0,False,,,1,-725.0067982080072,-672.0000000000073,0.0,1,0.0,-725.0067982080072,-672.0000000000073,0,0.0,0.0,0.0,16.0,23.0,0.5
BDL,COCHINSHIP,1e-12,6.5688583e-07,0.00051259739,6.3743849,50000.0,False,,,1,-683.4336597440015,-630.4000000000015,0.0,1,0.0,-683.4336597440015,-630.4000000000015,0,0.0,0.0,0.0,16.0,23.0,1.0
BDL,COCHINSHIP,1e-12,6.5688583e-07,0.00051259739,6.3743849,50000.0,False,,,1,-868.9138159680145,-816.0000000000146,0.0,1,0.0,-868.9138159680145,-816.0000000000146,0,0.0,0.0,0.0,16.0,23.5,0.0
BDL,COCHINSHIP,1e-12,6.5688583e-07,0.00051259739,6.3743849,50000.0,False,,,1,-725.0067982080072,-672.0000000000073,0.0,1,0.0,-725.0067982080072,-672.0000000000073,0,0.0,0.0,0.0,16.0,23.5,0.5
BDL,COCHINSHIP,1e-12,6.5688583e-07,0.00051259739,6.3743849,50000.0,False,,,1,-683.4336597440015,-630.4000000000015,0.0,1,0.0,-683.4336597440015,-630.4000000000015,0,0.0,0.0,0.0,16.0,23.5,1.0
BDL,COCHINSHIP,1e-12,6.5688583e-07,0.00051259739,6.3743849,50000.0,False,,,1,-868.9138159680145,-816.0000000000146,0.0,1,0.0,-868.9138159680145,-816.0000000000146,0,0.0,0.0,0.0,16.0,24.0,0.0
BDL,COCHINSHIP,1e-12,6.5688583e-07,0.00051259739,6.3743849,50000.0,False,,,1,-725.0067982080072,-672.0000000000073,0.0,1,0.0,-725.0067982080072,-672.0000000000073,0,0.0,0.0,0.0,16.0,24.0,0.5
BDL,COCHINSHIP,1e-12,6.5688583e-07,0.00051259739,6.3743849,50000.0,False,,,1,-683.4336597440015,-630.4000000000015,0.0,1,0.0,-683.4336597440015,-630.4000000000015,0,0.0,0.0,0.0,16.0,24.0,1.0
BDL,COCHINSHIP,1e-12,6.5688583e-07,0.00051259739,6.3743849,50000.0,False,,,1,-868.9138159680145,-816.0000000000146,0.0,1,0.0,-868.9138159680145,-816.0000000000146,0,0.0,0.0,0.0,16.0,24.5,0.0
BDL,COCHINSHIP,1e-12,6.5688583e-07,0.00051259739,6.3743849,50000.0,False,,,1,-725.0067982080072,-672.0000000000073,0.0,1,0.0,-725.0067982080072,-672.0000000000073,0,0.0,0.0,0.0,16.0,24.5,0.5
BDL,COCHINSHIP,1e-12,6.5688583e-07,0.00051259739,6.3743849,50000.0,False,,,1,-683.4336597440015,-630.4000000000015,0.0,1,0.0,-683.4336597440015,-630.4000000000015,0,0.0,0.0,0.0,16.0,24.5,1.0
BDL,COCHINSHIP,1e-12,6.5688583e-07,0.00051259739,6.3743849,50000.0,False,,,1,-868.9138159680145,-816.0000000000146,0.0,1,0.0,-868.9138159680145,-816.0000000000146,0,0.0,0.0,0.0,16.0,25.0,0.0
BDL,COCHINSHIP,1e-12,6.5688583e-07,0.00051259739,6.3743849,50000.0,False,,,1,-725.0067982080072,-672.0000000000073,0.0,1,0.0,-725.0067982080072,-672.0000000000073,0,0.0,0.0,0.0,16.0,25.0,0.5
BDL,COCHINSHIP,1e-12,6.5688583e-07,0.00051259739,6.3743849,50000.0,False,,,1,-683.4336597440015,-630.4000000000015,0.0,1,0.0,-683.4336597440015,-630.4000000000015,0,0.0,0.0,0.0,16.0,25.0,1.0
BDL,COCHINSHIP,1e-12,6.5688583e-07,0.00051259739,6.3743849,50000.0,False,,,1,-868.9138159680145,-816.0000000000146,0.0,1,0.0,-868.9138159680145,-816.0000000000146,0,0.0,0.0,0.0,16.0,25.5,0.0
BDL,COCHINSHIP,1e-12,6.5688583e-07,0.00051259739,6.3743849,50000.0,False,,,1,-725.0067982080072,-672.0000000000073,0.0,1,0.0,-725.0067982080072,-672.0000000000073,0,0.0,0.0,0.0,16.0,25.5,0.5
BDL,COCHINSHIP,1e-12,6.5688583e-07,0.00051259739,6.3743849,50000.0,False,,,1,-683.4336597440015,-630.4000000000015,0.0,1,0.0,-683.4336597440015,-630.4000000000015,0,0.0,0.0,0.0,16.0,25.5,1.0
BDL,COCHINSHIP,1e-12,6.5688583e-07,0.00051259739,6.3743849,50000.0,False,,,1,-868.9138159680145,-816.0000000000146,0.0,1,0.0,-868.9138159680145,-816.0000000000146,0,0.0,0.0,0.0,16.0,26.0,0.0
BDL,COCHINSHIP,1e-12,6.5688583e-07,0.00051259739,6.3743849,50000.0,False,,,1,-725.0067982080072,-672.0000000000073,0.0,1,0.0,-725.0067982080072,-672.0000000000073,0,0.0,0.0,0.0,16.0,26.0,0.5
BDL,COCHINSHIP,1e-12,6.5688583e-07,0.00051259739,6.3743849,50000.0,False,,,1,-683.4336597440015,-630.4000000000015,0.0,1,0.0,-683.4336597440015,-630.4000000000015,0,0.0,0.0,0.0,16.0,26.0,1.0
BDL,COCHINSHIP,1e-12,6.5688583e-07,0.00051259739,6.3743849,50000.0,False,,,1,-868.9138159680145,-816.0000000000146,0.0,1,0.0,-868.9138159680145,-816.0000000000146,0,0.0,0.0,0.0,16.0,26.5,0.0
BDL,COCHINSHIP,1e-12,6.5688583e-07,0.00051259739,6.3743849,50000.0,False,,,1,-725.0067982080072,-672.0000000000073,0.0,1,0.0,-725.0067982080072,-672.0000000000073,0,0.0,0.0,0.0,16.0,26.5,0.5
BDL,COCHINSHIP,1e-12,6.5688583e-07,0.00051259739,6.3743849,50000.0,False,,,1,-683.4336597440015,-630.4000000000015,0.0,1,0.0,-683.4336597440015,-630.4000000000015,0,0.0,0.0,0.0,16.0,26.5,1.0
BDL,COCHINSHIP,1e-12,6.5688583e-07,0.00051259739,6.3743849,50000.0,False,,,1,-868.9138159680145,-816.0000000000146,0.0,1,0.0,-868.9138159680145,-816.0000000000146,0,0.0,0.0,0.0,16.0,27.0,0.0
BDL,COCHINSHIP,1e-12,6.5688583e-07,0.00051259739,6.3743849,50000.0,False,,,1,-725.0067982080072,-672.0000000000073,0.0,1,0.0,-725.0067982080072,-672.0000000000073,0,0.0,0.0,0.0,16.0,27.0,0.5
BDL,COCHINSHIP,1e-12,6.5688583e-07,0.00051259739,6.3743849,50000.0,False,,,1,-683.4336597440015,-630.4000000000015,0.0,1,0.0,-683.4336597440015,-630.4000000000015,0,0.0,0.0,0.0,16.0,27.0,1.0
BDL,COCHINSHIP,1e-12,6.5688583e-07,0.00051259739,6.3743849,50000.0,False,,,1,-868.9138159680145,-816.0000000000146,0.0,1,0.0,-868.9138159680145,-816.0000000000146,0,0.0,0.0,0.0,16.0,27.5,0.0
BDL,COCHINSHIP,1e-12,6.5688583e-07,0.00051259739,6.3743849,50000.0,False,,,1,-725.0067982080072,-672.0000000000073,0.0,1,0.0,-725.0067982080072,-672.0000000000073,0,0.0,0.0,0.0,16.0,27.5,0.5
BDL,COCHINSHIP,1e-12,6.5688583e-07,0.00051259739,6.3743849,50000.0,False,,,1,-683.4336597440015,-630.4000000000015,0.0,1,0.0,-683.4336597440015,-630.4000000000015,0,0.0,0.0,0.0,16.0,27.5,1.0
BDL,COCHINSHIP,1e-12,6.5688583e-07,0.00051259739,6.3743849,50000.0,False,,,1,-868.9138159680145,-816.0000000000146,0.0,1,0.0,-868.9138159680145,-816.0000000000146,0,0.0,0.0,0.0,16.0,28.0,0.0
BDL,COCHINSHIP,1e-12,6.5688583e-07,0.00051259739,6.3743849,50000.0,False,,,1,-725.0067982080072,-672.0000000000073,0.0,1,0.0,-725.0067982080072,-672.0000000000073,0,0.0,0.0,0.0,16.0,28.0,0.5
BDL,COCHINSHIP,1e-12,6.5688583e-07,0.00051259739,6.3743849,50000.0,False,,,1,-683.4336597440015,-630.4000000000015,0.0,1,0.0,-683.4336597440015,-630.4000000000015,0,0.0,0.0,0.0,16.0,28.0,1.0
BDL,COCHINSHIP,1e-12,6.5688583e-07,0.00051259739,6.3743849,50000.0,False,,,1,-868.9138159680145,-816.0000000000146,0.0,1,0.0,-868.9138159680145,-816.0000000000146,0,0.0,0.0,0.0,16.0,28.5,0.0
BDL,COCHINSHIP,1e-12,6.5688583e-07,0.00051259739,6.3743849,50000.0,False,,,1,-725.0067982080072,-672.0000000000073,0.0,1,0.0,-725.0067982080072,-672.0000000000073,0,0.0,0.0,0.0,16.0,28.5,0.5
BDL,COCHINSHIP,1e-12,6.5688583e-07,0.00051259739,6.3743849,50000.0,False,,,1,-683.4336597440015,-630.4000000000015,0.0,1,0.0,-683.4336597440015,-630.4000000000015,0,0.0,0.0,0.0,16.0,28.5,1.0
BDL,COCHINSHIP,1e-12,6.5688583e-07,0.00051259739,6.3743849,50000.0,False,,,1,-868.9138159680145,-816.0000000000146,0.0,1,0.0,-868.9138159680145,-816.0000000000146,0,0.0,0.0,0.0,16.0,29.0,0.0
BDL,COCHINSHIP,1e-12,6.5688583e-07,0.00051259739,6.3743849,50000.0,False,,,1,-725.0067982080072,-672.0000000000073,0.0,1,0.0,-725.0067982080072,-672.0000000000073,0,0.0,0.0,0.0,16.0,29.0,0.5
BDL,COCHINSHIP,1e-12,6.5688583e-07,0.00051259739,6.3743849,50000.0,False,,,1,-683.4336597440015,-630.4000000000015,0.0,1,0.0,-683.4336597440015,-630.4000000000015,0,0.0,0.0,0.0,16.0,29.0,1.0
BDL,COCHINSHIP,1e-12,6.5688583e-07,0.00051259739,6.3743849,50000.0,False,,,1,-868.9138159680145,-816.0000000000146,0.0,1,0.0,-868.9138159680145,-816.0000000000146,0,0.0,0.0,0.0,16.0,29.5,0.0
BDL,COCHINSHIP,1e-12,6.5688583e-07,0.00051259739,6.3743849,50000.0,False,,,1,-725.0067982080072,-672.0000000000073,0.0,1,0.0,-725.0067982080072,-672.0000000000073,0,0.0,0.0,0.0,16.0,29.5,0.5
BDL,COCHINSHIP,1e-12,6.5688583e-07,0.00051259739,6.3743849,50000.0,False,,,1,-683.4336597440015,-630.4000000000015,0.0,1,0.0,-683.4336597440015,-630.4000000000015,0,0.0,0.0,0.0,16.0,29.5,1.0
BDL,COCHINSHIP,1e-12,6.5688583e-07,0.00051259739,6.3743849,50000.0,False,,,1,-868.9138159680145,-816.0000000000146,0.0,1,0.0,-868.9138159680145,-816.0000000000146,0,0.0,0.0,0.0,16.0,30.0,0.0
BDL,COCHINSHIP,1e-12,6.5688583e-07,0.00051259739,6.3743849,50000.0,False,,,1,-725.0067982080072,-672.0000000000073,0.0,1,0.0,-725.0067982080072,-672.0000000000073,0,0.0,0.0,0.0,16.0,30.0,0.5
BDL,COCHINSHIP,1e-12,6.5688583e-07,0.00051259739,6.3743849,50000.0,False,,,1,-683.4336597440015,-630.4000000000015,0.0,1,0.0,-683.4336597440015,-630.4000000000015,0,0.0,0.0,0.0,16.0,30.0,1.0
BDL,COCHINSHIP,1e-12,6.5688583e-07,0.00051259739,6.3743849,50000.0,False,,,1,-267.70227510399417,-214.39999999999418,0.0,1,0.0,-267.70227510399417,-214.39999999999418,0,0.0,0.0,0.0,16.5,17.0,0.0
BDL,COCHINSHIP,1e-12,6.5688583e-07,0.00051259739,6.3743849,50000.0,False,,,1,-267.70227510399417,-214.39999999999418,0.0,1,0.0,-267.70227510399417,-214.39999999999418,0,0.0,0.0,0.0,16.5,17.0,0.5
BDL,COCHINSHIP,1e-12,6.5688583e-07,0.00051259739,6.3743849,50000.0,False,,,1,-267.70227510399417,-214.39999999999418,0.0,1,0.0,-267.70227510399417,-214.39999999999418,0,0.0,0.0,0.0,16.5,17.0,1.0
BDL,COCHINSHIP,1e-12,6.5688583e-07,0.00051259739,6.3743849,50000.0,False,,,1,-267.70227510399417,-214.39999999999418,0.0,1,0.0,-267.70227510399417,-214.39999999999418,0,0.0,0.0,0.0,16.5,17.5,0.0
BDL,COCHINSHIP,1e-12,6.5688583e-07,0.00051259739,6.3743849,50000.0,False,,,1,-267.70227510399417,-214.39999999999418,0.0,1,0.0,-267.70227510399417,-214.39999999999418,0,0.0,0.0,0.0,16.5,17.5,0.5
BDL,COCHINSHIP,1e-12,6.5688583e-07,0.00051259739,6.3743849,50000.0,False,,,1,-267.70227510399417,-214.39999999999418,0.0,1,0.0,-267.70227510399417,-214.39999999999418,0,0.0,0.0,0.0,16.5,17.5,1.0
BDL,COCHINSHIP,1e-12,6.5688583e-07,0.00051259739,6.3743849,50000.0,False,,,1,-267.70227510399417,-214.39999999999418,0.0,1,0.0,-267.70227510399417,-214.39999999999418,0,0.0,0.0,0.0,16.5,18.0,0.0
BDL,COCHINSHIP,1e-12,6.5688583e-07,0.00051259739,6.3743849,50000.0,False,,,1,-267.70227510399417,-214.39999999999418,0.0,1,0.0,-267.70227510399417,-214.39999999999418,0,0.0,0.0,0.0,16.5,18.0,0.5
BDL,COCHINSHIP,1e-12,6.5688583e-07,0.00051259739,6.3743849,50000.0,False,,,1,-267.70227510399417,-214.39999999999418,0.0,1,0.0,-267.70227510399417,-214.39999999999418,0,0.0,0.0,0.0,16.5,18.0,1.0
BDL,COCHINSHIP,1e-12,6.5688583e-07,0.00051259739,6.3743849,50000.0,False,,,1,-267.70227510399417,-214.39999999999418,0.0,1,0.0,-267.70227510399417,-214.39999999999418,0,0.0,0.0,0.0,16.5,18.5,0.0
BDL,COCHINSHIP,1e-12,6.5688583e-07,0.00051259739,6.3743849,50000.0,False,,,1,-267.70227510399417,-214.39999999999418,0.0,1,0.0,-267.70227510399417,-214.39999999999418,0,0.0,0.0,0.0,16.5,18.5,0.5
BDL,COCHINSHIP,1e-12,6.5688583e-07,0.00051259739,6.3743849,50000.0,False,,,1,-267.70227510399417,-214.39999999999418,0.0,1,0.0,-267.70227510399417,-214.39999999999418,0,0.0,0.0,0.0,16.5,18.5,1.0
BDL,COCHINSHIP,1e-12,6.5688583e-07,0.00051259739,6.3743849,50000.0,False,,,1,-267.70227510399417,-214.39999999999418,0.0,1,0.0,-267.70227510399417,-214.39999999999418,0,0.0,0.0,0.0,16.5,19.0,0.0
BDL,COCHINSHIP,1e-12,6.5688583e-07,0.00051259739,6.3743849,50000.0,False,,,1,-267.70227510399417,-214.39999999999418,0.0,1,0.0,-267.70227510399417,-214.39999999999418,0,0.0,0.0,0.0,16.5,19.0,0.5
BDL,COCHINSHIP,1e-12,6.5688583e-07,0.00051259739,6.3743849,50000.0,False,,,1,-267.70227510399417,-214.39999999999418,0.0,1,0.0,-267.70227510399417,-214.39999999999418,0,0.0,0.0,0.0,16.5,19.0,1.0
BDL,COCHINSHIP,1e-12,6.5688583e-07,0.00051259739,6.3743849,50000.0,False,,,1,-868.9138159680145,-816.0000000000146,0.0,1,0.0,-868.9138159680145,-816.0000000000146,0,0.0,0.0,0.0,16.5,19.5,0.0
BDL,COCHINSHIP,1e-12,6.5688583e-07,0.00051259739,6.3743849,50000.0,False,,,1,-725.0067982080072,-672.0000000000073,0.0,1,0.0,-725.0067982080072,-672.0000000000073,0,0.0,0.0,0.0,16.5,19.5,0.5
BDL,COCHINSHIP,1e-12,6.5688583e-07,0.00051259739,6.3743849,50000.0,False,,,1,-683.4336597440015,-630.4000000000015,0.0,1,0.0,-683.4336597440015,-630.4000000000015,0,0.0,0.0,0.0,16.5,19.5,1.0
BDL,COCHINSHIP,1e-12,6.5688583e-07,0.00051259739,6.3743849,50000.0,False,,,1,-868.9138159680145,-816.0000000000146,0.0,1,0.0,-868.9138159680145,-816.0000000000146,0,0.0,0.0,0.0,16.5,20.0,0.0
BDL,COCHINSHIP,1e-12,6.5688583e-07,0.00051259739,6.3743849,50000.0,False,,,1,-725.0067982080072,-672.0000000000073,0.0,1,0.0,-725.0067982080072,-672.0000000000073,0,0.0,0.0,0.0,16.5,20.0,0.5
BDL,COCHINSHIP,1e-12,6.5688583e-07,0.00051259739,6.3743849,50000.0,False,,,1,-683.4336597440015,-630.4000000000015,0.0,1,0.0,-683.4336597440015,-630.4000000000015,0,0.0,0.0,0.0,16.5,20.0,1.0
BDL,COCHINSHIP,1e-12,6.5688583e-07,0.00051259739,6.3743849,50000.0,False,,,1,-868.9138159680145,-816.0000000000146,0.0,1,0.0,-868.9138159680145,-816.0000000000146,0,0.0,0.0,0.0,16.5,20.5,0.0
BDL,COCHINSHIP,1e-12,6.5688583e-07,0.00051259739,6.3743849,50000.0,False,,,1,-725.0067982080072,-672.0000000000073,0.0,1,0.0,-725.0067982080072,-672.0000000000073,0,0.0,0.0,0.0,16.5,20.5,0.5
BDL,COCHINSHIP,1e-12,6.5688583e-07,0.00051259739,6.3743849,50000.0,False,,,1,-683.4336597440015,-630.4000000000015,0.0,1,0.0,-683.4336597440015,-630.4000000000015,0,0.0,0.0,0.0,16.5,20.5,1.0
BDL,COCHINSHIP,1e-12,6.5688583e-07,0.00051259739,6.3743849,50000.0,False,,,1,-868.9138159680145,-816.0000000000146,0.0,1,0.0,-868.9138159680145,-816.0000000000146,0,0.0,0.0,0.0,16.5,21.0,0.0
BDL,COCHINSHIP,1e-12,6.5688583e-07,0.00051259739,6.3743849,50000.0,False,,,1,-725.0067982080072,-672.0000000000073,0.0,1,0.0,-725.0067982080072,-672.0000000000073,0,0.0,0.0,0.0,16.5,21.0,0.5
BDL,COCHINSHIP,1e-12,6.5688583e-07,0.00051259739,6.3743849,50000.0,False,,,1,-683.4336597440015,-630.4000000000015,0.0,1,0.0,-683.4336597440015,-630.4000000000015,0,0.0,0.0,0.0,16.5,21.0,1.0
BDL,COCHINSHIP,1e-12,6.5688583e-07,0.00051259739,6.3743849,50000.0,False,,,1,-868.9138159680145,-816.0000000000146,0.0,1,0.0,-868.9138159680145,-816.0000000000146,0,0.0,0.0,0.0,16.5,21.5,0.0
BDL,COCHINSHIP,1e-12,6.5688583e-07,0.00051259739,6.3743849,50000.0,False,,,1,-725.0067982080072,-672.0000000000073,0.0,1,0.0,-725.0067982080072,-672.0000000000073,0,0.0,0.0,0.0,16.5,21.5,0.5
BDL,COCHINSHIP,1e-12,6.5688583e-07,0.00051259739,6.3743849,50000.0,False,,,1,-683.4336597440015,-630.4000000000015,0.0,1,0.0,-683.4336597440015,-630.4000000000015,0,0.0,0.0,0.0,16.5,21.5,1.0
BDL,COCHINSHIP,1e-12,6.5688583e-07,0.00051259739,6.3743849,50000.0,False,,,1,-868.9138159680145,-816.0000000000146,0.0,1,0.0,-868.9138159680145,-816.0000000000146,0,0.0,0.0,0.0,16.5,22.0,0.0
BDL,COCHINSHIP,1e-12,6.5688583e-07,0.00051259739,6.3743849,50000.0,False,,,1,-725.0067982080072,-672.0000000000073,0.0,1,0.0,-725.0067982080072,-672.0000000000073,0,0.0,0.0,0.0,16.5,22.0,0.5
BDL,COCHINSHIP,1e-12,6.5688583e-07,0.00051259739,6.3743849,50000.0,False,,,1,-683.4336597440015,-630.4000000000015,0.0,1,0.0,-683.4336597440015,-630.4000000000015,0,0.0,0.0,0.0,16.5,22.0,1.0
BDL,COCHINSHIP,1e-12,6.5688583e-07,0.00051259739,6.3743849,50000.0,False,,,1,-868.9138159680145,-816.0000000000146,0.0,1,0.0,-868.9138159680145,-816.0000000000146,0,0.0,0.0,0.0,16.5,22.5,0.0
BDL,COCHINSHIP,1e-12,6.5688583e-07,0.00051259739,6.3743849,50000.0,False,,,1,-725.0067982080072,-672.0000000000073,0.0,1,0.0,-725.0067982080072,-672.0000000000073,0,0.0,0.0,0.0,16.5,22.5,0.5
BDL,COCHINSHIP,1e-12,6.5688583e-07,0.00051259739,6.3743849,50000.0,False,,,1,-683.4336597440015,-630.4000000000015,0.0,1,0.0,-683.4336597440015,-630.4000000000015,0,0.0,0.0,0.0,16.5,22.5,1.0
BDL,COCHINSHIP,1e-12,6.5688583e-07,0.00051259739,6.3743849,50000.0,False,,,1,-868.9138159680145,-816.0000000000146,0.0,1,0.0,-868.9138159680145,-816.0000000000146,0,0.0,0.0,0.0,16.5,23.0,0.0
BDL,COCHINSHIP,1e-12,6.5688583e-07,0.00051259739,6.3743849,50000.0,False,,,1,-725.0067982080072,-672.0000000000073,0.0,1,0.0,-725.0067982080072,-672.0000000000073,0,0.0,0.0,0.0,16.5,23.0,0.5
BDL,COCHINSHIP,1e-12,6.5688583e-07,0.00051259739,6.3743849,50000.0,False,,,1,-683.4336597440015,-630.4000000000015,0.0,1,0.0,-683.4336597440015,-630.4000000000015,0,0.0,0.0,0.0,16.5,23.0,1.0
BDL,COCHINSHIP,1e-12,6.5688583e-07,0.00051259739,6.3743849,50000.0,False,,,1,-868.9138159680145,-816.0000000000146,0.0,1,0.0,-868.9138159680145,-816.0000000000146,0,0.0,0.0,0.0,16.5,23.5,0.0
BDL,COCHINSHIP,1e-12,6.5688583e-07,0.00051259739,6.3743849,50000.0,False,,,1,-725.0067982080072,-672.0000000000073,0.0,1,0.0,-725.0067982080072,-672.0000000000073,0,0.0,0.0,0.0,16.5,23.5,0.5
BDL,COCHINSHIP,1e-12,6.5688583e-07,0.00051259739,6.3743849,50000.0,False,,,1,-683.4336597440015,-630.4000000000015,0.0,1,0.0,-683.4336597440015,-630.4000000000015,0,0.0,0.0,0.0,16.5,23.5,1.0
BDL,COCHINSHIP,1e-12,6.5688583e-07,0.00051259739,6.3743849,50000.0,False,,,1,-868.9138159680145,-816.0000000000146,0.0,1,0.0,-868.9138159680145,-816.0000000000146,0,0.0,0.0,0.0,16.5,24.0,0.0
BDL,COCHINSHIP,1e-12,6.5688583e-07,0.00051259739,6.3743849,50000.0,False,,,1,-725.0067982080072,-672.0000000000073,0.0,1,0.0,-725.0067982080072,-672.0000000000073,0,0.0,0.0,0.0,16.5,24.0,0.5
BDL,COCHINSHIP,1e-12,6.5688583e-07,0.00051259739,6.3743849,50000.0,False,,,1,-683.4336597440015,-630.4000000000015,0.0,1,0.0,-683.4336597440015,-630.4000000000015,0,0.0,0.0,0.0,16.5,24.0,1.0
BDL,COCHINSHIP,1e-12,6.5688583e-07,0.00051259739,6.3743849,50000.0,False,,,1,-868.9138159680145,-816.0000000000146,0.0,1,0.0,-868.9138159680145,-816.0000000000146,0,0.0,0.0,0.0,16.5,24.5,0.0
BDL,COCHINSHIP,1e-12,6.5688583e-07,0.00051259739,6.3743849,50000.0,False,,,1,-725.0067982080072,-672.0000000000073,0.0,1,0.0,-725.0067982080072,-672.0000000000073,0,0.0,0.0,0.0,16.5,24.5,0.5
BDL,COCHINSHIP,1e-12,6.5688583e-07,0.00051259739,6.3743849,50000.0,False,,,1,-683.4336597440015,-630.4000000000015,0.0,1,0.0,-683.4336597440015,-630.4000000000015,0,0.0,0.0,0.0,16.5,24.5,1.0
BDL,COCHINSHIP,1e-12,6.5688583e-07,0.00051259739,6.3743849,50000.0,False,,,1,-868.9138159680145,-816.0000000000146,0.0,1,0.0,-868.9138159680145,-816.0000000000146,0,0.0,0.0,0.0,16.5,25.0,0.0
BDL,COCHINSHIP,1e-12,6.5688583e-07,0.00051259739,6.3743849,50000.0,False,,,1,-725.0067982080072,-672.0000000000073,0.0,1,0.0,-725.0067982080072,-672.0000000000073,0,0.0,0.0,0.0,16.5,25.0,0.5
BDL,COCHINSHIP,1e-12,6.5688583e-07,0.00051259739,6.3743849,50000.0,False,,,1,-683.4336597440015,-630.4000000000015,0.0,1,0.0,-683.4336597440015,-630.4000000000015,0,0.0,0.0,0.0,16.5,25.0,1.0
BDL,COCHINSHIP,1e-12,6.5688583e-07,0.00051259739,6.3743849,50000.0,False,,,1,-868.9138159680145,-816.0000000000146,0.0,1,0.0,-868.9138159680145,-816.0000000000146,0,0.0,0.0,0.0,16.5,25.5,0.0
BDL,COCHINSHIP,1e-12,6.5688583e-07,0.00051259739,6.3743849,50000.0,False,,,1,-725.0067982080072,-672.0000000000073,0.0,1,0.0,-725.0067982080072,-672.0000000000073,0,0.0,0.0,0.0,16.5,25.5,0.5
BDL,COCHINSHIP,1e-12,6.5688583e-07,0.00051259739,6.3743849,50000.0,False,,,1,-683.4336597440015,-630.4000000000015,0.0,1,0.0,-683.4336597440015,-630.4000000000015,0,0.0,0.0,0.0,16.5,25.5,1.0
BDL,COCHINSHIP,1e-12,6.5688583e-07,0.00051259739,6.3743849,50000.0,False,,,1,-868.9138159680145,-816.0000000000146,0.0,1,0.0,-868.9138159680145,-816.0000000000146,0,0.0,0.0,0.0,16.5,26.0,0.0
BDL,COCHINSHIP,1e-12,6.5688583e-07,0.00051259739,6.3743849,50000.0,False,,,1,-725.0067982080072,-672.0000000000073,0.0,1,0.0,-725.0067982080072,-672.0000000000073,0,0.0,0.0,0.0,16.5,26.0,0.5
BDL,COCHINSHIP,1e-12,6.5688583e-07,0.00051259739,6.3743849,50000.0,False,,,1,-683.4336597440015,-630.4000000000015,0.0,1,0.0,-683.4336597440015,-630.4000000000015,0,0.0,0.0,0.0,16.5,26.0,1.0
BDL,COCHINSHIP,1e-12,6.5688583e-07,0.00051259739,6.3743849,50000.0,False,,,1,-868.9138159680145,-816.0000000000146,0.0,1,0.0,-868.9138159680145,-816.0000000000146,0,0.0,0.0,0.0,16.5,26.5,0.0
BDL,COCHINSHIP,1e-12,6.5688583e-07,0.00051259739,6.3743849,50000.0,False,,,1,-725.0067982080072,-672.0000000000073,0.0,1,0.0,-725.0067982080072,-672.0000000000073,0,0.0,0.0,0.0,16.5,26.5,0.5
BDL,COCHINSHIP,1e-12,6.5688583e-07,0.00051259739,6.3743849,50000.0,False,,,1,-683.4336597440015,-630.4000000000015,0.0,1,0.0,-683.4336597440015,-630.4000000000015,0,0.0,0.0,0.0,16.5,26.5,1.0
BDL,COCHINSHIP,1e-12,6.5688583e-07,0.00051259739,6.3743849,50000.0,False,,,1,-868.9138159680145,-816.0000000000146,0.0,1,0.0,-868.9138159680145,-816.0000000000146,0,0.0,0.0,0.0,16.5,27.0,0.0
BDL,COCHINSHIP,1e-12,6.5688583e-07,0.00051259739,6.3743849,50000.0,False,,,1,-725.0067982080072,-672.0000000000073,0.0,1,0.0,-725.0067982080072,-672.0000000000073,0,0.0,0.0,0.0,16.5,27.0,0.5
BDL,COCHINSHIP,1e-12,6.5688583e-07,0.00051259739,6.3743849,50000.0,False,,,1,-683.4336597440015,-630.4000000000015,0.0,1,0.0,-683.4336597440015,-630.4000000000015,0,0.0,0.0,0.0,16.5,27.0,1.0
BDL,COCHINSHIP,1e-12,6.5688583e-07,0.00051259739,6.3743849,50000.0,False,,,1,-868.9138159680145,-816.0000000000146,0.0,1,0.0,-868.9138159680145,-816.0000000000146,0,0.0,0.0,0.0,16.5,27.5,0.0
BDL,COCHINSHIP,1e-12,6.5688583e-07,0.00051259739,6.3743849,50000.0,False,,,1,-725.0067982080072,-672.0000000000073,0.0,1,0.0,-725.0067982080072,-672.0000000000073,0,0.0,0.0,0.0,16.5,27.5,0.5
BDL,COCHINSHIP,1e-12,6.5688583e-07,0.00051259739,6.3743849,50000.0,False,,,1,-683.4336597440015,-630.4000000000015,0.0,1,0.0,-683.4336597440015,-630.4000000000015,0,0.0,0.0,0.0,16.5,27.5,1.0
BDL,COCHINSHIP,1e-12,6.5688583e-07,0.00051259739,6.3743849,50000.0,False,,,1,-868.9138159680145,-816.0000000000146,0.0,1,0.0,-868.9138159680145,-816.0000000000146,0,0.0,0.0,0.0,16.5,28.0,0.0
BDL,COCHINSHIP,1e-12,6.5688583e-07,0.00051259739,6.3743849,50000.0,False,,,1,-725.0067982080072,-672.0000000000073,0.0,1,0.0,-725.0067982080072,-672.0000000000073,0,0.0,0.0,0.0,16.5,28.0,0.5
BDL,COCHINSHIP,1e-12,6.5688583e-07,0.00051259739,6.3743849,50000.0,False,,,1,-683.4336597440015,-630.4000000000015,0.0,1,0.0,-683.4336597440015,-630.4000000000015,0,0.0,0.0,0.0,16.5,28.0,1.0
BDL,COCHINSHIP,1e-12,6.5688583e-07,0.00051259739,6.3743849,50000.0,False,,,1,-868.9138159680145,-816.0000000000146,0.0,1,0.0,-868.9138159680145,-816.0000000000146,0,0.0,0.0,0.0,16.5,28.5,0.0
BDL,COCHINSHIP,1e-12,6.5688583e-07,0.00051259739,6.3743849,50000.0,False,,,1,-725.0067982080072,-672.0000000000073,0.0,1,0.0,-725.0067982080072,-672.0000000000073,0,0.0,0.0,0.0,16.5,28.5,0.5
BDL,COCHINSHIP,1e-12,6.5688583e-07,0.00051259739,6.3743849,50000.0,False,,,1,-683.4336597440015,-630.4000000000015,0.0,1,0.0,-683.4336597440015,-630.4000000000015,0,0.0,0.0,0.0,16.5,28.5,1.0
BDL,COCHINSHIP,1e-12,6.5688583e-07,0.00051259739,6.3743849,50000.0,False,,,1,-868.9138159680145,-816.0000000000146,0.0,1,0.0,-868.9138159680145,-816.0000000000146,0,0.0,0.0,0.0,16.5,29.0,0.0
BDL,COCHINSHIP,1e-12,6.5688583e-07,0.00051259739,6.3743849,50000.0,False,,,1,-725.0067982080072,-672.0000000000073,0.0,1,0.0,-725.0067982080072,-672.0000000000073,0,0.0,0.0,0.0,16.5,29.0,0.5
BDL,COCHINSHIP,1e-12,6.5688583e-07,0.00051259739,6.3743849,50000.0,False,,,1,-683.4336597440015,-630.4000000000015,0.0,1,0.0,-683.4336597440015,-630.4000000000015,0,0.0,0.0,0.0,16.5,29.0,1.0
BDL,COCHINSHIP,1e-12,6.5688583e-07,0.00051259739,6.3743849,50000.0,False,,,1,-868.9138159680145,-816.0000000000146,0.0,1,0.0,-868.9138159680145,-816.0000000000146,0,0.0,0.0,0.0,16.5,29.5,0.0
BDL,COCHINSHIP,1e-12,6.5688583e-07,0.00051259739,6.3743849,50000.0,False,,,1,-725.0067982080072,-672.0000000000073,0.0,1,0.0,-725.0067982080072,-672.0000000000073,0,0.0,0.0,0.0,16.5,29.5,0.5
BDL,COCHINSHIP,1e-12,6.5688583e-07,0.00051259739,6.3743849,50000.0,False,,,1,-683.4336597440015,-630.4000000000015,0.0,1,0.0,-683.4336597440015,-630.4000000000015,0,0.0,0.0,0.0,16.5,29.5,1.0
BDL,COCHINSHIP,1e-12,6.5688583e-07,0.00051259739,6.3743849,50000.0,False,,,1,-868.9138159680145,-816.0000000000146,0.0,1,0.0,-868.9138159680145,-816.0000000000146,0,0.0,0.0,0.0,16.5,30.0,0.0
BDL,COCHINSHIP,1e-12,6.5688583e-07,0.00051259739,6.3743849,50000.0,False,,,1,-725.0067982080072,-672.0000000000073,0.0,1,0.0,-725.0067982080072,-672.0000000000073,0,0.0,0.0,0.0,16.5,30.0,0.5
BDL,COCHINSHIP,1e-12,6.5688583e-07,0.00051259739,6.3743849,50000.0,False,,,1,-683.4336597440015,-630.4000000000015,0.0,1,0.0,-683.4336597440015,-630.4000000000015,0,0.0,0.0,0.0,16.5,30.0,1.0
BDL,COCHINSHIP,1e-12,6.5688583e-07,0.00051259739,6.3743849,50000.0,False,,,1,-267.70227510399417,-214.39999999999418,0.0,1,0.0,-267.70227510399417,-214.39999999999418,0,0.0,0.0,0.0,17.0,17.5,0.0
BDL,COCHINSHIP,1e-12,6.5688583e-07,0.00051259739,6.3743849,50000.0,False,,,1,-267.70227510399417,-214.39999999999418,0.0,1,0.0,-267.70227510399417,-214.39999999999418,0,0.0,0.0,0.0,17.0,17.5,0.5
BDL,COCHINSHIP,1e-12,6.5688583e-07,0.00051259739,6.3743849,50000.0,False,,,1,-267.70227510399417,-214.39999999999418,0.0,1,0.0,-267.70227510399417,-214.39999999999418,0,0.0,0.0,0.0,17.0,17.5,1.0
BDL,COCHINSHIP,1e-12,6.5688583e-07,0.00051259739,6.3743849,50000.0,False,,,1,-267.70227510399417,-214.39999999999418,0.0,1,0.0,-267.70227510399417,-214.39999999999418,0,0.0,0.0,0.0,17.0,18.0,0.0
BDL,COCHINSHIP,1e-12,6.5688583e-07,0.00051259739,6.3743849,50000.0,False,,,1,-267.70227510399417,-214.39999999999418,0.0,1,0.0,-267.70227510399417,-214.39999999999418,0,0.0,0.0,0.0,17.0,18.0,0.5
BDL,COCHINSHIP,1e-12,6.5688583e-07,0.00051259739,6.3743849,50000.0,False,,,1,-267.70227510399417,-214.39999999999418,0.0,1,0.0,-267.70227510399417,-214.39999999999418,0,0.0,0.0,0.0,17.0,18.0,1.0
BDL,COCHINSHIP,1e-12,6.5688583e-07,0.00051259739,6.3743849,50000.0,False,,,1,-267.70227510399417,-214.39999999999418,0.0,1,0.0,-267.70227510399417,-214.39999999999418,0,0.0,0.0,0.0,17.0,18.5,0.0
BDL,COCHINSHIP,1e-12,6.5688583e-07,0.00051259739,6.3743849,50000.0,False,,,1,-267.70227510399417,-214.39999999999418,0.0,1,0.0,-267.70227510399417,-214.39999999999418,0,0.0,0.0,0.0,17.0,18.5,0.5
BDL,COCHINSHIP,1e-12,6.5688583e-07,0.00051259739,6.3743849,50000.0,False,,,1,-267.70227510399417,-214.39999999999418,0.0,1,0.0,-267.70227510399417,-214.39999999999418,0,0.0,0.0,0.0,17.0,18.5,1.0
BDL,COCHINSHIP,1e-12,6.5688583e-07,0.00051259739,6.3743849,50000.0,False,,,1,-267.70227510399417,-214.39999999999418,0.0,1,0.0,-267.70227510399417,-214.39999999999418,0,0.0,0.0,0.0,17.0,19.0,0.0
BDL,COCHINSHIP,1e-12,6.5688583e-07,0.00051259739,6.3743849,50000.0,False,,,1,-267.70227510399417,-214.39999999999418,0.0,1,0.0,-267.70227510399417,-214.39999999999418,0,0.0,0.0,0.0,17.0,19.0,0.5
BDL,COCHINSHIP,1e-12,6.5688583e-07,0.00051259739,6.3743849,50000.0,False,,,1,-267.70227510399417,-214.39999999999418,0.0,1,0.0,-267.70227510399417,-214.39999999999418,0,0.0,0.0,0.0,17.0,19.0,1.0
BDL,COCHINSHIP,1e-12,6.5688583e-07,0.00051259739,6.3743849,50000.0,False,,,1,-868.9138159680145,-816.0000000000146,0.0,1,0.0,-868.9138159680145,-816.0000000000146,0,0.0,0.0,0.0,17.0,19.5,0.0
BDL,COCHINSHIP,1e-12,6.5688583e-07,0.00051259739,6.3743849,50000.0,False,,,1,-725.0067982080072,-672.0000000000073,0.0,1,0.0,-725.0067982080072,-672.0000000000073,0,0.0,0.0,0.0,17.0,19.5,0.5
BDL,COCHINSHIP,1e-12,6.5688583e-07,0.00051259739,6.3743849,50000.0,False,,,1,-683.4336597440015,-630.4000000000015,0.0,1,0.0,-683.4336597440015,-630.4000000000015,0,0.0,0.0,0.0,17.0,19.5,1.0
BDL,COCHINSHIP,1e-12,6.5688583e-07,0.00051259739,6.3743849,50000.0,False,,,1,-868.9138159680145,-816.0000000000146,0.0,1,0.0,-868.9138159680145,-816.0000000000146,0,0.0,0.0,0.0,17.0,20.0,0.0
BDL,COCHINSHIP,1e-12,6.5688583e-07,0.00051259739,6.3743849,50000.0,False,,,1,-725.0067982080072,-672.0000000000073,0.0,1,0.0,-725.0067982080072,-672.0000000000073,0,0.0,0.0,0.0,17.0,20.0,0.5
BDL,COCHINSHIP,1e-12,6.5688583e-07,0.00051259739,6.3743849,50000.0,False,,,1,-683.4336597440015,-630.4000000000015,0.0,1,0.0,-683.4336597440015,-630.4000000000015,0,0.0,0.0,0.0,17.0,20.0,1.0
BDL,COCHINSHIP,1e-12,6.5688583e-07,0.00051259739,6.3743849,50000.0,False,,,1,-868.9138159680145,-816.0000000000146,0.0,1,0.0,-868.9138159680145,-816.0000000000146,0,0.0,0.0,0.0,17.0,20.5,0.0
BDL,COCHINSHIP,1e-12,6.5688583e-07,0.00051259739,6.3743849,50000.0,False,,,1,-725.0067982080072,-672.0000000000073,0.0,1,0.0,-725.0067982080072,-672.0000000000073,0,0.0,0.0,0.0,17.0,20.5,0.5
BDL,COCHINSHIP,1e-12,6.5688583e-07,0.00051259739,6.3743849,50000.0,False,,,1,-683.4336597440015,-630.4000000000015,0.0,1,0.0,-683.4336597440015,-630.4000000000015,0,0.0,0.0,0.0,17.0,20.5,1.0
BDL,COCHINSHIP,1e-12,6.5688583e-07,0.00051259739,6.3743849,50000.0,False,,,1,-868.9138159680145,-816.0000000000146,0.0,1,0.0,-868.9138159680145,-816.0000000000146,0,0.0,0.0,0.0,17.0,21.0,0.0
BDL,COCHINSHIP,1e-12,6.5688583e-07,0.00051259739,6.3743849,50000.0,False,,,1,-725.0067982080072,-672.0000000000073,0.0,1,0.0,-725.0067982080072,-672.0000000000073,0,0.0,0.0,0.0,17.0,21.0,0.5
BDL,COCHINSHIP,1e-12,6.5688583e-07,0.00051259739,6.3743849,50000.0,False,,,1,-683.4336597440015,-630.4000000000015,0.0,1,0.0,-683.4336597440015,-630.4000000000015,0,0.0,0.0,0.0,17.0,21.0,1.0
BDL,COCHINSHIP,1e-12,6.5688583e-07,0.00051259739,6.3743849,50000.0,False,,,1,-868.9138159680145,-816.0000000000146,0.0,1,0.0,-868.9138159680145,-816.0000000000146,0,0.0,0.0,0.0,17.0,21.5,0.0
BDL,COCHINSHIP,1e-12,6.5688583e-07,0.00051259739,6.3743849,50000.0,False,,,1,-725.0067982080072,-672.0000000000073,0.0,1,0.0,-725.0067982080072,-672.0000000000073,0,0.0,0.0,0.0,17.0,21.5,0.5
BDL,COCHINSHIP,1e-12,6.5688583e-07,0.00051259739,6.3743849,50000.0,False,,,1,-683.4336597440015,-630.4000000000015,0.0,1,0.0,-683.4336597440015,-630.4000000000015,0,0.0,0.0,0.0,17.0,21.5,1.0
BDL,COCHINSHIP,1e-12,6.5688583e-07,0.00051259739,6.3743849,50000.0,False,,,1,-868.9138159680145,-816.0000000000146,0.0,1,0.0,-868.9138159680145,-816.0000000000146,0,0.0,0.0,0.0,17.0,22.0,0.0
BDL,COCHINSHIP,1e-12,6.5688583e-07,0.00051259739,6.3743849,50000.0,False,,,1,-725.0067982080072,-672.0000000000073,0.0,1,0.0,-725.0067982080072,-672.0000000000073,0,0.0,0.0,0.0,17.0,22.0,0.5
BDL,COCHINSHIP,1e-12,6.5688583e-07,0.00051259739,6.3743849,50000.0,False,,,1,-683.4336597440015,-630.4000000000015,0.0,1,0.0,-683.4336597440015,-630.4000000000015,0,0.0,0.0,0.0,17.0,22.0,1.0
BDL,COCHINSHIP,1e-12,6.5688583e-07,0.00051259739,6.3743849,50000.0,False,,,1,-868.9138159680145,-816.0000000000146,0.0,1,0.0,-868.9138159680145,-816.0000000000146,0,0.0,0.0,0.0,17.0,22.5,0.0
BDL,COCHINSHIP,1e-12,6.5688583e-07,0.00051259739,6.3743849,50000.0,False,,,1,-725.0067982080072,-672.0000000000073,0.0,1,0.0,-725.0067982080072,-672.0000000000073,0,0.0,0.0,0.0,17.0,22.5,0.5
BDL,COCHINSHIP,1e-12,6.5688583e-07,0.00051259739,6.3743849,50000.0,False,,,1,-683.4336597440015,-630.4000000000015,0.0,1,0.0,-683.4336597440015,-630.4000000000015,0,0.0,0.0,0.0,17.0,22.5,1.0
BDL,COCHINSHIP,1e-12,6.5688583e-07,0.00051259739,6.3743849,50000.0,False,,,1,-868.9138159680145,-816.0000000000146,0.0,1,0.0,-868.9138159680145,-816.0000000000146,0,0.0,0.0,0.0,17.0,23.0,0.0
BDL,COCHINSHIP,1e-12,6.5688583e-07,0.00051259739,6.3743849,50000.0,False,,,1,-725.0067982080072,-672.0000000000073,0.0,1,0.0,-725.0067982080072,-672.0000000000073,0,0.0,0.0,0.0,17.0,23.0,0.5
BDL,COCHINSHIP,1e-12,6.5688583e-07,0.00051259739,6.3743849,50000.0,False,,,1,-683.4336597440015,-630.4000000000015,0.0,1,0.0,-683.4336597440015,-630.4000000000015,0,0.0,0.0,0.0,17.0,23.0,1.0
BDL,COCHINSHIP,1e-12,6.5688583e-07,0.00051259739,6.3743849,50000.0,False,,,1,-868.9138159680145,-816.0000000000146,0.0,1,0.0,-868.9138159680145,-816.0000000000146,0,0.0,0.0,0.0,17.0,23.5,0.0
BDL,COCHINSHIP,1e-12,6.5688583e-07,0.00051259739,6.3743849,50000.0,False,,,1,-725.0067982080072,-672.0000000000073,0.0,1,0.0,-725.0067982080072,-672.0000000000073,0,0.0,0.0,0.0,17.0,23.5,0.5
BDL,COCHINSHIP,1e-12,6.5688583e-07,0.00051259739,6.3743849,50000.0,False,,,1,-683.4336597440015,-630.4000000000015,0.0,1,0.0,-683.4336597440015,-630.4000000000015,0,0.0,0.0,0.0,17.0,23.5,1.0
BDL,COCHINSHIP,1e-12,6.5688583e-07,0.00051259739,6.3743849,50000.0,False,,,1,-868.9138159680145,-816.0000000000146,0.0,1,0.0,-868.9138159680145,-816.0000000000146,0,0.0,0.0,0.0,17.0,24.0,0.0
BDL,COCHINSHIP,1e-12,6.5688583e-07,0.00051259739,6.3743849,50000.0,False,,,1,-725.0067982080072,-672.0000000000073,0.0,1,0.0,-725.0067982080072,-672.0000000000073,0,0.0,0.0,0.0,17.0,24.0,0.5
BDL,COCHINSHIP,1e-12,6.5688583e-07,0.00051259739,6.3743849,50000.0,False,,,1,-683.4336597440015,-630.4000000000015,0.0,1,0.0,-683.4336597440015,-630.4000000000015,0,0.0,0.0,0.0,17.0,24.0,1.0
BDL,COCHINSHIP,1e-12,6.5688583e-07,0.00051259739,6.3743849,50000.0,False,,,1,-868.9138159680145,-816.0000000000146,0.0,1,0.0,-868.9138159680145,-816.0000000000146,0,0.0,0.0,0.0,17.0,24.5,0.0
BDL,COCHINSHIP,1e-12,6.5688583e-07,0.00051259739,6.3743849,50000.0,False,,,1,-725.0067982080072,-672.0000000000073,0.0,1,0.0,-725.0067982080072,-672.0000000000073,0,0.0,0.0,0.0,17.0,24.5,0.5
BDL,COCHINSHIP,1e-12,6.5688583e-07,0.00051259739,6.3743849,50000.0,False,,,1,-683.4336597440015,-630.4000000000015,0.0,1,0.0,-683.4336597440015,-630.4000000000015,0,0.0,0.0,0.0,17.0,24.5,1.0
BDL,COCHINSHIP,1e-12,6.5688583e-07,0.00051259739,6.3743849,50000.0,False,,,1,-868.9138159680145,-816.0000000000146,0.0,1,0.0,-868.9138159680145,-816.0000000000146,0,0.0,0.0,0.0,17.0,25.0,0.0
BDL,COCHINSHIP,1e-12,6.5688583e-07,0.00051259739,6.3743849,50000.0,False,,,1,-725.0067982080072,-672.0000000000073,0.0,1,0.0,-725.0067982080072,-672.0000000000073,0,0.0,0.0,0.0,17.0,25.0,0.5
BDL,COCHINSHIP,1e-12,6.5688583e-07,0.00051259739,6.3743849,50000.0,False,,,1,-683.4336597440015,-630.4000000000015,0.0,1,0.0,-683.4336597440015,-630.4000000000015,0,0.0,0.0,0.0,17.0,25.0,1.0
BDL,COCHINSHIP,1e-12,6.5688583e-07,0.00051259739,6.3743849,50000.0,False,,,1,-868.9138159680145,-816.0000000000146,0.0,1,0.0,-868.9138159680145,-816.0000000000146,0,0.0,0.0,0.0,17.0,25.5,0.0
BDL,COCHINSHIP,1e-12,6.5688583e-07,0.00051259739,6.3743849,50000.0,False,,,1,-725.0067982080072,-672.0000000000073,0.0,1,0.0,-725.0067982080072,-672.0000000000073,0,0.0,0.0,0.0,17.0,25.5,0.5
BDL,COCHINSHIP,1e-12,6.5688583e-07,0.00051259739,6.3743849,50000.0,False,,,1,-683.4336597440015,-630.4000000000015,0.0,1,0.0,-683.4336597440015,-630.4000000000015,0,0.0,0.0,0.0,17.0,25.5,1.0
BDL,COCHINSHIP,1e-12,6.5688583e-07,0.00051259739,6.3743849,50000.0,False,,,1,-868.9138159680145,-816.0000000000146,0.0,1,0.0,-868.9138159680145,-816.0000000000146,0,0.0,0.0,0.0,17.0,26.0,0.0
BDL,COCHINSHIP,1e-12,6.5688583e-07,0.00051259739,6.3743849,50000.0,False,,,1,-725.0067982080072,-672.0000000000073,0.0,1,0.0,-725.0067982080072,-672.0000000000073,0,0.0,0.0,0.0,17.0,26.0,0.5
BDL,COCHINSHIP,1e-12,6.5688583e-07,0.00051259739,6.3743849,50000.0,False,,,1,-683.4336597440015,-630.4000000000015,0.0,1,0.0,-683.4336597440015,-630.4000000000015,0,0.0,0.0,0.0,17.0,26.0,1.0
BDL,COCHINSHIP,1e-12,6.5688583e-07,0.00051259739,6.3743849,50000.0,False,,,1,-868.9138159680145,-816.0000000000146,0.0,1,0.0,-868.9138159680145,-816.0000000000146,0,0.0,0.0,0.0,17.0,26.5,0.0
BDL,COCHINSHIP,1e-12,6.5688583e-07,0.00051259739,6.3743849,50000.0,False,,,1,-725.0067982080072,-672.0000000000073,0.0,1,0.0,-725.0067982080072,-672.0000000000073,0,0.0,0.0,0.0,17.0,26.5,0.5
BDL,COCHINSHIP,1e-12,6.5688583e-07,0.00051259739,6.3743849,50000.0,False,,,1,-683.4336597440015,-630.4000000000015,0.0,1,0.0,-683.4336597440015,-630.4000000000015,0,0.0,0.0,0.0,17.0,26.5,1.0
BDL,COCHINSHIP,1e-12,6.5688583e-07,0.00051259739,6.3743849,50000.0,False,,,1,-868.9138159680145,-816.0000000000146,0.0,1,0.0,-868.9138159680145,-816.0000000000146,0,0.0,0.0,0.0,17.0,27.0,0.0
BDL,COCHINSHIP,1e-12,6.5688583e-07,0.00051259739,6.3743849,50000.0,False,,,1,-725.0067982080072,-672.0000000000073,0.0,1,0.0,-725.0067982080072,-672.0000000000073,0,0.0,0.0,0.0,17.0,27.0,0.5
BDL,COCHINSHIP,1e-12,6.5688583e-07,0.00051259739,6.3743849,50000.0,False,,,1,-683.4336597440015,-630.4000000000015,0.0,1,0.0,-683.4336597440015,-630.4000000000015,0,0.0,0.0,0.0,17.0,27.0,1.0
BDL,COCHINSHIP,1e-12,6.5688583e-07,0.00051259739,6.3743849,50000.0,False,,,1,-868.9138159680145,-816.0000000000146,0.0,1,0.0,-868.9138159680145,-816.0000000000146,0,0.0,0.0,0.0,17.0,27.5,0.0
BDL,COCHINSHIP,1e-12,6.5688583e-07,0.00051259739,6.3743849,50000.0,False,,,1,-725.0067982080072,-672.0000000000073,0.0,1,0.0,-725.0067982080072,-672.0000000000073,0,0.0,0.0,0.0,17.0,27.5,0.5
BDL,COCHINSHIP,1e-12,6.5688583e-07,0.00051259739,6.3743849,50000.0,False,,,1,-683.4336597440015,-630.4000000000015,0.0,1,0.0,-683.4336597440015,-630.4000000000015,0,0.0,0.0,0.0,17.0,27.5,1.0
BDL,COCHINSHIP,1e-12,6.5688583e-07,0.00051259739,6.3743849,50000.0,False,,,1,-868.9138159680145,-816.0000000000146,0.0,1,0.0,-868.9138159680145,-816.0000000000146,0,0.0,0.0,0.0,17.0,28.0,0.0
BDL,COCHINSHIP,1e-12,6.5688583e-07,0.00051259739,6.3743849,50000.0,False,,,1,-725.0067982080072,-672.0000000000073,0.0,1,0.0,-725.0067982080072,-672.0000000000073,0,0.0,0.0,0.0,17.0,28.0,0.5
BDL,COCHINSHIP,1e-12,6.5688583e-07,0.00051259739,6.3743849,50000.0,False,,,1,-683.4336597440015,-630.4000000000015,0.0,1,0.0,-683.4336597440015,-630.4000000000015,0,0.0,0.0,0.0,17.0,28.0,1.0
BDL,COCHINSHIP,1e-12,6.5688583e-07,0.00051259739,6.3743849,50000.0,False,,,1,-868.9138159680145,-816.0000000000146,0.0,1,0.0,-868.9138159680145,-816.0000000000146,0,0.0,0.0,0.0,17.0,28.5,0.0
BDL,COCHINSHIP,1e-12,6.5688583e-07,0.00051259739,6.3743849,50000.0,False,,,1,-725.0067982080072,-672.0000000000073,0.0,1,0.0,-725.0067982080072,-672.0000000000073,0,0.0,0.0,0.0,17.0,28.5,0.5
BDL,COCHINSHIP,1e-12,6.5688583e-07,0.00051259739,6.3743849,50000.0,False,,,1,-683.4336597440015,-630.4000000000015,0.0,1,0.0,-683.4336597440015,-630.4000000000015,0,0.0,0.0,0.0,17.0,28.5,1.0
BDL,COCHINSHIP,1e-12,6.5688583e-07,0.00051259739,6.3743849,50000.0,False,,,1,-868.9138159680145,-816.0000000000146,0.0,1,0.0,-868.9138159680145,-816.0000000000146,0,0.0,0.0,0.0,17.0,29.0,0.0
BDL,COCHINSHIP,1e-12,6.5688583e-07,0.00051259739,6.3743849,50000.0,False,,,1,-725.0067982080072,-672.0000000000073,0.0,1,0.0,-725.0067982080072,-672.0000000000073,0,0.0,0.0,0.0,17.0,29.0,0.5
BDL,COCHINSHIP,1e-12,6.5688583e-07,0.00051259739,6.3743849,50000.0,False,,,1,-683.4336597440015,-630.4000000000015,0.0,1,0.0,-683.4336597440015,-630.4000000000015,0,0.0,0.0,0.0,17.0,29.0,1.0
BDL,COCHINSHIP,1e-12,6.5688583e-07,0.00051259739,6.3743849,50000.0,False,,,1,-868.9138159680145,-816.0000000000146,0.0,1,0.0,-868.9138159680145,-816.0000000000146,0,0.0,0.0,0.0,17.0,29.5,0.0
BDL,COCHINSHIP,1e-12,6.5688583e-07,0.00051259739,6.3743849,50000.0,False,,,1,-725.0067982080072,-672.0000000000073,0.0,1,0.0,-725.0067982080072,-672.0000000000073,0,0.0,0.0,0.0,17.0,29.5,0.5
BDL,COCHINSHIP,1e-12,6.5688583e-07,0.00051259739,6.3743849,50000.0,False,,,1,-683.4336597440015,-630.4000000000015,0.0,1,0.0,-683.4336597440015,-630.4000000000015,0,0.0,0.0,0.0,17.0,29.5,1.0
BDL,COCHINSHIP,1e-12,6.5688583e-07,0.00051259739,6.3743849,50000.0,False,,,1,-868.9138159680145,-816.0000000000146,0.0,1,0.0,-868.9138159680145,-816.0000000000146,0,0.0,0.0,0.0,17.0,30.0,0.0
BDL,COCHINSHIP,1e-12,6.5688583e-07,0.00051259739,6.3743849,50000.0,False,,,1,-725.0067982080072,-672.0000000000073,0.0,1,0.0,-725.0067982080072,-672.0000000000073,0,0.0,0.0,0.0,17.0,30.0,0.5
BDL,COCHINSHIP,1e-12,6.5688583e-07,0.00051259739,6.3743849,50000.0,False,,,1,-683.4336597440015,-630.4000000000015,0.0,1,0.0,-683.4336597440015,-630.4000000000015,0,0.0,0.0,0.0,17.0,30.0,1.0
BDL,COCHINSHIP,1e-12,6.5688583e-07,0.00051259739,6.3743849,50000.0,False,,,1,-267.70227510399417,-214.39999999999418,0.0,1,0.0,-267.70227510399417,-214.39999999999418,0,0.0,0.0,0.0,17.5,18.0,0.0
BDL,COCHINSHIP,1e-12,6.5688583e-07,0.00051259739,6.3743849,50000.0,False,,,1,-267.70227510399417,-214.39999999999418,0.0,1,0.0,-267.70227510399417,-214.39999999999418,0,0.0,0.0,0.0,17.5,18.0,0.5
BDL,COCHINSHIP,1e-12,6.5688583e-07,0.00051259739,6.3743849,50000.0,False,,,1,-267.70227510399417,-214.39999999999418,0.0,1,0.0,-267.70227510399417,-214.39999999999418,0,0.0,0.0,0.0,17.5,18.0,1.0
BDL,COCHINSHIP,1e-12,6.5688583e-07,0.00051259739,6.3743849,50000.0,False,,,1,-267.70227510399417,-214.39999999999418,0.0,1,0.0,-267.70227510399417,-214.39999999999418,0,0.0,0.0,0.0,17.5,18.5,0.0
BDL,COCHINSHIP,1e-12,6.5688583e-07,0.00051259739,6.3743849,50000.0,False,,,1,-267.70227510399417,-214.39999999999418,0.0,1,0.0,-267.70227510399417,-214.39999999999418,0,0.0,0.0,0.0,17.5,18.5,0.5
BDL,COCHINSHIP,1e-12,6.5688583e-07,0.00051259739,6.3743849,50000.0,False,,,1,-267.70227510399417,-214.39999999999418,0.0,1,0.0,-267.70227510399417,-214.39999999999418,0,0.0,0.0,0.0,17.5,18.5,1.0
BDL,COCHINSHIP,1e-12,6.5688583e-07,0.00051259739,6.3743849,50000.0,False,,,1,-267.70227510399417,-214.39999999999418,0.0,1,0.0,-267.70227510399417,-214.39999999999418,0,0.0,0.0,0.0,17.5,19.0,0.0
BDL,COCHINSHIP,1e-12,6.5688583e-07,0.00051259739,6.3743849,50000.0,False,,,1,-267.70227510399417,-214.39999999999418,0.0,1,0.0,-267.70227510399417,-214.39999999999418,0,0.0,0.0,0.0,17.5,19.0,0.5
BDL,COCHINSHIP,1e-12,6.5688583e-07,0.00051259739,6.3743849,50000.0,False,,,1,-267.70227510399417,-214.39999999999418,0.0,1,0.0,-267.70227510399417,-214.39999999999418,0,0.0,0.0,0.0,17.5,19.0,1.0
BDL,COCHINSHIP,1e-12,6.5688583e-07,0.00051259739,6.3743849,50000.0,False,,,1,-868.9138159680145,-816.0000000000146,0.0,1,0.0,-868.9138159680145,-816.0000000000146,0,0.0,0.0,0.0,17.5,19.5,0.0
BDL,COCHINSHIP,1e-12,6.5688583e-07,0.00051259739,6.3743849,50000.0,False,,,1,-725.0067982080072,-672.0000000000073,0.0,1,0.0,-725.0067982080072,-672.0000000000073,0,0.0,0.0,0.0,17.5,19.5,0.5
BDL,COCHINSHIP,1e-12,6.5688583e-07,0.00051259739,6.3743849,50000.0,False,,,1,-683.4336597440015,-630.4000000000015,0.0,1,0.0,-683.4336597440015,-630.4000000000015,0,0.0,0.0,0.0,17.5,19.5,1.0
BDL,COCHINSHIP,1e-12,6.5688583e-07,0.00051259739,6.3743849,50000.0,False,,,1,-868.9138159680145,-816.0000000000146,0.0,1,0.0,-868.9138159680145,-816.0000000000146,0,0.0,0.0,0.0,17.5,20.0,0.0
BDL,COCHINSHIP,1e-12,6.5688583e-07,0.00051259739,6.3743849,50000.0,False,,,1,-725.0067982080072,-672.0000000000073,0.0,1,0.0,-725.0067982080072,-672.0000000000073,0,0.0,0.0,0.0,17.5,20.0,0.5
BDL,COCHINSHIP,1e-12,6.5688583e-07,0.00051259739,6.3743849,50000.0,False,,,1,-683.4336597440015,-630.4000000000015,0.0,1,0.0,-683.4336597440015,-630.4000000000015,0,0.0,0.0,0.0,17.5,20.0,1.0
BDL,COCHINSHIP,1e-12,6.5688583e-07,0.00051259739,6.3743849,50000.0,False,,,1,-868.9138159680145,-816.0000000000146,0.0,1,0.0,-868.9138159680145,-816.0000000000146,0,0.0,0.0,0.0,17.5,20.5,0.0
BDL,COCHINSHIP,1e-12,6.5688583e-07,0.00051259739,6.3743849,50000.0,False,,,1,-725.0067982080072,-672.0000000000073,0.0,1,0.0,-725.0067982080072,-672.0000000000073,0,0.0,0.0,0.0,17.5,20.5,0.5
BDL,COCHINSHIP,1e-12,6.5688583e-07,0.00051259739,6.3743849,50000.0,False,,,1,-683.4336597440015,-630.4000000000015,0.0,1,0.0,-683.4336597440015,-630.4000000000015,0,0.0,0.0,0.0,17.5,20.5,1.0
BDL,COCHINSHIP,1e-12,6.5688583e-07,0.00051259739,6.3743849,50000.0,False,,,1,-868.9138159680145,-816.0000000000146,0.0,1,0.0,-868.9138159680145,-816.0000000000146,0,0.0,0.0,0.0,17.5,21.0,0.0
BDL,COCHINSHIP,1e-12,6.5688583e-07,0.00051259739,6.3743849,50000.0,False,,,1,-725.0067982080072,-672.0000000000073,0.0,1,0.0,-725.0067982080072,-672.0000000000073,0,0.0,0.0,0.0,17.5,21.0,0.5
BDL,COCHINSHIP,1e-12,6.5688583e-07,0.00051259739,6.3743849,50000.0,False,,,1,-683.4336597440015,-630.4000000000015,0.0,1,0.0,-683.4336597440015,-630.4000000000015,0,0.0,0.0,0.0,17.5,21.0,1.0
BDL,COCHINSHIP,1e-12,6.5688583e-07,0.00051259739,6.3743849,50000.0,False,,,1,-868.9138159680145,-816.0000000000146,0.0,1,0.0,-868.9138159680145,-816.0000000000146,0,0.0,0.0,0.0,17.5,21.5,0.0
BDL,COCHINSHIP,1e-12,6.5688583e-07,0.00051259739,6.3743849,50000.0,False,,,1,-725.0067982080072,-672.0000000000073,0.0,1,0.0,-725.0067982080072,-672.0000000000073,0,0.0,0.0,0.0,17.5,21.5,0.5
BDL,COCHINSHIP,1e-12,6.5688583e-07,0.00051259739,6.3743849,50000.0,False,,,1,-683.4336597440015,-630.4000000000015,0.0,1,0.0,-683.4336597440015,-630.4000000000015,0,0.0,0.0,0.0,17.5,21.5,1.0
BDL,COCHINSHIP,1e-12,6.5688583e-07,0.00051259739,6.3743849,50000.0,False,,,1,-868.9138159680145,-816.0000000000146,0.0,1,0.0,-868.9138159680145,-816.0000000000146,0,0.0,0.0,0.0,17.5,22.0,0.0
BDL,COCHINSHIP,1e-12,6.5688583e-07,0.00051259739,6.3743849,50000.0,False,,,1,-725.0067982080072,-672.0000000000073,0.0,1,0.0,-725.0067982080072,-672.0000000000073,0,0.0,0.0,0.0,17.5,22.0,0.5
BDL,COCHINSHIP,1e-12,6.5688583e-07,0.00051259739,6.3743849,50000.0,False,,,1,-683.4336597440015,-630.4000000000015,0.0,1,0.0,-683.4336597440015,-630.4000000000015,0,0.0,0.0,0.0,17.5,22.0,1.0
BDL,COCHINSHIP,1e-12,6.5688583e-07,0.00051259739,6.3743849,50000.0,False,,,1,-868.9138159680145,-816.0000000000146,0.0,1,0.0,-868.9138159680145,-816.0000000000146,0,0.0,0.0,0.0,17.5,22.5,0.0
BDL,COCHINSHIP,1e-12,6.5688583e-07,0.00051259739,6.3743849,50000.0,False,,,1,-725.0067982080072,-672.0000000000073,0.0,1,0.0,-725.0067982080072,-672.0000000000073,0,0.0,0.0,0.0,17.5,22.5,0.5
BDL,COCHINSHIP,1e-12,6.5688583e-07,0.00051259739,6.3743849,50000.0,False,,,1,-683.4336597440015,-630.4000000000015,0.0,1,0.0,-683.4336597440015,-630.4000000000015,0,0.0,0.0,0.0,17.5,22.5,1.0
BDL,COCHINSHIP,1e-12,6.5688583e-07,0.00051259739,6.3743849,50000.0,False,,,1,-868.9138159680145,-816.0000000000146,0.0,1,0.0,-868.9138159680145,-816.0000000000146,0,0.0,0.0,0.0,17.5,23.0,0.0
BDL,COCHINSHIP,1e-12,6.5688583e-07,0.00051259739,6.3743849,50000.0,False,,,1,-725.0067982080072,-672.0000000000073,0.0,1,0.0,-725.0067982080072,-672.0000000000073,0,0.0,0.0,0.0,17.5,23.0,0.5
BDL,COCHINSHIP,1e-12,6.5688583e-07,0.00051259739,6.3743849,50000.0,False,,,1,-683.4336597440015,-630.4000000000015,0.0,1,0.0,-683.4336597440015,-630.4000000000015,0,0.0,0.0,0.0,17.5,23.0,1.0
BDL,COCHINSHIP,1e-12,6.5688583e-07,0.00051259739,6.3743849,50000.0,False,,,1,-868.9138159680145,-816.0000000000146,0.0,1,0.0,-868.9138159680145,-816.0000000000146,0,0.0,0.0,0.0,17.5,23.5,0.0
BDL,COCHINSHIP,1e-12,6.5688583e-07,0.00051259739,6.3743849,50000.0,False,,,1,-725.0067982080072,-672.0000000000073,0.0,1,0.0,-725.0067982080072,-672.0000000000073,0,0.0,0.0,0.0,17.5,23.5,0.5
BDL,COCHINSHIP,1e-12,6.5688583e-07,0.00051259739,6.3743849,50000.0,False,,,1,-683.4336597440015,-630.4000000000015,0.0,1,0.0,-683.4336597440015,-630.4000000000015,0,0.0,0.0,0.0,17.5,23.5,1.0
BDL,COCHINSHIP,1e-12,6.5688583e-07,0.00051259739,6.3743849,50000.0,False,,,1,-868.9138159680145,-816.0000000000146,0.0,1,0.0,-868.9138159680145,-816.0000000000146,0,0.0,0.0,0.0,17.5,24.0,0.0
BDL,COCHINSHIP,1e-12,6.5688583e-07,0.00051259739,6.3743849,50000.0,False,,,1,-725.0067982080072,-672.0000000000073,0.0,1,0.0,-725.0067982080072,-672.0000000000073,0,0.0,0.0,0.0,17.5,24.0,0.5
BDL,COCHINSHIP,1e-12,6.5688583e-07,0.00051259739,6.3743849,50000.0,False,,,1,-683.4336597440015,-630.4000000000015,0.0,1,0.0,-683.4336597440015,-630.4000000000015,0,0.0,0.0,0.0,17.5,24.0,1.0
BDL,COCHINSHIP,1e-12,6.5688583e-07,0.00051259739,6.3743849,50000.0,False,,,1,-868.9138159680145,-816.0000000000146,0.0,1,0.0,-868.9138159680145,-816.0000000000146,0,0.0,0.0,0.0,17.5,24.5,0.0
BDL,COCHINSHIP,1e-12,6.5688583e-07,0.00051259739,6.3743849,50000.0,False,,,1,-725.0067982080072,-672.0000000000073,0.0,1,0.0,-725.0067982080072,-672.0000000000073,0,0.0,0.0,0.0,17.5,24.5,0.5
BDL,COCHINSHIP,1e-12,6.5688583e-07,0.00051259739,6.3743849,50000.0,False,,,1,-683.4336597440015,-630.4000000000015,0.0,1,0.0,-683.4336597440015,-630.4000000000015,0,0.0,0.0,0.0,17.5,24.5,1.0
BDL,COCHINSHIP,1e-12,6.5688583e-07,0.00051259739,6.3743849,50000.0,False,,,1,-868.9138159680145,-816.0000000000146,0.0,1,0.0,-868.9138159680145,-816.0000000000146,0,0.0,0.0,0.0,17.5,25.0,0.0
BDL,COCHINSHIP,1e-12,6.5688583e-07,0.00051259739,6.3743849,50000.0,False,,,1,-725.0067982080072,-672.0000000000073,0.0,1,0.0,-725.0067982080072,-672.0000000000073,0,0.0,0.0,0.0,17.5,25.0,0.5
BDL,COCHINSHIP,1e-12,6.5688583e-07,0.00051259739,6.3743849,50000.0,False,,,1,-683.4336597440015,-630.4000000000015,0.0,1,0.0,-683.4336597440015,-630.4000000000015,0,0.0,0.0,0.0,17.5,25.0,1.0
BDL,COCHINSHIP,1e-12,6.5688583e-07,0.00051259739,6.3743849,50000.0,False,,,1,-868.9138159680145,-816.0000000000146,0.0,1,0.0,-868.9138159680145,-816.0000000000146,0,0.0,0.0,0.0,17.5,25.5,0.0
BDL,COCHINSHIP,1e-12,6.5688583e-07,0.00051259739,6.3743849,50000.0,False,,,1,-725.0067982080072,-672.0000000000073,0.0,1,0.0,-725.0067982080072,-672.0000000000073,0,0.0,0.0,0.0,17.5,25.5,0.5
BDL,COCHINSHIP,1e-12,6.5688583e-07,0.00051259739,6.3743849,50000.0,False,,,1,-683.4336597440015,-630.4000000000015,0.0,1,0.0,-683.4336597440015,-630.4000000000015,0,0.0,0.0,0.0,17.5,25.5,1.0
BDL,COCHINSHIP,1e-12,6.5688583e-07,0.00051259739,6.3743849,50000.0,False,,,1,-868.9138159680145,-816.0000000000146,0.0,1,0.0,-868.9138159680145,-816.0000000000146,0,0.0,0.0,0.0,17.5,26.0,0.0
BDL,COCHINSHIP,1e-12,6.5688583e-07,0.00051259739,6.3743849,50000.0,False,,,1,-725.0067982080072,-672.0000000000073,0.0,1,0.0,-725.0067982080072,-672.0000000000073,0,0.0,0.0,0.0,17.5,26.0,0.5
BDL,COCHINSHIP,1e-12,6.5688583e-07,0.00051259739,6.3743849,50000.0,False,,,1,-683.4336597440015,-630.4000000000015,0.0,1,0.0,-683.4336597440015,-630.4000000000015,0,0.0,0.0,0.0,17.5,26.0,1.0
BDL,COCHINSHIP,1e-12,6.5688583e-07,0.00051259739,6.3743849,50000.0,False,,,1,-868.9138159680145,-816.0000000000146,0.0,1,0.0,-868.9138159680145,-816.0000000000146,0,0.0,0.0,0.0,17.5,26.5,0.0
BDL,COCHINSHIP,1e-12,6.5688583e-07,0.00051259739,6.3743849,50000.0,False,,,1,-725.0067982080072,-672.0000000000073,0.0,1,0.0,-725.0067982080072,-672.0000000000073,0,0.0,0.0,0.0,17.5,26.5,0.5
BDL,COCHINSHIP,1e-12,6.5688583e-07,0.00051259739,6.3743849,50000.0,False,,,1,-683.4336597440015,-630.4000000000015,0.0,1,0.0,-683.4336597440015,-630.4000000000015,0,0.0,0.0,0.0,17.5,26.5,1.0
BDL,COCHINSHIP,1e-12,6.5688583e-07,0.00051259739,6.3743849,50000.0,False,,,1,-868.9138159680145,-816.0000000000146,0.0,1,0.0,-868.9138159680145,-816.0000000000146,0,0.0,0.0,0.0,17.5,27.0,0.0
BDL,COCHINSHIP,1e-12,6.5688583e-07,0.00051259739,6.3743849,50000.0,False,,,1,-725.0067982080072,-672.0000000000073,0.0,1,0.0,-725.0067982080072,-672.0000000000073,0,0.0,0.0,0.0,17.5,27.0,0.5
BDL,COCHINSHIP,1e-12,6.5688583e-07,0.00051259739,6.3743849,50000.0,False,,,1,-683.4336597440015,-630.4000000000015,0.0,1,0.0,-683.4336597440015,-630.4000000000015,0,0.0,0.0,0.0,17.5,27.0,1.0
BDL,COCHINSHIP,1e-12,6.5688583e-07,0.00051259739,6.3743849,50000.0,False,,,1,-868.9138159680145,-816.0000000000146,0.0,1,0.0,-868.9138159680145,-816.0000000000146,0,0.0,0.0,0.0,17.5,27.5,0.0
BDL,COCHINSHIP,1e-12,6.5688583e-07,0.00051259739,6.3743849,50000.0,False,,,1,-725.0067982080072,-672.0000000000073,0.0,1,0.0,-725.0067982080072,-672.0000000000073,0,0.0,0.0,0.0,17.5,27.5,0.5
BDL,COCHINSHIP,1e-12,6.5688583e-07,0.00051259739,6.3743849,50000.0,False,,,1,-683.4336597440015,-630.4000000000015,0.0,1,0.0,-683.4336597440015,-630.4000000000015,0,0.0,0.0,0.0,17.5,27.5,1.0
BDL,COCHINSHIP,1e-12,6.5688583e-07,0.00051259739,6.3743849,50000.0,False,,,1,-868.9138159680145,-816.0000000000146,0.0,1,0.0,-868.9138159680145,-816.0000000000146,0,0.0,0.0,0.0,17.5,28.0,0.0
BDL,COCHINSHIP,1e-12,6.5688583e-07,0.00051259739,6.3743849,50000.0,False,,,1,-725.0067982080072,-672.0000000000073,0.0,1,0.0,-725.0067982080072,-672.0000000000073,0,0.0,0.0,0.0,17.5,28.0,0.5
BDL,COCHINSHIP,1e-12,6.5688583e-07,0.00051259739,6.3743849,50000.0,False,,,1,-683.4336597440015,-630.4000000000015,0.0,1,0.0,-683.4336597440015,-630.4000000000015,0,0.0,0.0,0.0,17.5,28.0,1.0
BDL,COCHINSHIP,1e-12,6.5688583e-07,0.00051259739,6.3743849,50000.0,False,,,1,-868.9138159680145,-816.0000000000146,0.0,1,0.0,-868.9138159680145,-816.0000000000146,0,0.0,0.0,0.0,17.5,28.5,0.0
BDL,COCHINSHIP,1e-12,6.5688583e-07,0.00051259739,6.3743849,50000.0,False,,,1,-725.0067982080072,-672.0000000000073,0.0,1,0.0,-725.0067982080072,-672.0000000000073,0,0.0,0.0,0.0,17.5,28.5,0.5
BDL,COCHINSHIP,1e-12,6.5688583e-07,0.00051259739,6.3743849,50000.0,False,,,1,-683.4336597440015,-630.4000000000015,0.0,1,0.0,-683.4336597440015,-630.4000000000015,0,0.0,0.0,0.0,17.5,28.5,1.0
BDL,COCHINSHIP,1e-12,6.5688583e-07,0.00051259739,6.3743849,50000.0,False,,,1,-868.9138159680145,-816.0000000000146,0.0,1,0.0,-868.9138159680145,-816.0000000000146,0,0.0,0.0,0.0,17.5,29.0,0.0
BDL,COCHINSHIP,1e-12,6.5688583e-07,0.00051259739,6.3743849,50000.0,False,,,1,-725.0067982080072,-672.0000000000073,0.0,1,0.0,-725.0067982080072,-672.0000000000073,0,0.0,0.0,0.0,17.5,29.0,0.5
BDL,COCHINSHIP,1e-12,6.5688583e-07,0.00051259739,6.3743849,50000.0,False,,,1,-683.4336597440015,-630.4000000000015,0.0,1,0.0,-683.4336597440015,-630.4000000000015,0,0.0,0.0,0.0,17.5,29.0,1.0
BDL,COCHINSHIP,1e-12,6.5688583e-07,0.00051259739,6.3743849,50000.0,False,,,1,-868.9138159680145,-816.0000000000146,0.0,1,0.0,-868.9138159680145,-816.0000000000146,0,0.0,0.0,0.0,17.5,29.5,0.0
BDL,COCHINSHIP,1e-12,6.5688583e-07,0.00051259739,6.3743849,50000.0,False,,,1,-725.0067982080072,-672.0000000000073,0.0,1,0.0,-725.0067982080072,-672.0000000000073,0,0.0,0.0,0.0,17.5,29.5,0.5
BDL,COCHINSHIP,1e-12,6.5688583e-07,0.00051259739,6.3743849,50000.0,False,,,1,-683.4336597440015,-630.4000000000015,0.0,1,0.0,-683.4336597440015,-630.4000000000015,0,0.0,0.0,0.0,17.5,29.5,1.0
BDL,COCHINSHIP,1e-12,6.5688583e-07,0.00051259739,6.3743849,50000.0,False,,,1,-868.9138159680145,-816.0000000000146,0.0,1,0.0,-868.9138159680145,-816.0000000000146,0,0.0,0.0,0.0,17.5,30.0,0.0
BDL,COCHINSHIP,1e-12,6.5688583e-07,0.00051259739,6.3743849,50000.0,False,,,1,-725.0067982080072,-672.0000000000073,0.0,1,0.0,-725.0067982080072,-672.0000000000073,0,0.0,0.0,0.0,17.5,30.0,0.5
BDL,COCHINSHIP,1e-12,6.5688583e-07,0.00051259739,6.3743849,50000.0,False,,,1,-683.4336597440015,-630.4000000000015,0.0,1,0.0,-683.4336597440015,-630.4000000000015,0,0.0,0.0,0.0,17.5,30.0,1.0
BDL,COCHINSHIP,1e-12,6.5688583e-07,0.00051259739,6.3743849,50000.0,False,,,1,-267.70227510399417,-214.39999999999418,0.0,1,0.0,-267.70227510399417,-214.39999999999418,0,0.0,0.0,0.0,18.0,18.5,0.0
BDL,COCHINSHIP,1e-12,6.5688583e-07,0.00051259739,6.3743849,50000.0,False,,,1,-267.70227510399417,-214.39999999999418,0.0,1,0.0,-267.70227510399417,-214.39999999999418,0,0.0,0.0,0.0,18.0,18.5,0.5
BDL,COCHINSHIP,1e-12,6.5688583e-07,0.00051259739,6.3743849,50000.0,False,,,1,-267.70227510399417,-214.39999999999418,0.0,1,0.0,-267.70227510399417,-214.39999999999418,0,0.0,0.0,0.0,18.0,18.5,1.0
BDL,COCHINSHIP,1e-12,6.5688583e-07,0.00051259739,6.3743849,50000.0,False,,,1,-267.70227510399417,-214.39999999999418,0.0,1,0.0,-267.70227510399417,-214.39999999999418,0,0.0,0.0,0.0,18.0,19.0,0.0
BDL,COCHINSHIP,1e-12,6.5688583e-07,0.00051259739,6.3743849,50000.0,False,,,1,-267.70227510399417,-214.39999999999418,0.0,1,0.0,-267.70227510399417,-214.39999999999418,0,0.0,0.0,0.0,18.0,19.0,0.5
BDL,COCHINSHIP,1e-12,6.5688583e-07,0.00051259739,6.3743849,50000.0,False,,,1,-267.70227510399417,-214.39999999999418,0.0,1,0.0,-267.70227510399417,-214.39999999999418,0,0.0,0.0,0.0,18.0,19.0,1.0
BDL,COCHINSHIP,1e-12,6.5688583e-07,0.00051259739,6.3743849,50000.0,False,,,1,-868.9138159680145,-816.0000000000146,0.0,1,0.0,-868.9138159680145,-816.0000000000146,0,0.0,0.0,0.0,18.0,19.5,0.0
BDL,COCHINSHIP,1e-12,6.5688583e-07,0.00051259739,6.3743849,50000.0,False,,,1,-725.0067982080072,-672.0000000000073,0.0,1,0.0,-725.0067982080072,-672.0000000000073,0,0.0,0.0,0.0,18.0,19.5,0.5
BDL,COCHINSHIP,1e-12,6.5688583e-07,0.00051259739,6.3743849,50000.0,False,,,1,-683.4336597440015,-630.4000000000015,0.0,1,0.0,-683.4336597440015,-630.4000000000015,0,0.0,0.0,0.0,18.0,19.5,1.0
BDL,COCHINSHIP,1e-12,6.5688583e-07,0.00051259739,6.3743849,50000.0,False,,,1,-868.9138159680145,-816.0000000000146,0.0,1,0.0,-868.9138159680145,-816.0000000000146,0,0.0,0.0,0.0,18.0,20.0,0.0
BDL,COCHINSHIP,1e-12,6.5688583e-07,0.00051259739,6.3743849,50000.0,False,,,1,-725.0067982080072,-672.0000000000073,0.0,1,0.0,-725.0067982080072,-672.0000000000073,0,0.0,0.0,0.0,18.0,20.0,0.5
BDL,COCHINSHIP,1e-12,6.5688583e-07,0.00051259739,6.3743849,50000.0,False,,,1,-683.4336597440015,-630.4000000000015,0.0,1,0.0,-683.4336597440015,-630.4000000000015,0,0.0,0.0,0.0,18.0,20.0,1.0
BDL,COCHINSHIP,1e-12,6.5688583e-07,0.00051259739,6.3743849,50000.0,False,,,1,-868.9138159680145,-816.0000000000146,0.0,1,0.0,-868.9138159680145,-816.0000000000146,0,0.0,0.0,0.0,18.0,20.5,0.0
BDL,COCHINSHIP,1e-12,6.5688583e-07,0.00051259739,6.3743849,50000.0,False,,,1,-725.0067982080072,-672.0000000000073,0.0,1,0.0,-725.0067982080072,-672.0000000000073,0,0.0,0.0,0.0,18.0,20.5,0.5
BDL,COCHINSHIP,1e-12,6.5688583e-07,0.00051259739,6.3743849,50000.0,False,,,1,-683.4336597440015,-630.4000000000015,0.0,1,0.0,-683.4336597440015,-630.4000000000015,0,0.0,0.0,0.0,18.0,20.5,1.0
BDL,COCHINSHIP,1e-12,6.5688583e-07,0.00051259739,6.3743849,50000.0,False,,,1,-868.9138159680145,-816.0000000000146,0.0,1,0.0,-868.9138159680145,-816.0000000000146,0,0.0,0.0,0.0,18.0,21.0,0.0
BDL,COCHINSHIP,1e-12,6.5688583e-07,0.00051259739,6.3743849,50000.0,False,,,1,-725.0067982080072,-672.0000000000073,0.0,1,0.0,-725.0067982080072,-672.0000000000073,0,0.0,0.0,0.0,18.0,21.0,0.5
BDL,COCHINSHIP,1e-12,6.5688583e-07,0.00051259739,6.3743849,50000.0,False,,,1,-683.4336597440015,-630.4000000000015,0.0,1,0.0,-683.4336597440015,-630.4000000000015,0,0.0,0.0,0.0,18.0,21.0,1.0
BDL,COCHINSHIP,1e-12,6.5688583e-07,0.00051259739,6.3743849,50000.0,False,,,1,-868.9138159680145,-816.0000000000146,0.0,1,0.0,-868.9138159680145,-816.0000000000146,0,0.0,0.0,0.0,18.0,21.5,0.0
BDL,COCHINSHIP,1e-12,6.5688583e-07,0.00051259739,6.3743849,50000.0,False,,,1,-725.0067982080072,-672.0000000000073,0.0,1,0.0,-725.0067982080072,-672.0000000000073,0,0.0,0.0,0.0,18.0,21.5,0.5
BDL,COCHINSHIP,1e-12,6.5688583e-07,0.00051259739,6.3743849,50000.0,False,,,1,-683.4336597440015,-630.4000000000015,0.0,1,0.0,-683.4336597440015,-630.4000000000015,0,0.0,0.0,0.0,18.0,21.5,1.0
BDL,COCHINSHIP,1e-12,6.5688583e-07,0.00051259739,6.3743849,50000.0,False,,,1,-868.9138159680145,-816.0000000000146,0.0,1,0.0,-868.9138159680145,-816.0000000000146,0,0.0,0.0,0.0,18.0,22.0,0.0
BDL,COCHINSHIP,1e-12,6.5688583e-07,0.00051259739,6.3743849,50000.0,False,,,1,-725.0067982080072,-672.0000000000073,0.0,1,0.0,-725.0067982080072,-672.0000000000073,0,0.0,0.0,0.0,18.0,22.0,0.5
BDL,COCHINSHIP,1e-12,6.5688583e-07,0.00051259739,6.3743849,50000.0,False,,,1,-683.4336597440015,-630.4000000000015,0.0,1,0.0,-683.4336597440015,-630.4000000000015,0,0.0,0.0,0.0,18.0,22.0,1.0
BDL,COCHINSHIP,1e-12,6.5688583e-07,0.00051259739,6.3743849,50000.0,False,,,1,-868.9138159680145,-816.0000000000146,0.0,1,0.0,-868.9138159680145,-816.0000000000146,0,0.0,0.0,0.0,18.0,22.5,0.0
BDL,COCHINSHIP,1e-12,6.5688583e-07,0.00051259739,6.3743849,50000.0,False,,,1,-725.0067982080072,-672.0000000000073,0.0,1,0.0,-725.0067982080072,-672.0000000000073,0,0.0,0.0,0.0,18.0,22.5,0.5
BDL,COCHINSHIP,1e-12,6.5688583e-07,0.00051259739,6.3743849,50000.0,False,,,1,-683.4336597440015,-630.4000000000015,0.0,1,0.0,-683.4336597440015,-630.4000000000015,0,0.0,0.0,0.0,18.0,22.5,1.0
BDL,COCHINSHIP,1e-12,6.5688583e-07,0.00051259739,6.3743849,50000.0,False,,,1,-868.9138159680145,-816.0000000000146,0.0,1,0.0,-868.9138159680145,-816.0000000000146,0,0.0,0.0,0.0,18.0,23.0,0.0
BDL,COCHINSHIP,1e-12,6.5688583e-07,0.00051259739,6.3743849,50000.0,False,,,1,-725.0067982080072,-672.0000000000073,0.0,1,0.0,-725.0067982080072,-672.0000000000073,0,0.0,0.0,0.0,18.0,23.0,0.5
BDL,COCHINSHIP,1e-12,6.5688583e-07,0.00051259739,6.3743849,50000.0,False,,,1,-683.4336597440015,-630.4000000000015,0.0,1,0.0,-683.4336597440015,-630.4000000000015,0,0.0,0.0,0.0,18.0,23.0,1.0
BDL,COCHINSHIP,1e-12,6.5688583e-07,0.00051259739,6.3743849,50000.0,False,,,1,-868.9138159680145,-816.0000000000146,0.0,1,0.0,-868.9138159680145,-816.0000000000146,0,0.0,0.0,0.0,18.0,23.5,0.0
BDL,COCHINSHIP,1e-12,6.5688583e-07,0.00051259739,6.3743849,50000.0,False,,,1,-725.0067982080072,-672.0000000000073,0.0,1,0.0,-725.0067982080072,-672.0000000000073,0,0.0,0.0,0.0,18.0,23.5,0.5
BDL,COCHINSHIP,1e-12,6.5688583e-07,0.00051259739,6.3743849,50000.0,False,,,1,-683.4336597440015,-630.4000000000015,0.0,1,0.0,-683.4336597440015,-630.4000000000015,0,0.0,0.0,0.0,18.0,23.5,1.0
BDL,COCHINSHIP,1e-12,6.5688583e-07,0.00051259739,6.3743849,50000.0,False,,,1,-868.9138159680145,-816.0000000000146,0.0,1,0.0,-868.9138159680145,-816.0000000000146,0,0.0,0.0,0.0,18.0,24.0,0.0
BDL,COCHINSHIP,1e-12,6.5688583e-07,0.00051259739,6.3743849,50000.0,False,,,1,-725.0067982080072,-672.0000000000073,0.0,1,0.0,-725.0067982080072,-672.0000000000073,0,0.0,0.0,0.0,18.0,24.0,0.5
BDL,COCHINSHIP,1e-12,6.5688583e-07,0.00051259739,6.3743849,50000.0,False,,,1,-683.4336597440015,-630.4000000000015,0.0,1,0.0,-683.4336597440015,-630.4000000000015,0,0.0,0.0,0.0,18.0,24.0,1.0
BDL,COCHINSHIP,1e-12,6.5688583e-07,0.00051259739,6.3743849,50000.0,False,,,1,-868.9138159680145,-816.0000000000146,0.0,1,0.0,-868.9138159680145,-816.0000000000146,0,0.0,0.0,0.0,18.0,24.5,0.0
BDL,COCHINSHIP,1e-12,6.5688583e-07,0.00051259739,6.3743849,50000.0,False,,,1,-725.0067982080072,-672.0000000000073,0.0,1,0.0,-725.0067982080072,-672.0000000000073,0,0.0,0.0,0.0,18.0,24.5,0.5
BDL,COCHINSHIP,1e-12,6.5688583e-07,0.00051259739,6.3743849,50000.0,False,,,1,-683.4336597440015,-630.4000000000015,0.0,1,0.0,-683.4336597440015,-630.4000000000015,0,0.0,0.0,0.0,18.0,24.5,1.0
BDL,COCHINSHIP,1e-12,6.5688583e-07,0.00051259739,6.3743849,50000.0,False,,,1,-868.9138159680145,-816.0000000000146,0.0,1,0.0,-868.9138159680145,-816.0000000000146,0,0.0,0.0,0.0,18.0,25.0,0.0
BDL,COCHINSHIP,1e-12,6.5688583e-07,0.00051259739,6.3743849,50000.0,False,,,1,-725.0067982080072,-672.0000000000073,0.0,1,0.0,-725.0067982080072,-672.0000000000073,0,0.0,0.0,0.0,18.0,25.0,0.5
BDL,COCHINSHIP,1e-12,6.5688583e-07,0.00051259739,6.3743849,50000.0,False,,,1,-683.4336597440015,-630.4000000000015,0.0,1,0.0,-683.4336597440015,-630.4000000000015,0,0.0,0.0,0.0,18.0,25.0,1.0
BDL,COCHINSHIP,1e-12,6.5688583e-07,0.00051259739,6.3743849,50000.0,False,,,1,-868.9138159680145,-816.0000000000146,0.0,1,0.0,-868.9138159680145,-816.0000000000146,0,0.0,0.0,0.0,18.0,25.5,0.0
BDL,COCHINSHIP,1e-12,6.5688583e-07,0.00051259739,6.3743849,50000.0,False,,,1,-725.0067982080072,-672.0000000000073,0.0,1,0.0,-725.0067982080072,-672.0000000000073,0,0.0,0.0,0.0,18.0,25.5,0.5
BDL,COCHINSHIP,1e-12,6.5688583e-07,0.00051259739,6.3743849,50000.0,False,,,1,-683.4336597440015,-630.4000000000015,0.0,1,0.0,-683.4336597440015,-630.4000000000015,0,0.0,0.0,0.0,18.0,25.5,1.0
BDL,COCHINSHIP,1e-12,6.5688583e-07,0.00051259739,6.3743849,50000.0,False,,,1,-868.9138159680145,-816.0000000000146,0.0,1,0.0,-868.9138159680145,-816.0000000000146,0,0.0,0.0,0.0,18.0,26.0,0.0
BDL,COCHINSHIP,1e-12,6.5688583e-07,0.00051259739,6.3743849,50000.0,False,,,1,-725.0067982080072,-672.0000000000073,0.0,1,0.0,-725.0067982080072,-672.0000000000073,0,0.0,0.0,0.0,18.0,26.0,0.5
BDL,COCHINSHIP,1e-12,6.5688583e-07,0.00051259739,6.3743849,50000.0,False,,,1,-683.4336597440015,-630.4000000000015,0.0,1,0.0,-683.4336597440015,-630.4000000000015,0,0.0,0.0,0.0,18.0,26.0,1.0
BDL,COCHINSHIP,1e-12,6.5688583e-07,0.00051259739,6.3743849,50000.0,False,,,1,-868.9138159680145,-816.0000000000146,0.0,1,0.0,-868.9138159680145,-816.0000000000146,0,0.0,0.0,0.0,18.0,26.5,0.0
BDL,COCHINSHIP,1e-12,6.5688583e-07,0.00051259739,6.3743849,50000.0,False,,,1,-725.0067982080072,-672.0000000000073,0.0,1,0.0,-725.0067982080072,-672.0000000000073,0,0.0,0.0,0.0,18.0,26.5,0.5
BDL,COCHINSHIP,1e-12,6.5688583e-07,0.00051259739,6.3743849,50000.0,False,,,1,-683.4336597440015,-630.4000000000015,0.0,1,0.0,-683.4336597440015,-630.4000000000015,0,0.0,0.0,0.0,18.0,26.5,1.0
BDL,COCHINSHIP,1e-12,6.5688583e-07,0.00051259739,6.3743849,50000.0,False,,,1,-868.9138159680145,-816.0000000000146,0.0,1,0.0,-868.9138159680145,-816.0000000000146,0,0.0,0.0,0.0,18.0,27.0,0.0
BDL,COCHINSHIP,1e-12,6.5688583e-07,0.00051259739,6.3743849,50000.0,False,,,1,-725.0067982080072,-672.0000000000073,0.0,1,0.0,-725.0067982080072,-672.0000000000073,0,0.0,0.0,0.0,18.0,27.0,0.5
BDL,COCHINSHIP,1e-12,6.5688583e-07,0.00051259739,6.3743849,50000.0,False,,,1,-683.4336597440015,-630.4000000000015,0.0,1,0.0,-683.4336597440015,-630.4000000000015,0,0.0,0.0,0.0,18.0,27.0,1.0
BDL,COCHINSHIP,1e-12,6.5688583e-07,0.00051259739,6.3743849,50000.0,False,,,1,-868.9138159680145,-816.0000000000146,0.0,1,0.0,-868.9138159680145,-816.0000000000146,0,0.0,0.0,0.0,18.0,27.5,0.0
BDL,COCHINSHIP,1e-12,6.5688583e-07,0.00051259739,6.3743849,50000.0,False,,,1,-725.0067982080072,-672.0000000000073,0.0,1,0.0,-725.0067982080072,-672.0000000000073,0,0.0,0.0,0.0,18.0,27.5,0.5
BDL,COCHINSHIP,1e-12,6.5688583e-07,0.00051259739,6.3743849,50000.0,False,,,1,-683.4336597440015,-630.4000000000015,0.0,1,0.0,-683.4336597440015,-630.4000000000015,0,0.0,0.0,0.0,18.0,27.5,1.0
BDL,COCHINSHIP,1e-12,6.5688583e-07,0.00051259739,6.3743849,50000.0,False,,,1,-868.9138159680145,-816.0000000000146,0.0,1,0.0,-868.9138159680145,-816.0000000000146,0,0.0,0.0,0.0,18.0,28.0,0.0
BDL,COCHINSHIP,1e-12,6.5688583e-07,0.00051259739,6.3743849,50000.0,False,,,1,-725.0067982080072,-672.0000000000073,0.0,1,0.0,-725.0067982080072,-672.0000000000073,0,0.0,0.0,0.0,18.0,28.0,0.5
BDL,COCHINSHIP,1e-12,6.5688583e-07,0.00051259739,6.3743849,50000.0,False,,,1,-683.4336597440015,-630.4000000000015,0.0,1,0.0,-683.4336597440015,-630.4000000000015,0,0.0,0.0,0.0,18.0,28.0,1.0
BDL,COCHINSHIP,1e-12,6.5688583e-07,0.00051259739,6.3743849,50000.0,False,,,1,-868.9138159680145,-816.0000000000146,0.0,1,0.0,-868.9138159680145,-816.0000000000146,0,0.0,0.0,0.0,18.0,28.5,0.0
BDL,COCHINSHIP,1e-12,6.5688583e-07,0.00051259739,6.3743849,50000.0,False,,,1,-725.0067982080072,-672.0000000000073,0.0,1,0.0,-725.0067982080072,-672.0000000000073,0,0.0,0.0,0.0,18.0,28.5,0.5
BDL,COCHINSHIP,1e-12,6.5688583e-07,0.00051259739,6.3743849,50000.0,False,,,1,-683.4336597440015,-630.4000000000015,0.0,1,0.0,-683.4336597440015,-630.4000000000015,0,0.0,0.0,0.0,18.0,28.5,1.0
BDL,COCHINSHIP,1e-12,6.5688583e-07,0.00051259739,6.3743849,50000.0,False,,,1,-868.9138159680145,-816.0000000000146,0.0,1,0.0,-868.9138159680145,-816.0000000000146,0,0.0,0.0,0.0,18.0,29.0,0.0
BDL,COCHINSHIP,1e-12,6.5688583e-07,0.00051259739,6.3743849,50000.0,False,,,1,-725.0067982080072,-672.0000000000073,0.0,1,0.0,-725.0067982080072,-672.0000000000073,0,0.0,0.0,0.0,18.0,29.0,0.5
BDL,COCHINSHIP,1e-12,6.5688583e-07,0.00051259739,6.3743849,50000.0,False,,,1,-683.4336597440015,-630.4000000000015,0.0,1,0.0,-683.4336597440015,-630.4000000000015,0,0.0,0.0,0.0,18.0,29.0,1.0
BDL,COCHINSHIP,1e-12,6.5688583e-07,0.00051259739,6.3743849,50000.0,False,,,1,-868.9138159680145,-816.0000000000146,0.0,1,0.0,-868.9138159680145,-816.0000000000146,0,0.0,0.0,0.0,18.0,29.5,0.0
BDL,COCHINSHIP,1e-12,6.5688583e-07,0.00051259739,6.3743849,50000.0,False,,,1,-725.0067982080072,-672.0000000000073,0.0,1,0.0,-725.0067982080072,-672.0000000000073,0,0.0,0.0,0.0,18.0,29.5,0.5
BDL,COCHINSHIP,1e-12,6.5688583e-07,0.00051259739,6.3743849,50000.0,False,,,1,-683.4336597440015,-630.4000000000015,0.0,1,0.0,-683.4336597440015,-630.4000000000015,0,0.0,0.0,0.0,18.0,29.5,1.0
BDL,COCHINSHIP,1e-12,6.5688583e-07,0.00051259739,6.3743849,50000.0,False,,,1,-868.9138159680145,-816.0000000000146,0.0,1,0.0,-868.9138159680145,-816.0000000000146,0,0.0,0.0,0.0,18.0,30.0,0.0
BDL,COCHINSHIP,1e-12,6.5688583e-07,0.00051259739,6.3743849,50000.0,False,,,1,-725.0067982080072,-672.0000000000073,0.0,1,0.0,-725.0067982080072,-672.0000000000073,0,0.0,0.0,0.0,18.0,30.0,0.5
BDL,COCHINSHIP,1e-12,6.5688583e-07,0.00051259739,6.3743849,50000.0,False,,,1,-683.4336597440015,-630.4000000000015,0.0,1,0.0,-683.4336597440015,-630.4000000000015,0,0.0,0.0,0.0,18.0,30.0,1.0
BDL,COCHINSHIP,1e-12,6.5688583e-07,0.00051259739,6.3743849,50000.0,False,,,1,-267.70227510399417,-214.39999999999418,0.0,1,0.0,-267.70227510399417,-214.39999999999418,0,0.0,0.0,0.0,18.5,19.0,0.0
BDL,COCHINSHIP,1e-12,6.5688583e-07,0.00051259739,6.3743849,50000.0,False,,,1,-267.70227510399417,-214.39999999999418,0.0,1,0.0,-267.70227510399417,-214.39999999999418,0,0.0,0.0,0.0,18.5,19.0,0.5
BDL,COCHINSHIP,1e-12,6.5688583e-07,0.00051259739,6.3743849,50000.0,False,,,1,-267.70227510399417,-214.39999999999418,0.0,1,0.0,-267.70227510399417,-214.39999999999418,0,0.0,0.0,0.0,18.5,19.0,1.0
BDL,COCHINSHIP,1e-12,6.5688583e-07,0.00051259739,6.3743849,50000.0,False,,,1,-868.9138159680145,-816.0000000000146,0.0,1,0.0,-868.9138159680145,-816.0000000000146,0,0.0,0.0,0.0,18.5,19.5,0.0
BDL,COCHINSHIP,1e-12,6.5688583e-07,0.00051259739,6.3743849,50000.0,False,,,1,-725.0067982080072,-672.0000000000073,0.0,1,0.0,-725.0067982080072,-672.0000000000073,0,0.0,0.0,0.0,18.5,19.5,0.5
BDL,COCHINSHIP,1e-12,6.5688583e-07,0.00051259739,6.3743849,50000.0,False,,,1,-683.4336597440015,-630.4000000000015,0.0,1,0.0,-683.4336597440015,-630.4000000000015,0,0.0,0.0,0.0,18.5,19.5,1.0
BDL,COCHINSHIP,1e-12,6.5688583e-07,0.00051259739,6.3743849,50000.0,False,,,1,-868.9138159680145,-816.0000000000146,0.0,1,0.0,-868.9138159680145,-816.0000000000146,0,0.0,0.0,0.0,18.5,20.0,0.0
BDL,COCHINSHIP,1e-12,6.5688583e-07,0.00051259739,6.3743849,50000.0,False,,,1,-725.0067982080072,-672.0000000000073,0.0,1,0.0,-725.0067982080072,-672.0000000000073,0,0.0,0.0,0.0,18.5,20.0,0.5
BDL,COCHINSHIP,1e-12,6.5688583e-07,0.00051259739,6.3743849,50000.0,False,,,1,-683.4336597440015,-630.4000000000015,0.0,1,0.0,-683.4336597440015,-630.4000000000015,0,0.0,0.0,0.0,18.5,20.0,1.0
BDL,COCHINSHIP,1e-12,6.5688583e-07,0.00051259739,6.3743849,50000.0,False,,,1,-868.9138159680145,-816.0000000000146,0.0,1,0.0,-868.9138159680145,-816.0000000000146,0,0.0,0.0,0.0,18.5,20.5,0.0
BDL,COCHINSHIP,1e-12,6.5688583e-07,0.00051259739,6.3743849,50000.0,False,,,1,-725.0067982080072,-672.0000000000073,0.0,1,0.0,-725.0067982080072,-672.0000000000073,0,0.0,0.0,0.0,18.5,20.5,0.5
BDL,COCHINSHIP,1e-12,6.5688583e-07,0.00051259739,6.3743849,50000.0,False,,,1,-683.4336597440015,-630.4000000000015,0.0,1,0.0,-683.4336597440015,-630.4000000000015,0,0.0,0.0,0.0,18.5,20.5,1.0
BDL,COCHINSHIP,1e-12,6.5688583e-07,0.00051259739,6.3743849,50000.0,False,,,1,-868.9138159680145,-816.0000000000146,0.0,1,0.0,-868.9138159680145,-816.0000000000146,0,0.0,0.0,0.0,18.5,21.0,0.0
BDL,COCHINSHIP,1e-12,6.5688583e-07,0.00051259739,6.3743849,50000.0,False,,,1,-725.0067982080072,-672.0000000000073,0.0,1,0.0,-725.0067982080072,-672.0000000000073,0,0.0,0.0,0.0,18.5,21.0,0.5
BDL,COCHINSHIP,1e-12,6.5688583e-07,0.00051259739,6.3743849,50000.0,False,,,1,-683.4336597440015,-630.4000000000015,0.0,1,0.0,-683.4336597440015,-630.4000000000015,0,0.0,0.0,0.0,18.5,21.0,1.0
BDL,COCHINSHIP,1e-12,6.5688583e-07,0.00051259739,6.3743849,50000.0,False,,,1,-868.9138159680145,-816.0000000000146,0.0,1,0.0,-868.9138159680145,-816.0000000000146,0,0.0,0.0,0.0,18.5,21.5,0.0
BDL,COCHINSHIP,1e-12,6.5688583e-07,0.00051259739,6.3743849,50000.0,False,,,1,-725.0067982080072,-672.0000000000073,0.0,1,0.0,-725.0067982080072,-672.0000000000073,0,0.0,0.0,0.0,18.5,21.5,0.5
BDL,COCHINSHIP,1e-12,6.5688583e-07,0.00051259739,6.3743849,50000.0,False,,,1,-683.4336597440015,-630.4000000000015,0.0,1,0.0,-683.4336597440015,-630.4000000000015,0,0.0,0.0,0.0,18.5,21.5,1.0
BDL,COCHINSHIP,1e-12,6.5688583e-07,0.00051259739,6.3743849,50000.0,False,,,1,-868.9138159680145,-816.0000000000146,0.0,1,0.0,-868.9138159680145,-816.0000000000146,0,0.0,0.0,0.0,18.5,22.0,0.0
BDL,COCHINSHIP,1e-12,6.5688583e-07,0.00051259739,6.3743849,50000.0,False,,,1,-725.0067982080072,-672.0000000000073,0.0,1,0.0,-725.0067982080072,-672.0000000000073,0,0.0,0.0,0.0,18.5,22.0,0.5
BDL,COCHINSHIP,1e-12,6.5688583e-07,0.00051259739,6.3743849,50000.0,False,,,1,-683.4336597440015,-630.4000000000015,0.0,1,0.0,-683.4336597440015,-630.4000000000015,0,0.0,0.0,0.0,18.5,22.0,1.0
BDL,COCHINSHIP,1e-12,6.5688583e-07,0.00051259739,6.3743849,50000.0,False,,,1,-868.9138159680145,-816.0000000000146,0.0,1,0.0,-868.9138159680145,-816.0000000000146,0,0.0,0.0,0.0,18.5,22.5,0.0
BDL,COCHINSHIP,1e-12,6.5688583e-07,0.00051259739,6.3743849,50000.0,False,,,1,-725.0067982080072,-672.0000000000073,0.0,1,0.0,-725.0067982080072,-672.0000000000073,0,0.0,0.0,0.0,18.5,22.5,0.5
BDL,COCHINSHIP,1e-12,6.5688583e-07,0.00051259739,6.3743849,50000.0,False,,,1,-683.4336597440015,-630.4000000000015,0.0,1,0.0,-683.4336597440015,-630.4000000000015,0,0.0,0.0,0.0,18.5,22.5,1.0
BDL,COCHINSHIP,1e-12,6.5688583e-07,0.00051259739,6.3743849,50000.0,False,,,1,-868.9138159680145,-816.0000000000146,0.0,1,0.0,-868.9138159680145,-816.0000000000146,0,0.0,0.0,0.0,18.5,23.0,0.0
BDL,COCHINSHIP,1e-12,6.5688583e-07,0.00051259739,6.3743849,50000.0,False,,,1,-725.0067982080072,-672.0000000000073,0.0,1,0.0,-725.0067982080072,-672.0000000000073,0,0.0,0.0,0.0,18.5,23.0,0.5
BDL,COCHINSHIP,1e-12,6.5688583e-07,0.00051259739,6.3743849,50000.0,False,,,1,-683.4336597440015,-630.4000000000015,0.0,1,0.0,-683.4336597440015,-630.4000000000015,0,0.0,0.0,0.0,18.5,23.0,1.0
BDL,COCHINSHIP,1e-12,6.5688583e-07,0.00051259739,6.3743849,50000.0,False,,,1,-868.9138159680145,-816.0000000000146,0.0,1,0.0,-868.9138159680145,-816.0000000000146,0,0.0,0.0,0.0,18.5,23.5,0.0
BDL,COCHINSHIP,1e-12,6.5688583e-07,0.00051259739,6.3743849,50000.0,False,,,1,-725.0067982080072,-672.0000000000073,0.0,1,0.0,-725.0067982080072,-672.0000000000073,0,0.0,0.0,0.0,18.5,23.5,0.5
BDL,COCHINSHIP,1e-12,6.5688583e-07,0.00051259739,6.3743849,50000.0,False,,,1,-683.4336597440015,-630.4000000000015,0.0,1,0.0,-683.4336597440015,-630.4000000000015,0,0.0,0.0,0.0,18.5,23.5,1.0
BDL,COCHINSHIP,1e-12,6.5688583e-07,0.00051259739,6.3743849,50000.0,False,,,1,-868.9138159680145,-816.0000000000146,0.0,1,0.0,-868.9138159680145,-816.0000000000146,0,0.0,0.0,0.0,18.5,24.0,0.0
BDL,COCHINSHIP,1e-12,6.5688583e-07,0.00051259739,6.3743849,50000.0,False,,,1,-725.0067982080072,-672.0000000000073,0.0,1,0.0,-725.0067982080072,-672.0000000000073,0,0.0,0.0,0.0,18.5,24.0,0.5
BDL,COCHINSHIP,1e-12,6.5688583e-07,0.00051259739,6.3743849,50000.0,False,,,1,-683.4336597440015,-630.4000000000015,0.0,1,0.0,-683.4336597440015,-630.4000000000015,0,0.0,0.0,0.0,18.5,24.0,1.0
BDL,COCHINSHIP,1e-12,6.5688583e-07,0.00051259739,6.3743849,50000.0,False,,,1,-868.9138159680145,-816.0000000000146,0.0,1,0.0,-868.9138159680145,-816.0000000000146,0,0.0,0.0,0.0,18.5,24.5,0.0
BDL,COCHINSHIP,1e-12,6.5688583e-07,0.00051259739,6.3743849,50000.0,False,,,1,-725.0067982080072,-672.0000000000073,0.0,1,0.0,-725.0067982080072,-672.0000000000073,0,0.0,0.0,0.0,18.5,24.5,0.5
BDL,COCHINSHIP,1e-12,6.5688583e-07,0.00051259739,6.3743849,50000.0,False,,,1,-683.4336597440015,-630.4000000000015,0.0,1,0.0,-683.4336597440015,-630.4000000000015,0,0.0,0.0,0.0,18.5,24.5,1.0
BDL,COCHINSHIP,1e-12,6.5688583e-07,0.00051259739,6.3743849,50000.0,False,,,1,-868.9138159680145,-816.0000000000146,0.0,1,0.0,-868.9138159680145,-816.0000000000146,0,0.0,0.0,0.0,18.5,25.0,0.0
BDL,COCHINSHIP,1e-12,6.5688583e-07,0.00051259739,6.3743849,50000.0,False,,,1,-725.0067982080072,-672.0000000000073,0.0,1,0.0,-725.0067982080072,-672.0000000000073,0,0.0,0.0,0.0,18.5,25.0,0.5
BDL,COCHINSHIP,1e-12,6.5688583e-07,0.00051259739,6.3743849,50000.0,False,,,1,-683.4336597440015,-630.4000000000015,0.0,1,0.0,-683.4336597440015,-630.4000000000015,0,0.0,0.0,0.0,18.5,25.0,1.0
BDL,COCHINSHIP,1e-12,6.5688583e-07,0.00051259739,6.3743849,50000.0,False,,,1,-868.9138159680145,-816.0000000000146,0.0,1,0.0,-868.9138159680145,-816.0000000000146,0,0.0,0.0,0.0,18.5,25.5,0.0
BDL,COCHINSHIP,1e-12,6.5688583e-07,0.00051259739,6.3743849,50000.0,False,,,1,-725.0067982080072,-672.0000000000073,0.0,1,0.0,-725.0067982080072,-672.0000000000073,0,0.0,0.0,0.0,18.5,25.5,0.5
BDL,COCHINSHIP,1e-12,6.5688583e-07,0.00051259739,6.3743849,50000.0,False,,,1,-683.4336597440015,-630.4000000000015,0.0,1,0.0,-683.4336597440015,-630.4000000000015,0,0.0,0.0,0.0,18.5,25.5,1.0
BDL,COCHINSHIP,1e-12,6.5688583e-07,0.00051259739,6.3743849,50000.0,False,,,1,-868.9138159680145,-816.0000000000146,0.0,1,0.0,-868.9138159680145,-816.0000000000146,0,0.0,0.0,0.0,18.5,26.0,0.0
BDL,COCHINSHIP,1e-12,6.5688583e-07,0.00051259739,6.3743849,50000.0,False,,,1,-725.0067982080072,-672.0000000000073,0.0,1,0.0,-725.0067982080072,-672.0000000000073,0,0.0,0.0,0.0,18.5,26.0,0.5
BDL,COCHINSHIP,1e-12,6.5688583e-07,0.00051259739,6.3743849,50000.0,False,,,1,-683.4336597440015,-630.4000000000015,0.0,1,0.0,-683.4336597440015,-630.4000000000015,0,0.0,0.0,0.0,18.5,26.0,1.0
BDL,COCHINSHIP,1e-12,6.5688583e-07,0.00051259739,6.3743849,50000.0,False,,,1,-868.9138159680145,-816.0000000000146,0.0,1,0.0,-868.9138159680145,-816.0000000000146,0,0.0,0.0,0.0,18.5,26.5,0.0
BDL,COCHINSHIP,1e-12,6.5688583e-07,0.00051259739,6.3743849,50000.0,False,,,1,-725.0067982080072,-672.0000000000073,0.0,1,0.0,-725.0067982080072,-672.0000000000073,0,0.0,0.0,0.0,18.5,26.5,0.5
BDL,COCHINSHIP,1e-12,6.5688583e-07,0.00051259739,6.3743849,50000.0,False,,,1,-683.4336597440015,-630.4000000000015,0.0,1,0.0,-683.4336597440015,-630.4000000000015,0,0.0,0.0,0.0,18.5,26.5,1.0
BDL,COCHINSHIP,1e-12,6.5688583e-07,0.00051259739,6.3743849,50000.0,False,,,1,-868.9138159680145,-816.0000000000146,0.0,1,0.0,-868.9138159680145,-816.0000000000146,0,0.0,0.0,0.0,18.5,27.0,0.0
BDL,COCHINSHIP,1e-12,6.5688583e-07,0.00051259739,6.3743849,50000.0,False,,,1,-725.0067982080072,-672.0000000000073,0.0,1,0.0,-725.0067982080072,-672.0000000000073,0,0.0,0.0,0.0,18.5,27.0,0.5
BDL,COCHINSHIP,1e-12,6.5688583e-07,0.00051259739,6.3743849,50000.0,False,,,1,-683.4336597440015,-630.4000000000015,0.0,1,0.0,-683.4336597440015,-630.4000000000015,0,0.0,0.0,0.0,18.5,27.0,1.0
BDL,COCHINSHIP,1e-12,6.5688583e-07,0.00051259739,6.3743849,50000.0,False,,,1,-868.9138159680145,-816.0000000000146,0.0,1,0.0,-868.9138159680145,-816.0000000000146,0,0.0,0.0,0.0,18.5,27.5,0.0
BDL,COCHINSHIP,1e-12,6.5688583e-07,0.00051259739,6.3743849,50000.0,False,,,1,-725.0067982080072,-672.0000000000073,0.0,1,0.0,-725.0067982080072,-672.0000000000073,0,0.0,0.0,0.0,18.5,27.5,0.5
BDL,COCHINSHIP,1e-12,6.5688583e-07,0.00051259739,6.3743849,50000.0,False,,,1,-683.4336597440015,-630.4000000000015,0.0,1,0.0,-683.4336597440015,-630.4000000000015,0,0.0,0.0,0.0,18.5,27.5,1.0
BDL,COCHINSHIP,1e-12,6.5688583e-07,0.00051259739,6.3743849,50000.0,False,,,1,-868.9138159680145,-816.0000000000146,0.0,1,0.0,-868.9138159680145,-816.0000000000146,0,0.0,0.0,0.0,18.5,28.0,0.0
BDL,COCHINSHIP,1e-12,6.5688583e-07,0.00051259739,6.3743849,50000.0,False,,,1,-725.0067982080072,-672.0000000000073,0.0,1,0.0,-725.0067982080072,-672.0000000000073,0,0.0,0.0,0.0,18.5,28.0,0.5
BDL,COCHINSHIP,1e-12,6.5688583e-07,0.00051259739,6.3743849,50000.0,False,,,1,-683.4336597440015,-630.4000000000015,0.0,1,0.0,-683.4336597440015,-630.4000000000015,0,0.0,0.0,0.0,18.5,28.0,1.0
BDL,COCHINSHIP,1e-12,6.5688583e-07,0.00051259739,6.3743849,50000.0,False,,,1,-868.9138159680145,-816.0000000000146,0.0,1,0.0,-868.9138159680145,-816.0000000000146,0,0.0,0.0,0.0,18.5,28.5,0.0
BDL,COCHINSHIP,1e-12,6.5688583e-07,0.00051259739,6.3743849,50000.0,False,,,1,-725.0067982080072,-672.0000000000073,0.0,1,0.0,-725.0067982080072,-672.0000000000073,0,0.0,0.0,0.0,18.5,28.5,0.5
BDL,COCHINSHIP,1e-12,6.5688583e-07,0.00051259739,6.3743849,50000.0,False,,,1,-683.4336597440015,-630.4000000000015,0.0,1,0.0,-683.4336597440015,-630.4000000000015,0,0.0,0.0,0.0,18.5,28.5,1.0
BDL,COCHINSHIP,1e-12,6.5688583e-07,0.00051259739,6.3743849,50000.0,False,,,1,-868.9138159680145,-816.0000000000146,0.0,1,0.0,-868.9138159680145,-816.0000000000146,0,0.0,0.0,0.0,18.5,29.0,0.0
BDL,COCHINSHIP,1e-12,6.5688583e-07,0.00051259739,6.3743849,50000.0,False,,,1,-725.0067982080072,-672.0000000000073,0.0,1,0.0,-725.0067982080072,-672.0000000000073,0,0.0,0.0,0.0,18.5,29.0,0.5
BDL,COCHINSHIP,1e-12,6.5688583e-07,0.00051259739,6.3743849,50000.0,False,,,1,-683.4336597440015,-630.4000000000015,0.0,1,0.0,-683.4336597440015,-630.4000000000015,0,0.0,0.0,0.0,18.5,29.0,1.0
BDL,COCHINSHIP,1e-12,6.5688583e-07,0.00051259739,6.3743849,50000.0,False,,,1,-868.9138159680145,-816.0000000000146,0.0,1,0.0,-868.9138159680145,-816.0000000000146,0,0.0,0.0,0.0,18.5,29.5,0.0
BDL,COCHINSHIP,1e-12,6.5688583e-07,0.00051259739,6.3743849,50000.0,False,,,1,-725.0067982080072,-672.0000000000073,0.0,1,0.0,-725.0067982080072,-672.0000000000073,0,0.0,0.0,0.0,18.5,29.5,0.5
BDL,COCHINSHIP,1e-12,6.5688583e-07,0.00051259739,6.3743849,50000.0,False,,,1,-683.4336597440015,-630.4000000000015,0.0,1,0.0,-683.4336597440015,-630.4000000000015,0,0.0,0.0,0.0,18.5,29.5,1.0
BDL,COCHINSHIP,1e-12,6.5688583e-07,0.00051259739,6.3743849,50000.0,False,,,1,-868.9138159680145,-816.0000000000146,0.0,1,0.0,-868.9138159680145,-816.0000000000146,0,0.0,0.0,0.0,18.5,30.0,0.0
BDL,COCHINSHIP,1e-12,6.5688583e-07,0.00051259739,6.3743849,50000.0,False,,,1,-725.0067982080072,-672.0000000000073,0.0,1,0.0,-725.0067982080072,-672.0000000000073,0,0.0,0.0,0.0,18.5,30.0,0.5
BDL,COCHINSHIP,1e-12,6.5688583e-07,0.00051259739,6.3743849,50000.0,False,,,1,-683.4336597440015,-630.4000000000015,0.0,1,0.0,-683.4336597440015,-630.4000000000015,0,0.0,0.0,0.0,18.5,30.0,1.0
BDL,COCHINSHIP,1e-12,6.5688583e-07,0.00051259739,6.3743849,50000.0,False,,,1,-868.9138159680145,-816.0000000000146,0.0,1,0.0,-868.9138159680145,-816.0000000000146,0,0.0,0.0,0.0,19.0,19.5,0.0
BDL,COCHINSHIP,1e-12,6.5688583e-07,0.00051259739,6.3743849,50000.0,False,,,1,-725.0067982080072,-672.0000000000073,0.0,1,0.0,-725.0067982080072,-672.0000000000073,0,0.0,0.0,0.0,19.0,19.5,0.5
BDL,COCHINSHIP,1e-12,6.5688583e-07,0.00051259739,6.3743849,50000.0,False,,,1,-683.4336597440015,-630.4000000000015,0.0,1,0.0,-683.4336597440015,-630.4000000000015,0,0.0,0.0,0.0,19.0,19.5,1.0
BDL,COCHINSHIP,1e-12,6.5688583e-07,0.00051259739,6.3743849,50000.0,False,,,1,-868.9138159680145,-816.0000000000146,0.0,1,0.0,-868.9138159680145,-816.0000000000146,0,0.0,0.0,0.0,19.0,20.0,0.0
BDL,COCHINSHIP,1e-12,6.5688583e-07,0.00051259739,6.3743849,50000.0,False,,,1,-725.0067982080072,-672.0000000000073,0.0,1,0.0,-725.0067982080072,-672.0000000000073,0,0.0,0.0,0.0,19.0,20.0,0.5
BDL,COCHINSHIP,1e-12,6.5688583e-07,0.00051259739,6.3743849,50000.0,False,,,1,-683.4336597440015,-630.4000000000015,0.0,1,0.0,-683.4336597440015,-630.4000000000015,0,0.0,0.0,0.0,19.0,20.0,1.0
BDL,COCHINSHIP,1e-12,6.5688583e-07,0.00051259739,6.3743849,50000.0,False,,,1,-868.9138159680145,-816.0000000000146,0.0,1,0.0,-868.9138159680145,-816.0000000000146,0,0.0,0.0,0.0,19.0,20.5,0.0
BDL,COCHINSHIP,1e-12,6.5688583e-07,0.00051259739,6.3743849,50000.0,False,,,1,-725.0067982080072,-672.0000000000073,0.0,1,0.0,-725.0067982080072,-672.0000000000073,0,0.0,0.0,0.0,19.0,20.5,0.5
BDL,COCHINSHIP,1e-12,6.5688583e-07,0.00051259739,6.3743849,50000.0,False,,,1,-683.4336597440015,-630.4000000000015,0.0,1,0.0,-683.4336597440015,-630.4000000000015,0,0.0,0.0,0.0,19.0,20.5,1.0
BDL,COCHINSHIP,1e-12,6.5688583e-07,0.00051259739,6.3743849,50000.0,False,,,1,-868.9138159680145,-816.0000000000146,0.0,1,0.0,-868.9138159680145,-816.0000000000146,0,0.0,0.0,0.0,19.0,21.0,0.0
BDL,COCHINSHIP,1e-12,6.5688583e-07,0.00051259739,6.3743849,50000.0,False,,,1,-725.0067982080072,-672.0000000000073,0.0,1,0.0,-725.0067982080072,-672.0000000000073,0,0.0,0.0,0.0,19.0,21.0,0.5
BDL,COCHINSHIP,1e-12,6.5688583e-07,0.00051259739,6.3743849,50000.0,False,,,1,-683.4336597440015,-630.4000000000015,0.0,1,0.0,-683.4336597440015,-630.4000000000015,0,0.0,0.0,0.0,19.0,21.0,1.0
BDL,COCHINSHIP,1e-12,6.5688583e-07,0.00051259739,6.3743849,50000.0,False,,,1,-868.9138159680145,-816.0000000000146,0.0,1,0.0,-868.9138159680145,-816.0000000000146,0,0.0,0.0,0.0,19.0,21.5,0.0
BDL,COCHINSHIP,1e-12,6.5688583e-07,0.00051259739,6.3743849,50000.0,False,,,1,-725.0067982080072,-672.0000000000073,0.0,1,0.0,-725.0067982080072,-672.0000000000073,0,0.0,0.0,0.0,19.0,21.5,0.5
BDL,COCHINSHIP,1e-12,6.5688583e-07,0.00051259739,6.3743849,50000.0,False,,,1,-683.4336597440015,-630.4000000000015,0.0,1,0.0,-683.4336597440015,-630.4000000000015,0,0.0,0.0,0.0,19.0,21.5,1.0
BDL,COCHINSHIP,1e-12,6.5688583e-07,0.00051259739,6.3743849,50000.0,False,,,1,-868.9138159680145,-816.0000000000146,0.0,1,0.0,-868.9138159680145,-816.0000000000146,0,0.0,0.0,0.0,19.0,22.0,0.0
BDL,COCHINSHIP,1e-12,6.5688583e-07,0.00051259739,6.3743849,50000.0,False,,,1,-725.0067982080072,-672.0000000000073,0.0,1,0.0,-725.0067982080072,-672.0000000000073,0,0.0,0.0,0.0,19.0,22.0,0.5
BDL,COCHINSHIP,1e-12,6.5688583e-07,0.00051259739,6.3743849,50000.0,False,,,1,-683.4336597440015,-630.4000000000015,0.0,1,0.0,-683.4336597440015,-630.4000000000015,0,0.0,0.0,0.0,19.0,22.0,1.0
BDL,COCHINSHIP,1e-12,6.5688583e-07,0.00051259739,6.3743849,50000.0,False,,,1,-868.9138159680145,-816.0000000000146,0.0,1,0.0,-868.9138159680145,-816.0000000000146,0,0.0,0.0,0.0,19.0,22.5,0.0
BDL,COCHINSHIP,1e-12,6.5688583e-07,0.00051259739,6.3743849,50000.0,False,,,1,-725.0067982080072,-672.0000000000073,0.0,1,0.0,-725.0067982080072,-672.0000000000073,0,0.0,0.0,0.0,19.0,22.5,0.5
BDL,COCHINSHIP,1e-12,6.5688583e-07,0.00051259739,6.3743849,50000.0,False,,,1,-683.4336597440015,-630.4000000000015,0.0,1,0.0,-683.4336597440015,-630.4000000000015,0,0.0,0.0,0.0,19.0,22.5,1.0
BDL,COCHINSHIP,1e-12,6.5688583e-07,0.00051259739,6.3743849,50000.0,False,,,1,-868.9138159680145,-816.0000000000146,0.0,1,0.0,-868.9138159680145,-816.0000000000146,0,0.0,0.0,0.0,19.0,23.0,0.0
BDL,COCHINSHIP,1e-12,6.5688583e-07,0.00051259739,6.3743849,50000.0,False,,,1,-725.0067982080072,-672.0000000000073,0.0,1,0.0,-725.0067982080072,-672.0000000000073,0,0.0,0.0,0.0,19.0,23.0,0.5
BDL,COCHINSHIP,1e-12,6.5688583e-07,0.00051259739,6.3743849,50000.0,False,,,1,-683.4336597440015,-630.4000000000015,0.0,1,0.0,-683.4336597440015,-630.4000000000015,0,0.0,0.0,0.0,19.0,23.0,1.0
BDL,COCHINSHIP,1e-12,6.5688583e-07,0.00051259739,6.3743849,50000.0,False,,,1,-868.9138159680145,-816.0000000000146,0.0,1,0.0,-868.9138159680145,-816.0000000000146,0,0.0,0.0,0.0,19.0,23.5,0.0
BDL,COCHINSHIP,1e-12,6.5688583e-07,0.00051259739,6.3743849,50000.0,False,,,1,-725.0067982080072,-672.0000000000073,0.0,1,0.0,-725.0067982080072,-672.0000000000073,0,0.0,0.0,0.0,19.0,23.5,0.5
BDL,COCHINSHIP,1e-12,6.5688583e-07,0.00051259739,6.3743849,50000.0,False,,,1,-683.4336597440015,-630.4000000000015,0.0,1,0.0,-683.4336597440015,-630.4000000000015,0,0.0,0.0,0.0,19.0,23.5,1.0
BDL,COCHINSHIP,1e-12,6.5688583e-07,0.00051259739,6.3743849,50000.0,False,,,1,-868.9138159680145,-816.0000000000146,0.0,1,0.0,-868.9138159680145,-816.0000000000146,0,0.0,0.0,0.0,19.0,24.0,0.0
BDL,COCHINSHIP,1e-12,6.5688583e-07,0.00051259739,6.3743849,50000.0,False,,,1,-725.0067982080072,-672.0000000000073,0.0,1,0.0,-725.0067982080072,-672.0000000000073,0,0.0,0.0,0.0,19.0,24.0,0.5
BDL,COCHINSHIP,1e-12,6.5688583e-07,0.00051259739,6.3743849,50000.0,False,,,1,-683.4336597440015,-630.4000000000015,0.0,1,0.0,-683.4336597440015,-630.4000000000015,0,0.0,0.0,0.0,19.0,24.0,1.0
BDL,COCHINSHIP,1e-12,6.5688583e-07,0.00051259739,6.3743849,50000.0,False,,,1,-868.9138159680145,-816.0000000000146,0.0,1,0.0,-868.9138159680145,-816.0000000000146,0,0.0,0.0,0.0,19.0,24.5,0.0
BDL,COCHINSHIP,1e-12,6.5688583e-07,0.00051259739,6.3743849,50000.0,False,,,1,-725.0067982080072,-672.0000000000073,0.0,1,0.0,-725.0067982080072,-672.0000000000073,0,0.0,0.0,0.0,19.0,24.5,0.5
BDL,COCHINSHIP,1e-12,6.5688583e-07,0.00051259739,6.3743849,50000.0,False,,,1,-683.4336597440015,-630.4000000000015,0.0,1,0.0,-683.4336597440015,-630.4000000000015,0,0.0,0.0,0.0,19.0,24.5,1.0
BDL,COCHINSHIP,1e-12,6.5688583e-07,0.00051259739,6.3743849,50000.0,False,,,1,-868.9138159680145,-816.0000000000146,0.0,1,0.0,-868.9138159680145,-816.0000000000146,0,0.0,0.0,0.0,19.0,25.0,0.0
BDL,COCHINSHIP,1e-12,6.5688583e-07,0.00051259739,6.3743849,50000.0,False,,,1,-725.0067982080072,-672.0000000000073,0.0,1,0.0,-725.0067982080072,-672.0000000000073,0,0.0,0.0,0.0,19.0,25.0,0.5
BDL,COCHINSHIP,1e-12,6.5688583e-07,0.00051259739,6.3743849,50000.0,False,,,1,-683.4336597440015,-630.4000000000015,0.0,1,0.0,-683.4336597440015,-630.4000000000015,0,0.0,0.0,0.0,19.0,25.0,1.0
BDL,COCHINSHIP,1e-12,6.5688583e-07,0.00051259739,6.3743849,50000.0,False,,,1,-868.9138159680145,-816.0000000000146,0.0,1,0.0,-868.9138159680145,-816.0000000000146,0,0.0,0.0,0.0,19.0,25.5,0.0
BDL,COCHINSHIP,1e-12,6.5688583e-07,0.00051259739,6.3743849,50000.0,False,,,1,-725.0067982080072,-672.0000000000073,0.0,1,0.0,-725.0067982080072,-672.0000000000073,0,0.0,0.0,0.0,19.0,25.5,0.5
BDL,COCHINSHIP,1e-12,6.5688583e-07,0.00051259739,6.3743849,50000.0,False,,,1,-683.4336597440015,-630.4000000000015,0.0,1,0.0,-683.4336597440015,-630.4000000000015,0,0.0,0.0,0.0,19.0,25.5,1.0
BDL,COCHINSHIP,1e-12,6.5688583e-07,0.00051259739,6.3743849,50000.0,False,,,1,-868.9138159680145,-816.0000000000146,0.0,1,0.0,-868.9138159680145,-816.0000000000146,0,0.0,0.0,0.0,19.0,26.0,0.0
BDL,COCHINSHIP,1e-12,6.5688583e-07,0.00051259739,6.3743849,50000.0,False,,,1,-725.0067982080072,-672.0000000000073,0.0,1,0.0,-725.0067982080072,-672.0000000000073,0,0.0,0.0,0.0,19.0,26.0,0.5
BDL,COCHINSHIP,1e-12,6.5688583e-07,0.00051259739,6.3743849,50000.0,False,,,1,-683.4336597440015,-630.4000000000015,0.0,1,0.0,-683.4336597440015,-630.4000000000015,0,0.0,0.0,0.0,19.0,26.0,1.0
BDL,COCHINSHIP,1e-12,6.5688583e-07,0.00051259739,6.3743849,50000.0,False,,,1,-868.9138159680145,-816.0000000000146,0.0,1,0.0,-868.9138159680145,-816.0000000000146,0,0.0,0.0,0.0,19.0,26.5,0.0
BDL,COCHINSHIP,1e-12,6.5688583e-07,0.00051259739,6.3743849,50000.0,False,,,1,-725.0067982080072,-672.0000000000073,0.0,1,0.0,-725.0067982080072,-672.0000000000073,0,0.0,0.0,0.0,19.0,26.5,0.5
BDL,COCHINSHIP,1e-12,6.5688583e-07,0.00051259739,6.3743849,50000.0,False,,,1,-683.4336597440015,-630.4000000000015,0.0,1,0.0,-683.4336597440015,-630.4000000000015,0,0.0,0.0,0.0,19.0,26.5,1.0
BDL,COCHINSHIP,1e-12,6.5688583e-07,0.00051259739,6.3743849,50000.0,False,,,1,-868.9138159680145,-816.0000000000146,0.0,1,0.0,-868.9138159680145,-816.0000000000146,0,0.0,0.0,0.0,19.0,27.0,0.0
BDL,COCHINSHIP,1e-12,6.5688583e-07,0.00051259739,6.3743849,50000.0,False,,,1,-725.0067982080072,-672.0000000000073,0.0,1,0.0,-725.0067982080072,-672.0000000000073,0,0.0,0.0,0.0,19.0,27.0,0.5
BDL,COCHINSHIP,1e-12,6.5688583e-07,0.00051259739,6.3743849,50000.0,False,,,1,-683.4336597440015,-630.4000000000015,0.0,1,0.0,-683.4336597440015,-630.4000000000015,0,0.0,0.0,0.0,19.0,27.0,1.0
BDL,COCHINSHIP,1e-12,6.5688583e-07,0.00051259739,6.3743849,50000.0,False,,,1,-868.9138159680145,-816.0000000000146,0.0,1,0.0,-868.9138159680145,-816.0000000000146,0,0.0,0.0,0.0,19.0,27.5,0.0
BDL,COCHINSHIP,1e-12,6.5688583e-07,0.00051259739,6.3743849,50000.0,False,,,1,-725.0067982080072,-672.0000000000073,0.0,1,0.0,-725.0067982080072,-672.0000000000073,0,0.0,0.0,0.0,19.0,27.5,0.5
BDL,COCHINSHIP,1e-12,6.5688583e-07,0.00051259739,6.3743849,50000.0,False,,,1,-683.4336597440015,-630.4000000000015,0.0,1,0.0,-683.4336597440015,-630.4000000000015,0,0.0,0.0,0.0,19.0,27.5,1.0
BDL,COCHINSHIP,1e-12,6.5688583e-07,0.00051259739,6.3743849,50000.0,False,,,1,-868.9138159680145,-816.0000000000146,0.0,1,0.0,-868.9138159680145,-816.0000000000146,0,0.0,0.0,0.0,19.0,28.0,0.0
BDL,COCHINSHIP,1e-12,6.5688583e-07,0.00051259739,6.3743849,50000.0,False,,,1,-725.0067982080072,-672.0000000000073,0.0,1,0.0,-725.0067982080072,-672.0000000000073,0,0.0,0.0,0.0,19.0,28.0,0.5
BDL,COCHINSHIP,1e-12,6.5688583e-07,0.00051259739,6.3743849,50000.0,False,,,1,-683.4336597440015,-630.4000000000015,0.0,1,0.0,-683.4336597440015,-630.4000000000015,0,0.0,0.0,0.0,19.0,28.0,1.0
BDL,COCHINSHIP,1e-12,6.5688583e-07,0.00051259739,6.3743849,50000.0,False,,,1,-868.9138159680145,-816.0000000000146,0.0,1,0.0,-868.9138159680145,-816.0000000000146,0,0.0,0.0,0.0,19.0,28.5,0.0
BDL,COCHINSHIP,1e-12,6.5688583e-07,0.00051259739,6.3743849,50000.0,False,,,1,-725.0067982080072,-672.0000000000073,0.0,1,0.0,-725.0067982080072,-672.0000000000073,0,0.0,0.0,0.0,19.0,28.5,0.5
BDL,COCHINSHIP,1e-12,6.5688583e-07,0.00051259739,6.3743849,50000.0,False,,,1,-683.4336597440015,-630.4000000000015,0.0,1,0.0,-683.4336597440015,-630.4000000000015,0,0.0,0.0,0.0,19.0,28.5,1.0
BDL,COCHINSHIP,1e-12,6.5688583e-07,0.00051259739,6.3743849,50000.0,False,,,1,-868.9138159680145,-816.0000000000146,0.0,1,0.0,-868.9138159680145,-816.0000000000146,0,0.0,0.0,0.0,19.0,29.0,0.0
BDL,COCHINSHIP,1e-12,6.5688583e-07,0.00051259739,6.3743849,50000.0,False,,,1,-725.0067982080072,-672.0000000000073,0.0,1,0.0,-725.0067982080072,-672.0000000000073,0,0.0,0.0,0.0,19.0,29.0,0.5
BDL,COCHINSHIP,1e-12,6.5688583e-07,0.00051259739,6.3743849,50000.0,False,,,1,-683.4336597440015,-630.4000000000015,0.0,1,0.0,-683.4336597440015,-630.4000000000015,0,0.0,0.0,0.0,19.0,29.0,1.0
BDL,COCHINSHIP,1e-12,6.5688583e-07,0.00051259739,6.3743849,50000.0,False,,,1,-868.9138159680145,-816.0000000000146,0.0,1,0.0,-868.9138159680145,-816.0000000000146,0,0.0,0.0,0.0,19.0,29.5,0.0
BDL,COCHINSHIP,1e-12,6.5688583e-07,0.00051259739,6.3743849,50000.0,False,,,1,-725.0067982080072,-672.0000000000073,0.0,1,0.0,-725.0067982080072,-672.0000000000073,0,0.0,0.0,0.0,19.0,29.5,0.5
BDL,COCHINSHIP,1e-12,6.5688583e-07,0.00051259739,6.3743849,50000.0,False,,,1,-683.4336597440015,-630.4000000000015,0.0,1,0.0,-683.4336597440015,-630.4000000000015,0,0.0,0.0,0.0,19.0,29.5,1.0
BDL,COCHINSHIP,1e-12,6.5688583e-07,0.00051259739,6.3743849,50000.0,False,,,1,-868.9138159680145,-816.0000000000146,0.0,1,0.0,-868.9138159680145,-816.0000000000146,0,0.0,0.0,0.0,19.0,30.0,0.0
BDL,COCHINSHIP,1e-12,6.5688583e-07,0.00051259739,6.3743849,50000.0,False,,,1,-725.0067982080072,-672.0000000000073,0.0,1,0.0,-725.0067982080072,-672.0000000000073,0,0.0,0.0,0.0,19.0,30.0,0.5
BDL,COCHINSHIP,1e-12,6.5688583e-07,0.00051259739,6.3743849,50000.0,False,,,1,-683.4336597440015,-630.4000000000015,0.0,1,0.0,-683.4336597440015,-630.4000000000015,0,0.0,0.0,0.0,19.0,30.0,1.0
BDL,COCHINSHIP,1e-12,6.5688583e-07,0.00051259739,6.3743849,50000.0,False,,,1,-868.9138159680145,-816.0000000000146,0.0,1,0.0,-868.9138159680145,-816.0000000000146,0,0.0,0.0,0.0,19.5,20.0,0.0
BDL,COCHINSHIP,1e-12,6.5688583e-07,0.00051259739,6.3743849,50000.0,False,,,1,-725.0067982080072,-672.0000000000073,0.0,1,0.0,-725.0067982080072,-672.0000000000073,0,0.0,0.0,0.0,19.5,20.0,0.5
BDL,COCHINSHIP,1e-12,6.5688583e-07,0.00051259739,6.3743849,50000.0,False,,,1,-683.4336597440015,-630.4000000000015,0.0,1,0.0,-683.4336597440015,-630.4000000000015,0,0.0,0.0,0.0,19.5,20.0,1.0
BDL,COCHINSHIP,1e-12,6.5688583e-07,0.00051259739,6.3743849,50000.0,False,,,1,-868.9138159680145,-816.0000000000146,0.0,1,0.0,-868.9138159680145,-816.0000000000146,0,0.0,0.0,0.0,19.5,20.5,0.0
BDL,COCHINSHIP,1e-12,6.5688583e-07,0.00051259739,6.3743849,50000.0,False,,,1,-725.0067982080072,-672.0000000000073,0.0,1,0.0,-725.0067982080072,-672.0000000000073,0,0.0,0.0,0.0,19.5,20.5,0.5
BDL,COCHINSHIP,1e-12,6.5688583e-07,0.00051259739,6.3743849,50000.0,False,,,1,-683.4336597440015,-630.4000000000015,0.0,1,0.0,-683.4336597440015,-630.4000000000015,0,0.0,0.0,0.0,19.5,20.5,1.0
BDL,COCHINSHIP,1e-12,6.5688583e-07,0.00051259739,6.3743849,50000.0,False,,,1,-868.9138159680145,-816.0000000000146,0.0,1,0.0,-868.9138159680145,-816.0000000000146,0,0.0,0.0,0.0,19.5,21.0,0.0
BDL,COCHINSHIP,1e-12,6.5688583e-07,0.00051259739,6.3743849,50000.0,False,,,1,-725.0067982080072,-672.0000000000073,0.0,1,0.0,-725.0067982080072,-672.0000000000073,0,0.0,0.0,0.0,19.5,21.0,0.5
BDL,COCHINSHIP,1e-12,6.5688583e-07,0.00051259739,6.3743849,50000.0,False,,,1,-683.4336597440015,-630.4000000000015,0.0,1,0.0,-683.4336597440015,-630.4000000000015,0,0.0,0.0,0.0,19.5,21.0,1.0
BDL,COCHINSHIP,1e-12,6.5688583e-07,0.00051259739,6.3743849,50000.0,False,,,1,-868.9138159680145,-816.0000000000146,0.0,1,0.0,-868.9138159680145,-816.0000000000146,0,0.0,0.0,0.0,19.5,21.5,0.0
BDL,COCHINSHIP,1e-12,6.5688583e-07,0.00051259739,6.3743849,50000.0,False,,,1,-725.0067982080072,-672.0000000000073,0.0,1,0.0,-725.0067982080072,-672.0000000000073,0,0.0,0.0,0.0,19.5,21.5,0.5
BDL,COCHINSHIP,1e-12,6.5688583e-07,0.00051259739,6.3743849,50000.0,False,,,1,-683.4336597440015,-630.4000000000015,0.0,1,0.0,-683.4336597440015,-630.4000000000015,0,0.0,0.0,0.0,19.5,21.5,1.0
BDL,COCHINSHIP,1e-12,6.5688583e-07,0.00051259739,6.3743849,50000.0,False,,,1,-868.9138159680145,-816.0000000000146,0.0,1,0.0,-868.9138159680145,-816.0000000000146,0,0.0,0.0,0.0,19.5,22.0,0.0
BDL,COCHINSHIP,1e-12,6.5688583e-07,0.00051259739,6.3743849,50000.0,False,,,1,-725.0067982080072,-672.0000000000073,0.0,1,0.0,-725.0067982080072,-672.0000000000073,0,0.0,0.0,0.0,19.5,22.0,0.5
BDL,COCHINSHIP,1e-12,6.5688583e-07,0.00051259739,6.3743849,50000.0,False,,,1,-683.4336597440015,-630.4000000000015,0.0,1,0.0,-683.4336597440015,-630.4000000000015,0,0.0,0.0,0.0,19.5,22.0,1.0
BDL,COCHINSHIP,1e-12,6.5688583e-07,0.00051259739,6.3743849,50000.0,False,,,1,-868.9138159680145,-816.0000000000146,0.0,1,0.0,-868.9138159680145,-816.0000000000146,0,0.0,0.0,0.0,19.5,22.5,0.0
BDL,COCHINSHIP,1e-12,6.5688583e-07,0.00051259739,6.3743849,50000.0,False,,,1,-725.0067982080072,-672.0000000000073,0.0,1,0.0,-725.0067982080072,-672.0000000000073,0,0.0,0.0,0.0,19.5,22.5,0.5
BDL,COCHINSHIP,1e-12,6.5688583e-07,0.00051259739,6.3743849,50000.0,False,,,1,-683.4336597440015,-630.4000000000015,0.0,1,0.0,-683.4336597440015,-630.4000000000015,0,0.0,0.0,0.0,19.5,22.5,1.0
BDL,COCHINSHIP,1e-12,6.5688583e-07,0.00051259739,6.3743849,50000.0,False,,,1,-868.9138159680145,-816.0000000000146,0.0,1,0.0,-868.9138159680145,-816.0000000000146,0,0.0,0.0,0.0,19.5,23.0,0.0
BDL,COCHINSHIP,1e-12,6.5688583e-07,0.00051259739,6.3743849,50000.0,False,,,1,-725.0067982080072,-672.0000000000073,0.0,1,0.0,-725.0067982080072,-672.0000000000073,0,0.0,0.0,0.0,19.5,23.0,0.5
BDL,COCHINSHIP,1e-12,6.5688583e-07,0.00051259739,6.3743849,50000.0,False,,,1,-683.4336597440015,-630.4000000000015,0.0,1,0.0,-683.4336597440015,-630.4000000000015,0,0.0,0.0,0.0,19.5,23.0,1.0
BDL,COCHINSHIP,1e-12,6.5688583e-07,0.00051259739,6.3743849,50000.0,False,,,1,-868.9138159680145,-816.0000000000146,0.0,1,0.0,-868.9138159680145,-816.0000000000146,0,0.0,0.0,0.0,19.5,23.5,0.0
BDL,COCHINSHIP,1e-12,6.5688583e-07,0.00051259739,6.3743849,50000.0,False,,,1,-725.0067982080072,-672.0000000000073,0.0,1,0.0,-725.0067982080072,-672.0000000000073,0,0.0,0.0,0.0,19.5,23.5,0.5
BDL,COCHINSHIP,1e-12,6.5688583e-07,0.00051259739,6.3743849,50000.0,False,,,1,-683.4336597440015,-630.4000000000015,0.0,1,0.0,-683.4336597440015,-630.4000000000015,0,0.0,0.0,0.0,19.5,23.5,1.0
BDL,COCHINSHIP,1e-12,6.5688583e-07,0.00051259739,6.3743849,50000.0,False,,,1,-868.9138159680145,-816.0000000000146,0.0,1,0.0,-868.9138159680145,-816.0000000000146,0,0.0,0.0,0.0,19.5,24.0,0.0
BDL,COCHINSHIP,1e-12,6.5688583e-07,0.00051259739,6.3743849,50000.0,False,,,1,-725.0067982080072,-672.0000000000073,0.0,1,0.0,-725.0067982080072,-672.0000000000073,0,0.0,0.0,0.0,19.5,24.0,0.5
BDL,COCHINSHIP,1e-12,6.5688583e-07,0.00051259739,6.3743849,50000.0,False,,,1,-683.4336597440015,-630.4000000000015,0.0,1,0.0,-683.4336597440015,-630.4000000000015,0,0.0,0.0,0.0,19.5,24.0,1.0
BDL,COCHINSHIP,1e-12,6.5688583e-07,0.00051259739,6.3743849,50000.0,False,,,1,-868.9138159680145,-816.0000000000146,0.0,1,0.0,-868.9138159680145,-816.0000000000146,0,0.0,0.0,0.0,19.5,24.5,0.0
BDL,COCHINSHIP,1e-12,6.5688583e-07,0.00051259739,6.3743849,50000.0,False,,,1,-725.0067982080072,-672.0000000000073,0.0,1,0.0,-725.0067982080072,-672.0000000000073,0,0.0,0.0,0.0,19.5,24.5,0.5
BDL,COCHINSHIP,1e-12,6.5688583e-07,0.00051259739,6.3743849,50000.0,False,,,1,-683.4336597440015,-630.4000000000015,0.0,1,0.0,-683.4336597440015,-630.4000000000015,0,0.0,0.0,0.0,19.5,24.5,1.0
BDL,COCHINSHIP,1e-12,6.5688583e-07,0.00051259739,6.3743849,50000.0,False,,,1,-868.9138159680145,-816.0000000000146,0.0,1,0.0,-868.9138159680145,-816.0000000000146,0,0.0,0.0,0.0,19.5,25.0,0.0
BDL,COCHINSHIP,1e-12,6.5688583e-07,0.00051259739,6.3743849,50000.0,False,,,1,-725.0067982080072,-672.0000000000073,0.0,1,0.0,-725.0067982080072,-672.0000000000073,0,0.0,0.0,0.0,19.5,25.0,0.5
BDL,COCHINSHIP,1e-12,6.5688583e-07,0.00051259739,6.3743849,50000.0,False,,,1,-683.4336597440015,-630.4000000000015,0.0,1,0.0,-683.4336597440015,-630.4000000000015,0,0.0,0.0,0.0,19.5,25.0,1.0
BDL,COCHINSHIP,1e-12,6.5688583e-07,0.00051259739,6.3743849,50000.0,False,,,1,-868.9138159680145,-816.0000000000146,0.0,1,0.0,-868.9138159680145,-816.0000000000146,0,0.0,0.0,0.0,19.5,25.5,0.0
BDL,COCHINSHIP,1e-12,6.5688583e-07,0.00051259739,6.3743849,50000.0,False,,,1,-725.0067982080072,-672.0000000000073,0.0,1,0.0,-725.0067982080072,-672.0000000000073,0,0.0,0.0,0.0,19.5,25.5,0.5
BDL,COCHINSHIP,1e-12,6.5688583e-07,0.00051259739,6.3743849,50000.0,False,,,1,-683.4336597440015,-630.4000000000015,0.0,1,0.0,-683.4336597440015,-630.4000000000015,0,0.0,0.0,0.0,19.5,25.5,1.0
BDL,COCHINSHIP,1e-12,6.5688583e-07,0.00051259739,6.3743849,50000.0,False,,,1,-868.9138159680145,-816.0000000000146,0.0,1,0.0,-868.9138159680145,-816.0000000000146,0,0.0,0.0,0.0,19.5,26.0,0.0
BDL,COCHINSHIP,1e-12,6.5688583e-07,0.00051259739,6.3743849,50000.0,False,,,1,-725.0067982080072,-672.0000000000073,0.0,1,0.0,-725.0067982080072,-672.0000000000073,0,0.0,0.0,0.0,19.5,26.0,0.5
BDL,COCHINSHIP,1e-12,6.5688583e-07,0.00051259739,6.3743849,50000.0,False,,,1,-683.4336597440015,-630.4000000000015,0.0,1,0.0,-683.4336597440015,-630.4000000000015,0,0.0,0.0,0.0,19.5,26.0,1.0
BDL,COCHINSHIP,1e-12,6.5688583e-07,0.00051259739,6.3743849,50000.0,False,,,1,-868.9138159680145,-816.0000000000146,0.0,1,0.0,-868.9138159680145,-816.0000000000146,0,0.0,0.0,0.0,19.5,26.5,0.0
BDL,COCHINSHIP,1e-12,6.5688583e-07,0.00051259739,6.3743849,50000.0,False,,,1,-725.0067982080072,-672.0000000000073,0.0,1,0.0,-725.0067982080072,-672.0000000000073,0,0.0,0.0,0.0,19.5,26.5,0.5
BDL,COCHINSHIP,1e-12,6.5688583e-07,0.00051259739,6.3743849,50000.0,False,,,1,-683.4336597440015,-630.4000000000015,0.0,1,0.0,-683.4336597440015,-630.4000000000015,0,0.0,0.0,0.0,19.5,26.5,1.0
BDL,COCHINSHIP,1e-12,6.5688583e-07,0.00051259739,6.3743849,50000.0,False,,,1,-868.9138159680145,-816.0000000000146,0.0,1,0.0,-868.9138159680145,-816.0000000000146,0,0.0,0.0,0.0,19.5,27.0,0.0
BDL,COCHINSHIP,1e-12,6.5688583e-07,0.00051259739,6.3743849,50000.0,False,,,1,-725.0067982080072,-672.0000000000073,0.0,1,0.0,-725.0067982080072,-672.0000000000073,0,0.0,0.0,0.0,19.5,27.0,0.5
BDL,COCHINSHIP,1e-12,6.5688583e-07,0.00051259739,6.3743849,50000.0,False,,,1,-683.4336597440015,-630.4000000000015,0.0,1,0.0,-683.4336597440015,-630.4000000000015,0,0.0,0.0,0.0,19.5,27.0,1.0
BDL,COCHINSHIP,1e-12,6.5688583e-07,0.00051259739,6.3743849,50000.0,False,,,1,-868.9138159680145,-816.0000000000146,0.0,1,0.0,-868.9138159680145,-816.0000000000146,0,0.0,0.0,0.0,19.5,27.5,0.0
BDL,COCHINSHIP,1e-12,6.5688583e-07,0.00051259739,6.3743849,50000.0,False,,,1,-725.0067982080072,-672.0000000000073,0.0,1,0.0,-725.0067982080072,-672.0000000000073,0,0.0,0.0,0.0,19.5,27.5,0.5
BDL,COCHINSHIP,1e-12,6.5688583e-07,0.00051259739,6.3743849,50000.0,False,,,1,-683.4336597440015,-630.4000000000015,0.0,1,0.0,-683.4336597440015,-630.4000000000015,0,0.0,0.0,0.0,19.5,27.5,1.0
BDL,COCHINSHIP,1e-12,6.5688583e-07,0.00051259739,6.3743849,50000.0,False,,,1,-868.9138159680145,-816.0000000000146,0.0,1,0.0,-868.9138159680145,-816.0000000000146,0,0.0,0.0,0.0,19.5,28.0,0.0
BDL,COCHINSHIP,1e-12,6.5688583e-07,0.00051259739,6.3743849,50000.0,False,,,1,-725.0067982080072,-672.0000000000073,0.0,1,0.0,-725.0067982080072,-672.0000000000073,0,0.0,0.0,0.0,19.5,28.0,0.5
BDL,COCHINSHIP,1e-12,6.5688583e-07,0.00051259739,6.3743849,50000.0,False,,,1,-683.4336597440015,-630.4000000000015,0.0,1,0.0,-683.4336597440015,-630.4000000000015,0,0.0,0.0,0.0,19.5,28.0,1.0
BDL,COCHINSHIP,1e-12,6.5688583e-07,0.00051259739,6.3743849,50000.0,False,,,1,-868.9138159680145,-816.0000000000146,0.0,1,0.0,-868.9138159680145,-816.0000000000146,0,0.0,0.0,0.0,19.5,28.5,0.0
BDL,COCHINSHIP,1e-12,6.5688583e-07,0.00051259739,6.3743849,50000.0,False,,,1,-725.0067982080072,-672.0000000000073,0.0,1,0.0,-725.0067982080072,-672.0000000000073,0,0.0,0.0,0.0,19.5,28.5,0.5
BDL,COCHINSHIP,1e-12,6.5688583e-07,0.00051259739,6.3743849,50000.0,False,,,1,-683.4336597440015,-630.4000000000015,0.0,1,0.0,-683.4336597440015,-630.4000000000015,0,0.0,0.0,0.0,19.5,28.5,1.0
BDL,COCHINSHIP,1e-12,6.5688583e-07,0.00051259739,6.3743849,50000.0,False,,,1,-868.9138159680145,-816.0000000000146,0.0,1,0.0,-868.9138159680145,-816.0000000000146,0,0.0,0.0,0.0,19.5,29.0,0.0
BDL,COCHINSHIP,1e-12,6.5688583e-07,0.00051259739,6.3743849,50000.0,False,,,1,-725.0067982080072,-672.0000000000073,0.0,1,0.0,-725.0067982080072,-672.0000000000073,0,0.0,0.0,0.0,19.5,29.0,0.5
BDL,COCHINSHIP,1e-12,6.5688583e-07,0.00051259739,6.3743849,50000.0,False,,,1,-683.4336597440015,-630.4000000000015,0.0,1,0.0,-683.4336597440015,-630.4000000000015,0,0.0,0.0,0.0,19.5,29.0,1.0
BDL,COCHINSHIP,1e-12,6.5688583e-07,0.00051259739,6.3743849,50000.0,False,,,1,-868.9138159680145,-816.0000000000146,0.0,1,0.0,-868.9138159680145,-816.0000000000146,0,0.0,0.0,0.0,19.5,29.5,0.0
BDL,COCHINSHIP,1e-12,6.5688583e-07,0.00051259739,6.3743849,50000.0,False,,,1,-725.0067982080072,-672.0000000000073,0.0,1,0.0,-725.0067982080072,-672.0000000000073,0,0.0,0.0,0.0,19.5,29.5,0.5
BDL,COCHINSHIP,1e-12,6.5688583e-07,0.00051259739,6.3743849,50000.0,False,,,1,-683.4336597440015,-630.4000000000015,0.0,1,0.0,-683.4336597440015,-630.4000000000015,0,0.0,0.0,0.0,19.5,29.5,1.0
BDL,COCHINSHIP,1e-12,6.5688583e-07,0.00051259739,6.3743849,50000.0,False,,,1,-868.9138159680145,-816.0000000000146,0.0,1,0.0,-868.9138159680145,-816.0000000000146,0,0.0,0.0,0.0,19.5,30.0,0.0
BDL,COCHINSHIP,1e-12,6.5688583e-07,0.00051259739,6.3743849,50000.0,False,,,1,-725.0067982080072,-672.0000000000073,0.0,1,0.0,-725.0067982080072,-672.0000000000073,0,0.0,0.0,0.0,19.5,30.0,0.5
BDL,COCHINSHIP,1e-12,6.5688583e-07,0.00051259739,6.3743849,50000.0,False,,,1,-683.4336597440015,-630.4000000000015,0.0,1,0.0,-683.4336597440015,-630.4000000000015,0,0.0,0.0,0.0,19.5,30.0,1.0
BDL,COCHINSHIP,1e-12,6.5688583e-07,0.00051259739,6.3743849,50000.0,False,,,1,-868.9138159680145,-816.0000000000146,0.0,1,0.0,-868.9138159680145,-816.0000000000146,0,0.0,0.0,0.0,20.0,20.5,0.0
BDL,COCHINSHIP,1e-12,6.5688583e-07,0.00051259739,6.3743849,50000.0,False,,,1,-725.0067982080072,-672.0000000000073,0.0,1,0.0,-725.0067982080072,-672.0000000000073,0,0.0,0.0,0.0,20.0,20.5,0.5
BDL,COCHINSHIP,1e-12,6.5688583e-07,0.00051259739,6.3743849,50000.0,False,,,1,-683.4336597440015,-630.4000000000015,0.0,1,0.0,-683.4336597440015,-630.4000000000015,0,0.0,0.0,0.0,20.0,20.5,1.0
BDL,COCHINSHIP,1e-12,6.5688583e-07,0.00051259739,6.3743849,50000.0,False,,,1,-868.9138159680145,-816.0000000000146,0.0,1,0.0,-868.9138159680145,-816.0000000000146,0,0.0,0.0,0.0,20.0,21.0,0.0
BDL,COCHINSHIP,1e-12,6.5688583e-07,0.00051259739,6.3743849,50000.0,False,,,1,-725.0067982080072,-672.0000000000073,0.0,1,0.0,-725.0067982080072,-672.0000000000073,0,0.0,0.0,0.0,20.0,21.0,0.5
BDL,COCHINSHIP,1e-12,6.5688583e-07,0.00051259739,6.3743849,50000.0,False,,,1,-683.4336597440015,-630.4000000000015,0.0,1,0.0,-683.4336597440015,-630.4000000000015,0,0.0,0.0,0.0,20.0,21.0,1.0
BDL,COCHINSHIP,1e-12,6.5688583e-07,0.00051259739,6.3743849,50000.0,False,,,1,-868.9138159680145,-816.0000000000146,0.0,1,0.0,-868.9138159680145,-816.0000000000146,0,0.0,0.0,0.0,20.0,21.5,0.0
BDL,COCHINSHIP,1e-12,6.5688583e-07,0.00051259739,6.3743849,50000.0,False,,,1,-725.0067982080072,-672.0000000000073,0.0,1,0.0,-725.0067982080072,-672.0000000000073,0,0.0,0.0,0.0,20.0,21.5,0.5
BDL,COCHINSHIP,1e-12,6.5688583e-07,0.00051259739,6.3743849,50000.0,False,,,1,-683.4336597440015,-630.4000000000015,0.0,1,0.0,-683.4336597440015,-630.4000000000015,0,0.0,0.0,0.0,20.0,21.5,1.0
BDL,COCHINSHIP,1e-12,6.5688583e-07,0.00051259739,6.3743849,50000.0,False,,,1,-868.9138159680145,-816.0000000000146,0.0,1,0.0,-868.9138159680145,-816.0000000000146,0,0.0,0.0,0.0,20.0,22.0,0.0
BDL,COCHINSHIP,1e-12,6.5688583e-07,0.00051259739,6.3743849,50000.0,False,,,1,-725.0067982080072,-672.0000000000073,0.0,1,0.0,-725.0067982080072,-672.0000000000073,0,0.0,0.0,0.0,20.0,22.0,0.5
BDL,COCHINSHIP,1e-12,6.5688583e-07,0.00051259739,6.3743849,50000.0,False,,,1,-683.4336597440015,-630.4000000000015,0.0,1,0.0,-683.4336597440015,-630.4000000000015,0,0.0,0.0,0.0,20.0,22.0,1.0
BDL,COCHINSHIP,1e-12,6.5688583e-07,0.00051259739,6.3743849,50000.0,False,,,1,-868.9138159680145,-816.0000000000146,0.0,1,0.0,-868.9138159680145,-816.0000000000146,0,0.0,0.0,0.0,20.0,22.5,0.0
BDL,COCHINSHIP,1e-12,6.5688583e-07,0.00051259739,6.3743849,50000.0,False,,,1,-725.0067982080072,-672.0000000000073,0.0,1,0.0,-725.0067982080072,-672.0000000000073,0,0.0,0.0,0.0,20.0,22.5,0.5
BDL,COCHINSHIP,1e-12,6.5688583e-07,0.00051259739,6.3743849,50000.0,False,,,1,-683.4336597440015,-630.4000000000015,0.0,1,0.0,-683.4336597440015,-630.4000000000015,0,0.0,0.0,0.0,20.0,22.5,1.0
BDL,COCHINSHIP,1e-12,6.5688583e-07,0.00051259739,6.3743849,50000.0,False,,,1,-868.9138159680145,-816.0000000000146,0.0,1,0.0,-868.9138159680145,-816.0000000000146,0,0.0,0.0,0.0,20.0,23.0,0.0
BDL,COCHINSHIP,1e-12,6.5688583e-07,0.00051259739,6.3743849,50000.0,False,,,1,-725.0067982080072,-672.0000000000073,0.0,1,0.0,-725.0067982080072,-672.0000000000073,0,0.0,0.0,0.0,20.0,23.0,0.5
BDL,COCHINSHIP,1e-12,6.5688583e-07,0.00051259739,6.3743849,50000.0,False,,,1,-683.4336597440015,-630.4000000000015,0.0,1,0.0,-683.4336597440015,-630.4000000000015,0,0.0,0.0,0.0,20.0,23.0,1.0
BDL,COCHINSHIP,1e-12,6.5688583e-07,0.00051259739,6.3743849,50000.0,False,,,1,-868.9138159680145,-816.0000000000146,0.0,1,0.0,-868.9138159680145,-816.0000000000146,0,0.0,0.0,0.0,20.0,23.5,0.0
BDL,COCHINSHIP,1e-12,6.5688583e-07,0.00051259739,6.3743849,50000.0,False,,,1,-725.0067982080072,-672.0000000000073,0.0,1,0.0,-725.0067982080072,-672.0000000000073,0,0.0,0.0,0.0,20.0,23.5,0.5
BDL,COCHINSHIP,1e-12,6.5688583e-07,0.00051259739,6.3743849,50000.0,False,,,1,-683.4336597440015,-630.4000000000015,0.0,1,0.0,-683.4336597440015,-630.4000000000015,0,0.0,0.0,0.0,20.0,23.5,1.0
BDL,COCHINSHIP,1e-12,6.5688583e-07,0.00051259739,6.3743849,50000.0,False,,,1,-868.9138159680145,-816.0000000000146,0.0,1,0.0,-868.9138159680145,-816.0000000000146,0,0.0,0.0,0.0,20.0,24.0,0.0
BDL,COCHINSHIP,1e-12,6.5688583e-07,0.00051259739,6.3743849,50000.0,False,,,1,-725.0067982080072,-672.0000000000073,0.0,1,0.0,-725.0067982080072,-672.0000000000073,0,0.0,0.0,0.0,20.0,24.0,0.5
BDL,COCHINSHIP,1e-12,6.5688583e-07,0.00051259739,6.3743849,50000.0,False,,,1,-683.4336597440015,-630.4000000000015,0.0,1,0.0,-683.4336597440015,-630.4000000000015,0,0.0,0.0,0.0,20.0,24.0,1.0
BDL,COCHINSHIP,1e-12,6.5688583e-07,0.00051259739,6.3743849,50000.0,False,,,1,-868.9138159680145,-816.0000000000146,0.0,1,0.0,-868.9138159680145,-816.0000000000146,0,0.0,0.0,0.0,20.0,24.5,0.0
BDL,COCHINSHIP,1e-12,6.5688583e-07,0.00051259739,6.3743849,50000.0,False,,,1,-725.0067982080072,-672.0000000000073,0.0,1,0.0,-725.0067982080072,-672.0000000000073,0,0.0,0.0,0.0,20.0,24.5,0.5
BDL,COCHINSHIP,1e-12,6.5688583e-07,0.00051259739,6.3743849,50000.0,False,,,1,-683.4336597440015,-630.4000000000015,0.0,1,0.0,-683.4336597440015,-630.4000000000015,0,0.0,0.0,0.0,20.0,24.5,1.0
BDL,COCHINSHIP,1e-12,6.5688583e-07,0.00051259739,6.3743849,50000.0,False,,,1,-868.9138159680145,-816.0000000000146,0.0,1,0.0,-868.9138159680145,-816.0000000000146,0,0.0,0.0,0.0,20.0,25.0,0.0
BDL,COCHINSHIP,1e-12,6.5688583e-07,0.00051259739,6.3743849,50000.0,False,,,1,-725.0067982080072,-672.0000000000073,0.0,1,0.0,-725.0067982080072,-672.0000000000073,0,0.0,0.0,0.0,20.0,25.0,0.5
BDL,COCHINSHIP,1e-12,6.5688583e-07,0.00051259739,6.3743849,50000.0,False,,,1,-683.4336597440015,-630.4000000000015,0.0,1,0.0,-683.4336597440015,-630.4000000000015,0,0.0,0.0,0.0,20.0,25.0,1.0
BDL,COCHINSHIP,1e-12,6.5688583e-07,0.00051259739,6.3743849,50000.0,False,,,1,-868.9138159680145,-816.0000000000146,0.0,1,0.0,-868.9138159680145,-816.0000000000146,0,0.0,0.0,0.0,20.0,25.5,0.0
BDL,COCHINSHIP,1e-12,6.5688583e-07,0.00051259739,6.3743849,50000.0,False,,,1,-725.0067982080072,-672.0000000000073,0.0,1,0.0,-725.0067982080072,-672.0000000000073,0,0.0,0.0,0.0,20.0,25.5,0.5
BDL,COCHINSHIP,1e-12,6.5688583e-07,0.00051259739,6.3743849,50000.0,False,,,1,-683.4336597440015,-630.4000000000015,0.0,1,0.0,-683.4336597440015,-630.4000000000015,0,0.0,0.0,0.0,20.0,25.5,1.0
BDL,COCHINSHIP,1e-12,6.5688583e-07,0.00051259739,6.3743849,50000.0,False,,,1,-868.9138159680145,-816.0000000000146,0.0,1,0.0,-868.9138159680145,-816.0000000000146,0,0.0,0.0,0.0,20.0,26.0,0.0
BDL,COCHINSHIP,1e-12,6.5688583e-07,0.00051259739,6.3743849,50000.0,False,,,1,-725.0067982080072,-672.0000000000073,0.0,1,0.0,-725.0067982080072,-672.0000000000073,0,0.0,0.0,0.0,20.0,26.0,0.5
BDL,COCHINSHIP,1e-12,6.5688583e-07,0.00051259739,6.3743849,50000.0,False,,,1,-683.4336597440015,-630.4000000000015,0.0,1,0.0,-683.4336597440015,-630.4000000000015,0,0.0,0.0,0.0,20.0,26.0,1.0
BDL,COCHINSHIP,1e-12,6.5688583e-07,0.00051259739,6.3743849,50000.0,False,,,1,-868.9138159680145,-816.0000000000146,0.0,1,0.0,-868.9138159680145,-816.0000000000146,0,0.0,0.0,0.0,20.0,26.5,0.0
BDL,COCHINSHIP,1e-12,6.5688583e-07,0.00051259739,6.3743849,50000.0,False,,,1,-725.0067982080072,-672.0000000000073,0.0,1,0.0,-725.0067982080072,-672.0000000000073,0,0.0,0.0,0.0,20.0,26.5,0.5
BDL,COCHINSHIP,1e-12,6.5688583e-07,0.00051259739,6.3743849,50000.0,False,,,1,-683.4336597440015,-630.4000000000015,0.0,1,0.0,-683.4336597440015,-630.4000000000015,0,0.0,0.0,0.0,20.0,26.5,1.0
BDL,COCHINSHIP,1e-12,6.5688583e-07,0.00051259739,6.3743849,50000.0,False,,,1,-868.9138159680145,-816.0000000000146,0.0,1,0.0,-868.9138159680145,-816.0000000000146,0,0.0,0.0,0.0,20.0,27.0,0.0
BDL,COCHINSHIP,1e-12,6.5688583e-07,0.00051259739,6.3743849,50000.0,False,,,1,-725.0067982080072,-672.0000000000073,0.0,1,0.0,-725.0067982080072,-672.0000000000073,0,0.0,0.0,0.0,20.0,27.0,0.5
BDL,COCHINSHIP,1e-12,6.5688583e-07,0.00051259739,6.3743849,50000.0,False,,,1,-683.4336597440015,-630.4000000000015,0.0,1,0.0,-683.4336597440015,-630.4000000000015,0,0.0,0.0,0.0,20.0,27.0,1.0
BDL,COCHINSHIP,1e-12,6.5688583e-07,0.00051259739,6.3743849,50000.0,False,,,1,-868.9138159680145,-816.0000000000146,0.0,1,0.0,-868.9138159680145,-816.0000000000146,0,0.0,0.0,0.0,20.0,27.5,0.0
BDL,COCHINSHIP,1e-12,6.5688583e-07,0.00051259739,6.3743849,50000.0,False,,,1,-725.0067982080072,-672.0000000000073,0.0,1,0.0,-725.0067982080072,-672.0000000000073,0,0.0,0.0,0.0,20.0,27.5,0.5
BDL,COCHINSHIP,1e-12,6.5688583e-07,0.00051259739,6.3743849,50000.0,False,,,1,-683.4336597440015,-630.4000000000015,0.0,1,0.0,-683.4336597440015,-630.4000000000015,0,0.0,0.0,0.0,20.0,27.5,1.0
BDL,COCHINSHIP,1e-12,6.5688583e-07,0.00051259739,6.3743849,50000.0,False,,,1,-868.9138159680145,-816.0000000000146,0.0,1,0.0,-868.9138159680145,-816.0000000000146,0,0.0,0.0,0.0,20.0,28.0,0.0
BDL,COCHINSHIP,1e-12,6.5688583e-07,0.00051259739,6.3743849,50000.0,False,,,1,-725.0067982080072,-672.0000000000073,0.0,1,0.0,-725.0067982080072,-672.0000000000073,0,0.0,0.0,0.0,20.0,28.0,0.5
BDL,COCHINSHIP,1e-12,6.5688583e-07,0.00051259739,6.3743849,50000.0,False,,,1,-683.4336597440015,-630.4000000000015,0.0,1,0.0,-683.4336597440015,-630.4000000000015,0,0.0,0.0,0.0,20.0,28.0,1.0
BDL,COCHINSHIP,1e-12,6.5688583e-07,0.00051259739,6.3743849,50000.0,False,,,1,-868.9138159680145,-816.0000000000146,0.0,1,0.0,-868.9138159680145,-816.0000000000146,0,0.0,0.0,0.0,20.0,28.5,0.0
BDL,COCHINSHIP,1e-12,6.5688583e-07,0.00051259739,6.3743849,50000.0,False,,,1,-725.0067982080072,-672.0000000000073,0.0,1,0.0,-725.0067982080072,-672.0000000000073,0,0.0,0.0,0.0,20.0,28.5,0.5
BDL,COCHINSHIP,1e-12,6.5688583e-07,0.00051259739,6.3743849,50000.0,False,,,1,-683.4336597440015,-630.4000000000015,0.0,1,0.0,-683.4336597440015,-630.4000000000015,0,0.0,0.0,0.0,20.0,28.5,1.0
BDL,COCHINSHIP,1e-12,6.5688583e-07,0.00051259739,6.3743849,50000.0,False,,,1,-868.9138159680145,-816.0000000000146,0.0,1,0.0,-868.9138159680145,-816.0000000000146,0,0.0,0.0,0.0,20.0,29.0,0.0
BDL,COCHINSHIP,1e-12,6.5688583e-07,0.00051259739,6.3743849,50000.0,False,,,1,-725.0067982080072,-672.0000000000073,0.0,1,0.0,-725.0067982080072,-672.0000000000073,0,0.0,0.0,0.0,20.0,29.0,0.5
BDL,COCHINSHIP,1e-12,6.5688583e-07,0.00051259739,6.3743849,50000.0,False,,,1,-683.4336597440015,-630.4000000000015,0.0,1,0.0,-683.4336597440015,-630.4000000000015,0,0.0,0.0,0.0,20.0,29.0,1.0
BDL,COCHINSHIP,1e-12,6.5688583e-07,0.00051259739,6.3743849,50000.0,False,,,1,-868.9138159680145,-816.0000000000146,0.0,1,0.0,-868.9138159680145,-816.0000000000146,0,0.0,0.0,0.0,20.0,29.5,0.0
BDL,COCHINSHIP,1e-12,6.5688583e-07,0.00051259739,6.3743849,50000.0,False,,,1,-725.0067982080072,-672.0000000000073,0.0,1,0.0,-725.0067982080072,-672.0000000000073,0,0.0,0.0,0.0,20.0,29.5,0.5
BDL,COCHINSHIP,1e-12,6.5688583e-07,0.00051259739,6.3743849,50000.0,False,,,1,-683.4336597440015,-630.4000000000015,0.0,1,0.0,-683.4336597440015,-630.4000000000015,0,0.0,0.0,0.0,20.0,29.5,1.0
BDL,COCHINSHIP,1e-12,6.5688583e-07,0.00051259739,6.3743849,50000.0,False,,,1,-868.9138159680145,-816.0000000000146,0.0,1,0.0,-868.9138159680145,-816.0000000000146,0,0.0,0.0,0.0,20.0,30.0,0.0
BDL,COCHINSHIP,1e-12,6.5688583e-07,0.00051259739,6.3743849,50000.0,False,,,1,-725.0067982080072,-672.0000000000073,0.0,1,0.0,-725.0067982080072,-672.0000000000073,0,0.0,0.0,0.0,20.0,30.0,0.5
BDL,COCHINSHIP,1e-12,6.5688583e-07,0.00051259739,6.3743849,50000.0,False,,,1,-683.4336597440015,-630.4000000000015,0.0,1,0.0,-683.4336597440015,-630.4000000000015,0,0.0,0.0,0.0,20.0,30.0,1.0
